  0
SECTION
  2
HEADER
  9
$ANGBASE
  50
0.0
  9
$ANGDIR
  70
1
  9
$MEASUREMENT
  70
0
  0
ENDSEC
  0
SECTION
  2
TABLES
  0
TABLE
  2
LTYPE
  70
4
  0
LTYPE
  5
40F
  2
CONTINUOUS
  70
0
  3
Solid line
  72
65
  73
0
  40
0.0
  0
LTYPE
  5
410
  2
DASHDOT
 70
0
  3
Dash Dot ____ _ ____ _
 72
65
 73
4
 40
2.0
 49
1.25
 49
-0.25
 49
0.25
 49
-0.25
  0
LTYPE
  5
411
  2
DASHED
 70
0
  3
Dashed __ __ __ __ __
 72
65
 73
2
 40
0.75
 49
0.5
 49
-0.25
  0
LTYPE
  5
43B
  2
DOTTED
 70
0
  3
Dotted .  .  .  .
 72
65
 73
2
 40
0.2
 49
0.0
 49
-0.2
  0
ENDTAB
  0
TABLE
  2
STYLE
  70
4
  0
STYLE
  2
KICAD
  70
0
  40
0
  41
1
  42
1
  50
0
  71
0
  3
isocp.shx
  0
STYLE
  2
KICADB
  70
0
  40
0
  41
1
  42
1
  50
0
  71
0
  3
isocp.shx
  0
STYLE
  2
KICADI
  70
0
  40
0
  41
1
  42
1
  50
15
  71
0
  3
isocp.shx
  0
STYLE
  2
KICADBI
  70
0
  40
0
  41
1
  42
1
  50
15
  71
0
  3
isocp.shx
  0
ENDTAB
  0
TABLE
  2
LAYER
  70
1
  0
LAYER
  2
BLACK
  70
0
  62
7
  6
CONTINUOUS
  0
ENDTAB
  0
ENDSEC
  0
SECTION
  2
ENTITIES
0
LINE
8
BLACK
6
CONTINUOUS
10
3.6578990944881888
20
-9.0799615748031499
11
3.6604535826771651
21
-9.0816684645669294
0
LINE
8
BLACK
6
CONTINUOUS
10
3.6604535826771651
20
-9.0816684645669294
11
3.6621604724409447
21
-9.0842229527559049
0
LINE
8
BLACK
6
CONTINUOUS
10
3.6621604724409447
20
-9.0842229527559049
11
3.662759842519685
21
-9.0872362204724411
0
LINE
8
BLACK
6
CONTINUOUS
10
3.662759842519685
20
-9.0872362204724411
11
3.662759842519685
21
-9.1069212598425189
0
LINE
8
BLACK
6
CONTINUOUS
10
3.662759842519685
20
-9.1069212598425189
11
3.6621604724409447
21
-9.1099345275590551
0
LINE
8
BLACK
6
CONTINUOUS
10
3.6621604724409447
20
-9.1099345275590551
11
3.6604535826771651
21
-9.1124890157480305
0
LINE
8
BLACK
6
CONTINUOUS
10
3.6604535826771651
20
-9.1124890157480305
11
3.6578990944881888
21
-9.11419590551181
0
LINE
8
BLACK
6
CONTINUOUS
10
3.6578990944881888
20
-9.11419590551181
11
3.6548858267716535
21
-9.1147952755905504
0
LINE
8
BLACK
6
CONTINUOUS
10
3.6548858267716535
20
-9.1147952755905504
11
3.6391377952755906
21
-9.1147952755905504
0
LINE
8
BLACK
6
CONTINUOUS
10
3.6391377952755906
20
-9.1147952755905504
11
3.6361245275590552
21
-9.11419590551181
0
LINE
8
BLACK
6
CONTINUOUS
10
3.6361245275590552
20
-9.11419590551181
11
3.6335700393700785
21
-9.1124890157480305
0
LINE
8
BLACK
6
CONTINUOUS
10
3.6335700393700785
20
-9.1124890157480305
11
3.631863149606299
21
-9.1099345275590551
0
LINE
8
BLACK
6
CONTINUOUS
10
3.631863149606299
20
-9.1099345275590551
11
3.6312637795275591
21
-9.1069212598425189
0
LINE
8
BLACK
6
CONTINUOUS
10
3.6312637795275591
20
-9.1069212598425189
11
3.6312637795275591
21
-9.0872362204724411
0
LINE
8
BLACK
6
CONTINUOUS
10
3.6312637795275591
20
-9.0872362204724411
11
3.631863149606299
21
-9.0842229527559049
0
LINE
8
BLACK
6
CONTINUOUS
10
3.631863149606299
20
-9.0842229527559049
11
3.6335700393700785
21
-9.0816684645669294
0
LINE
8
BLACK
6
CONTINUOUS
10
3.6335700393700785
20
-9.0816684645669294
11
3.6361245275590552
21
-9.0799615748031499
0
LINE
8
BLACK
6
CONTINUOUS
10
3.6361245275590552
20
-9.0799615748031499
11
3.6391377952755906
21
-9.0793622047244096
0
LINE
8
BLACK
6
CONTINUOUS
10
3.6391377952755906
20
-9.0793622047244096
11
3.6548858267716535
21
-9.0793622047244096
0
LINE
8
BLACK
6
CONTINUOUS
10
3.6548858267716535
20
-9.0793622047244096
11
3.6578990944881888
21
-9.0799615748031499
0
LINE
8
BLACK
6
CONTINUOUS
10
3.7327022440944879
20
-9.0799615748031499
11
3.7352567322834647
21
-9.0816684645669294
0
LINE
8
BLACK
6
CONTINUOUS
10
3.7352567322834647
20
-9.0816684645669294
11
3.7369636220472442
21
-9.0842229527559049
0
LINE
8
BLACK
6
CONTINUOUS
10
3.7369636220472442
20
-9.0842229527559049
11
3.7375629921259841
21
-9.0872362204724411
0
LINE
8
BLACK
6
CONTINUOUS
10
3.7375629921259841
20
-9.0872362204724411
11
3.7375629921259841
21
-9.1069212598425189
0
LINE
8
BLACK
6
CONTINUOUS
10
3.7375629921259841
20
-9.1069212598425189
11
3.7369636220472442
21
-9.1099345275590551
0
LINE
8
BLACK
6
CONTINUOUS
10
3.7369636220472442
20
-9.1099345275590551
11
3.7352567322834647
21
-9.1124890157480305
0
LINE
8
BLACK
6
CONTINUOUS
10
3.7352567322834647
20
-9.1124890157480305
11
3.7327022440944879
21
-9.11419590551181
0
LINE
8
BLACK
6
CONTINUOUS
10
3.7327022440944879
20
-9.11419590551181
11
3.7296889763779526
21
-9.1147952755905504
0
LINE
8
BLACK
6
CONTINUOUS
10
3.7296889763779526
20
-9.1147952755905504
11
3.7139409448818896
21
-9.1147952755905504
0
LINE
8
BLACK
6
CONTINUOUS
10
3.7139409448818896
20
-9.1147952755905504
11
3.7109276771653543
21
-9.11419590551181
0
LINE
8
BLACK
6
CONTINUOUS
10
3.7109276771653543
20
-9.11419590551181
11
3.708373188976378
21
-9.1124890157480305
0
LINE
8
BLACK
6
CONTINUOUS
10
3.708373188976378
20
-9.1124890157480305
11
3.7066662992125985
21
-9.1099345275590551
0
LINE
8
BLACK
6
CONTINUOUS
10
3.7066662992125985
20
-9.1099345275590551
11
3.7060669291338582
21
-9.1069212598425189
0
LINE
8
BLACK
6
CONTINUOUS
10
3.7060669291338582
20
-9.1069212598425189
11
3.7060669291338582
21
-9.0872362204724411
0
LINE
8
BLACK
6
CONTINUOUS
10
3.7060669291338582
20
-9.0872362204724411
11
3.7066662992125985
21
-9.0842229527559049
0
LINE
8
BLACK
6
CONTINUOUS
10
3.7066662992125985
20
-9.0842229527559049
11
3.708373188976378
21
-9.0816684645669294
0
LINE
8
BLACK
6
CONTINUOUS
10
3.708373188976378
20
-9.0816684645669294
11
3.7109276771653543
21
-9.0799615748031499
0
LINE
8
BLACK
6
CONTINUOUS
10
3.7109276771653543
20
-9.0799615748031499
11
3.7139409448818896
21
-9.0793622047244096
0
LINE
8
BLACK
6
CONTINUOUS
10
3.7139409448818896
20
-9.0793622047244096
11
3.7296889763779526
21
-9.0793622047244096
0
LINE
8
BLACK
6
CONTINUOUS
10
3.7296889763779526
20
-9.0793622047244096
11
3.7327022440944879
21
-9.0799615748031499
0
LINE
8
BLACK
6
CONTINUOUS
10
3.8370329527559055
20
-9.0799615748031499
11
3.8395874409448818
21
-9.0816684645669294
0
LINE
8
BLACK
6
CONTINUOUS
10
3.8395874409448818
20
-9.0816684645669294
11
3.8412943307086613
21
-9.0842229527559049
0
LINE
8
BLACK
6
CONTINUOUS
10
3.8412943307086613
20
-9.0842229527559049
11
3.8418937007874017
21
-9.0872362204724411
0
LINE
8
BLACK
6
CONTINUOUS
10
3.8418937007874017
20
-9.0872362204724411
11
3.8418937007874017
21
-9.1069212598425189
0
LINE
8
BLACK
6
CONTINUOUS
10
3.8418937007874017
20
-9.1069212598425189
11
3.8412943307086613
21
-9.1099345275590551
0
LINE
8
BLACK
6
CONTINUOUS
10
3.8412943307086613
20
-9.1099345275590551
11
3.8395874409448818
21
-9.1124890157480305
0
LINE
8
BLACK
6
CONTINUOUS
10
3.8395874409448818
20
-9.1124890157480305
11
3.8370329527559055
21
-9.11419590551181
0
LINE
8
BLACK
6
CONTINUOUS
10
3.8370329527559055
20
-9.11419590551181
11
3.8340196850393702
21
-9.1147952755905504
0
LINE
8
BLACK
6
CONTINUOUS
10
3.8340196850393702
20
-9.1147952755905504
11
3.8182716535433072
21
-9.1147952755905504
0
LINE
8
BLACK
6
CONTINUOUS
10
3.8182716535433072
20
-9.1147952755905504
11
3.8152583858267715
21
-9.11419590551181
0
LINE
8
BLACK
6
CONTINUOUS
10
3.8152583858267715
20
-9.11419590551181
11
3.8127038976377952
21
-9.1124890157480305
0
LINE
8
BLACK
6
CONTINUOUS
10
3.8127038976377952
20
-9.1124890157480305
11
3.8109970078740156
21
-9.1099345275590551
0
LINE
8
BLACK
6
CONTINUOUS
10
3.8109970078740156
20
-9.1099345275590551
11
3.8103976377952753
21
-9.1069212598425189
0
LINE
8
BLACK
6
CONTINUOUS
10
3.8103976377952753
20
-9.1069212598425189
11
3.8103976377952753
21
-9.0872362204724411
0
LINE
8
BLACK
6
CONTINUOUS
10
3.8103976377952753
20
-9.0872362204724411
11
3.8109970078740156
21
-9.0842229527559049
0
LINE
8
BLACK
6
CONTINUOUS
10
3.8109970078740156
20
-9.0842229527559049
11
3.8127038976377952
21
-9.0816684645669294
0
LINE
8
BLACK
6
CONTINUOUS
10
3.8127038976377952
20
-9.0816684645669294
11
3.8152583858267715
21
-9.0799615748031499
0
LINE
8
BLACK
6
CONTINUOUS
10
3.8152583858267715
20
-9.0799615748031499
11
3.8182716535433072
21
-9.0793622047244096
0
LINE
8
BLACK
6
CONTINUOUS
10
3.8182716535433072
20
-9.0793622047244096
11
3.8340196850393702
21
-9.0793622047244096
0
LINE
8
BLACK
6
CONTINUOUS
10
3.8340196850393702
20
-9.0793622047244096
11
3.8370329527559055
21
-9.0799615748031499
0
LINE
8
BLACK
6
CONTINUOUS
10
3.9118361023622046
20
-9.0799615748031499
11
3.9143905905511809
21
-9.0816684645669294
0
LINE
8
BLACK
6
CONTINUOUS
10
3.9143905905511809
20
-9.0816684645669294
11
3.9160974803149604
21
-9.0842229527559049
0
LINE
8
BLACK
6
CONTINUOUS
10
3.9160974803149604
20
-9.0842229527559049
11
3.9166968503937007
21
-9.0872362204724411
0
LINE
8
BLACK
6
CONTINUOUS
10
3.9166968503937007
20
-9.0872362204724411
11
3.9166968503937007
21
-9.1069212598425189
0
LINE
8
BLACK
6
CONTINUOUS
10
3.9166968503937007
20
-9.1069212598425189
11
3.9160974803149604
21
-9.1099345275590551
0
LINE
8
BLACK
6
CONTINUOUS
10
3.9160974803149604
20
-9.1099345275590551
11
3.9143905905511809
21
-9.1124890157480305
0
LINE
8
BLACK
6
CONTINUOUS
10
3.9143905905511809
20
-9.1124890157480305
11
3.9118361023622046
21
-9.11419590551181
0
LINE
8
BLACK
6
CONTINUOUS
10
3.9118361023622046
20
-9.11419590551181
11
3.9088228346456693
21
-9.1147952755905504
0
LINE
8
BLACK
6
CONTINUOUS
10
3.9088228346456693
20
-9.1147952755905504
11
3.8930748031496063
21
-9.1147952755905504
0
LINE
8
BLACK
6
CONTINUOUS
10
3.8930748031496063
20
-9.1147952755905504
11
3.890061535433071
21
-9.11419590551181
0
LINE
8
BLACK
6
CONTINUOUS
10
3.890061535433071
20
-9.11419590551181
11
3.8875070472440942
21
-9.1124890157480305
0
LINE
8
BLACK
6
CONTINUOUS
10
3.8875070472440942
20
-9.1124890157480305
11
3.8858001574803147
21
-9.1099345275590551
0
LINE
8
BLACK
6
CONTINUOUS
10
3.8858001574803147
20
-9.1099345275590551
11
3.8852007874015748
21
-9.1069212598425189
0
LINE
8
BLACK
6
CONTINUOUS
10
3.8852007874015748
20
-9.1069212598425189
11
3.8852007874015748
21
-9.0872362204724411
0
LINE
8
BLACK
6
CONTINUOUS
10
3.8852007874015748
20
-9.0872362204724411
11
3.8858001574803147
21
-9.0842229527559049
0
LINE
8
BLACK
6
CONTINUOUS
10
3.8858001574803147
20
-9.0842229527559049
11
3.8875070472440942
21
-9.0816684645669294
0
LINE
8
BLACK
6
CONTINUOUS
10
3.8875070472440942
20
-9.0816684645669294
11
3.890061535433071
21
-9.0799615748031499
0
LINE
8
BLACK
6
CONTINUOUS
10
3.890061535433071
20
-9.0799615748031499
11
3.8930748031496063
21
-9.0793622047244096
0
LINE
8
BLACK
6
CONTINUOUS
10
3.8930748031496063
20
-9.0793622047244096
11
3.9088228346456693
21
-9.0793622047244096
0
LINE
8
BLACK
6
CONTINUOUS
10
3.9088228346456693
20
-9.0793622047244096
11
3.9118361023622046
21
-9.0799615748031499
0
LINE
8
BLACK
6
CONTINUOUS
10
8.6862691338582678
20
-8.9782345669291335
11
8.616902913385827
21
-9.0364397244094494
0
LINE
8
BLACK
6
CONTINUOUS
10
8.616902913385827
20
-9.0364397244094494
11
8.5662896850393704
21
-8.97612125984252
0
LINE
8
BLACK
6
CONTINUOUS
10
8.5662896850393704
20
-8.97612125984252
11
8.6356559055118112
21
-8.917916102362204
0
LINE
8
BLACK
6
CONTINUOUS
10
8.6356559055118112
20
-8.917916102362204
11
8.6862691338582678
21
-8.9782345669291335
0
LINE
8
BLACK
6
CONTINUOUS
10
3.6953006692913384
20
-9.0012214173228351
11
3.6978551574803147
21
-9.0029283070866146
0
LINE
8
BLACK
6
CONTINUOUS
10
3.6978551574803147
20
-9.0029283070866146
11
3.6995620472440942
21
-9.00548279527559
0
LINE
8
BLACK
6
CONTINUOUS
10
3.6995620472440942
20
-9.00548279527559
11
3.7001614173228345
21
-9.0084960629921262
0
LINE
8
BLACK
6
CONTINUOUS
10
3.7001614173228345
20
-9.0084960629921262
11
3.7001614173228345
21
-9.0281811023622041
0
LINE
8
BLACK
6
CONTINUOUS
10
3.7001614173228345
20
-9.0281811023622041
11
3.6995620472440942
21
-9.0311943700787403
0
LINE
8
BLACK
6
CONTINUOUS
10
3.6995620472440942
20
-9.0311943700787403
11
3.6978551574803147
21
-9.0337488582677157
0
LINE
8
BLACK
6
CONTINUOUS
10
3.6978551574803147
20
-9.0337488582677157
11
3.6953006692913384
21
-9.0354557480314952
0
LINE
8
BLACK
6
CONTINUOUS
10
3.6953006692913384
20
-9.0354557480314952
11
3.6922874015748031
21
-9.0360551181102355
0
LINE
8
BLACK
6
CONTINUOUS
10
3.6922874015748031
20
-9.0360551181102355
11
3.6765393700787401
21
-9.0360551181102355
0
LINE
8
BLACK
6
CONTINUOUS
10
3.6765393700787401
20
-9.0360551181102355
11
3.6735261023622048
21
-9.0354557480314952
0
LINE
8
BLACK
6
CONTINUOUS
10
3.6735261023622048
20
-9.0354557480314952
11
3.6709716141732285
21
-9.0337488582677157
0
LINE
8
BLACK
6
CONTINUOUS
10
3.6709716141732285
20
-9.0337488582677157
11
3.669264724409449
21
-9.0311943700787403
0
LINE
8
BLACK
6
CONTINUOUS
10
3.669264724409449
20
-9.0311943700787403
11
3.6686653543307086
21
-9.0281811023622041
0
LINE
8
BLACK
6
CONTINUOUS
10
3.6686653543307086
20
-9.0281811023622041
11
3.6686653543307086
21
-9.0084960629921262
0
LINE
8
BLACK
6
CONTINUOUS
10
3.6686653543307086
20
-9.0084960629921262
11
3.669264724409449
21
-9.00548279527559
0
LINE
8
BLACK
6
CONTINUOUS
10
3.669264724409449
20
-9.00548279527559
11
3.6709716141732285
21
-9.0029283070866146
0
LINE
8
BLACK
6
CONTINUOUS
10
3.6709716141732285
20
-9.0029283070866146
11
3.6735261023622048
21
-9.0012214173228351
0
LINE
8
BLACK
6
CONTINUOUS
10
3.6735261023622048
20
-9.0012214173228351
11
3.6765393700787401
21
-9.0006220472440948
0
LINE
8
BLACK
6
CONTINUOUS
10
3.6765393700787401
20
-9.0006220472440948
11
3.6922874015748031
21
-9.0006220472440948
0
LINE
8
BLACK
6
CONTINUOUS
10
3.6922874015748031
20
-9.0006220472440948
11
3.6953006692913384
21
-9.0012214173228351
0
LINE
8
BLACK
6
CONTINUOUS
10
3.874434527559055
20
-9.0012214173228351
11
3.8769890157480313
21
-9.0029283070866146
0
LINE
8
BLACK
6
CONTINUOUS
10
3.8769890157480313
20
-9.0029283070866146
11
3.8786959055118109
21
-9.00548279527559
0
LINE
8
BLACK
6
CONTINUOUS
10
3.8786959055118109
20
-9.00548279527559
11
3.8792952755905512
21
-9.0084960629921262
0
LINE
8
BLACK
6
CONTINUOUS
10
3.8792952755905512
20
-9.0084960629921262
11
3.8792952755905512
21
-9.0281811023622041
0
LINE
8
BLACK
6
CONTINUOUS
10
3.8792952755905512
20
-9.0281811023622041
11
3.8786959055118109
21
-9.0311943700787403
0
LINE
8
BLACK
6
CONTINUOUS
10
3.8786959055118109
20
-9.0311943700787403
11
3.8769890157480313
21
-9.0337488582677157
0
LINE
8
BLACK
6
CONTINUOUS
10
3.8769890157480313
20
-9.0337488582677157
11
3.874434527559055
21
-9.0354557480314952
0
LINE
8
BLACK
6
CONTINUOUS
10
3.874434527559055
20
-9.0354557480314952
11
3.8714212598425197
21
-9.0360551181102355
0
LINE
8
BLACK
6
CONTINUOUS
10
3.8714212598425197
20
-9.0360551181102355
11
3.8556732283464568
21
-9.0360551181102355
0
LINE
8
BLACK
6
CONTINUOUS
10
3.8556732283464568
20
-9.0360551181102355
11
3.852659960629921
21
-9.0354557480314952
0
LINE
8
BLACK
6
CONTINUOUS
10
3.852659960629921
20
-9.0354557480314952
11
3.8501054724409447
21
-9.0337488582677157
0
LINE
8
BLACK
6
CONTINUOUS
10
3.8501054724409447
20
-9.0337488582677157
11
3.8483985826771652
21
-9.0311943700787403
0
LINE
8
BLACK
6
CONTINUOUS
10
3.8483985826771652
20
-9.0311943700787403
11
3.8477992125984253
21
-9.0281811023622041
0
LINE
8
BLACK
6
CONTINUOUS
10
3.8477992125984253
20
-9.0281811023622041
11
3.8477992125984253
21
-9.0084960629921262
0
LINE
8
BLACK
6
CONTINUOUS
10
3.8477992125984253
20
-9.0084960629921262
11
3.8483985826771652
21
-9.00548279527559
0
LINE
8
BLACK
6
CONTINUOUS
10
3.8483985826771652
20
-9.00548279527559
11
3.8501054724409447
21
-9.0029283070866146
0
LINE
8
BLACK
6
CONTINUOUS
10
3.8501054724409447
20
-9.0029283070866146
11
3.852659960629921
21
-9.0012214173228351
0
LINE
8
BLACK
6
CONTINUOUS
10
3.852659960629921
20
-9.0012214173228351
11
3.8556732283464568
21
-9.0006220472440948
0
LINE
8
BLACK
6
CONTINUOUS
10
3.8556732283464568
20
-9.0006220472440948
11
3.8714212598425197
21
-9.0006220472440948
0
LINE
8
BLACK
6
CONTINUOUS
10
3.8714212598425197
20
-9.0006220472440948
11
3.874434527559055
21
-9.0012214173228351
0
LINE
8
BLACK
6
CONTINUOUS
10
8.1875812992125976
20
-8.8666182283464572
11
8.1369680708661409
21
-8.9269366929133849
0
LINE
8
BLACK
6
CONTINUOUS
10
8.1369680708661409
20
-8.9269366929133849
11
8.0676018503937001
21
-8.8687315354330707
0
LINE
8
BLACK
6
CONTINUOUS
10
8.0676018503937001
20
-8.8687315354330707
11
8.1182150787401568
21
-8.8084130708661412
0
LINE
8
BLACK
6
CONTINUOUS
10
8.1182150787401568
20
-8.8084130708661412
11
8.1875812992125976
21
-8.8666182283464572
0
LINE
8
BLACK
6
CONTINUOUS
10
7.7402803149606294
20
-8.6218288582677172
11
7.6896670866141728
21
-8.6821473228346449
0
LINE
8
BLACK
6
CONTINUOUS
10
7.6896670866141728
20
-8.6821473228346449
11
7.620300866141732
21
-8.6239421653543307
0
LINE
8
BLACK
6
CONTINUOUS
10
7.620300866141732
20
-8.6239421653543307
11
7.6709140944881886
21
-8.5636237007874012
0
LINE
8
BLACK
6
CONTINUOUS
10
7.6709140944881886
20
-8.5636237007874012
11
7.7402803149606294
21
-8.6218288582677172
0
LINE
8
BLACK
6
CONTINUOUS
10
9.0050125984251963
20
-8.5802362992125989
11
8.9356463779527555
21
-8.6384414566929131
0
LINE
8
BLACK
6
CONTINUOUS
10
8.9356463779527555
20
-8.6384414566929131
11
8.8850331496062989
21
-8.5781229921259836
0
LINE
8
BLACK
6
CONTINUOUS
10
8.8850331496062989
20
-8.5781229921259836
11
8.9543993700787397
21
-8.5199178346456694
0
LINE
8
BLACK
6
CONTINUOUS
10
8.9543993700787397
20
-8.5199178346456694
11
9.0050125984251963
21
-8.5802362992125989
0
LINE
8
BLACK
6
CONTINUOUS
10
9.2872691338582669
20
-8.4682463779527559
11
9.2179029133858261
21
-8.5264515354330701
0
LINE
8
BLACK
6
CONTINUOUS
10
9.2179029133858261
20
-8.5264515354330701
11
9.1672896850393695
21
-8.4661330708661424
0
LINE
8
BLACK
6
CONTINUOUS
10
9.1672896850393695
20
-8.4661330708661424
11
9.2366559055118103
21
-8.4079279133858265
0
LINE
8
BLACK
6
CONTINUOUS
10
9.2366559055118103
20
-8.4079279133858265
11
9.2872691338582669
21
-8.4682463779527559
0
LINE
8
BLACK
6
CONTINUOUS
10
11.1143308267716527
20
-8.4430007086614172
11
11.1162466929133856
21
-8.4442808661417317
0
LINE
8
BLACK
6
CONTINUOUS
10
11.1162466929133856
20
-8.4442808661417317
11
11.1175268503937001
21
-8.4461967322834646
0
LINE
8
BLACK
6
CONTINUOUS
10
11.1175268503937001
20
-8.4461967322834646
11
11.1179763779527558
21
-8.4484566929133855
0
LINE
8
BLACK
6
CONTINUOUS
10
11.1179763779527558
20
-8.4484566929133855
11
11.1179763779527558
21
-8.4888110236220466
0
LINE
8
BLACK
6
CONTINUOUS
10
11.1179763779527558
20
-8.4888110236220466
11
11.1175268503937001
21
-8.4910709842519676
0
LINE
8
BLACK
6
CONTINUOUS
10
11.1175268503937001
20
-8.4910709842519676
11
11.1162466929133856
21
-8.4929868503937005
0
LINE
8
BLACK
6
CONTINUOUS
10
11.1162466929133856
20
-8.4929868503937005
11
11.1143308267716527
21
-8.494267007874015
0
LINE
8
BLACK
6
CONTINUOUS
10
11.1143308267716527
20
-8.494267007874015
11
11.1120708661417318
21
-8.4947165354330707
0
LINE
8
BLACK
6
CONTINUOUS
10
11.1120708661417318
20
-8.4947165354330707
11
11.1002598425196854
21
-8.4947165354330707
0
LINE
8
BLACK
6
CONTINUOUS
10
11.1002598425196854
20
-8.4947165354330707
11
11.0979998818897627
21
-8.494267007874015
0
LINE
8
BLACK
6
CONTINUOUS
10
11.0979998818897627
20
-8.494267007874015
11
11.0960840157480316
21
-8.4929868503937005
0
LINE
8
BLACK
6
CONTINUOUS
10
11.0960840157480316
20
-8.4929868503937005
11
11.0948038582677171
21
-8.4910709842519676
0
LINE
8
BLACK
6
CONTINUOUS
10
11.0948038582677171
20
-8.4910709842519676
11
11.0943543307086614
21
-8.4888110236220466
0
LINE
8
BLACK
6
CONTINUOUS
10
11.0943543307086614
20
-8.4888110236220466
11
11.0943543307086614
21
-8.4484566929133855
0
LINE
8
BLACK
6
CONTINUOUS
10
11.0943543307086614
20
-8.4484566929133855
11
11.0948038582677171
21
-8.4461967322834646
0
LINE
8
BLACK
6
CONTINUOUS
10
11.0948038582677171
20
-8.4461967322834646
11
11.0960840157480316
21
-8.4442808661417317
0
LINE
8
BLACK
6
CONTINUOUS
10
11.0960840157480316
20
-8.4442808661417317
11
11.0979998818897627
21
-8.4430007086614172
0
LINE
8
BLACK
6
CONTINUOUS
10
11.0979998818897627
20
-8.4430007086614172
11
11.1002598425196854
21
-8.4425511811023615
0
LINE
8
BLACK
6
CONTINUOUS
10
11.1002598425196854
20
-8.4425511811023615
11
11.1120708661417318
21
-8.4425511811023615
0
LINE
8
BLACK
6
CONTINUOUS
10
11.1120708661417318
20
-8.4425511811023615
11
11.1143308267716527
21
-8.4430007086614172
0
LINE
8
BLACK
6
CONTINUOUS
10
11.1517324015748027
20
-8.4430007086614172
11
11.1536482677165356
21
-8.4442808661417317
0
LINE
8
BLACK
6
CONTINUOUS
10
11.1536482677165356
20
-8.4442808661417317
11
11.1549284251968501
21
-8.4461967322834646
0
LINE
8
BLACK
6
CONTINUOUS
10
11.1549284251968501
20
-8.4461967322834646
11
11.1553779527559058
21
-8.4484566929133855
0
LINE
8
BLACK
6
CONTINUOUS
10
11.1553779527559058
20
-8.4484566929133855
11
11.1553779527559058
21
-8.4888110236220466
0
LINE
8
BLACK
6
CONTINUOUS
10
11.1553779527559058
20
-8.4888110236220466
11
11.1549284251968501
21
-8.4910709842519676
0
LINE
8
BLACK
6
CONTINUOUS
10
11.1549284251968501
20
-8.4910709842519676
11
11.1536482677165356
21
-8.4929868503937005
0
LINE
8
BLACK
6
CONTINUOUS
10
11.1536482677165356
20
-8.4929868503937005
11
11.1517324015748027
21
-8.494267007874015
0
LINE
8
BLACK
6
CONTINUOUS
10
11.1517324015748027
20
-8.494267007874015
11
11.1494724409448818
21
-8.4947165354330707
0
LINE
8
BLACK
6
CONTINUOUS
10
11.1494724409448818
20
-8.4947165354330707
11
11.1376614173228337
21
-8.4947165354330707
0
LINE
8
BLACK
6
CONTINUOUS
10
11.1376614173228337
20
-8.4947165354330707
11
11.1354014566929127
21
-8.494267007874015
0
LINE
8
BLACK
6
CONTINUOUS
10
11.1354014566929127
20
-8.494267007874015
11
11.1334855905511816
21
-8.4929868503937005
0
LINE
8
BLACK
6
CONTINUOUS
10
11.1334855905511816
20
-8.4929868503937005
11
11.1322054330708653
21
-8.4910709842519676
0
LINE
8
BLACK
6
CONTINUOUS
10
11.1322054330708653
20
-8.4910709842519676
11
11.1317559055118114
21
-8.4888110236220466
0
LINE
8
BLACK
6
CONTINUOUS
10
11.1317559055118114
20
-8.4888110236220466
11
11.1317559055118114
21
-8.4484566929133855
0
LINE
8
BLACK
6
CONTINUOUS
10
11.1317559055118114
20
-8.4484566929133855
11
11.1322054330708653
21
-8.4461967322834646
0
LINE
8
BLACK
6
CONTINUOUS
10
11.1322054330708653
20
-8.4461967322834646
11
11.1334855905511816
21
-8.4442808661417317
0
LINE
8
BLACK
6
CONTINUOUS
10
11.1334855905511816
20
-8.4442808661417317
11
11.1354014566929127
21
-8.4430007086614172
0
LINE
8
BLACK
6
CONTINUOUS
10
11.1354014566929127
20
-8.4430007086614172
11
11.1376614173228337
21
-8.4425511811023615
0
LINE
8
BLACK
6
CONTINUOUS
10
11.1376614173228337
20
-8.4425511811023615
11
11.1494724409448818
21
-8.4425511811023615
0
LINE
8
BLACK
6
CONTINUOUS
10
11.1494724409448818
20
-8.4425511811023615
11
11.1517324015748027
21
-8.4430007086614172
0
LINE
8
BLACK
6
CONTINUOUS
10
11.1891339763779527
20
-8.4430007086614172
11
11.1910498425196856
21
-8.4442808661417317
0
LINE
8
BLACK
6
CONTINUOUS
10
11.1910498425196856
20
-8.4442808661417317
11
11.1923300000000001
21
-8.4461967322834646
0
LINE
8
BLACK
6
CONTINUOUS
10
11.1923300000000001
20
-8.4461967322834646
11
11.192779527559054
21
-8.4484566929133855
0
LINE
8
BLACK
6
CONTINUOUS
10
11.192779527559054
20
-8.4484566929133855
11
11.192779527559054
21
-8.4888110236220466
0
LINE
8
BLACK
6
CONTINUOUS
10
11.192779527559054
20
-8.4888110236220466
11
11.1923300000000001
21
-8.4910709842519676
0
LINE
8
BLACK
6
CONTINUOUS
10
11.1923300000000001
20
-8.4910709842519676
11
11.1910498425196856
21
-8.4929868503937005
0
LINE
8
BLACK
6
CONTINUOUS
10
11.1910498425196856
20
-8.4929868503937005
11
11.1891339763779527
21
-8.494267007874015
0
LINE
8
BLACK
6
CONTINUOUS
10
11.1891339763779527
20
-8.494267007874015
11
11.1868740157480318
21
-8.4947165354330707
0
LINE
8
BLACK
6
CONTINUOUS
10
11.1868740157480318
20
-8.4947165354330707
11
11.1750629921259836
21
-8.4947165354330707
0
LINE
8
BLACK
6
CONTINUOUS
10
11.1750629921259836
20
-8.4947165354330707
11
11.1728030314960627
21
-8.494267007874015
0
LINE
8
BLACK
6
CONTINUOUS
10
11.1728030314960627
20
-8.494267007874015
11
11.1708871653543298
21
-8.4929868503937005
0
LINE
8
BLACK
6
CONTINUOUS
10
11.1708871653543298
20
-8.4929868503937005
11
11.1696070078740153
21
-8.4910709842519676
0
LINE
8
BLACK
6
CONTINUOUS
10
11.1696070078740153
20
-8.4910709842519676
11
11.1691574803149596
21
-8.4888110236220466
0
LINE
8
BLACK
6
CONTINUOUS
10
11.1691574803149596
20
-8.4888110236220466
11
11.1691574803149596
21
-8.4484566929133855
0
LINE
8
BLACK
6
CONTINUOUS
10
11.1691574803149596
20
-8.4484566929133855
11
11.1696070078740153
21
-8.4461967322834646
0
LINE
8
BLACK
6
CONTINUOUS
10
11.1696070078740153
20
-8.4461967322834646
11
11.1708871653543298
21
-8.4442808661417317
0
LINE
8
BLACK
6
CONTINUOUS
10
11.1708871653543298
20
-8.4442808661417317
11
11.1728030314960627
21
-8.4430007086614172
0
LINE
8
BLACK
6
CONTINUOUS
10
11.1728030314960627
20
-8.4430007086614172
11
11.1750629921259836
21
-8.4425511811023615
0
LINE
8
BLACK
6
CONTINUOUS
10
11.1750629921259836
20
-8.4425511811023615
11
11.1868740157480318
21
-8.4425511811023615
0
LINE
8
BLACK
6
CONTINUOUS
10
11.1868740157480318
20
-8.4425511811023615
11
11.1891339763779527
21
-8.4430007086614172
0
LINE
8
BLACK
6
CONTINUOUS
10
11.2994004330708666
20
-8.4462531496062994
11
11.3025935826771651
21
-8.4483867322834652
0
LINE
8
BLACK
6
CONTINUOUS
10
11.3025935826771651
20
-8.4483867322834652
11
11.3047271653543309
21
-8.4515798818897636
0
LINE
8
BLACK
6
CONTINUOUS
10
11.3047271653543309
20
-8.4515798818897636
11
11.3054763779527558
21
-8.4553464566929133
0
LINE
8
BLACK
6
CONTINUOUS
10
11.3054763779527558
20
-8.4553464566929133
11
11.3054763779527558
21
-8.4750314960629911
0
LINE
8
BLACK
6
CONTINUOUS
10
11.3054763779527558
20
-8.4750314960629911
11
11.3047271653543309
21
-8.4787980708661408
0
LINE
8
BLACK
6
CONTINUOUS
10
11.3047271653543309
20
-8.4787980708661408
11
11.3025935826771651
21
-8.481991220472441
0
LINE
8
BLACK
6
CONTINUOUS
10
11.3025935826771651
20
-8.481991220472441
11
11.2994004330708666
21
-8.4841248031496068
0
LINE
8
BLACK
6
CONTINUOUS
10
11.2994004330708666
20
-8.4841248031496068
11
11.2956338582677169
21
-8.4848740157480318
0
LINE
8
BLACK
6
CONTINUOUS
10
11.2956338582677169
20
-8.4848740157480318
11
11.2582322834645669
21
-8.4848740157480318
0
LINE
8
BLACK
6
CONTINUOUS
10
11.2582322834645669
20
-8.4848740157480318
11
11.2544657086614173
21
-8.4841248031496068
0
LINE
8
BLACK
6
CONTINUOUS
10
11.2544657086614173
20
-8.4841248031496068
11
11.251272559055117
21
-8.481991220472441
0
LINE
8
BLACK
6
CONTINUOUS
10
11.251272559055117
20
-8.481991220472441
11
11.249138976377953
21
-8.4787980708661408
0
LINE
8
BLACK
6
CONTINUOUS
10
11.249138976377953
20
-8.4787980708661408
11
11.248389763779528
21
-8.4750314960629911
0
LINE
8
BLACK
6
CONTINUOUS
10
11.248389763779528
20
-8.4750314960629911
11
11.248389763779528
21
-8.4553464566929133
0
LINE
8
BLACK
6
CONTINUOUS
10
11.248389763779528
20
-8.4553464566929133
11
11.249138976377953
21
-8.4515798818897636
0
LINE
8
BLACK
6
CONTINUOUS
10
11.249138976377953
20
-8.4515798818897636
11
11.251272559055117
21
-8.4483867322834652
0
LINE
8
BLACK
6
CONTINUOUS
10
11.251272559055117
20
-8.4483867322834652
11
11.2544657086614173
21
-8.4462531496062994
0
LINE
8
BLACK
6
CONTINUOUS
10
11.2544657086614173
20
-8.4462531496062994
11
11.2582322834645669
21
-8.4455039370078744
0
LINE
8
BLACK
6
CONTINUOUS
10
11.2582322834645669
20
-8.4455039370078744
11
11.2956338582677169
21
-8.4455039370078744
0
LINE
8
BLACK
6
CONTINUOUS
10
11.2956338582677169
20
-8.4455039370078744
11
11.2994004330708666
21
-8.4462531496062994
0
LINE
8
BLACK
6
CONTINUOUS
10
8.1435119685039368
20
-8.3733435826771654
11
8.1463857874015755
21
-8.375263818897638
0
LINE
8
BLACK
6
CONTINUOUS
10
8.1463857874015755
20
-8.375263818897638
11
8.1483060236220464
21
-8.378137637795275
0
LINE
8
BLACK
6
CONTINUOUS
10
8.1483060236220464
20
-8.378137637795275
11
8.1489803149606299
21
-8.381527559055117
0
LINE
8
BLACK
6
CONTINUOUS
10
8.1489803149606299
20
-8.381527559055117
11
8.1489803149606299
21
-8.4110551181102355
0
LINE
8
BLACK
6
CONTINUOUS
10
8.1489803149606299
20
-8.4110551181102355
11
8.1483060236220464
21
-8.4144450393700794
0
LINE
8
BLACK
6
CONTINUOUS
10
8.1483060236220464
20
-8.4144450393700794
11
8.1463857874015755
21
-8.4173188582677163
0
LINE
8
BLACK
6
CONTINUOUS
10
8.1463857874015755
20
-8.4173188582677163
11
8.1435119685039368
21
-8.419239094488189
0
LINE
8
BLACK
6
CONTINUOUS
10
8.1435119685039368
20
-8.419239094488189
11
8.1401220472440947
21
-8.4199133858267707
0
LINE
8
BLACK
6
CONTINUOUS
10
8.1401220472440947
20
-8.4199133858267707
11
8.1224055118110225
21
-8.4199133858267707
0
LINE
8
BLACK
6
CONTINUOUS
10
8.1224055118110225
20
-8.4199133858267707
11
8.1190155905511805
21
-8.419239094488189
0
LINE
8
BLACK
6
CONTINUOUS
10
8.1190155905511805
20
-8.419239094488189
11
8.1161417716535436
21
-8.4173188582677163
0
LINE
8
BLACK
6
CONTINUOUS
10
8.1161417716535436
20
-8.4173188582677163
11
8.1142215354330709
21
-8.4144450393700794
0
LINE
8
BLACK
6
CONTINUOUS
10
8.1142215354330709
20
-8.4144450393700794
11
8.1135472440944874
21
-8.4110551181102355
0
LINE
8
BLACK
6
CONTINUOUS
10
8.1135472440944874
20
-8.4110551181102355
11
8.1135472440944874
21
-8.4021968503937003
0
LINE
8
BLACK
6
CONTINUOUS
10
8.1135472440944874
20
-8.4021968503937003
11
8.02673622047244
21
-8.4021968503937003
0
LINE
8
BLACK
6
CONTINUOUS
10
8.02673622047244
20
-8.4021968503937003
11
8.0260582283464572
21
-8.4020620078740151
0
LINE
8
BLACK
6
CONTINUOUS
10
8.0260582283464572
20
-8.4020620078740151
11
8.0254834645669284
21
-8.4016779527559056
0
LINE
8
BLACK
6
CONTINUOUS
10
8.0254834645669284
20
-8.4016779527559056
11
8.0250994094488188
21
-8.4011031889763785
0
LINE
8
BLACK
6
CONTINUOUS
10
8.0250994094488188
20
-8.4011031889763785
11
8.0249645669291336
21
-8.400425196850394
0
LINE
8
BLACK
6
CONTINUOUS
10
8.0249645669291336
20
-8.400425196850394
11
8.0249645669291336
21
-8.3921574803149603
0
LINE
8
BLACK
6
CONTINUOUS
10
8.0249645669291336
20
-8.3921574803149603
11
8.0250994094488188
21
-8.3914794881889758
0
LINE
8
BLACK
6
CONTINUOUS
10
8.0250994094488188
20
-8.3914794881889758
11
8.0254834645669284
21
-8.3909047244094488
0
LINE
8
BLACK
6
CONTINUOUS
10
8.0254834645669284
20
-8.3909047244094488
11
8.0260582283464572
21
-8.3905206692913392
0
LINE
8
BLACK
6
CONTINUOUS
10
8.0260582283464572
20
-8.3905206692913392
11
8.02673622047244
21
-8.390385826771654
0
LINE
8
BLACK
6
CONTINUOUS
10
8.02673622047244
20
-8.390385826771654
11
8.1135472440944874
21
-8.390385826771654
0
LINE
8
BLACK
6
CONTINUOUS
10
8.1135472440944874
20
-8.390385826771654
11
8.1135472440944874
21
-8.381527559055117
0
LINE
8
BLACK
6
CONTINUOUS
10
8.1135472440944874
20
-8.381527559055117
11
8.1142215354330709
21
-8.378137637795275
0
LINE
8
BLACK
6
CONTINUOUS
10
8.1142215354330709
20
-8.378137637795275
11
8.1161417716535436
21
-8.375263818897638
0
LINE
8
BLACK
6
CONTINUOUS
10
8.1161417716535436
20
-8.375263818897638
11
8.1190155905511805
21
-8.3733435826771654
0
LINE
8
BLACK
6
CONTINUOUS
10
8.1190155905511805
20
-8.3733435826771654
11
8.1224055118110225
21
-8.3726692913385818
0
LINE
8
BLACK
6
CONTINUOUS
10
8.1224055118110225
20
-8.3726692913385818
11
8.1401220472440947
21
-8.3726692913385818
0
LINE
8
BLACK
6
CONTINUOUS
10
8.1401220472440947
20
-8.3726692913385818
11
8.1435119685039368
21
-8.3733435826771654
0
LINE
8
BLACK
6
CONTINUOUS
10
8.2734332283464571
20
-8.3733435826771654
11
8.2763070472440941
21
-8.375263818897638
0
LINE
8
BLACK
6
CONTINUOUS
10
8.2763070472440941
20
-8.375263818897638
11
8.2782272834645667
21
-8.378137637795275
0
LINE
8
BLACK
6
CONTINUOUS
10
8.2782272834645667
20
-8.378137637795275
11
8.2789015748031503
21
-8.381527559055117
0
LINE
8
BLACK
6
CONTINUOUS
10
8.2789015748031503
20
-8.381527559055117
11
8.2789015748031503
21
-8.390385826771654
0
LINE
8
BLACK
6
CONTINUOUS
10
8.2789015748031503
20
-8.390385826771654
11
8.3607913385826773
21
-8.390385826771654
0
LINE
8
BLACK
6
CONTINUOUS
10
8.3607913385826773
20
-8.390385826771654
11
8.3614693307086618
21
-8.3905206692913392
0
LINE
8
BLACK
6
CONTINUOUS
10
8.3614693307086618
20
-8.3905206692913392
11
8.3620440944881889
21
-8.3909047244094488
0
LINE
8
BLACK
6
CONTINUOUS
10
8.3620440944881889
20
-8.3909047244094488
11
8.3624281496062984
21
-8.3914794881889758
0
LINE
8
BLACK
6
CONTINUOUS
10
8.3624281496062984
20
-8.3914794881889758
11
8.3625629921259836
21
-8.3921574803149603
0
LINE
8
BLACK
6
CONTINUOUS
10
8.3625629921259836
20
-8.3921574803149603
11
8.3625629921259836
21
-8.400425196850394
0
LINE
8
BLACK
6
CONTINUOUS
10
8.3625629921259836
20
-8.400425196850394
11
8.3624281496062984
21
-8.4011031889763785
0
LINE
8
BLACK
6
CONTINUOUS
10
8.3624281496062984
20
-8.4011031889763785
11
8.3620440944881889
21
-8.4016779527559056
0
LINE
8
BLACK
6
CONTINUOUS
10
8.3620440944881889
20
-8.4016779527559056
11
8.3614693307086618
21
-8.4020620078740151
0
LINE
8
BLACK
6
CONTINUOUS
10
8.3614693307086618
20
-8.4020620078740151
11
8.3607913385826773
21
-8.4021968503937003
0
LINE
8
BLACK
6
CONTINUOUS
10
8.3607913385826773
20
-8.4021968503937003
11
8.2789015748031503
21
-8.4021968503937003
0
LINE
8
BLACK
6
CONTINUOUS
10
8.2789015748031503
20
-8.4021968503937003
11
8.2789015748031503
21
-8.4110551181102355
0
LINE
8
BLACK
6
CONTINUOUS
10
8.2789015748031503
20
-8.4110551181102355
11
8.2782272834645667
21
-8.4144450393700794
0
LINE
8
BLACK
6
CONTINUOUS
10
8.2782272834645667
20
-8.4144450393700794
11
8.2763070472440941
21
-8.4173188582677163
0
LINE
8
BLACK
6
CONTINUOUS
10
8.2763070472440941
20
-8.4173188582677163
11
8.2734332283464571
21
-8.419239094488189
0
LINE
8
BLACK
6
CONTINUOUS
10
8.2734332283464571
20
-8.419239094488189
11
8.2700433070866133
21
-8.4199133858267707
0
LINE
8
BLACK
6
CONTINUOUS
10
8.2700433070866133
20
-8.4199133858267707
11
8.2523267716535429
21
-8.4199133858267707
0
LINE
8
BLACK
6
CONTINUOUS
10
8.2523267716535429
20
-8.4199133858267707
11
8.2489368503937008
21
-8.419239094488189
0
LINE
8
BLACK
6
CONTINUOUS
10
8.2489368503937008
20
-8.419239094488189
11
8.2460630314960621
21
-8.4173188582677163
0
LINE
8
BLACK
6
CONTINUOUS
10
8.2460630314960621
20
-8.4173188582677163
11
8.2441427952755912
21
-8.4144450393700794
0
LINE
8
BLACK
6
CONTINUOUS
10
8.2441427952755912
20
-8.4144450393700794
11
8.2434685039370077
21
-8.4110551181102355
0
LINE
8
BLACK
6
CONTINUOUS
10
8.2434685039370077
20
-8.4110551181102355
11
8.2434685039370077
21
-8.381527559055117
0
LINE
8
BLACK
6
CONTINUOUS
10
8.2434685039370077
20
-8.381527559055117
11
8.2441427952755912
21
-8.378137637795275
0
LINE
8
BLACK
6
CONTINUOUS
10
8.2441427952755912
20
-8.378137637795275
11
8.2460630314960621
21
-8.375263818897638
0
LINE
8
BLACK
6
CONTINUOUS
10
8.2460630314960621
20
-8.375263818897638
11
8.2489368503937008
21
-8.3733435826771654
0
LINE
8
BLACK
6
CONTINUOUS
10
8.2489368503937008
20
-8.3733435826771654
11
8.2523267716535429
21
-8.3726692913385818
0
LINE
8
BLACK
6
CONTINUOUS
10
8.2523267716535429
20
-8.3726692913385818
11
8.2700433070866133
21
-8.3726692913385818
0
LINE
8
BLACK
6
CONTINUOUS
10
8.2700433070866133
20
-8.3726692913385818
11
8.2734332283464571
21
-8.3733435826771654
0
LINE
8
BLACK
6
CONTINUOUS
10
7.5865812992125985
20
-8.3566300393700779
11
7.5359680708661418
21
-8.4169485039370073
0
LINE
8
BLACK
6
CONTINUOUS
10
7.5359680708661418
20
-8.4169485039370073
11
7.4666018503937011
21
-8.3587433464566931
0
LINE
8
BLACK
6
CONTINUOUS
10
7.4666018503937011
20
-8.3587433464566931
11
7.5172150787401577
21
-8.2984248818897637
0
LINE
8
BLACK
6
CONTINUOUS
10
7.5172150787401577
20
-8.2984248818897637
11
7.5865812992125985
21
-8.3566300393700779
0
LINE
8
BLACK
6
CONTINUOUS
10
11.2994004330708666
20
-8.3714499999999994
11
11.3025935826771651
21
-8.3735835826771652
0
LINE
8
BLACK
6
CONTINUOUS
10
11.3025935826771651
20
-8.3735835826771652
11
11.3047271653543309
21
-8.3767767322834636
0
LINE
8
BLACK
6
CONTINUOUS
10
11.3047271653543309
20
-8.3767767322834636
11
11.3054763779527558
21
-8.3805433070866133
0
LINE
8
BLACK
6
CONTINUOUS
10
11.3054763779527558
20
-8.3805433070866133
11
11.3054763779527558
21
-8.4002283464566929
0
LINE
8
BLACK
6
CONTINUOUS
10
11.3054763779527558
20
-8.4002283464566929
11
11.3047271653543309
21
-8.4039949212598426
0
LINE
8
BLACK
6
CONTINUOUS
10
11.3047271653543309
20
-8.4039949212598426
11
11.3025935826771651
21
-8.4071880708661411
0
LINE
8
BLACK
6
CONTINUOUS
10
11.3025935826771651
20
-8.4071880708661411
11
11.2994004330708666
21
-8.4093216535433069
0
LINE
8
BLACK
6
CONTINUOUS
10
11.2994004330708666
20
-8.4093216535433069
11
11.2956338582677169
21
-8.4100708661417318
0
LINE
8
BLACK
6
CONTINUOUS
10
11.2956338582677169
20
-8.4100708661417318
11
11.2582322834645669
21
-8.4100708661417318
0
LINE
8
BLACK
6
CONTINUOUS
10
11.2582322834645669
20
-8.4100708661417318
11
11.2544657086614173
21
-8.4093216535433069
0
LINE
8
BLACK
6
CONTINUOUS
10
11.2544657086614173
20
-8.4093216535433069
11
11.251272559055117
21
-8.4071880708661411
0
LINE
8
BLACK
6
CONTINUOUS
10
11.251272559055117
20
-8.4071880708661411
11
11.249138976377953
21
-8.4039949212598426
0
LINE
8
BLACK
6
CONTINUOUS
10
11.249138976377953
20
-8.4039949212598426
11
11.248389763779528
21
-8.4002283464566929
0
LINE
8
BLACK
6
CONTINUOUS
10
11.248389763779528
20
-8.4002283464566929
11
11.248389763779528
21
-8.3805433070866133
0
LINE
8
BLACK
6
CONTINUOUS
10
11.248389763779528
20
-8.3805433070866133
11
11.249138976377953
21
-8.3767767322834636
0
LINE
8
BLACK
6
CONTINUOUS
10
11.249138976377953
20
-8.3767767322834636
11
11.251272559055117
21
-8.3735835826771652
0
LINE
8
BLACK
6
CONTINUOUS
10
11.251272559055117
20
-8.3735835826771652
11
11.2544657086614173
21
-8.3714499999999994
0
LINE
8
BLACK
6
CONTINUOUS
10
11.2544657086614173
20
-8.3714499999999994
11
11.2582322834645669
21
-8.3707007874015744
0
LINE
8
BLACK
6
CONTINUOUS
10
11.2582322834645669
20
-8.3707007874015744
11
11.2956338582677169
21
-8.3707007874015744
0
LINE
8
BLACK
6
CONTINUOUS
10
11.2956338582677169
20
-8.3707007874015744
11
11.2994004330708666
21
-8.3714499999999994
0
LINE
8
BLACK
6
CONTINUOUS
10
11.1143308267716527
20
-8.3534337795275597
11
11.1162466929133856
21
-8.3547139370078742
0
LINE
8
BLACK
6
CONTINUOUS
10
11.1162466929133856
20
-8.3547139370078742
11
11.1175268503937001
21
-8.3566298031496054
0
LINE
8
BLACK
6
CONTINUOUS
10
11.1175268503937001
20
-8.3566298031496054
11
11.1179763779527558
21
-8.3588897637795281
0
LINE
8
BLACK
6
CONTINUOUS
10
11.1179763779527558
20
-8.3588897637795281
11
11.1179763779527558
21
-8.3992440944881892
0
LINE
8
BLACK
6
CONTINUOUS
10
11.1179763779527558
20
-8.3992440944881892
11
11.1175268503937001
21
-8.4015040551181102
0
LINE
8
BLACK
6
CONTINUOUS
10
11.1175268503937001
20
-8.4015040551181102
11
11.1162466929133856
21
-8.4034199212598431
0
LINE
8
BLACK
6
CONTINUOUS
10
11.1162466929133856
20
-8.4034199212598431
11
11.1143308267716527
21
-8.4047000787401576
0
LINE
8
BLACK
6
CONTINUOUS
10
11.1143308267716527
20
-8.4047000787401576
11
11.1120708661417318
21
-8.4051496062992133
0
LINE
8
BLACK
6
CONTINUOUS
10
11.1120708661417318
20
-8.4051496062992133
11
11.1002598425196854
21
-8.4051496062992133
0
LINE
8
BLACK
6
CONTINUOUS
10
11.1002598425196854
20
-8.4051496062992133
11
11.0979998818897627
21
-8.4047000787401576
0
LINE
8
BLACK
6
CONTINUOUS
10
11.0979998818897627
20
-8.4047000787401576
11
11.0960840157480316
21
-8.4034199212598431
0
LINE
8
BLACK
6
CONTINUOUS
10
11.0960840157480316
20
-8.4034199212598431
11
11.0948038582677171
21
-8.4015040551181102
0
LINE
8
BLACK
6
CONTINUOUS
10
11.0948038582677171
20
-8.4015040551181102
11
11.0943543307086614
21
-8.3992440944881892
0
LINE
8
BLACK
6
CONTINUOUS
10
11.0943543307086614
20
-8.3992440944881892
11
11.0943543307086614
21
-8.3588897637795281
0
LINE
8
BLACK
6
CONTINUOUS
10
11.0943543307086614
20
-8.3588897637795281
11
11.0948038582677171
21
-8.3566298031496054
0
LINE
8
BLACK
6
CONTINUOUS
10
11.0948038582677171
20
-8.3566298031496054
11
11.0960840157480316
21
-8.3547139370078742
0
LINE
8
BLACK
6
CONTINUOUS
10
11.0960840157480316
20
-8.3547139370078742
11
11.0979998818897627
21
-8.3534337795275597
0
LINE
8
BLACK
6
CONTINUOUS
10
11.0979998818897627
20
-8.3534337795275597
11
11.1002598425196854
21
-8.352984251968504
0
LINE
8
BLACK
6
CONTINUOUS
10
11.1002598425196854
20
-8.352984251968504
11
11.1120708661417318
21
-8.352984251968504
0
LINE
8
BLACK
6
CONTINUOUS
10
11.1120708661417318
20
-8.352984251968504
11
11.1143308267716527
21
-8.3534337795275597
0
LINE
8
BLACK
6
CONTINUOUS
10
11.1891339763779527
20
-8.3534337795275597
11
11.1910498425196856
21
-8.3547139370078742
0
LINE
8
BLACK
6
CONTINUOUS
10
11.1910498425196856
20
-8.3547139370078742
11
11.1923300000000001
21
-8.3566298031496054
0
LINE
8
BLACK
6
CONTINUOUS
10
11.1923300000000001
20
-8.3566298031496054
11
11.192779527559054
21
-8.3588897637795281
0
LINE
8
BLACK
6
CONTINUOUS
10
11.192779527559054
20
-8.3588897637795281
11
11.192779527559054
21
-8.3992440944881892
0
LINE
8
BLACK
6
CONTINUOUS
10
11.192779527559054
20
-8.3992440944881892
11
11.1923300000000001
21
-8.4015040551181102
0
LINE
8
BLACK
6
CONTINUOUS
10
11.1923300000000001
20
-8.4015040551181102
11
11.1910498425196856
21
-8.4034199212598431
0
LINE
8
BLACK
6
CONTINUOUS
10
11.1910498425196856
20
-8.4034199212598431
11
11.1891339763779527
21
-8.4047000787401576
0
LINE
8
BLACK
6
CONTINUOUS
10
11.1891339763779527
20
-8.4047000787401576
11
11.1868740157480318
21
-8.4051496062992133
0
LINE
8
BLACK
6
CONTINUOUS
10
11.1868740157480318
20
-8.4051496062992133
11
11.1750629921259836
21
-8.4051496062992133
0
LINE
8
BLACK
6
CONTINUOUS
10
11.1750629921259836
20
-8.4051496062992133
11
11.1728030314960627
21
-8.4047000787401576
0
LINE
8
BLACK
6
CONTINUOUS
10
11.1728030314960627
20
-8.4047000787401576
11
11.1708871653543298
21
-8.4034199212598431
0
LINE
8
BLACK
6
CONTINUOUS
10
11.1708871653543298
20
-8.4034199212598431
11
11.1696070078740153
21
-8.4015040551181102
0
LINE
8
BLACK
6
CONTINUOUS
10
11.1696070078740153
20
-8.4015040551181102
11
11.1691574803149596
21
-8.3992440944881892
0
LINE
8
BLACK
6
CONTINUOUS
10
11.1691574803149596
20
-8.3992440944881892
11
11.1691574803149596
21
-8.3588897637795281
0
LINE
8
BLACK
6
CONTINUOUS
10
11.1691574803149596
20
-8.3588897637795281
11
11.1696070078740153
21
-8.3566298031496054
0
LINE
8
BLACK
6
CONTINUOUS
10
11.1696070078740153
20
-8.3566298031496054
11
11.1708871653543298
21
-8.3547139370078742
0
LINE
8
BLACK
6
CONTINUOUS
10
11.1708871653543298
20
-8.3547139370078742
11
11.1728030314960627
21
-8.3534337795275597
0
LINE
8
BLACK
6
CONTINUOUS
10
11.1728030314960627
20
-8.3534337795275597
11
11.1750629921259836
21
-8.352984251968504
0
LINE
8
BLACK
6
CONTINUOUS
10
11.1750629921259836
20
-8.352984251968504
11
11.1868740157480318
21
-8.352984251968504
0
LINE
8
BLACK
6
CONTINUOUS
10
11.1868740157480318
20
-8.352984251968504
11
11.1891339763779527
21
-8.3534337795275597
0
LINE
8
BLACK
6
CONTINUOUS
10
11.2878203543307087
20
-8.3004340157480314
11
11.2903748425196842
21
-8.3021409055118109
0
LINE
8
BLACK
6
CONTINUOUS
10
11.2903748425196842
20
-8.3021409055118109
11
11.2920817322834637
21
-8.3046953937007864
0
LINE
8
BLACK
6
CONTINUOUS
10
11.2920817322834637
20
-8.3046953937007864
11
11.292681102362204
21
-8.3077086614173226
0
LINE
8
BLACK
6
CONTINUOUS
10
11.292681102362204
20
-8.3077086614173226
11
11.292681102362204
21
-8.3234566929133855
0
LINE
8
BLACK
6
CONTINUOUS
10
11.292681102362204
20
-8.3234566929133855
11
11.2920817322834637
21
-8.3264699606299217
0
LINE
8
BLACK
6
CONTINUOUS
10
11.2920817322834637
20
-8.3264699606299217
11
11.2903748425196842
21
-8.3290244488188971
0
LINE
8
BLACK
6
CONTINUOUS
10
11.2903748425196842
20
-8.3290244488188971
11
11.2878203543307087
21
-8.3307313385826767
0
LINE
8
BLACK
6
CONTINUOUS
10
11.2878203543307087
20
-8.3307313385826767
11
11.2848070866141725
21
-8.331330708661417
0
LINE
8
BLACK
6
CONTINUOUS
10
11.2848070866141725
20
-8.331330708661417
11
11.2651220472440947
21
-8.331330708661417
0
LINE
8
BLACK
6
CONTINUOUS
10
11.2651220472440947
20
-8.331330708661417
11
11.2621087795275585
21
-8.3307313385826767
0
LINE
8
BLACK
6
CONTINUOUS
10
11.2621087795275585
20
-8.3307313385826767
11
11.2595542913385831
21
-8.3290244488188971
0
LINE
8
BLACK
6
CONTINUOUS
10
11.2595542913385831
20
-8.3290244488188971
11
11.2578474015748036
21
-8.3264699606299217
0
LINE
8
BLACK
6
CONTINUOUS
10
11.2578474015748036
20
-8.3264699606299217
11
11.2572480314960632
21
-8.3234566929133855
0
LINE
8
BLACK
6
CONTINUOUS
10
11.2572480314960632
20
-8.3234566929133855
11
11.2572480314960632
21
-8.3077086614173226
0
LINE
8
BLACK
6
CONTINUOUS
10
11.2572480314960632
20
-8.3077086614173226
11
11.2578474015748036
21
-8.3046953937007864
0
LINE
8
BLACK
6
CONTINUOUS
10
11.2578474015748036
20
-8.3046953937007864
11
11.2595542913385831
21
-8.3021409055118109
0
LINE
8
BLACK
6
CONTINUOUS
10
11.2595542913385831
20
-8.3021409055118109
11
11.2621087795275585
21
-8.3004340157480314
0
LINE
8
BLACK
6
CONTINUOUS
10
11.2621087795275585
20
-8.3004340157480314
11
11.2651220472440947
21
-8.2998346456692911
0
LINE
8
BLACK
6
CONTINUOUS
10
11.2651220472440947
20
-8.2998346456692911
11
11.2848070866141725
21
-8.2998346456692911
0
LINE
8
BLACK
6
CONTINUOUS
10
11.2848070866141725
20
-8.2998346456692911
11
11.2878203543307087
21
-8.3004340157480314
0
LINE
8
BLACK
6
CONTINUOUS
10
11.2029437401574796
20
-8.2769618110236216
11
11.2061368897637799
21
-8.2790953937007874
0
LINE
8
BLACK
6
CONTINUOUS
10
11.2061368897637799
20
-8.2790953937007874
11
11.2082704724409439
21
-8.2822885433070859
0
LINE
8
BLACK
6
CONTINUOUS
10
11.2082704724409439
20
-8.2822885433070859
11
11.2090196850393706
21
-8.2860551181102355
0
LINE
8
BLACK
6
CONTINUOUS
10
11.2090196850393706
20
-8.2860551181102355
11
11.2090196850393706
21
-8.3057401574803151
0
LINE
8
BLACK
6
CONTINUOUS
10
11.2090196850393706
20
-8.3057401574803151
11
11.2082704724409439
21
-8.3095067322834648
0
LINE
8
BLACK
6
CONTINUOUS
10
11.2082704724409439
20
-8.3095067322834648
11
11.2061368897637799
21
-8.3126998818897633
0
LINE
8
BLACK
6
CONTINUOUS
10
11.2061368897637799
20
-8.3126998818897633
11
11.2029437401574796
21
-8.3148334645669291
0
LINE
8
BLACK
6
CONTINUOUS
10
11.2029437401574796
20
-8.3148334645669291
11
11.1991771653543299
21
-8.315582677165354
0
LINE
8
BLACK
6
CONTINUOUS
10
11.1991771653543299
20
-8.315582677165354
11
11.1617755905511817
21
-8.315582677165354
0
LINE
8
BLACK
6
CONTINUOUS
10
11.1617755905511817
20
-8.315582677165354
11
11.1580090157480321
21
-8.3148334645669291
0
LINE
8
BLACK
6
CONTINUOUS
10
11.1580090157480321
20
-8.3148334645669291
11
11.1548158661417318
21
-8.3126998818897633
0
LINE
8
BLACK
6
CONTINUOUS
10
11.1548158661417318
20
-8.3126998818897633
11
11.152682283464566
21
-8.3095067322834648
0
LINE
8
BLACK
6
CONTINUOUS
10
11.152682283464566
20
-8.3095067322834648
11
11.1519330708661411
21
-8.3057401574803151
0
LINE
8
BLACK
6
CONTINUOUS
10
11.1519330708661411
20
-8.3057401574803151
11
11.1519330708661411
21
-8.2860551181102355
0
LINE
8
BLACK
6
CONTINUOUS
10
11.1519330708661411
20
-8.2860551181102355
11
11.152682283464566
21
-8.2822885433070859
0
LINE
8
BLACK
6
CONTINUOUS
10
11.152682283464566
20
-8.2822885433070859
11
11.1548158661417318
21
-8.2790953937007874
0
LINE
8
BLACK
6
CONTINUOUS
10
11.1548158661417318
20
-8.2790953937007874
11
11.1580090157480321
21
-8.2769618110236216
0
LINE
8
BLACK
6
CONTINUOUS
10
11.1580090157480321
20
-8.2769618110236216
11
11.1617755905511817
21
-8.2762125984251966
0
LINE
8
BLACK
6
CONTINUOUS
10
11.1617755905511817
20
-8.2762125984251966
11
11.1991771653543299
21
-8.2762125984251966
0
LINE
8
BLACK
6
CONTINUOUS
10
11.1991771653543299
20
-8.2762125984251966
11
11.2029437401574796
21
-8.2769618110236216
0
LINE
8
BLACK
6
CONTINUOUS
10
11.3665605118110236
20
-8.2630324409448814
11
11.369114999999999
21
-8.264739330708661
0
LINE
8
BLACK
6
CONTINUOUS
10
11.369114999999999
20
-8.264739330708661
11
11.3708218897637785
21
-8.2672938188976381
0
LINE
8
BLACK
6
CONTINUOUS
10
11.3708218897637785
20
-8.2672938188976381
11
11.3714212598425188
21
-8.2703070866141726
0
LINE
8
BLACK
6
CONTINUOUS
10
11.3714212598425188
20
-8.2703070866141726
11
11.3714212598425188
21
-8.2860551181102355
0
LINE
8
BLACK
6
CONTINUOUS
10
11.3714212598425188
20
-8.2860551181102355
11
11.3708218897637785
21
-8.2890683858267717
0
LINE
8
BLACK
6
CONTINUOUS
10
11.3708218897637785
20
-8.2890683858267717
11
11.369114999999999
21
-8.2916228740157472
0
LINE
8
BLACK
6
CONTINUOUS
10
11.369114999999999
20
-8.2916228740157472
11
11.3665605118110236
21
-8.2933297637795267
0
LINE
8
BLACK
6
CONTINUOUS
10
11.3665605118110236
20
-8.2933297637795267
11
11.3635472440944874
21
-8.293929133858267
0
LINE
8
BLACK
6
CONTINUOUS
10
11.3635472440944874
20
-8.293929133858267
11
11.3438622047244095
21
-8.293929133858267
0
LINE
8
BLACK
6
CONTINUOUS
10
11.3438622047244095
20
-8.293929133858267
11
11.3408489370078733
21
-8.2933297637795267
0
LINE
8
BLACK
6
CONTINUOUS
10
11.3408489370078733
20
-8.2933297637795267
11
11.3382944488188979
21
-8.2916228740157472
0
LINE
8
BLACK
6
CONTINUOUS
10
11.3382944488188979
20
-8.2916228740157472
11
11.3365875590551184
21
-8.2890683858267717
0
LINE
8
BLACK
6
CONTINUOUS
10
11.3365875590551184
20
-8.2890683858267717
11
11.3359881889763781
21
-8.2860551181102355
0
LINE
8
BLACK
6
CONTINUOUS
10
11.3359881889763781
20
-8.2860551181102355
11
11.3359881889763781
21
-8.2703070866141726
0
LINE
8
BLACK
6
CONTINUOUS
10
11.3359881889763781
20
-8.2703070866141726
11
11.3365875590551184
21
-8.2672938188976381
0
LINE
8
BLACK
6
CONTINUOUS
10
11.3365875590551184
20
-8.2672938188976381
11
11.3382944488188979
21
-8.264739330708661
0
LINE
8
BLACK
6
CONTINUOUS
10
11.3382944488188979
20
-8.264739330708661
11
11.3408489370078733
21
-8.2630324409448814
0
LINE
8
BLACK
6
CONTINUOUS
10
11.3408489370078733
20
-8.2630324409448814
11
11.3438622047244095
21
-8.2624330708661411
0
LINE
8
BLACK
6
CONTINUOUS
10
11.3438622047244095
20
-8.2624330708661411
11
11.3635472440944874
21
-8.2624330708661411
0
LINE
8
BLACK
6
CONTINUOUS
10
11.3635472440944874
20
-8.2624330708661411
11
11.3665605118110236
21
-8.2630324409448814
0
LINE
8
BLACK
6
CONTINUOUS
10
8.777370236220472
20
-8.2414538188976376
11
8.7802440551181107
21
-8.2433740551181103
0
LINE
8
BLACK
6
CONTINUOUS
10
8.7802440551181107
20
-8.2433740551181103
11
8.7821642913385833
21
-8.2462478740157472
0
LINE
8
BLACK
6
CONTINUOUS
10
8.7821642913385833
20
-8.2462478740157472
11
8.7828385826771651
21
-8.249637795275591
0
LINE
8
BLACK
6
CONTINUOUS
10
8.7828385826771651
20
-8.249637795275591
11
8.7828385826771651
21
-8.2791653543307078
0
LINE
8
BLACK
6
CONTINUOUS
10
8.7828385826771651
20
-8.2791653543307078
11
8.7821642913385833
21
-8.2825552755905516
0
LINE
8
BLACK
6
CONTINUOUS
10
8.7821642913385833
20
-8.2825552755905516
11
8.7802440551181107
21
-8.2854290944881885
0
LINE
8
BLACK
6
CONTINUOUS
10
8.7802440551181107
20
-8.2854290944881885
11
8.777370236220472
21
-8.2873493307086612
0
LINE
8
BLACK
6
CONTINUOUS
10
8.777370236220472
20
-8.2873493307086612
11
8.7739803149606299
21
-8.2880236220472447
0
LINE
8
BLACK
6
CONTINUOUS
10
8.7739803149606299
20
-8.2880236220472447
11
8.7562637795275595
21
-8.2880236220472447
0
LINE
8
BLACK
6
CONTINUOUS
10
8.7562637795275595
20
-8.2880236220472447
11
8.7528738582677157
21
-8.2873493307086612
0
LINE
8
BLACK
6
CONTINUOUS
10
8.7528738582677157
20
-8.2873493307086612
11
8.7500000393700788
21
-8.2854290944881885
0
LINE
8
BLACK
6
CONTINUOUS
10
8.7500000393700788
20
-8.2854290944881885
11
8.7480798031496061
21
-8.2825552755905516
0
LINE
8
BLACK
6
CONTINUOUS
10
8.7480798031496061
20
-8.2825552755905516
11
8.7474055118110225
21
-8.2791653543307078
0
LINE
8
BLACK
6
CONTINUOUS
10
8.7474055118110225
20
-8.2791653543307078
11
8.7474055118110225
21
-8.2703070866141726
0
LINE
8
BLACK
6
CONTINUOUS
10
8.7474055118110225
20
-8.2703070866141726
11
8.6605944881889769
21
-8.2703070866141726
0
LINE
8
BLACK
6
CONTINUOUS
10
8.6605944881889769
20
-8.2703070866141726
11
8.6599164960629924
21
-8.2701722440944874
0
LINE
8
BLACK
6
CONTINUOUS
10
8.6599164960629924
20
-8.2701722440944874
11
8.6593417322834636
21
-8.2697881889763778
0
LINE
8
BLACK
6
CONTINUOUS
10
8.6593417322834636
20
-8.2697881889763778
11
8.658957677165354
21
-8.2692134251968508
0
LINE
8
BLACK
6
CONTINUOUS
10
8.658957677165354
20
-8.2692134251968508
11
8.6588228346456688
21
-8.2685354330708662
0
LINE
8
BLACK
6
CONTINUOUS
10
8.6588228346456688
20
-8.2685354330708662
11
8.6588228346456688
21
-8.2602677165354326
0
LINE
8
BLACK
6
CONTINUOUS
10
8.6588228346456688
20
-8.2602677165354326
11
8.658957677165354
21
-8.2595897244094481
0
LINE
8
BLACK
6
CONTINUOUS
10
8.658957677165354
20
-8.2595897244094481
11
8.6593417322834636
21
-8.259014960629921
0
LINE
8
BLACK
6
CONTINUOUS
10
8.6593417322834636
20
-8.259014960629921
11
8.6599164960629924
21
-8.2586309055118114
0
LINE
8
BLACK
6
CONTINUOUS
10
8.6599164960629924
20
-8.2586309055118114
11
8.6605944881889769
21
-8.2584960629921262
0
LINE
8
BLACK
6
CONTINUOUS
10
8.6605944881889769
20
-8.2584960629921262
11
8.7474055118110225
21
-8.2584960629921262
0
LINE
8
BLACK
6
CONTINUOUS
10
8.7474055118110225
20
-8.2584960629921262
11
8.7474055118110225
21
-8.249637795275591
0
LINE
8
BLACK
6
CONTINUOUS
10
8.7474055118110225
20
-8.249637795275591
11
8.7480798031496061
21
-8.2462478740157472
0
LINE
8
BLACK
6
CONTINUOUS
10
8.7480798031496061
20
-8.2462478740157472
11
8.7500000393700788
21
-8.2433740551181103
0
LINE
8
BLACK
6
CONTINUOUS
10
8.7500000393700788
20
-8.2433740551181103
11
8.7528738582677157
21
-8.2414538188976376
0
LINE
8
BLACK
6
CONTINUOUS
10
8.7528738582677157
20
-8.2414538188976376
11
8.7562637795275595
21
-8.2407795275590541
0
LINE
8
BLACK
6
CONTINUOUS
10
8.7562637795275595
20
-8.2407795275590541
11
8.7739803149606299
21
-8.2407795275590541
0
LINE
8
BLACK
6
CONTINUOUS
10
8.7739803149606299
20
-8.2407795275590541
11
8.777370236220472
21
-8.2414538188976376
0
LINE
8
BLACK
6
CONTINUOUS
10
8.9072914960629923
20
-8.2414538188976376
11
8.9101653149606292
21
-8.2433740551181103
0
LINE
8
BLACK
6
CONTINUOUS
10
8.9101653149606292
20
-8.2433740551181103
11
8.9120855511811019
21
-8.2462478740157472
0
LINE
8
BLACK
6
CONTINUOUS
10
8.9120855511811019
20
-8.2462478740157472
11
8.9127598425196854
21
-8.249637795275591
0
LINE
8
BLACK
6
CONTINUOUS
10
8.9127598425196854
20
-8.249637795275591
11
8.9127598425196854
21
-8.2584960629921262
0
LINE
8
BLACK
6
CONTINUOUS
10
8.9127598425196854
20
-8.2584960629921262
11
8.9946496062992125
21
-8.2584960629921262
0
LINE
8
BLACK
6
CONTINUOUS
10
8.9946496062992125
20
-8.2584960629921262
11
8.995327598425197
21
-8.2586309055118114
0
LINE
8
BLACK
6
CONTINUOUS
10
8.995327598425197
20
-8.2586309055118114
11
8.9959023622047241
21
-8.259014960629921
0
LINE
8
BLACK
6
CONTINUOUS
10
8.9959023622047241
20
-8.259014960629921
11
8.9962864173228336
21
-8.2595897244094481
0
LINE
8
BLACK
6
CONTINUOUS
10
8.9962864173228336
20
-8.2595897244094481
11
8.9964212598425188
21
-8.2602677165354326
0
LINE
8
BLACK
6
CONTINUOUS
10
8.9964212598425188
20
-8.2602677165354326
11
8.9964212598425188
21
-8.2685354330708662
0
LINE
8
BLACK
6
CONTINUOUS
10
8.9964212598425188
20
-8.2685354330708662
11
8.9962864173228336
21
-8.2692134251968508
0
LINE
8
BLACK
6
CONTINUOUS
10
8.9962864173228336
20
-8.2692134251968508
11
8.9959023622047241
21
-8.2697881889763778
0
LINE
8
BLACK
6
CONTINUOUS
10
8.9959023622047241
20
-8.2697881889763778
11
8.995327598425197
21
-8.2701722440944874
0
LINE
8
BLACK
6
CONTINUOUS
10
8.995327598425197
20
-8.2701722440944874
11
8.9946496062992125
21
-8.2703070866141726
0
LINE
8
BLACK
6
CONTINUOUS
10
8.9946496062992125
20
-8.2703070866141726
11
8.9127598425196854
21
-8.2703070866141726
0
LINE
8
BLACK
6
CONTINUOUS
10
8.9127598425196854
20
-8.2703070866141726
11
8.9127598425196854
21
-8.2791653543307078
0
LINE
8
BLACK
6
CONTINUOUS
10
8.9127598425196854
20
-8.2791653543307078
11
8.9120855511811019
21
-8.2825552755905516
0
LINE
8
BLACK
6
CONTINUOUS
10
8.9120855511811019
20
-8.2825552755905516
11
8.9101653149606292
21
-8.2854290944881885
0
LINE
8
BLACK
6
CONTINUOUS
10
8.9101653149606292
20
-8.2854290944881885
11
8.9072914960629923
21
-8.2873493307086612
0
LINE
8
BLACK
6
CONTINUOUS
10
8.9072914960629923
20
-8.2873493307086612
11
8.9039015748031503
21
-8.2880236220472447
0
LINE
8
BLACK
6
CONTINUOUS
10
8.9039015748031503
20
-8.2880236220472447
11
8.8861850393700781
21
-8.2880236220472447
0
LINE
8
BLACK
6
CONTINUOUS
10
8.8861850393700781
20
-8.2880236220472447
11
8.882795118110236
21
-8.2873493307086612
0
LINE
8
BLACK
6
CONTINUOUS
10
8.882795118110236
20
-8.2873493307086612
11
8.8799212992125991
21
-8.2854290944881885
0
LINE
8
BLACK
6
CONTINUOUS
10
8.8799212992125991
20
-8.2854290944881885
11
8.8780010629921264
21
-8.2825552755905516
0
LINE
8
BLACK
6
CONTINUOUS
10
8.8780010629921264
20
-8.2825552755905516
11
8.8773267716535429
21
-8.2791653543307078
0
LINE
8
BLACK
6
CONTINUOUS
10
8.8773267716535429
20
-8.2791653543307078
11
8.8773267716535429
21
-8.249637795275591
0
LINE
8
BLACK
6
CONTINUOUS
10
8.8773267716535429
20
-8.249637795275591
11
8.8780010629921264
21
-8.2462478740157472
0
LINE
8
BLACK
6
CONTINUOUS
10
8.8780010629921264
20
-8.2462478740157472
11
8.8799212992125991
21
-8.2433740551181103
0
LINE
8
BLACK
6
CONTINUOUS
10
8.8799212992125991
20
-8.2433740551181103
11
8.882795118110236
21
-8.2414538188976376
0
LINE
8
BLACK
6
CONTINUOUS
10
8.882795118110236
20
-8.2414538188976376
11
8.8861850393700781
21
-8.2407795275590541
0
LINE
8
BLACK
6
CONTINUOUS
10
8.8861850393700781
20
-8.2407795275590541
11
8.9039015748031503
21
-8.2407795275590541
0
LINE
8
BLACK
6
CONTINUOUS
10
8.9039015748031503
20
-8.2407795275590541
11
8.9072914960629923
21
-8.2414538188976376
0
LINE
8
BLACK
6
CONTINUOUS
10
7.7143781102362201
20
-8.2099577559055117
11
7.7172519291338579
21
-8.2118779921259843
0
LINE
8
BLACK
6
CONTINUOUS
10
7.7172519291338579
20
-8.2118779921259843
11
7.7191721653543306
21
-8.2147518110236213
0
LINE
8
BLACK
6
CONTINUOUS
10
7.7191721653543306
20
-8.2147518110236213
11
7.7198464566929133
21
-8.2181417322834651
0
LINE
8
BLACK
6
CONTINUOUS
10
7.7198464566929133
20
-8.2181417322834651
11
7.7198464566929133
21
-8.2476692913385818
0
LINE
8
BLACK
6
CONTINUOUS
10
7.7198464566929133
20
-8.2476692913385818
11
7.7191721653543306
21
-8.2510592125984257
0
LINE
8
BLACK
6
CONTINUOUS
10
7.7191721653543306
20
-8.2510592125984257
11
7.7172519291338579
21
-8.2539330314960626
0
LINE
8
BLACK
6
CONTINUOUS
10
7.7172519291338579
20
-8.2539330314960626
11
7.7143781102362201
21
-8.2558532677165353
0
LINE
8
BLACK
6
CONTINUOUS
10
7.7143781102362201
20
-8.2558532677165353
11
7.7109881889763781
21
-8.256527559055117
0
LINE
8
BLACK
6
CONTINUOUS
10
7.7109881889763781
20
-8.256527559055117
11
7.6932716535433068
21
-8.256527559055117
0
LINE
8
BLACK
6
CONTINUOUS
10
7.6932716535433068
20
-8.256527559055117
11
7.6898817322834647
21
-8.2558532677165353
0
LINE
8
BLACK
6
CONTINUOUS
10
7.6898817322834647
20
-8.2558532677165353
11
7.6870079133858269
21
-8.2539330314960626
0
LINE
8
BLACK
6
CONTINUOUS
10
7.6870079133858269
20
-8.2539330314960626
11
7.6850876771653542
21
-8.2510592125984257
0
LINE
8
BLACK
6
CONTINUOUS
10
7.6850876771653542
20
-8.2510592125984257
11
7.6844133858267716
21
-8.2476692913385818
0
LINE
8
BLACK
6
CONTINUOUS
10
7.6844133858267716
20
-8.2476692913385818
11
7.6844133858267716
21
-8.2388110236220466
0
LINE
8
BLACK
6
CONTINUOUS
10
7.6844133858267716
20
-8.2388110236220466
11
7.5976023622047242
21
-8.2388110236220466
0
LINE
8
BLACK
6
CONTINUOUS
10
7.5976023622047242
20
-8.2388110236220466
11
7.5969243700787397
21
-8.2386761811023614
0
LINE
8
BLACK
6
CONTINUOUS
10
7.5969243700787397
20
-8.2386761811023614
11
7.5963496062992126
21
-8.2382921259842519
0
LINE
8
BLACK
6
CONTINUOUS
10
7.5963496062992126
20
-8.2382921259842519
11
7.5959655511811022
21
-8.2377173622047248
0
LINE
8
BLACK
6
CONTINUOUS
10
7.5959655511811022
20
-8.2377173622047248
11
7.595830708661417
21
-8.2370393700787403
0
LINE
8
BLACK
6
CONTINUOUS
10
7.595830708661417
20
-8.2370393700787403
11
7.595830708661417
21
-8.2287716535433066
0
LINE
8
BLACK
6
CONTINUOUS
10
7.595830708661417
20
-8.2287716535433066
11
7.5959655511811022
21
-8.2280936614173221
0
LINE
8
BLACK
6
CONTINUOUS
10
7.5959655511811022
20
-8.2280936614173221
11
7.5963496062992126
21
-8.2275188976377951
0
LINE
8
BLACK
6
CONTINUOUS
10
7.5963496062992126
20
-8.2275188976377951
11
7.5969243700787397
21
-8.2271348425196855
0
LINE
8
BLACK
6
CONTINUOUS
10
7.5969243700787397
20
-8.2271348425196855
11
7.5976023622047242
21
-8.2270000000000003
0
LINE
8
BLACK
6
CONTINUOUS
10
7.5976023622047242
20
-8.2270000000000003
11
7.6844133858267716
21
-8.2270000000000003
0
LINE
8
BLACK
6
CONTINUOUS
10
7.6844133858267716
20
-8.2270000000000003
11
7.6844133858267716
21
-8.2181417322834651
0
LINE
8
BLACK
6
CONTINUOUS
10
7.6844133858267716
20
-8.2181417322834651
11
7.6850876771653542
21
-8.2147518110236213
0
LINE
8
BLACK
6
CONTINUOUS
10
7.6850876771653542
20
-8.2147518110236213
11
7.6870079133858269
21
-8.2118779921259843
0
LINE
8
BLACK
6
CONTINUOUS
10
7.6870079133858269
20
-8.2118779921259843
11
7.6898817322834647
21
-8.2099577559055117
0
LINE
8
BLACK
6
CONTINUOUS
10
7.6898817322834647
20
-8.2099577559055117
11
7.6932716535433068
21
-8.2092834645669281
0
LINE
8
BLACK
6
CONTINUOUS
10
7.6932716535433068
20
-8.2092834645669281
11
7.7109881889763781
21
-8.2092834645669281
0
LINE
8
BLACK
6
CONTINUOUS
10
7.7109881889763781
20
-8.2092834645669281
11
7.7143781102362201
21
-8.2099577559055117
0
LINE
8
BLACK
6
CONTINUOUS
10
7.8442993700787396
20
-8.2099577559055117
11
7.8471731889763774
21
-8.2118779921259843
0
LINE
8
BLACK
6
CONTINUOUS
10
7.8471731889763774
20
-8.2118779921259843
11
7.84909342519685
21
-8.2147518110236213
0
LINE
8
BLACK
6
CONTINUOUS
10
7.84909342519685
20
-8.2147518110236213
11
7.8497677165354327
21
-8.2181417322834651
0
LINE
8
BLACK
6
CONTINUOUS
10
7.8497677165354327
20
-8.2181417322834651
11
7.8497677165354327
21
-8.2270000000000003
0
LINE
8
BLACK
6
CONTINUOUS
10
7.8497677165354327
20
-8.2270000000000003
11
7.9316574803149607
21
-8.2270000000000003
0
LINE
8
BLACK
6
CONTINUOUS
10
7.9316574803149607
20
-8.2270000000000003
11
7.9323354724409443
21
-8.2271348425196855
0
LINE
8
BLACK
6
CONTINUOUS
10
7.9323354724409443
20
-8.2271348425196855
11
7.9329102362204722
21
-8.2275188976377951
0
LINE
8
BLACK
6
CONTINUOUS
10
7.9329102362204722
20
-8.2275188976377951
11
7.9332942913385827
21
-8.2280936614173221
0
LINE
8
BLACK
6
CONTINUOUS
10
7.9332942913385827
20
-8.2280936614173221
11
7.9334291338582679
21
-8.2287716535433066
0
LINE
8
BLACK
6
CONTINUOUS
10
7.9334291338582679
20
-8.2287716535433066
11
7.9334291338582679
21
-8.2370393700787403
0
LINE
8
BLACK
6
CONTINUOUS
10
7.9334291338582679
20
-8.2370393700787403
11
7.9332942913385827
21
-8.2377173622047248
0
LINE
8
BLACK
6
CONTINUOUS
10
7.9332942913385827
20
-8.2377173622047248
11
7.9329102362204722
21
-8.2382921259842519
0
LINE
8
BLACK
6
CONTINUOUS
10
7.9329102362204722
20
-8.2382921259842519
11
7.9323354724409443
21
-8.2386761811023614
0
LINE
8
BLACK
6
CONTINUOUS
10
7.9323354724409443
20
-8.2386761811023614
11
7.9316574803149607
21
-8.2388110236220466
0
LINE
8
BLACK
6
CONTINUOUS
10
7.9316574803149607
20
-8.2388110236220466
11
7.8497677165354327
21
-8.2388110236220466
0
LINE
8
BLACK
6
CONTINUOUS
10
7.8497677165354327
20
-8.2388110236220466
11
7.8497677165354327
21
-8.2476692913385818
0
LINE
8
BLACK
6
CONTINUOUS
10
7.8497677165354327
20
-8.2476692913385818
11
7.84909342519685
21
-8.2510592125984257
0
LINE
8
BLACK
6
CONTINUOUS
10
7.84909342519685
20
-8.2510592125984257
11
7.8471731889763774
21
-8.2539330314960626
0
LINE
8
BLACK
6
CONTINUOUS
10
7.8471731889763774
20
-8.2539330314960626
11
7.8442993700787396
21
-8.2558532677165353
0
LINE
8
BLACK
6
CONTINUOUS
10
7.8442993700787396
20
-8.2558532677165353
11
7.8409094488188975
21
-8.256527559055117
0
LINE
8
BLACK
6
CONTINUOUS
10
7.8409094488188975
20
-8.256527559055117
11
7.8231929133858262
21
-8.256527559055117
0
LINE
8
BLACK
6
CONTINUOUS
10
7.8231929133858262
20
-8.256527559055117
11
7.8198029921259842
21
-8.2558532677165353
0
LINE
8
BLACK
6
CONTINUOUS
10
7.8198029921259842
20
-8.2558532677165353
11
7.8169291732283464
21
-8.2539330314960626
0
LINE
8
BLACK
6
CONTINUOUS
10
7.8169291732283464
20
-8.2539330314960626
11
7.8150089370078737
21
-8.2510592125984257
0
LINE
8
BLACK
6
CONTINUOUS
10
7.8150089370078737
20
-8.2510592125984257
11
7.814334645669291
21
-8.2476692913385818
0
LINE
8
BLACK
6
CONTINUOUS
10
7.814334645669291
20
-8.2476692913385818
11
7.814334645669291
21
-8.2181417322834651
0
LINE
8
BLACK
6
CONTINUOUS
10
7.814334645669291
20
-8.2181417322834651
11
7.8150089370078737
21
-8.2147518110236213
0
LINE
8
BLACK
6
CONTINUOUS
10
7.8150089370078737
20
-8.2147518110236213
11
7.8169291732283464
21
-8.2118779921259843
0
LINE
8
BLACK
6
CONTINUOUS
10
7.8169291732283464
20
-8.2118779921259843
11
7.8198029921259842
21
-8.2099577559055117
0
LINE
8
BLACK
6
CONTINUOUS
10
7.8198029921259842
20
-8.2099577559055117
11
7.8231929133858262
21
-8.2092834645669281
0
LINE
8
BLACK
6
CONTINUOUS
10
7.8231929133858262
20
-8.2092834645669281
11
7.8409094488188975
21
-8.2092834645669281
0
LINE
8
BLACK
6
CONTINUOUS
10
7.8409094488188975
20
-8.2092834645669281
11
7.8442993700787396
21
-8.2099577559055117
0
LINE
8
BLACK
6
CONTINUOUS
10
11.2878203543307087
20
-8.2256308661417314
11
11.2903748425196842
21
-8.227337755905511
0
LINE
8
BLACK
6
CONTINUOUS
10
11.2903748425196842
20
-8.227337755905511
11
11.2920817322834637
21
-8.2298922440944882
0
LINE
8
BLACK
6
CONTINUOUS
10
11.2920817322834637
20
-8.2298922440944882
11
11.292681102362204
21
-8.2329055118110226
0
LINE
8
BLACK
6
CONTINUOUS
10
11.292681102362204
20
-8.2329055118110226
11
11.292681102362204
21
-8.2486535433070856
0
LINE
8
BLACK
6
CONTINUOUS
10
11.292681102362204
20
-8.2486535433070856
11
11.2920817322834637
21
-8.2516668110236218
0
LINE
8
BLACK
6
CONTINUOUS
10
11.2920817322834637
20
-8.2516668110236218
11
11.2903748425196842
21
-8.254221299212599
0
LINE
8
BLACK
6
CONTINUOUS
10
11.2903748425196842
20
-8.254221299212599
11
11.2878203543307087
21
-8.2559281889763785
0
LINE
8
BLACK
6
CONTINUOUS
10
11.2878203543307087
20
-8.2559281889763785
11
11.2848070866141725
21
-8.256527559055117
0
LINE
8
BLACK
6
CONTINUOUS
10
11.2848070866141725
20
-8.256527559055117
11
11.2651220472440947
21
-8.256527559055117
0
LINE
8
BLACK
6
CONTINUOUS
10
11.2651220472440947
20
-8.256527559055117
11
11.2621087795275585
21
-8.2559281889763785
0
LINE
8
BLACK
6
CONTINUOUS
10
11.2621087795275585
20
-8.2559281889763785
11
11.2595542913385831
21
-8.254221299212599
0
LINE
8
BLACK
6
CONTINUOUS
10
11.2595542913385831
20
-8.254221299212599
11
11.2578474015748036
21
-8.2516668110236218
0
LINE
8
BLACK
6
CONTINUOUS
10
11.2578474015748036
20
-8.2516668110236218
11
11.2572480314960632
21
-8.2486535433070856
0
LINE
8
BLACK
6
CONTINUOUS
10
11.2572480314960632
20
-8.2486535433070856
11
11.2572480314960632
21
-8.2329055118110226
0
LINE
8
BLACK
6
CONTINUOUS
10
11.2572480314960632
20
-8.2329055118110226
11
11.2578474015748036
21
-8.2298922440944882
0
LINE
8
BLACK
6
CONTINUOUS
10
11.2578474015748036
20
-8.2298922440944882
11
11.2595542913385831
21
-8.227337755905511
0
LINE
8
BLACK
6
CONTINUOUS
10
11.2595542913385831
20
-8.227337755905511
11
11.2621087795275585
21
-8.2256308661417314
0
LINE
8
BLACK
6
CONTINUOUS
10
11.2621087795275585
20
-8.2256308661417314
11
11.2651220472440947
21
-8.2250314960629911
0
LINE
8
BLACK
6
CONTINUOUS
10
11.2651220472440947
20
-8.2250314960629911
11
11.2848070866141725
21
-8.2250314960629911
0
LINE
8
BLACK
6
CONTINUOUS
10
11.2848070866141725
20
-8.2250314960629911
11
11.2878203543307087
21
-8.2256308661417314
0
LINE
8
BLACK
6
CONTINUOUS
10
11.2029437401574796
20
-8.2021586614173234
11
11.2061368897637799
21
-8.2042922440944874
0
LINE
8
BLACK
6
CONTINUOUS
10
11.2061368897637799
20
-8.2042922440944874
11
11.2082704724409439
21
-8.2074853937007877
0
LINE
8
BLACK
6
CONTINUOUS
10
11.2082704724409439
20
-8.2074853937007877
11
11.2090196850393706
21
-8.2112519685039373
0
LINE
8
BLACK
6
CONTINUOUS
10
11.2090196850393706
20
-8.2112519685039373
11
11.2090196850393706
21
-8.2309370078740152
0
LINE
8
BLACK
6
CONTINUOUS
10
11.2090196850393706
20
-8.2309370078740152
11
11.2082704724409439
21
-8.2347035826771648
0
LINE
8
BLACK
6
CONTINUOUS
10
11.2082704724409439
20
-8.2347035826771648
11
11.2061368897637799
21
-8.2378967322834651
0
LINE
8
BLACK
6
CONTINUOUS
10
11.2061368897637799
20
-8.2378967322834651
11
11.2029437401574796
21
-8.2400303149606291
0
LINE
8
BLACK
6
CONTINUOUS
10
11.2029437401574796
20
-8.2400303149606291
11
11.1991771653543299
21
-8.2407795275590541
0
LINE
8
BLACK
6
CONTINUOUS
10
11.1991771653543299
20
-8.2407795275590541
11
11.1617755905511817
21
-8.2407795275590541
0
LINE
8
BLACK
6
CONTINUOUS
10
11.1617755905511817
20
-8.2407795275590541
11
11.1580090157480321
21
-8.2400303149606291
0
LINE
8
BLACK
6
CONTINUOUS
10
11.1580090157480321
20
-8.2400303149606291
11
11.1548158661417318
21
-8.2378967322834651
0
LINE
8
BLACK
6
CONTINUOUS
10
11.1548158661417318
20
-8.2378967322834651
11
11.152682283464566
21
-8.2347035826771648
0
LINE
8
BLACK
6
CONTINUOUS
10
11.152682283464566
20
-8.2347035826771648
11
11.1519330708661411
21
-8.2309370078740152
0
LINE
8
BLACK
6
CONTINUOUS
10
11.1519330708661411
20
-8.2309370078740152
11
11.1519330708661411
21
-8.2112519685039373
0
LINE
8
BLACK
6
CONTINUOUS
10
11.1519330708661411
20
-8.2112519685039373
11
11.152682283464566
21
-8.2074853937007877
0
LINE
8
BLACK
6
CONTINUOUS
10
11.152682283464566
20
-8.2074853937007877
11
11.1548158661417318
21
-8.2042922440944874
0
LINE
8
BLACK
6
CONTINUOUS
10
11.1548158661417318
20
-8.2042922440944874
11
11.1580090157480321
21
-8.2021586614173234
0
LINE
8
BLACK
6
CONTINUOUS
10
11.1580090157480321
20
-8.2021586614173234
11
11.1617755905511817
21
-8.2014094488188967
0
LINE
8
BLACK
6
CONTINUOUS
10
11.1617755905511817
20
-8.2014094488188967
11
11.1991771653543299
21
-8.2014094488188967
0
LINE
8
BLACK
6
CONTINUOUS
10
11.1991771653543299
20
-8.2014094488188967
11
11.2029437401574796
21
-8.2021586614173234
0
LINE
8
BLACK
6
CONTINUOUS
10
7.1392803149606294
20
-8.1118406692913378
11
7.0886670866141728
21
-8.1721591338582673
0
LINE
8
BLACK
6
CONTINUOUS
10
7.0886670866141728
20
-8.1721591338582673
11
7.019300866141732
21
-8.1139539763779531
0
LINE
8
BLACK
6
CONTINUOUS
10
7.019300866141732
20
-8.1139539763779531
11
7.0699140944881886
21
-8.0536355118110237
0
LINE
8
BLACK
6
CONTINUOUS
10
7.0699140944881886
20
-8.0536355118110237
11
7.1392803149606294
21
-8.1118406692913378
0
LINE
8
BLACK
6
CONTINUOUS
10
9.6060125984251972
20
-8.0702481102362196
11
9.5366463779527564
21
-8.1284532677165355
0
LINE
8
BLACK
6
CONTINUOUS
10
9.5366463779527564
20
-8.1284532677165355
11
9.4860331496062997
21
-8.0681348031496061
0
LINE
8
BLACK
6
CONTINUOUS
10
9.4860331496062997
20
-8.0681348031496061
11
9.5553993700787405
21
-8.0099296456692919
0
LINE
8
BLACK
6
CONTINUOUS
10
9.5553993700787405
20
-8.0099296456692919
11
9.6060125984251972
21
-8.0702481102362196
0
LINE
8
BLACK
6
CONTINUOUS
10
9.9872994881889756
20
-7.971397755905512
11
9.9022092125984251
21
-8.0023681102362207
0
LINE
8
BLACK
6
CONTINUOUS
10
9.9022092125984251
20
-8.0023681102362207
11
9.8752784645669287
21
-7.9283765748031492
0
LINE
8
BLACK
6
CONTINUOUS
10
9.8752784645669287
20
-7.9283765748031492
11
9.960368740157481
21
-7.8974062204724405
0
LINE
8
BLACK
6
CONTINUOUS
10
9.960368740157481
20
-7.8974062204724405
11
9.9872994881889756
21
-7.971397755905512
0
LINE
8
BLACK
6
CONTINUOUS
10
9.511622204724409
20
-7.8556270472440941
11
9.5144960236220477
21
-7.8575472834645668
0
LINE
8
BLACK
6
CONTINUOUS
10
9.5144960236220477
20
-7.8575472834645668
11
9.5164162598425186
21
-7.8604211023622046
0
LINE
8
BLACK
6
CONTINUOUS
10
9.5164162598425186
20
-7.8604211023622046
11
9.5170905511811021
21
-7.8638110236220466
0
LINE
8
BLACK
6
CONTINUOUS
10
9.5170905511811021
20
-7.8638110236220466
11
9.5170905511811021
21
-7.8933385826771651
0
LINE
8
BLACK
6
CONTINUOUS
10
9.5170905511811021
20
-7.8933385826771651
11
9.5164162598425186
21
-7.8967285039370081
0
LINE
8
BLACK
6
CONTINUOUS
10
9.5164162598425186
20
-7.8967285039370081
11
9.5144960236220477
21
-7.8996023228346459
0
LINE
8
BLACK
6
CONTINUOUS
10
9.5144960236220477
20
-7.8996023228346459
11
9.511622204724409
21
-7.9015225590551177
0
LINE
8
BLACK
6
CONTINUOUS
10
9.511622204724409
20
-7.9015225590551177
11
9.5082322834645669
21
-7.9021968503937003
0
LINE
8
BLACK
6
CONTINUOUS
10
9.5082322834645669
20
-7.9021968503937003
11
9.4905157480314966
21
-7.9021968503937003
0
LINE
8
BLACK
6
CONTINUOUS
10
9.4905157480314966
20
-7.9021968503937003
11
9.4871258267716527
21
-7.9015225590551177
0
LINE
8
BLACK
6
CONTINUOUS
10
9.4871258267716527
20
-7.9015225590551177
11
9.4842520078740158
21
-7.8996023228346459
0
LINE
8
BLACK
6
CONTINUOUS
10
9.4842520078740158
20
-7.8996023228346459
11
9.4823317716535431
21
-7.8967285039370081
0
LINE
8
BLACK
6
CONTINUOUS
10
9.4823317716535431
20
-7.8967285039370081
11
9.4816574803149596
21
-7.8933385826771651
0
LINE
8
BLACK
6
CONTINUOUS
10
9.4816574803149596
20
-7.8933385826771651
11
9.4816574803149596
21
-7.88448031496063
0
LINE
8
BLACK
6
CONTINUOUS
10
9.4816574803149596
20
-7.88448031496063
11
9.394846456692914
21
-7.88448031496063
0
LINE
8
BLACK
6
CONTINUOUS
10
9.394846456692914
20
-7.88448031496063
11
9.3941684645669294
21
-7.8843454724409447
0
LINE
8
BLACK
6
CONTINUOUS
10
9.3941684645669294
20
-7.8843454724409447
11
9.3935937007874006
21
-7.8839614173228343
0
LINE
8
BLACK
6
CONTINUOUS
10
9.3935937007874006
20
-7.8839614173228343
11
9.3932096456692911
21
-7.8833866535433073
0
LINE
8
BLACK
6
CONTINUOUS
10
9.3932096456692911
20
-7.8833866535433073
11
9.3930748031496059
21
-7.8827086614173227
0
LINE
8
BLACK
6
CONTINUOUS
10
9.3930748031496059
20
-7.8827086614173227
11
9.3930748031496059
21
-7.8744409448818899
0
LINE
8
BLACK
6
CONTINUOUS
10
9.3930748031496059
20
-7.8744409448818899
11
9.3932096456692911
21
-7.8737629527559054
0
LINE
8
BLACK
6
CONTINUOUS
10
9.3932096456692911
20
-7.8737629527559054
11
9.3935937007874006
21
-7.8731881889763775
0
LINE
8
BLACK
6
CONTINUOUS
10
9.3935937007874006
20
-7.8731881889763775
11
9.3941684645669294
21
-7.8728041338582679
0
LINE
8
BLACK
6
CONTINUOUS
10
9.3941684645669294
20
-7.8728041338582679
11
9.394846456692914
21
-7.8726692913385827
0
LINE
8
BLACK
6
CONTINUOUS
10
9.394846456692914
20
-7.8726692913385827
11
9.4816574803149596
21
-7.8726692913385827
0
LINE
8
BLACK
6
CONTINUOUS
10
9.4816574803149596
20
-7.8726692913385827
11
9.4816574803149596
21
-7.8638110236220466
0
LINE
8
BLACK
6
CONTINUOUS
10
9.4816574803149596
20
-7.8638110236220466
11
9.4823317716535431
21
-7.8604211023622046
0
LINE
8
BLACK
6
CONTINUOUS
10
9.4823317716535431
20
-7.8604211023622046
11
9.4842520078740158
21
-7.8575472834645668
0
LINE
8
BLACK
6
CONTINUOUS
10
9.4842520078740158
20
-7.8575472834645668
11
9.4871258267716527
21
-7.8556270472440941
0
LINE
8
BLACK
6
CONTINUOUS
10
9.4871258267716527
20
-7.8556270472440941
11
9.4905157480314966
21
-7.8549527559055115
0
LINE
8
BLACK
6
CONTINUOUS
10
9.4905157480314966
20
-7.8549527559055115
11
9.5082322834645669
21
-7.8549527559055115
0
LINE
8
BLACK
6
CONTINUOUS
10
9.5082322834645669
20
-7.8549527559055115
11
9.511622204724409
21
-7.8556270472440941
0
LINE
8
BLACK
6
CONTINUOUS
10
9.6415434645669293
20
-7.8556270472440941
11
9.6444172834645663
21
-7.8575472834645668
0
LINE
8
BLACK
6
CONTINUOUS
10
9.6444172834645663
20
-7.8575472834645668
11
9.6463375196850389
21
-7.8604211023622046
0
LINE
8
BLACK
6
CONTINUOUS
10
9.6463375196850389
20
-7.8604211023622046
11
9.6470118110236225
21
-7.8638110236220466
0
LINE
8
BLACK
6
CONTINUOUS
10
9.6470118110236225
20
-7.8638110236220466
11
9.6470118110236225
21
-7.8726692913385827
0
LINE
8
BLACK
6
CONTINUOUS
10
9.6470118110236225
20
-7.8726692913385827
11
9.7289015748031495
21
-7.8726692913385827
0
LINE
8
BLACK
6
CONTINUOUS
10
9.7289015748031495
20
-7.8726692913385827
11
9.7295795669291341
21
-7.8728041338582679
0
LINE
8
BLACK
6
CONTINUOUS
10
9.7295795669291341
20
-7.8728041338582679
11
9.7301543307086611
21
-7.8731881889763775
0
LINE
8
BLACK
6
CONTINUOUS
10
9.7301543307086611
20
-7.8731881889763775
11
9.7305383858267707
21
-7.8737629527559054
0
LINE
8
BLACK
6
CONTINUOUS
10
9.7305383858267707
20
-7.8737629527559054
11
9.7306732283464559
21
-7.8744409448818899
0
LINE
8
BLACK
6
CONTINUOUS
10
9.7306732283464559
20
-7.8744409448818899
11
9.7306732283464559
21
-7.8827086614173227
0
LINE
8
BLACK
6
CONTINUOUS
10
9.7306732283464559
20
-7.8827086614173227
11
9.7305383858267707
21
-7.8833866535433073
0
LINE
8
BLACK
6
CONTINUOUS
10
9.7305383858267707
20
-7.8833866535433073
11
9.7301543307086611
21
-7.8839614173228343
0
LINE
8
BLACK
6
CONTINUOUS
10
9.7301543307086611
20
-7.8839614173228343
11
9.7295795669291341
21
-7.8843454724409447
0
LINE
8
BLACK
6
CONTINUOUS
10
9.7295795669291341
20
-7.8843454724409447
11
9.7289015748031495
21
-7.88448031496063
0
LINE
8
BLACK
6
CONTINUOUS
10
9.7289015748031495
20
-7.88448031496063
11
9.6470118110236225
21
-7.88448031496063
0
LINE
8
BLACK
6
CONTINUOUS
10
9.6470118110236225
20
-7.88448031496063
11
9.6470118110236225
21
-7.8933385826771651
0
LINE
8
BLACK
6
CONTINUOUS
10
9.6470118110236225
20
-7.8933385826771651
11
9.6463375196850389
21
-7.8967285039370081
0
LINE
8
BLACK
6
CONTINUOUS
10
9.6463375196850389
20
-7.8967285039370081
11
9.6444172834645663
21
-7.8996023228346459
0
LINE
8
BLACK
6
CONTINUOUS
10
9.6444172834645663
20
-7.8996023228346459
11
9.6415434645669293
21
-7.9015225590551177
0
LINE
8
BLACK
6
CONTINUOUS
10
9.6415434645669293
20
-7.9015225590551177
11
9.6381535433070855
21
-7.9021968503937003
0
LINE
8
BLACK
6
CONTINUOUS
10
9.6381535433070855
20
-7.9021968503937003
11
9.6204370078740151
21
-7.9021968503937003
0
LINE
8
BLACK
6
CONTINUOUS
10
9.6204370078740151
20
-7.9021968503937003
11
9.6170470866141731
21
-7.9015225590551177
0
LINE
8
BLACK
6
CONTINUOUS
10
9.6170470866141731
20
-7.9015225590551177
11
9.6141732677165344
21
-7.8996023228346459
0
LINE
8
BLACK
6
CONTINUOUS
10
9.6141732677165344
20
-7.8996023228346459
11
9.6122530314960635
21
-7.8967285039370081
0
LINE
8
BLACK
6
CONTINUOUS
10
9.6122530314960635
20
-7.8967285039370081
11
9.6115787401574799
21
-7.8933385826771651
0
LINE
8
BLACK
6
CONTINUOUS
10
9.6115787401574799
20
-7.8933385826771651
11
9.6115787401574799
21
-7.8638110236220466
0
LINE
8
BLACK
6
CONTINUOUS
10
9.6115787401574799
20
-7.8638110236220466
11
9.6122530314960635
21
-7.8604211023622046
0
LINE
8
BLACK
6
CONTINUOUS
10
9.6122530314960635
20
-7.8604211023622046
11
9.6141732677165344
21
-7.8575472834645668
0
LINE
8
BLACK
6
CONTINUOUS
10
9.6141732677165344
20
-7.8575472834645668
11
9.6170470866141731
21
-7.8556270472440941
0
LINE
8
BLACK
6
CONTINUOUS
10
9.6170470866141731
20
-7.8556270472440941
11
9.6204370078740151
21
-7.8549527559055115
0
LINE
8
BLACK
6
CONTINUOUS
10
9.6204370078740151
20
-7.8549527559055115
11
9.6381535433070855
21
-7.8549527559055115
0
LINE
8
BLACK
6
CONTINUOUS
10
9.6381535433070855
20
-7.8549527559055115
11
9.6415434645669293
21
-7.8556270472440941
0
LINE
8
BLACK
6
CONTINUOUS
10
6.8396322047244089
20
-7.8169023622047247
11
6.8127014566929134
21
-7.8908938976377954
0
LINE
8
BLACK
6
CONTINUOUS
10
6.8127014566929134
20
-7.8908938976377954
11
6.727611181102362
21
-7.8599235433070866
0
LINE
8
BLACK
6
CONTINUOUS
10
6.727611181102362
20
-7.8599235433070866
11
6.7545419291338584
21
-7.785932007874016
0
LINE
8
BLACK
6
CONTINUOUS
10
6.7545419291338584
20
-7.785932007874016
11
6.8396322047244089
21
-7.8169023622047247
0
LINE
8
BLACK
6
CONTINUOUS
10
6.3355838976377949
20
-7.7398615354330706
11
6.3086531496062994
21
-7.8138530708661413
0
LINE
8
BLACK
6
CONTINUOUS
10
6.3086531496062994
20
-7.8138530708661413
11
6.223562874015748
21
-7.7828827165354326
0
LINE
8
BLACK
6
CONTINUOUS
10
6.223562874015748
20
-7.7828827165354326
11
6.2504936220472436
21
-7.7088911811023619
0
LINE
8
BLACK
6
CONTINUOUS
10
6.2504936220472436
20
-7.7088911811023619
11
6.3355838976377949
21
-7.7398615354330706
0
LINE
8
BLACK
6
CONTINUOUS
10
10.7447562992125984
20
-7.7260568897637789
11
10.6555807874015738
21
-7.7417809448818895
0
LINE
8
BLACK
6
CONTINUOUS
10
10.6555807874015738
20
-7.7417809448818895
11
10.6419077165354334
21
-7.6642370472440939
0
LINE
8
BLACK
6
CONTINUOUS
10
10.6419077165354334
20
-7.6642370472440939
11
10.7310832283464563
21
-7.6485129921259842
0
LINE
8
BLACK
6
CONTINUOUS
10
10.7310832283464563
20
-7.6485129921259842
11
10.7447562992125984
21
-7.7260568897637789
0
LINE
8
BLACK
6
CONTINUOUS
10
10.422943779527559
20
-7.7064184251968504
11
10.3378535039370085
21
-7.7373887795275591
0
LINE
8
BLACK
6
CONTINUOUS
10
10.3378535039370085
20
-7.7373887795275591
11
10.3109227559055121
21
-7.6633972440944884
0
LINE
8
BLACK
6
CONTINUOUS
10
10.3109227559055121
20
-7.6633972440944884
11
10.3960130314960626
21
-7.6324268897637797
0
LINE
8
BLACK
6
CONTINUOUS
10
10.3960130314960626
20
-7.6324268897637797
11
10.422943779527559
21
-7.7064184251968504
0
LINE
8
BLACK
6
CONTINUOUS
10
4.6184370078740153
20
-7.6640629921259844
11
4.5278858267716533
21
-7.6640629921259844
0
LINE
8
BLACK
6
CONTINUOUS
10
4.5278858267716533
20
-7.6640629921259844
11
4.5278858267716533
21
-7.5853228346456687
0
LINE
8
BLACK
6
CONTINUOUS
10
4.5278858267716533
20
-7.5853228346456687
11
4.6184370078740153
21
-7.5853228346456687
0
LINE
8
BLACK
6
CONTINUOUS
10
4.6184370078740153
20
-7.5853228346456687
11
4.6184370078740153
21
-7.6640629921259844
0
LINE
8
BLACK
6
CONTINUOUS
10
11.6497322834645658
20
-7.6640629921259844
11
11.5591811023622046
21
-7.6640629921259844
0
LINE
8
BLACK
6
CONTINUOUS
10
11.5591811023622046
20
-7.6640629921259844
11
11.5591811023622046
21
-7.5853228346456687
0
LINE
8
BLACK
6
CONTINUOUS
10
11.5591811023622046
20
-7.5853228346456687
11
11.6497322834645658
21
-7.5853228346456687
0
LINE
8
BLACK
6
CONTINUOUS
10
11.6497322834645658
20
-7.5853228346456687
11
11.6497322834645658
21
-7.6640629921259844
0
LINE
8
BLACK
6
CONTINUOUS
10
5.5440879921259842
20
-7.5685254724409443
11
5.5304149212598421
21
-7.6460693700787399
0
LINE
8
BLACK
6
CONTINUOUS
10
5.5304149212598421
20
-7.6460693700787399
11
5.4412394094488183
21
-7.6303453149606302
0
LINE
8
BLACK
6
CONTINUOUS
10
5.4412394094488183
20
-7.6303453149606302
11
5.4549124803149605
21
-7.5528014173228346
0
LINE
8
BLACK
6
CONTINUOUS
10
5.4549124803149605
20
-7.5528014173228346
11
5.5440879921259842
21
-7.5685254724409443
0
LINE
8
BLACK
6
CONTINUOUS
10
6.8655592125984253
20
-7.5898790157480311
11
6.8684330314960631
21
-7.5917992519685038
0
LINE
8
BLACK
6
CONTINUOUS
10
6.8684330314960631
20
-7.5917992519685038
11
6.8703532677165349
21
-7.5946730708661416
0
LINE
8
BLACK
6
CONTINUOUS
10
6.8703532677165349
20
-7.5946730708661416
11
6.8710275590551175
21
-7.5980629921259837
0
LINE
8
BLACK
6
CONTINUOUS
10
6.8710275590551175
20
-7.5980629921259837
11
6.8710275590551175
21
-7.6275905511811022
0
LINE
8
BLACK
6
CONTINUOUS
10
6.8710275590551175
20
-7.6275905511811022
11
6.8703532677165349
21
-7.6309804724409451
0
LINE
8
BLACK
6
CONTINUOUS
10
6.8703532677165349
20
-7.6309804724409451
11
6.8684330314960631
21
-7.6338542913385821
0
LINE
8
BLACK
6
CONTINUOUS
10
6.8684330314960631
20
-7.6338542913385821
11
6.8655592125984253
21
-7.6357745275590547
0
LINE
8
BLACK
6
CONTINUOUS
10
6.8655592125984253
20
-7.6357745275590547
11
6.8621692913385823
21
-7.6364488188976374
0
LINE
8
BLACK
6
CONTINUOUS
10
6.8621692913385823
20
-7.6364488188976374
11
6.8444527559055119
21
-7.6364488188976374
0
LINE
8
BLACK
6
CONTINUOUS
10
6.8444527559055119
20
-7.6364488188976374
11
6.841062834645669
21
-7.6357745275590547
0
LINE
8
BLACK
6
CONTINUOUS
10
6.841062834645669
20
-7.6357745275590547
11
6.8381890157480312
21
-7.6338542913385821
0
LINE
8
BLACK
6
CONTINUOUS
10
6.8381890157480312
20
-7.6338542913385821
11
6.8362687795275585
21
-7.6309804724409451
0
LINE
8
BLACK
6
CONTINUOUS
10
6.8362687795275585
20
-7.6309804724409451
11
6.8355944881889759
21
-7.6275905511811022
0
LINE
8
BLACK
6
CONTINUOUS
10
6.8355944881889759
20
-7.6275905511811022
11
6.8355944881889759
21
-7.618732283464567
0
LINE
8
BLACK
6
CONTINUOUS
10
6.8355944881889759
20
-7.618732283464567
11
6.7487834645669293
21
-7.618732283464567
0
LINE
8
BLACK
6
CONTINUOUS
10
6.7487834645669293
20
-7.618732283464567
11
6.7481054724409448
21
-7.6185974409448818
0
LINE
8
BLACK
6
CONTINUOUS
10
6.7481054724409448
20
-7.6185974409448818
11
6.7475307086614169
21
-7.6182133858267713
0
LINE
8
BLACK
6
CONTINUOUS
10
6.7475307086614169
20
-7.6182133858267713
11
6.7471466535433073
21
-7.6176386220472443
0
LINE
8
BLACK
6
CONTINUOUS
10
6.7471466535433073
20
-7.6176386220472443
11
6.7470118110236221
21
-7.6169606299212598
0
LINE
8
BLACK
6
CONTINUOUS
10
6.7470118110236221
20
-7.6169606299212598
11
6.7470118110236221
21
-7.608692913385827
0
LINE
8
BLACK
6
CONTINUOUS
10
6.7470118110236221
20
-7.608692913385827
11
6.7471466535433073
21
-7.6080149212598425
0
LINE
8
BLACK
6
CONTINUOUS
10
6.7471466535433073
20
-7.6080149212598425
11
6.7475307086614169
21
-7.6074401574803145
0
LINE
8
BLACK
6
CONTINUOUS
10
6.7475307086614169
20
-7.6074401574803145
11
6.7481054724409448
21
-7.607056102362205
0
LINE
8
BLACK
6
CONTINUOUS
10
6.7481054724409448
20
-7.607056102362205
11
6.7487834645669293
21
-7.6069212598425198
0
LINE
8
BLACK
6
CONTINUOUS
10
6.7487834645669293
20
-7.6069212598425198
11
6.8355944881889759
21
-7.6069212598425198
0
LINE
8
BLACK
6
CONTINUOUS
10
6.8355944881889759
20
-7.6069212598425198
11
6.8355944881889759
21
-7.5980629921259837
0
LINE
8
BLACK
6
CONTINUOUS
10
6.8355944881889759
20
-7.5980629921259837
11
6.8362687795275585
21
-7.5946730708661416
0
LINE
8
BLACK
6
CONTINUOUS
10
6.8362687795275585
20
-7.5946730708661416
11
6.8381890157480312
21
-7.5917992519685038
0
LINE
8
BLACK
6
CONTINUOUS
10
6.8381890157480312
20
-7.5917992519685038
11
6.841062834645669
21
-7.5898790157480311
0
LINE
8
BLACK
6
CONTINUOUS
10
6.841062834645669
20
-7.5898790157480311
11
6.8444527559055119
21
-7.5892047244094485
0
LINE
8
BLACK
6
CONTINUOUS
10
6.8444527559055119
20
-7.5892047244094485
11
6.8621692913385823
21
-7.5892047244094485
0
LINE
8
BLACK
6
CONTINUOUS
10
6.8621692913385823
20
-7.5892047244094485
11
6.8655592125984253
21
-7.5898790157480311
0
LINE
8
BLACK
6
CONTINUOUS
10
6.9954804724409447
20
-7.5898790157480311
11
6.9983542913385826
21
-7.5917992519685038
0
LINE
8
BLACK
6
CONTINUOUS
10
6.9983542913385826
20
-7.5917992519685038
11
7.0002745275590552
21
-7.5946730708661416
0
LINE
8
BLACK
6
CONTINUOUS
10
7.0002745275590552
20
-7.5946730708661416
11
7.0009488188976379
21
-7.5980629921259837
0
LINE
8
BLACK
6
CONTINUOUS
10
7.0009488188976379
20
-7.5980629921259837
11
7.0009488188976379
21
-7.6069212598425198
0
LINE
8
BLACK
6
CONTINUOUS
10
7.0009488188976379
20
-7.6069212598425198
11
7.0828385826771649
21
-7.6069212598425198
0
LINE
8
BLACK
6
CONTINUOUS
10
7.0828385826771649
20
-7.6069212598425198
11
7.0835165748031494
21
-7.607056102362205
0
LINE
8
BLACK
6
CONTINUOUS
10
7.0835165748031494
20
-7.607056102362205
11
7.0840913385826774
21
-7.6074401574803145
0
LINE
8
BLACK
6
CONTINUOUS
10
7.0840913385826774
20
-7.6074401574803145
11
7.0844753937007869
21
-7.6080149212598425
0
LINE
8
BLACK
6
CONTINUOUS
10
7.0844753937007869
20
-7.6080149212598425
11
7.0846102362204721
21
-7.608692913385827
0
LINE
8
BLACK
6
CONTINUOUS
10
7.0846102362204721
20
-7.608692913385827
11
7.0846102362204721
21
-7.6169606299212598
0
LINE
8
BLACK
6
CONTINUOUS
10
7.0846102362204721
20
-7.6169606299212598
11
7.0844753937007869
21
-7.6176386220472443
0
LINE
8
BLACK
6
CONTINUOUS
10
7.0844753937007869
20
-7.6176386220472443
11
7.0840913385826774
21
-7.6182133858267713
0
LINE
8
BLACK
6
CONTINUOUS
10
7.0840913385826774
20
-7.6182133858267713
11
7.0835165748031494
21
-7.6185974409448818
0
LINE
8
BLACK
6
CONTINUOUS
10
7.0835165748031494
20
-7.6185974409448818
11
7.0828385826771649
21
-7.618732283464567
0
LINE
8
BLACK
6
CONTINUOUS
10
7.0828385826771649
20
-7.618732283464567
11
7.0009488188976379
21
-7.618732283464567
0
LINE
8
BLACK
6
CONTINUOUS
10
7.0009488188976379
20
-7.618732283464567
11
7.0009488188976379
21
-7.6275905511811022
0
LINE
8
BLACK
6
CONTINUOUS
10
7.0009488188976379
20
-7.6275905511811022
11
7.0002745275590552
21
-7.6309804724409451
0
LINE
8
BLACK
6
CONTINUOUS
10
7.0002745275590552
20
-7.6309804724409451
11
6.9983542913385826
21
-7.6338542913385821
0
LINE
8
BLACK
6
CONTINUOUS
10
6.9983542913385826
20
-7.6338542913385821
11
6.9954804724409447
21
-7.6357745275590547
0
LINE
8
BLACK
6
CONTINUOUS
10
6.9954804724409447
20
-7.6357745275590547
11
6.9920905511811018
21
-7.6364488188976374
0
LINE
8
BLACK
6
CONTINUOUS
10
6.9920905511811018
20
-7.6364488188976374
11
6.9743740157480314
21
-7.6364488188976374
0
LINE
8
BLACK
6
CONTINUOUS
10
6.9743740157480314
20
-7.6364488188976374
11
6.9709840944881885
21
-7.6357745275590547
0
LINE
8
BLACK
6
CONTINUOUS
10
6.9709840944881885
20
-7.6357745275590547
11
6.9681102755905506
21
-7.6338542913385821
0
LINE
8
BLACK
6
CONTINUOUS
10
6.9681102755905506
20
-7.6338542913385821
11
6.9661900393700789
21
-7.6309804724409451
0
LINE
8
BLACK
6
CONTINUOUS
10
6.9661900393700789
20
-7.6309804724409451
11
6.9655157480314962
21
-7.6275905511811022
0
LINE
8
BLACK
6
CONTINUOUS
10
6.9655157480314962
20
-7.6275905511811022
11
6.9655157480314962
21
-7.5980629921259837
0
LINE
8
BLACK
6
CONTINUOUS
10
6.9655157480314962
20
-7.5980629921259837
11
6.9661900393700789
21
-7.5946730708661416
0
LINE
8
BLACK
6
CONTINUOUS
10
6.9661900393700789
20
-7.5946730708661416
11
6.9681102755905506
21
-7.5917992519685038
0
LINE
8
BLACK
6
CONTINUOUS
10
6.9681102755905506
20
-7.5917992519685038
11
6.9709840944881885
21
-7.5898790157480311
0
LINE
8
BLACK
6
CONTINUOUS
10
6.9709840944881885
20
-7.5898790157480311
11
6.9743740157480314
21
-7.5892047244094485
0
LINE
8
BLACK
6
CONTINUOUS
10
6.9743740157480314
20
-7.5892047244094485
11
6.9920905511811018
21
-7.5892047244094485
0
LINE
8
BLACK
6
CONTINUOUS
10
6.9920905511811018
20
-7.5892047244094485
11
6.9954804724409447
21
-7.5898790157480311
0
LINE
8
BLACK
6
CONTINUOUS
10
6.0538566929133859
20
-7.5568687795275586
11
6.0401836220472438
21
-7.6344126771653542
0
LINE
8
BLACK
6
CONTINUOUS
10
6.0401836220472438
20
-7.6344126771653542
11
5.95100811023622
21
-7.6186886220472436
0
LINE
8
BLACK
6
CONTINUOUS
10
5.95100811023622
20
-7.6186886220472436
11
5.9646811811023621
21
-7.5411447244094489
0
LINE
8
BLACK
6
CONTINUOUS
10
5.9646811811023621
20
-7.5411447244094489
11
6.0538566929133859
21
-7.5568687795275586
0
LINE
8
BLACK
6
CONTINUOUS
10
9.8757954330708664
20
-7.5426349212598423
11
9.8786692519685033
21
-7.5445551574803149
0
LINE
8
BLACK
6
CONTINUOUS
10
9.8786692519685033
20
-7.5445551574803149
11
9.880589488188976
21
-7.5474289763779527
0
LINE
8
BLACK
6
CONTINUOUS
10
9.880589488188976
20
-7.5474289763779527
11
9.8812637795275595
21
-7.5508188976377948
0
LINE
8
BLACK
6
CONTINUOUS
10
9.8812637795275595
20
-7.5508188976377948
11
9.8812637795275595
21
-7.5803464566929133
0
LINE
8
BLACK
6
CONTINUOUS
10
9.8812637795275595
20
-7.5803464566929133
11
9.880589488188976
21
-7.5837363779527553
0
LINE
8
BLACK
6
CONTINUOUS
10
9.880589488188976
20
-7.5837363779527553
11
9.8786692519685033
21
-7.5866101968503932
0
LINE
8
BLACK
6
CONTINUOUS
10
9.8786692519685033
20
-7.5866101968503932
11
9.8757954330708664
21
-7.5885304330708658
0
LINE
8
BLACK
6
CONTINUOUS
10
9.8757954330708664
20
-7.5885304330708658
11
9.8724055118110225
21
-7.5892047244094485
0
LINE
8
BLACK
6
CONTINUOUS
10
9.8724055118110225
20
-7.5892047244094485
11
9.8546889763779522
21
-7.5892047244094485
0
LINE
8
BLACK
6
CONTINUOUS
10
9.8546889763779522
20
-7.5892047244094485
11
9.8512990551181101
21
-7.5885304330708658
0
LINE
8
BLACK
6
CONTINUOUS
10
9.8512990551181101
20
-7.5885304330708658
11
9.8484252362204714
21
-7.5866101968503932
0
LINE
8
BLACK
6
CONTINUOUS
10
9.8484252362204714
20
-7.5866101968503932
11
9.8465050000000005
21
-7.5837363779527553
0
LINE
8
BLACK
6
CONTINUOUS
10
9.8465050000000005
20
-7.5837363779527553
11
9.845830708661417
21
-7.5803464566929133
0
LINE
8
BLACK
6
CONTINUOUS
10
9.845830708661417
20
-7.5803464566929133
11
9.845830708661417
21
-7.5714881889763781
0
LINE
8
BLACK
6
CONTINUOUS
10
9.845830708661417
20
-7.5714881889763781
11
9.7590196850393696
21
-7.5714881889763781
0
LINE
8
BLACK
6
CONTINUOUS
10
9.7590196850393696
20
-7.5714881889763781
11
9.758341692913385
21
-7.5713533464566929
0
LINE
8
BLACK
6
CONTINUOUS
10
9.758341692913385
20
-7.5713533464566929
11
9.757766929133858
21
-7.5709692913385824
0
LINE
8
BLACK
6
CONTINUOUS
10
9.757766929133858
20
-7.5709692913385824
11
9.7573828740157484
21
-7.5703945275590545
0
LINE
8
BLACK
6
CONTINUOUS
10
9.7573828740157484
20
-7.5703945275590545
11
9.7572480314960632
21
-7.5697165354330709
0
LINE
8
BLACK
6
CONTINUOUS
10
9.7572480314960632
20
-7.5697165354330709
11
9.7572480314960632
21
-7.5614488188976372
0
LINE
8
BLACK
6
CONTINUOUS
10
9.7572480314960632
20
-7.5614488188976372
11
9.7573828740157484
21
-7.5607708267716536
0
LINE
8
BLACK
6
CONTINUOUS
10
9.7573828740157484
20
-7.5607708267716536
11
9.757766929133858
21
-7.5601960629921257
0
LINE
8
BLACK
6
CONTINUOUS
10
9.757766929133858
20
-7.5601960629921257
11
9.758341692913385
21
-7.5598120078740152
0
LINE
8
BLACK
6
CONTINUOUS
10
9.758341692913385
20
-7.5598120078740152
11
9.7590196850393696
21
-7.5596771653543309
0
LINE
8
BLACK
6
CONTINUOUS
10
9.7590196850393696
20
-7.5596771653543309
11
9.845830708661417
21
-7.5596771653543309
0
LINE
8
BLACK
6
CONTINUOUS
10
9.845830708661417
20
-7.5596771653543309
11
9.845830708661417
21
-7.5508188976377948
0
LINE
8
BLACK
6
CONTINUOUS
10
9.845830708661417
20
-7.5508188976377948
11
9.8465050000000005
21
-7.5474289763779527
0
LINE
8
BLACK
6
CONTINUOUS
10
9.8465050000000005
20
-7.5474289763779527
11
9.8484252362204714
21
-7.5445551574803149
0
LINE
8
BLACK
6
CONTINUOUS
10
9.8484252362204714
20
-7.5445551574803149
11
9.8512990551181101
21
-7.5426349212598423
0
LINE
8
BLACK
6
CONTINUOUS
10
9.8512990551181101
20
-7.5426349212598423
11
9.8546889763779522
21
-7.5419606299212596
0
LINE
8
BLACK
6
CONTINUOUS
10
9.8546889763779522
20
-7.5419606299212596
11
9.8724055118110225
21
-7.5419606299212596
0
LINE
8
BLACK
6
CONTINUOUS
10
9.8724055118110225
20
-7.5419606299212596
11
9.8757954330708664
21
-7.5426349212598423
0
LINE
8
BLACK
6
CONTINUOUS
10
10.0057166929133849
20
-7.5426349212598423
11
10.0085905118110237
21
-7.5445551574803149
0
LINE
8
BLACK
6
CONTINUOUS
10
10.0085905118110237
20
-7.5445551574803149
11
10.0105107480314963
21
-7.5474289763779527
0
LINE
8
BLACK
6
CONTINUOUS
10
10.0105107480314963
20
-7.5474289763779527
11
10.0111850393700781
21
-7.5508188976377948
0
LINE
8
BLACK
6
CONTINUOUS
10
10.0111850393700781
20
-7.5508188976377948
11
10.0111850393700781
21
-7.5596771653543309
0
LINE
8
BLACK
6
CONTINUOUS
10
10.0111850393700781
20
-7.5596771653543309
11
10.0930748031496069
21
-7.5596771653543309
0
LINE
8
BLACK
6
CONTINUOUS
10
10.0930748031496069
20
-7.5596771653543309
11
10.0937527952755897
21
-7.5598120078740152
0
LINE
8
BLACK
6
CONTINUOUS
10
10.0937527952755897
20
-7.5598120078740152
11
10.0943275590551185
21
-7.5601960629921257
0
LINE
8
BLACK
6
CONTINUOUS
10
10.0943275590551185
20
-7.5601960629921257
11
10.094711614173228
21
-7.5607708267716536
0
LINE
8
BLACK
6
CONTINUOUS
10
10.094711614173228
20
-7.5607708267716536
11
10.0948464566929133
21
-7.5614488188976372
0
LINE
8
BLACK
6
CONTINUOUS
10
10.0948464566929133
20
-7.5614488188976372
11
10.0948464566929133
21
-7.5697165354330709
0
LINE
8
BLACK
6
CONTINUOUS
10
10.0948464566929133
20
-7.5697165354330709
11
10.094711614173228
21
-7.5703945275590545
0
LINE
8
BLACK
6
CONTINUOUS
10
10.094711614173228
20
-7.5703945275590545
11
10.0943275590551185
21
-7.5709692913385824
0
LINE
8
BLACK
6
CONTINUOUS
10
10.0943275590551185
20
-7.5709692913385824
11
10.0937527952755897
21
-7.5713533464566929
0
LINE
8
BLACK
6
CONTINUOUS
10
10.0937527952755897
20
-7.5713533464566929
11
10.0930748031496069
21
-7.5714881889763781
0
LINE
8
BLACK
6
CONTINUOUS
10
10.0930748031496069
20
-7.5714881889763781
11
10.0111850393700781
21
-7.5714881889763781
0
LINE
8
BLACK
6
CONTINUOUS
10
10.0111850393700781
20
-7.5714881889763781
11
10.0111850393700781
21
-7.5803464566929133
0
LINE
8
BLACK
6
CONTINUOUS
10
10.0111850393700781
20
-7.5803464566929133
11
10.0105107480314963
21
-7.5837363779527553
0
LINE
8
BLACK
6
CONTINUOUS
10
10.0105107480314963
20
-7.5837363779527553
11
10.0085905118110237
21
-7.5866101968503932
0
LINE
8
BLACK
6
CONTINUOUS
10
10.0085905118110237
20
-7.5866101968503932
11
10.0057166929133849
21
-7.5885304330708658
0
LINE
8
BLACK
6
CONTINUOUS
10
10.0057166929133849
20
-7.5885304330708658
11
10.0023267716535429
21
-7.5892047244094485
0
LINE
8
BLACK
6
CONTINUOUS
10
10.0023267716535429
20
-7.5892047244094485
11
9.9846102362204725
21
-7.5892047244094485
0
LINE
8
BLACK
6
CONTINUOUS
10
9.9846102362204725
20
-7.5892047244094485
11
9.9812203149606304
21
-7.5885304330708658
0
LINE
8
BLACK
6
CONTINUOUS
10
9.9812203149606304
20
-7.5885304330708658
11
9.9783464960629917
21
-7.5866101968503932
0
LINE
8
BLACK
6
CONTINUOUS
10
9.9783464960629917
20
-7.5866101968503932
11
9.9764262598425191
21
-7.5837363779527553
0
LINE
8
BLACK
6
CONTINUOUS
10
9.9764262598425191
20
-7.5837363779527553
11
9.9757519685039373
21
-7.5803464566929133
0
LINE
8
BLACK
6
CONTINUOUS
10
9.9757519685039373
20
-7.5803464566929133
11
9.9757519685039373
21
-7.5508188976377948
0
LINE
8
BLACK
6
CONTINUOUS
10
9.9757519685039373
20
-7.5508188976377948
11
9.9764262598425191
21
-7.5474289763779527
0
LINE
8
BLACK
6
CONTINUOUS
10
9.9764262598425191
20
-7.5474289763779527
11
9.9783464960629917
21
-7.5445551574803149
0
LINE
8
BLACK
6
CONTINUOUS
10
9.9783464960629917
20
-7.5445551574803149
11
9.9812203149606304
21
-7.5426349212598423
0
LINE
8
BLACK
6
CONTINUOUS
10
9.9812203149606304
20
-7.5426349212598423
11
9.9846102362204725
21
-7.5419606299212596
0
LINE
8
BLACK
6
CONTINUOUS
10
9.9846102362204725
20
-7.5419606299212596
11
10.0023267716535429
21
-7.5419606299212596
0
LINE
8
BLACK
6
CONTINUOUS
10
10.0023267716535429
20
-7.5419606299212596
11
10.0057166929133849
21
-7.5426349212598423
0
LINE
8
BLACK
6
CONTINUOUS
10
5.1184370078740153
20
-7.5640629921259839
11
5.0278858267716533
21
-7.5640629921259839
0
LINE
8
BLACK
6
CONTINUOUS
10
5.0278858267716533
20
-7.5640629921259839
11
5.0278858267716533
21
-7.4853228346456691
0
LINE
8
BLACK
6
CONTINUOUS
10
5.0278858267716533
20
-7.4853228346456691
11
5.1184370078740153
21
-7.4853228346456691
0
LINE
8
BLACK
6
CONTINUOUS
10
5.1184370078740153
20
-7.4853228346456691
11
5.1184370078740153
21
-7.5640629921259839
0
LINE
8
BLACK
6
CONTINUOUS
10
12.1497322834645658
20
-7.5640629921259839
11
12.0591811023622046
21
-7.5640629921259839
0
LINE
8
BLACK
6
CONTINUOUS
10
12.0591811023622046
20
-7.5640629921259839
11
12.0591811023622046
21
-7.4853228346456691
0
LINE
8
BLACK
6
CONTINUOUS
10
12.0591811023622046
20
-7.4853228346456691
11
12.1497322834645658
21
-7.4853228346456691
0
LINE
8
BLACK
6
CONTINUOUS
10
12.1497322834645658
20
-7.4853228346456691
11
12.1497322834645658
21
-7.5640629921259839
0
LINE
8
BLACK
6
CONTINUOUS
10
11.219795393700787
20
-7.5407520472440943
11
11.1306198818897641
21
-7.5564761023622049
0
LINE
8
BLACK
6
CONTINUOUS
10
11.1306198818897641
20
-7.5564761023622049
11
11.116946811023622
21
-7.4789322047244093
0
LINE
8
BLACK
6
CONTINUOUS
10
11.116946811023622
20
-7.4789322047244093
11
11.2061223228346449
21
-7.4632081496062987
0
LINE
8
BLACK
6
CONTINUOUS
10
11.2061223228346449
20
-7.4632081496062987
11
11.219795393700787
21
-7.5407520472440943
0
LINE
8
BLACK
6
CONTINUOUS
10
10.3832757480314957
20
-7.4658632677165349
11
10.3861495669291344
21
-7.4677835039370075
0
LINE
8
BLACK
6
CONTINUOUS
10
10.3861495669291344
20
-7.4677835039370075
11
10.3880698031496053
21
-7.4706573228346453
0
LINE
8
BLACK
6
CONTINUOUS
10
10.3880698031496053
20
-7.4706573228346453
11
10.3887440944881888
21
-7.4740472440944883
0
LINE
8
BLACK
6
CONTINUOUS
10
10.3887440944881888
20
-7.4740472440944883
11
10.3887440944881888
21
-7.5035748031496059
0
LINE
8
BLACK
6
CONTINUOUS
10
10.3887440944881888
20
-7.5035748031496059
11
10.3880698031496053
21
-7.5069647244094488
0
LINE
8
BLACK
6
CONTINUOUS
10
10.3880698031496053
20
-7.5069647244094488
11
10.3861495669291344
21
-7.5098385433070867
0
LINE
8
BLACK
6
CONTINUOUS
10
10.3861495669291344
20
-7.5098385433070867
11
10.3832757480314957
21
-7.5117587795275593
0
LINE
8
BLACK
6
CONTINUOUS
10
10.3832757480314957
20
-7.5117587795275593
11
10.3798858267716536
21
-7.512433070866142
0
LINE
8
BLACK
6
CONTINUOUS
10
10.3798858267716536
20
-7.512433070866142
11
10.3621692913385832
21
-7.512433070866142
0
LINE
8
BLACK
6
CONTINUOUS
10
10.3621692913385832
20
-7.512433070866142
11
10.3587793700787394
21
-7.5117587795275593
0
LINE
8
BLACK
6
CONTINUOUS
10
10.3587793700787394
20
-7.5117587795275593
11
10.3559055511811025
21
-7.5098385433070867
0
LINE
8
BLACK
6
CONTINUOUS
10
10.3559055511811025
20
-7.5098385433070867
11
10.3539853149606298
21
-7.5069647244094488
0
LINE
8
BLACK
6
CONTINUOUS
10
10.3539853149606298
20
-7.5069647244094488
11
10.3533110236220462
21
-7.5035748031496059
0
LINE
8
BLACK
6
CONTINUOUS
10
10.3533110236220462
20
-7.5035748031496059
11
10.3533110236220462
21
-7.4947165354330707
0
LINE
8
BLACK
6
CONTINUOUS
10
10.3533110236220462
20
-7.4947165354330707
11
10.2665000000000006
21
-7.4947165354330707
0
LINE
8
BLACK
6
CONTINUOUS
10
10.2665000000000006
20
-7.4947165354330707
11
10.2658220078740161
21
-7.4945816929133855
0
LINE
8
BLACK
6
CONTINUOUS
10
10.2658220078740161
20
-7.4945816929133855
11
10.2652472440944873
21
-7.494197637795275
0
LINE
8
BLACK
6
CONTINUOUS
10
10.2652472440944873
20
-7.494197637795275
11
10.2648631889763777
21
-7.493622874015748
0
LINE
8
BLACK
6
CONTINUOUS
10
10.2648631889763777
20
-7.493622874015748
11
10.2647283464566925
21
-7.4929448818897635
0
LINE
8
BLACK
6
CONTINUOUS
10
10.2647283464566925
20
-7.4929448818897635
11
10.2647283464566925
21
-7.4846771653543307
0
LINE
8
BLACK
6
CONTINUOUS
10
10.2647283464566925
20
-7.4846771653543307
11
10.2648631889763777
21
-7.4839991732283462
0
LINE
8
BLACK
6
CONTINUOUS
10
10.2648631889763777
20
-7.4839991732283462
11
10.2652472440944873
21
-7.4834244094488191
0
LINE
8
BLACK
6
CONTINUOUS
10
10.2652472440944873
20
-7.4834244094488191
11
10.2658220078740161
21
-7.4830403543307087
0
LINE
8
BLACK
6
CONTINUOUS
10
10.2658220078740161
20
-7.4830403543307087
11
10.2665000000000006
21
-7.4829055118110235
0
LINE
8
BLACK
6
CONTINUOUS
10
10.2665000000000006
20
-7.4829055118110235
11
10.3533110236220462
21
-7.4829055118110235
0
LINE
8
BLACK
6
CONTINUOUS
10
10.3533110236220462
20
-7.4829055118110235
11
10.3533110236220462
21
-7.4740472440944883
0
LINE
8
BLACK
6
CONTINUOUS
10
10.3533110236220462
20
-7.4740472440944883
11
10.3539853149606298
21
-7.4706573228346453
0
LINE
8
BLACK
6
CONTINUOUS
10
10.3539853149606298
20
-7.4706573228346453
11
10.3559055511811025
21
-7.4677835039370075
0
LINE
8
BLACK
6
CONTINUOUS
10
10.3559055511811025
20
-7.4677835039370075
11
10.3587793700787394
21
-7.4658632677165349
0
LINE
8
BLACK
6
CONTINUOUS
10
10.3587793700787394
20
-7.4658632677165349
11
10.3621692913385832
21
-7.4651889763779522
0
LINE
8
BLACK
6
CONTINUOUS
10
10.3621692913385832
20
-7.4651889763779522
11
10.3798858267716536
21
-7.4651889763779522
0
LINE
8
BLACK
6
CONTINUOUS
10
10.3798858267716536
20
-7.4651889763779522
11
10.3832757480314957
21
-7.4658632677165349
0
LINE
8
BLACK
6
CONTINUOUS
10
10.513197007874016
20
-7.4658632677165349
11
10.5160708267716529
21
-7.4677835039370075
0
LINE
8
BLACK
6
CONTINUOUS
10
10.5160708267716529
20
-7.4677835039370075
11
10.5179910629921256
21
-7.4706573228346453
0
LINE
8
BLACK
6
CONTINUOUS
10
10.5179910629921256
20
-7.4706573228346453
11
10.5186653543307091
21
-7.4740472440944883
0
LINE
8
BLACK
6
CONTINUOUS
10
10.5186653543307091
20
-7.4740472440944883
11
10.5186653543307091
21
-7.4829055118110235
0
LINE
8
BLACK
6
CONTINUOUS
10
10.5186653543307091
20
-7.4829055118110235
11
10.6005551181102362
21
-7.4829055118110235
0
LINE
8
BLACK
6
CONTINUOUS
10
10.6005551181102362
20
-7.4829055118110235
11
10.6012331102362207
21
-7.4830403543307087
0
LINE
8
BLACK
6
CONTINUOUS
10
10.6012331102362207
20
-7.4830403543307087
11
10.6018078740157478
21
-7.4834244094488191
0
LINE
8
BLACK
6
CONTINUOUS
10
10.6018078740157478
20
-7.4834244094488191
11
10.6021919291338573
21
-7.4839991732283462
0
LINE
8
BLACK
6
CONTINUOUS
10
10.6021919291338573
20
-7.4839991732283462
11
10.6023267716535425
21
-7.4846771653543307
0
LINE
8
BLACK
6
CONTINUOUS
10
10.6023267716535425
20
-7.4846771653543307
11
10.6023267716535425
21
-7.4929448818897635
0
LINE
8
BLACK
6
CONTINUOUS
10
10.6023267716535425
20
-7.4929448818897635
11
10.6021919291338573
21
-7.493622874015748
0
LINE
8
BLACK
6
CONTINUOUS
10
10.6021919291338573
20
-7.493622874015748
11
10.6018078740157478
21
-7.494197637795275
0
LINE
8
BLACK
6
CONTINUOUS
10
10.6018078740157478
20
-7.494197637795275
11
10.6012331102362207
21
-7.4945816929133855
0
LINE
8
BLACK
6
CONTINUOUS
10
10.6012331102362207
20
-7.4945816929133855
11
10.6005551181102362
21
-7.4947165354330707
0
LINE
8
BLACK
6
CONTINUOUS
10
10.6005551181102362
20
-7.4947165354330707
11
10.5186653543307091
21
-7.4947165354330707
0
LINE
8
BLACK
6
CONTINUOUS
10
10.5186653543307091
20
-7.4947165354330707
11
10.5186653543307091
21
-7.5035748031496059
0
LINE
8
BLACK
6
CONTINUOUS
10
10.5186653543307091
20
-7.5035748031496059
11
10.5179910629921256
21
-7.5069647244094488
0
LINE
8
BLACK
6
CONTINUOUS
10
10.5179910629921256
20
-7.5069647244094488
11
10.5160708267716529
21
-7.5098385433070867
0
LINE
8
BLACK
6
CONTINUOUS
10
10.5160708267716529
20
-7.5098385433070867
11
10.513197007874016
21
-7.5117587795275593
0
LINE
8
BLACK
6
CONTINUOUS
10
10.513197007874016
20
-7.5117587795275593
11
10.5098070866141722
21
-7.512433070866142
0
LINE
8
BLACK
6
CONTINUOUS
10
10.5098070866141722
20
-7.512433070866142
11
10.4920905511811018
21
-7.512433070866142
0
LINE
8
BLACK
6
CONTINUOUS
10
10.4920905511811018
20
-7.512433070866142
11
10.4887006299212597
21
-7.5117587795275593
0
LINE
8
BLACK
6
CONTINUOUS
10
10.4887006299212597
20
-7.5117587795275593
11
10.485826811023621
21
-7.5098385433070867
0
LINE
8
BLACK
6
CONTINUOUS
10
10.485826811023621
20
-7.5098385433070867
11
10.4839065748031501
21
-7.5069647244094488
0
LINE
8
BLACK
6
CONTINUOUS
10
10.4839065748031501
20
-7.5069647244094488
11
10.4832322834645666
21
-7.5035748031496059
0
LINE
8
BLACK
6
CONTINUOUS
10
10.4832322834645666
20
-7.5035748031496059
11
10.4832322834645666
21
-7.4740472440944883
0
LINE
8
BLACK
6
CONTINUOUS
10
10.4832322834645666
20
-7.4740472440944883
11
10.4839065748031501
21
-7.4706573228346453
0
LINE
8
BLACK
6
CONTINUOUS
10
10.4839065748031501
20
-7.4706573228346453
11
10.485826811023621
21
-7.4677835039370075
0
LINE
8
BLACK
6
CONTINUOUS
10
10.485826811023621
20
-7.4677835039370075
11
10.4887006299212597
21
-7.4658632677165349
0
LINE
8
BLACK
6
CONTINUOUS
10
10.4887006299212597
20
-7.4658632677165349
11
10.4920905511811018
21
-7.4651889763779522
0
LINE
8
BLACK
6
CONTINUOUS
10
10.4920905511811018
20
-7.4651889763779522
11
10.5098070866141722
21
-7.4651889763779522
0
LINE
8
BLACK
6
CONTINUOUS
10
10.5098070866141722
20
-7.4651889763779522
11
10.513197007874016
21
-7.4658632677165349
0
LINE
8
BLACK
6
CONTINUOUS
10
6.1513859842519683
20
-7.3831861023622043
11
6.1542598031496061
21
-7.385106338582677
0
LINE
8
BLACK
6
CONTINUOUS
10
6.1542598031496061
20
-7.385106338582677
11
6.1561800393700787
21
-7.3879801574803148
0
LINE
8
BLACK
6
CONTINUOUS
10
6.1561800393700787
20
-7.3879801574803148
11
6.1568543307086614
21
-7.3913700787401577
0
LINE
8
BLACK
6
CONTINUOUS
10
6.1568543307086614
20
-7.3913700787401577
11
6.1568543307086614
21
-7.4208976377952753
0
LINE
8
BLACK
6
CONTINUOUS
10
6.1568543307086614
20
-7.4208976377952753
11
6.1561800393700787
21
-7.4242875590551183
0
LINE
8
BLACK
6
CONTINUOUS
10
6.1561800393700787
20
-7.4242875590551183
11
6.1542598031496061
21
-7.4271613779527561
0
LINE
8
BLACK
6
CONTINUOUS
10
6.1542598031496061
20
-7.4271613779527561
11
6.1513859842519683
21
-7.4290816141732279
0
LINE
8
BLACK
6
CONTINUOUS
10
6.1513859842519683
20
-7.4290816141732279
11
6.1479960629921262
21
-7.4297559055118105
0
LINE
8
BLACK
6
CONTINUOUS
10
6.1479960629921262
20
-7.4297559055118105
11
6.1302795275590549
21
-7.4297559055118105
0
LINE
8
BLACK
6
CONTINUOUS
10
6.1302795275590549
20
-7.4297559055118105
11
6.1268896062992129
21
-7.4290816141732279
0
LINE
8
BLACK
6
CONTINUOUS
10
6.1268896062992129
20
-7.4290816141732279
11
6.124015787401575
21
-7.4271613779527561
0
LINE
8
BLACK
6
CONTINUOUS
10
6.124015787401575
20
-7.4271613779527561
11
6.1220955511811024
21
-7.4242875590551183
0
LINE
8
BLACK
6
CONTINUOUS
10
6.1220955511811024
20
-7.4242875590551183
11
6.1214212598425197
21
-7.4208976377952753
0
LINE
8
BLACK
6
CONTINUOUS
10
6.1214212598425197
20
-7.4208976377952753
11
6.1214212598425197
21
-7.4120393700787401
0
LINE
8
BLACK
6
CONTINUOUS
10
6.1214212598425197
20
-7.4120393700787401
11
6.0346102362204723
21
-7.4120393700787401
0
LINE
8
BLACK
6
CONTINUOUS
10
6.0346102362204723
20
-7.4120393700787401
11
6.0339322440944878
21
-7.4119045275590549
0
LINE
8
BLACK
6
CONTINUOUS
10
6.0339322440944878
20
-7.4119045275590549
11
6.0333574803149608
21
-7.4115204724409445
0
LINE
8
BLACK
6
CONTINUOUS
10
6.0333574803149608
20
-7.4115204724409445
11
6.0329734251968503
21
-7.4109457086614174
0
LINE
8
BLACK
6
CONTINUOUS
10
6.0329734251968503
20
-7.4109457086614174
11
6.0328385826771651
21
-7.4102677165354329
0
LINE
8
BLACK
6
CONTINUOUS
10
6.0328385826771651
20
-7.4102677165354329
11
6.0328385826771651
21
-7.4020000000000001
0
LINE
8
BLACK
6
CONTINUOUS
10
6.0328385826771651
20
-7.4020000000000001
11
6.0329734251968503
21
-7.4013220078740156
0
LINE
8
BLACK
6
CONTINUOUS
10
6.0329734251968503
20
-7.4013220078740156
11
6.0333574803149608
21
-7.4007472440944877
0
LINE
8
BLACK
6
CONTINUOUS
10
6.0333574803149608
20
-7.4007472440944877
11
6.0339322440944878
21
-7.4003631889763781
0
LINE
8
BLACK
6
CONTINUOUS
10
6.0339322440944878
20
-7.4003631889763781
11
6.0346102362204723
21
-7.4002283464566929
0
LINE
8
BLACK
6
CONTINUOUS
10
6.0346102362204723
20
-7.4002283464566929
11
6.1214212598425197
21
-7.4002283464566929
0
LINE
8
BLACK
6
CONTINUOUS
10
6.1214212598425197
20
-7.4002283464566929
11
6.1214212598425197
21
-7.3913700787401577
0
LINE
8
BLACK
6
CONTINUOUS
10
6.1214212598425197
20
-7.3913700787401577
11
6.1220955511811024
21
-7.3879801574803148
0
LINE
8
BLACK
6
CONTINUOUS
10
6.1220955511811024
20
-7.3879801574803148
11
6.124015787401575
21
-7.385106338582677
0
LINE
8
BLACK
6
CONTINUOUS
10
6.124015787401575
20
-7.385106338582677
11
6.1268896062992129
21
-7.3831861023622043
0
LINE
8
BLACK
6
CONTINUOUS
10
6.1268896062992129
20
-7.3831861023622043
11
6.1302795275590549
21
-7.3825118110236216
0
LINE
8
BLACK
6
CONTINUOUS
10
6.1302795275590549
20
-7.3825118110236216
11
6.1479960629921262
21
-7.3825118110236216
0
LINE
8
BLACK
6
CONTINUOUS
10
6.1479960629921262
20
-7.3825118110236216
11
6.1513859842519683
21
-7.3831861023622043
0
LINE
8
BLACK
6
CONTINUOUS
10
6.2813072440944877
20
-7.3831861023622043
11
6.2841810629921255
21
-7.385106338582677
0
LINE
8
BLACK
6
CONTINUOUS
10
6.2841810629921255
20
-7.385106338582677
11
6.2861012992125982
21
-7.3879801574803148
0
LINE
8
BLACK
6
CONTINUOUS
10
6.2861012992125982
20
-7.3879801574803148
11
6.2867755905511808
21
-7.3913700787401577
0
LINE
8
BLACK
6
CONTINUOUS
10
6.2867755905511808
20
-7.3913700787401577
11
6.2867755905511808
21
-7.4002283464566929
0
LINE
8
BLACK
6
CONTINUOUS
10
6.2867755905511808
20
-7.4002283464566929
11
6.3686653543307088
21
-7.4002283464566929
0
LINE
8
BLACK
6
CONTINUOUS
10
6.3686653543307088
20
-7.4002283464566929
11
6.3693433464566924
21
-7.4003631889763781
0
LINE
8
BLACK
6
CONTINUOUS
10
6.3693433464566924
20
-7.4003631889763781
11
6.3699181102362203
21
-7.4007472440944877
0
LINE
8
BLACK
6
CONTINUOUS
10
6.3699181102362203
20
-7.4007472440944877
11
6.3703021653543308
21
-7.4013220078740156
0
LINE
8
BLACK
6
CONTINUOUS
10
6.3703021653543308
20
-7.4013220078740156
11
6.370437007874016
21
-7.4020000000000001
0
LINE
8
BLACK
6
CONTINUOUS
10
6.370437007874016
20
-7.4020000000000001
11
6.370437007874016
21
-7.4102677165354329
0
LINE
8
BLACK
6
CONTINUOUS
10
6.370437007874016
20
-7.4102677165354329
11
6.3703021653543308
21
-7.4109457086614174
0
LINE
8
BLACK
6
CONTINUOUS
10
6.3703021653543308
20
-7.4109457086614174
11
6.3699181102362203
21
-7.4115204724409445
0
LINE
8
BLACK
6
CONTINUOUS
10
6.3699181102362203
20
-7.4115204724409445
11
6.3693433464566924
21
-7.4119045275590549
0
LINE
8
BLACK
6
CONTINUOUS
10
6.3693433464566924
20
-7.4119045275590549
11
6.3686653543307088
21
-7.4120393700787401
0
LINE
8
BLACK
6
CONTINUOUS
10
6.3686653543307088
20
-7.4120393700787401
11
6.2867755905511808
21
-7.4120393700787401
0
LINE
8
BLACK
6
CONTINUOUS
10
6.2867755905511808
20
-7.4120393700787401
11
6.2867755905511808
21
-7.4208976377952753
0
LINE
8
BLACK
6
CONTINUOUS
10
6.2867755905511808
20
-7.4208976377952753
11
6.2861012992125982
21
-7.4242875590551183
0
LINE
8
BLACK
6
CONTINUOUS
10
6.2861012992125982
20
-7.4242875590551183
11
6.2841810629921255
21
-7.4271613779527561
0
LINE
8
BLACK
6
CONTINUOUS
10
6.2841810629921255
20
-7.4271613779527561
11
6.2813072440944877
21
-7.4290816141732279
0
LINE
8
BLACK
6
CONTINUOUS
10
6.2813072440944877
20
-7.4290816141732279
11
6.2779173228346457
21
-7.4297559055118105
0
LINE
8
BLACK
6
CONTINUOUS
10
6.2779173228346457
20
-7.4297559055118105
11
6.2602007874015744
21
-7.4297559055118105
0
LINE
8
BLACK
6
CONTINUOUS
10
6.2602007874015744
20
-7.4297559055118105
11
6.2568108661417323
21
-7.4290816141732279
0
LINE
8
BLACK
6
CONTINUOUS
10
6.2568108661417323
20
-7.4290816141732279
11
6.2539370472440945
21
-7.4271613779527561
0
LINE
8
BLACK
6
CONTINUOUS
10
6.2539370472440945
20
-7.4271613779527561
11
6.2520168110236218
21
-7.4242875590551183
0
LINE
8
BLACK
6
CONTINUOUS
10
6.2520168110236218
20
-7.4242875590551183
11
6.2513425196850392
21
-7.4208976377952753
0
LINE
8
BLACK
6
CONTINUOUS
10
6.2513425196850392
20
-7.4208976377952753
11
6.2513425196850392
21
-7.3913700787401577
0
LINE
8
BLACK
6
CONTINUOUS
10
6.2513425196850392
20
-7.3913700787401577
11
6.2520168110236218
21
-7.3879801574803148
0
LINE
8
BLACK
6
CONTINUOUS
10
6.2520168110236218
20
-7.3879801574803148
11
6.2539370472440945
21
-7.385106338582677
0
LINE
8
BLACK
6
CONTINUOUS
10
6.2539370472440945
20
-7.385106338582677
11
6.2568108661417323
21
-7.3831861023622043
0
LINE
8
BLACK
6
CONTINUOUS
10
6.2568108661417323
20
-7.3831861023622043
11
6.2602007874015744
21
-7.3825118110236216
0
LINE
8
BLACK
6
CONTINUOUS
10
6.2602007874015744
20
-7.3825118110236216
11
6.2779173228346457
21
-7.3825118110236216
0
LINE
8
BLACK
6
CONTINUOUS
10
6.2779173228346457
20
-7.3825118110236216
11
6.2813072440944877
21
-7.3831861023622043
0
LINE
8
BLACK
6
CONTINUOUS
10
10.8143781102362198
20
-7.3162569685039367
11
10.8172519291338585
21
-7.3181772047244094
0
LINE
8
BLACK
6
CONTINUOUS
10
10.8172519291338585
20
-7.3181772047244094
11
10.8191721653543311
21
-7.3210510236220472
0
LINE
8
BLACK
6
CONTINUOUS
10
10.8191721653543311
20
-7.3210510236220472
11
10.8198464566929129
21
-7.3244409448818892
0
LINE
8
BLACK
6
CONTINUOUS
10
10.8198464566929129
20
-7.3244409448818892
11
10.8198464566929129
21
-7.3539685039370077
0
LINE
8
BLACK
6
CONTINUOUS
10
10.8198464566929129
20
-7.3539685039370077
11
10.8191721653543311
21
-7.3573584251968498
0
LINE
8
BLACK
6
CONTINUOUS
10
10.8191721653543311
20
-7.3573584251968498
11
10.8172519291338585
21
-7.3602322440944876
0
LINE
8
BLACK
6
CONTINUOUS
10
10.8172519291338585
20
-7.3602322440944876
11
10.8143781102362198
21
-7.3621524803149603
0
LINE
8
BLACK
6
CONTINUOUS
10
10.8143781102362198
20
-7.3621524803149603
11
10.8109881889763777
21
-7.3628267716535429
0
LINE
8
BLACK
6
CONTINUOUS
10
10.8109881889763777
20
-7.3628267716535429
11
10.7932716535433073
21
-7.3628267716535429
0
LINE
8
BLACK
6
CONTINUOUS
10
10.7932716535433073
20
-7.3628267716535429
11
10.7898817322834635
21
-7.3621524803149603
0
LINE
8
BLACK
6
CONTINUOUS
10
10.7898817322834635
20
-7.3621524803149603
11
10.7870079133858265
21
-7.3602322440944876
0
LINE
8
BLACK
6
CONTINUOUS
10
10.7870079133858265
20
-7.3602322440944876
11
10.7850876771653539
21
-7.3573584251968498
0
LINE
8
BLACK
6
CONTINUOUS
10
10.7850876771653539
20
-7.3573584251968498
11
10.7844133858267721
21
-7.3539685039370077
0
LINE
8
BLACK
6
CONTINUOUS
10
10.7844133858267721
20
-7.3539685039370077
11
10.7844133858267721
21
-7.3451102362204725
0
LINE
8
BLACK
6
CONTINUOUS
10
10.7844133858267721
20
-7.3451102362204725
11
10.6976023622047247
21
-7.3451102362204725
0
LINE
8
BLACK
6
CONTINUOUS
10
10.6976023622047247
20
-7.3451102362204725
11
10.6969243700787402
21
-7.3449753937007873
0
LINE
8
BLACK
6
CONTINUOUS
10
10.6969243700787402
20
-7.3449753937007873
11
10.6963496062992132
21
-7.3445913385826769
0
LINE
8
BLACK
6
CONTINUOUS
10
10.6963496062992132
20
-7.3445913385826769
11
10.6959655511811018
21
-7.3440165748031498
0
LINE
8
BLACK
6
CONTINUOUS
10
10.6959655511811018
20
-7.3440165748031498
11
10.6958307086614166
21
-7.3433385826771653
0
LINE
8
BLACK
6
CONTINUOUS
10
10.6958307086614166
20
-7.3433385826771653
11
10.6958307086614166
21
-7.3350708661417325
0
LINE
8
BLACK
6
CONTINUOUS
10
10.6958307086614166
20
-7.3350708661417325
11
10.6959655511811018
21
-7.334392874015748
0
LINE
8
BLACK
6
CONTINUOUS
10
10.6959655511811018
20
-7.334392874015748
11
10.6963496062992132
21
-7.3338181102362201
0
LINE
8
BLACK
6
CONTINUOUS
10
10.6963496062992132
20
-7.3338181102362201
11
10.6969243700787402
21
-7.3334340551181096
0
LINE
8
BLACK
6
CONTINUOUS
10
10.6969243700787402
20
-7.3334340551181096
11
10.6976023622047247
21
-7.3332992125984253
0
LINE
8
BLACK
6
CONTINUOUS
10
10.6976023622047247
20
-7.3332992125984253
11
10.7844133858267721
21
-7.3332992125984253
0
LINE
8
BLACK
6
CONTINUOUS
10
10.7844133858267721
20
-7.3332992125984253
11
10.7844133858267721
21
-7.3244409448818892
0
LINE
8
BLACK
6
CONTINUOUS
10
10.7844133858267721
20
-7.3244409448818892
11
10.7850876771653539
21
-7.3210510236220472
0
LINE
8
BLACK
6
CONTINUOUS
10
10.7850876771653539
20
-7.3210510236220472
11
10.7870079133858265
21
-7.3181772047244094
0
LINE
8
BLACK
6
CONTINUOUS
10
10.7870079133858265
20
-7.3181772047244094
11
10.7898817322834635
21
-7.3162569685039367
0
LINE
8
BLACK
6
CONTINUOUS
10
10.7898817322834635
20
-7.3162569685039367
11
10.7932716535433073
21
-7.315582677165354
0
LINE
8
BLACK
6
CONTINUOUS
10
10.7932716535433073
20
-7.315582677165354
11
10.8109881889763777
21
-7.315582677165354
0
LINE
8
BLACK
6
CONTINUOUS
10
10.8109881889763777
20
-7.315582677165354
11
10.8143781102362198
21
-7.3162569685039367
0
LINE
8
BLACK
6
CONTINUOUS
10
10.9442993700787401
20
-7.3162569685039367
11
10.947173188976377
21
-7.3181772047244094
0
LINE
8
BLACK
6
CONTINUOUS
10
10.947173188976377
20
-7.3181772047244094
11
10.9490934251968497
21
-7.3210510236220472
0
LINE
8
BLACK
6
CONTINUOUS
10
10.9490934251968497
20
-7.3210510236220472
11
10.9497677165354332
21
-7.3244409448818892
0
LINE
8
BLACK
6
CONTINUOUS
10
10.9497677165354332
20
-7.3244409448818892
11
10.9497677165354332
21
-7.3332992125984253
0
LINE
8
BLACK
6
CONTINUOUS
10
10.9497677165354332
20
-7.3332992125984253
11
11.0316574803149603
21
-7.3332992125984253
0
LINE
8
BLACK
6
CONTINUOUS
10
11.0316574803149603
20
-7.3332992125984253
11
11.0323354724409448
21
-7.3334340551181096
0
LINE
8
BLACK
6
CONTINUOUS
10
11.0323354724409448
20
-7.3334340551181096
11
11.0329102362204718
21
-7.3338181102362201
0
LINE
8
BLACK
6
CONTINUOUS
10
11.0329102362204718
20
-7.3338181102362201
11
11.0332942913385832
21
-7.334392874015748
0
LINE
8
BLACK
6
CONTINUOUS
10
11.0332942913385832
20
-7.334392874015748
11
11.0334291338582666
21
-7.3350708661417325
0
LINE
8
BLACK
6
CONTINUOUS
10
11.0334291338582666
20
-7.3350708661417325
11
11.0334291338582666
21
-7.3433385826771653
0
LINE
8
BLACK
6
CONTINUOUS
10
11.0334291338582666
20
-7.3433385826771653
11
11.0332942913385832
21
-7.3440165748031498
0
LINE
8
BLACK
6
CONTINUOUS
10
11.0332942913385832
20
-7.3440165748031498
11
11.0329102362204718
21
-7.3445913385826769
0
LINE
8
BLACK
6
CONTINUOUS
10
11.0329102362204718
20
-7.3445913385826769
11
11.0323354724409448
21
-7.3449753937007873
0
LINE
8
BLACK
6
CONTINUOUS
10
11.0323354724409448
20
-7.3449753937007873
11
11.0316574803149603
21
-7.3451102362204725
0
LINE
8
BLACK
6
CONTINUOUS
10
11.0316574803149603
20
-7.3451102362204725
11
10.9497677165354332
21
-7.3451102362204725
0
LINE
8
BLACK
6
CONTINUOUS
10
10.9497677165354332
20
-7.3451102362204725
11
10.9497677165354332
21
-7.3539685039370077
0
LINE
8
BLACK
6
CONTINUOUS
10
10.9497677165354332
20
-7.3539685039370077
11
10.9490934251968497
21
-7.3573584251968498
0
LINE
8
BLACK
6
CONTINUOUS
10
10.9490934251968497
20
-7.3573584251968498
11
10.947173188976377
21
-7.3602322440944876
0
LINE
8
BLACK
6
CONTINUOUS
10
10.947173188976377
20
-7.3602322440944876
11
10.9442993700787401
21
-7.3621524803149603
0
LINE
8
BLACK
6
CONTINUOUS
10
10.9442993700787401
20
-7.3621524803149603
11
10.940909448818898
21
-7.3628267716535429
0
LINE
8
BLACK
6
CONTINUOUS
10
10.940909448818898
20
-7.3628267716535429
11
10.9231929133858259
21
-7.3628267716535429
0
LINE
8
BLACK
6
CONTINUOUS
10
10.9231929133858259
20
-7.3628267716535429
11
10.9198029921259838
21
-7.3621524803149603
0
LINE
8
BLACK
6
CONTINUOUS
10
10.9198029921259838
20
-7.3621524803149603
11
10.9169291732283469
21
-7.3602322440944876
0
LINE
8
BLACK
6
CONTINUOUS
10
10.9169291732283469
20
-7.3602322440944876
11
10.9150089370078742
21
-7.3573584251968498
0
LINE
8
BLACK
6
CONTINUOUS
10
10.9150089370078742
20
-7.3573584251968498
11
10.9143346456692907
21
-7.3539685039370077
0
LINE
8
BLACK
6
CONTINUOUS
10
10.9143346456692907
20
-7.3539685039370077
11
10.9143346456692907
21
-7.3244409448818892
0
LINE
8
BLACK
6
CONTINUOUS
10
10.9143346456692907
20
-7.3244409448818892
11
10.9150089370078742
21
-7.3210510236220472
0
LINE
8
BLACK
6
CONTINUOUS
10
10.9150089370078742
20
-7.3210510236220472
11
10.9169291732283469
21
-7.3181772047244094
0
LINE
8
BLACK
6
CONTINUOUS
10
10.9169291732283469
20
-7.3181772047244094
11
10.9198029921259838
21
-7.3162569685039367
0
LINE
8
BLACK
6
CONTINUOUS
10
10.9198029921259838
20
-7.3162569685039367
11
10.9231929133858259
21
-7.315582677165354
0
LINE
8
BLACK
6
CONTINUOUS
10
10.9231929133858259
20
-7.315582677165354
11
10.940909448818898
21
-7.315582677165354
0
LINE
8
BLACK
6
CONTINUOUS
10
10.940909448818898
20
-7.315582677165354
11
10.9442993700787401
21
-7.3162569685039367
0
LINE
8
BLACK
6
CONTINUOUS
10
11.8872127559055123
20
-7.2926349212598423
11
11.8900865748031492
21
-7.2945551574803149
0
LINE
8
BLACK
6
CONTINUOUS
10
11.8900865748031492
20
-7.2945551574803149
11
11.8920068110236219
21
-7.2974289763779527
0
LINE
8
BLACK
6
CONTINUOUS
10
11.8920068110236219
20
-7.2974289763779527
11
11.8926811023622037
21
-7.3008188976377948
0
LINE
8
BLACK
6
CONTINUOUS
10
11.8926811023622037
20
-7.3008188976377948
11
11.8926811023622037
21
-7.3303464566929133
0
LINE
8
BLACK
6
CONTINUOUS
10
11.8926811023622037
20
-7.3303464566929133
11
11.8920068110236219
21
-7.3337363779527553
0
LINE
8
BLACK
6
CONTINUOUS
10
11.8920068110236219
20
-7.3337363779527553
11
11.8900865748031492
21
-7.3366101968503932
0
LINE
8
BLACK
6
CONTINUOUS
10
11.8900865748031492
20
-7.3366101968503932
11
11.8872127559055123
21
-7.3385304330708658
0
LINE
8
BLACK
6
CONTINUOUS
10
11.8872127559055123
20
-7.3385304330708658
11
11.8838228346456685
21
-7.3392047244094485
0
LINE
8
BLACK
6
CONTINUOUS
10
11.8838228346456685
20
-7.3392047244094485
11
11.8661062992125981
21
-7.3392047244094485
0
LINE
8
BLACK
6
CONTINUOUS
10
11.8661062992125981
20
-7.3392047244094485
11
11.862716377952756
21
-7.3385304330708658
0
LINE
8
BLACK
6
CONTINUOUS
10
11.862716377952756
20
-7.3385304330708658
11
11.8598425590551173
21
-7.3366101968503932
0
LINE
8
BLACK
6
CONTINUOUS
10
11.8598425590551173
20
-7.3366101968503932
11
11.8579223228346446
21
-7.3337363779527553
0
LINE
8
BLACK
6
CONTINUOUS
10
11.8579223228346446
20
-7.3337363779527553
11
11.8572480314960629
21
-7.3303464566929133
0
LINE
8
BLACK
6
CONTINUOUS
10
11.8572480314960629
20
-7.3303464566929133
11
11.8572480314960629
21
-7.3214881889763781
0
LINE
8
BLACK
6
CONTINUOUS
10
11.8572480314960629
20
-7.3214881889763781
11
11.7704370078740155
21
-7.3214881889763781
0
LINE
8
BLACK
6
CONTINUOUS
10
11.7704370078740155
20
-7.3214881889763781
11
11.769759015748031
21
-7.3213533464566929
0
LINE
8
BLACK
6
CONTINUOUS
10
11.769759015748031
20
-7.3213533464566929
11
11.7691842519685039
21
-7.3209692913385824
0
LINE
8
BLACK
6
CONTINUOUS
10
11.7691842519685039
20
-7.3209692913385824
11
11.7688001968503926
21
-7.3203945275590545
0
LINE
8
BLACK
6
CONTINUOUS
10
11.7688001968503926
20
-7.3203945275590545
11
11.7686653543307091
21
-7.3197165354330709
0
LINE
8
BLACK
6
CONTINUOUS
10
11.7686653543307091
20
-7.3197165354330709
11
11.7686653543307091
21
-7.3114488188976372
0
LINE
8
BLACK
6
CONTINUOUS
10
11.7686653543307091
20
-7.3114488188976372
11
11.7688001968503926
21
-7.3107708267716536
0
LINE
8
BLACK
6
CONTINUOUS
10
11.7688001968503926
20
-7.3107708267716536
11
11.7691842519685039
21
-7.3101960629921257
0
LINE
8
BLACK
6
CONTINUOUS
10
11.7691842519685039
20
-7.3101960629921257
11
11.769759015748031
21
-7.3098120078740152
0
LINE
8
BLACK
6
CONTINUOUS
10
11.769759015748031
20
-7.3098120078740152
11
11.7704370078740155
21
-7.3096771653543309
0
LINE
8
BLACK
6
CONTINUOUS
10
11.7704370078740155
20
-7.3096771653543309
11
11.8572480314960629
21
-7.3096771653543309
0
LINE
8
BLACK
6
CONTINUOUS
10
11.8572480314960629
20
-7.3096771653543309
11
11.8572480314960629
21
-7.3008188976377948
0
LINE
8
BLACK
6
CONTINUOUS
10
11.8572480314960629
20
-7.3008188976377948
11
11.8579223228346446
21
-7.2974289763779527
0
LINE
8
BLACK
6
CONTINUOUS
10
11.8579223228346446
20
-7.2974289763779527
11
11.8598425590551173
21
-7.2945551574803149
0
LINE
8
BLACK
6
CONTINUOUS
10
11.8598425590551173
20
-7.2945551574803149
11
11.862716377952756
21
-7.2926349212598423
0
LINE
8
BLACK
6
CONTINUOUS
10
11.862716377952756
20
-7.2926349212598423
11
11.8661062992125981
21
-7.2919606299212596
0
LINE
8
BLACK
6
CONTINUOUS
10
11.8661062992125981
20
-7.2919606299212596
11
11.8838228346456685
21
-7.2919606299212596
0
LINE
8
BLACK
6
CONTINUOUS
10
11.8838228346456685
20
-7.2919606299212596
11
11.8872127559055123
21
-7.2926349212598423
0
LINE
8
BLACK
6
CONTINUOUS
10
12.0171340157480309
20
-7.2926349212598423
11
12.0200078346456696
21
-7.2945551574803149
0
LINE
8
BLACK
6
CONTINUOUS
10
12.0200078346456696
20
-7.2945551574803149
11
12.0219280708661422
21
-7.2974289763779527
0
LINE
8
BLACK
6
CONTINUOUS
10
12.0219280708661422
20
-7.2974289763779527
11
12.022602362204724
21
-7.3008188976377948
0
LINE
8
BLACK
6
CONTINUOUS
10
12.022602362204724
20
-7.3008188976377948
11
12.022602362204724
21
-7.3096771653543309
0
LINE
8
BLACK
6
CONTINUOUS
10
12.022602362204724
20
-7.3096771653543309
11
12.1044921259842511
21
-7.3096771653543309
0
LINE
8
BLACK
6
CONTINUOUS
10
12.1044921259842511
20
-7.3096771653543309
11
12.1051701181102356
21
-7.3098120078740152
0
LINE
8
BLACK
6
CONTINUOUS
10
12.1051701181102356
20
-7.3098120078740152
11
12.1057448818897644
21
-7.3101960629921257
0
LINE
8
BLACK
6
CONTINUOUS
10
12.1057448818897644
20
-7.3101960629921257
11
12.106128937007874
21
-7.3107708267716536
0
LINE
8
BLACK
6
CONTINUOUS
10
12.106128937007874
20
-7.3107708267716536
11
12.1062637795275592
21
-7.3114488188976372
0
LINE
8
BLACK
6
CONTINUOUS
10
12.1062637795275592
20
-7.3114488188976372
11
12.1062637795275592
21
-7.3197165354330709
0
LINE
8
BLACK
6
CONTINUOUS
10
12.1062637795275592
20
-7.3197165354330709
11
12.106128937007874
21
-7.3203945275590545
0
LINE
8
BLACK
6
CONTINUOUS
10
12.106128937007874
20
-7.3203945275590545
11
12.1057448818897644
21
-7.3209692913385824
0
LINE
8
BLACK
6
CONTINUOUS
10
12.1057448818897644
20
-7.3209692913385824
11
12.1051701181102356
21
-7.3213533464566929
0
LINE
8
BLACK
6
CONTINUOUS
10
12.1051701181102356
20
-7.3213533464566929
11
12.1044921259842511
21
-7.3214881889763781
0
LINE
8
BLACK
6
CONTINUOUS
10
12.1044921259842511
20
-7.3214881889763781
11
12.022602362204724
21
-7.3214881889763781
0
LINE
8
BLACK
6
CONTINUOUS
10
12.022602362204724
20
-7.3214881889763781
11
12.022602362204724
21
-7.3303464566929133
0
LINE
8
BLACK
6
CONTINUOUS
10
12.022602362204724
20
-7.3303464566929133
11
12.0219280708661422
21
-7.3337363779527553
0
LINE
8
BLACK
6
CONTINUOUS
10
12.0219280708661422
20
-7.3337363779527553
11
12.0200078346456696
21
-7.3366101968503932
0
LINE
8
BLACK
6
CONTINUOUS
10
12.0200078346456696
20
-7.3366101968503932
11
12.0171340157480309
21
-7.3385304330708658
0
LINE
8
BLACK
6
CONTINUOUS
10
12.0171340157480309
20
-7.3385304330708658
11
12.0137440944881888
21
-7.3392047244094485
0
LINE
8
BLACK
6
CONTINUOUS
10
12.0137440944881888
20
-7.3392047244094485
11
11.9960275590551184
21
-7.3392047244094485
0
LINE
8
BLACK
6
CONTINUOUS
10
11.9960275590551184
20
-7.3392047244094485
11
11.9926376377952746
21
-7.3385304330708658
0
LINE
8
BLACK
6
CONTINUOUS
10
11.9926376377952746
20
-7.3385304330708658
11
11.9897638188976376
21
-7.3366101968503932
0
LINE
8
BLACK
6
CONTINUOUS
10
11.9897638188976376
20
-7.3366101968503932
11
11.987843582677165
21
-7.3337363779527553
0
LINE
8
BLACK
6
CONTINUOUS
10
11.987843582677165
20
-7.3337363779527553
11
11.9871692913385832
21
-7.3303464566929133
0
LINE
8
BLACK
6
CONTINUOUS
10
11.9871692913385832
20
-7.3303464566929133
11
11.9871692913385832
21
-7.3008188976377948
0
LINE
8
BLACK
6
CONTINUOUS
10
11.9871692913385832
20
-7.3008188976377948
11
11.987843582677165
21
-7.2974289763779527
0
LINE
8
BLACK
6
CONTINUOUS
10
11.987843582677165
20
-7.2974289763779527
11
11.9897638188976376
21
-7.2945551574803149
0
LINE
8
BLACK
6
CONTINUOUS
10
11.9897638188976376
20
-7.2945551574803149
11
11.9926376377952746
21
-7.2926349212598423
0
LINE
8
BLACK
6
CONTINUOUS
10
11.9926376377952746
20
-7.2926349212598423
11
11.9960275590551184
21
-7.2919606299212596
0
LINE
8
BLACK
6
CONTINUOUS
10
11.9960275590551184
20
-7.2919606299212596
11
12.0137440944881888
21
-7.2919606299212596
0
LINE
8
BLACK
6
CONTINUOUS
10
12.0137440944881888
20
-7.2919606299212596
11
12.0171340157480309
21
-7.2926349212598423
0
LINE
8
BLACK
6
CONTINUOUS
10
7.1946930708661414
20
-7.2729498818897635
11
7.1975668897637792
21
-7.2748701181102362
0
LINE
8
BLACK
6
CONTINUOUS
10
7.1975668897637792
20
-7.2748701181102362
11
7.1994871259842519
21
-7.277743937007874
0
LINE
8
BLACK
6
CONTINUOUS
10
7.1994871259842519
20
-7.277743937007874
11
7.2001614173228345
21
-7.2811338582677161
0
LINE
8
BLACK
6
CONTINUOUS
10
7.2001614173228345
20
-7.2811338582677161
11
7.2001614173228345
21
-7.3106614173228346
0
LINE
8
BLACK
6
CONTINUOUS
10
7.2001614173228345
20
-7.3106614173228346
11
7.1994871259842519
21
-7.3140513385826766
0
LINE
8
BLACK
6
CONTINUOUS
10
7.1994871259842519
20
-7.3140513385826766
11
7.1975668897637792
21
-7.3169251574803145
0
LINE
8
BLACK
6
CONTINUOUS
10
7.1975668897637792
20
-7.3169251574803145
11
7.1946930708661414
21
-7.3188453937007871
0
LINE
8
BLACK
6
CONTINUOUS
10
7.1946930708661414
20
-7.3188453937007871
11
7.1913031496062993
21
-7.3195196850393698
0
LINE
8
BLACK
6
CONTINUOUS
10
7.1913031496062993
20
-7.3195196850393698
11
7.1735866141732281
21
-7.3195196850393698
0
LINE
8
BLACK
6
CONTINUOUS
10
7.1735866141732281
20
-7.3195196850393698
11
7.170196692913386
21
-7.3188453937007871
0
LINE
8
BLACK
6
CONTINUOUS
10
7.170196692913386
20
-7.3188453937007871
11
7.1673228740157482
21
-7.3169251574803145
0
LINE
8
BLACK
6
CONTINUOUS
10
7.1673228740157482
20
-7.3169251574803145
11
7.1654026377952755
21
-7.3140513385826766
0
LINE
8
BLACK
6
CONTINUOUS
10
7.1654026377952755
20
-7.3140513385826766
11
7.1647283464566929
21
-7.3106614173228346
0
LINE
8
BLACK
6
CONTINUOUS
10
7.1647283464566929
20
-7.3106614173228346
11
7.1647283464566929
21
-7.3018031496062994
0
LINE
8
BLACK
6
CONTINUOUS
10
7.1647283464566929
20
-7.3018031496062994
11
7.0779173228346455
21
-7.3018031496062994
0
LINE
8
BLACK
6
CONTINUOUS
10
7.0779173228346455
20
-7.3018031496062994
11
7.077239330708661
21
-7.3016683070866142
0
LINE
8
BLACK
6
CONTINUOUS
10
7.077239330708661
20
-7.3016683070866142
11
7.0766645669291339
21
-7.3012842519685037
0
LINE
8
BLACK
6
CONTINUOUS
10
7.0766645669291339
20
-7.3012842519685037
11
7.0762805118110235
21
-7.3007094881889758
0
LINE
8
BLACK
6
CONTINUOUS
10
7.0762805118110235
20
-7.3007094881889758
11
7.0761456692913383
21
-7.3000314960629922
0
LINE
8
BLACK
6
CONTINUOUS
10
7.0761456692913383
20
-7.3000314960629922
11
7.0761456692913383
21
-7.2917637795275585
0
LINE
8
BLACK
6
CONTINUOUS
10
7.0761456692913383
20
-7.2917637795275585
11
7.0762805118110235
21
-7.2910857874015749
0
LINE
8
BLACK
6
CONTINUOUS
10
7.0762805118110235
20
-7.2910857874015749
11
7.0766645669291339
21
-7.2905110236220469
0
LINE
8
BLACK
6
CONTINUOUS
10
7.0766645669291339
20
-7.2905110236220469
11
7.077239330708661
21
-7.2901269685039365
0
LINE
8
BLACK
6
CONTINUOUS
10
7.077239330708661
20
-7.2901269685039365
11
7.0779173228346455
21
-7.2899921259842522
0
LINE
8
BLACK
6
CONTINUOUS
10
7.0779173228346455
20
-7.2899921259842522
11
7.1647283464566929
21
-7.2899921259842522
0
LINE
8
BLACK
6
CONTINUOUS
10
7.1647283464566929
20
-7.2899921259842522
11
7.1647283464566929
21
-7.2811338582677161
0
LINE
8
BLACK
6
CONTINUOUS
10
7.1647283464566929
20
-7.2811338582677161
11
7.1654026377952755
21
-7.277743937007874
0
LINE
8
BLACK
6
CONTINUOUS
10
7.1654026377952755
20
-7.277743937007874
11
7.1673228740157482
21
-7.2748701181102362
0
LINE
8
BLACK
6
CONTINUOUS
10
7.1673228740157482
20
-7.2748701181102362
11
7.170196692913386
21
-7.2729498818897635
0
LINE
8
BLACK
6
CONTINUOUS
10
7.170196692913386
20
-7.2729498818897635
11
7.1735866141732281
21
-7.2722755905511809
0
LINE
8
BLACK
6
CONTINUOUS
10
7.1735866141732281
20
-7.2722755905511809
11
7.1913031496062993
21
-7.2722755905511809
0
LINE
8
BLACK
6
CONTINUOUS
10
7.1913031496062993
20
-7.2722755905511809
11
7.1946930708661414
21
-7.2729498818897635
0
LINE
8
BLACK
6
CONTINUOUS
10
7.3246143307086609
20
-7.2729498818897635
11
7.3274881496062987
21
-7.2748701181102362
0
LINE
8
BLACK
6
CONTINUOUS
10
7.3274881496062987
20
-7.2748701181102362
11
7.3294083858267713
21
-7.277743937007874
0
LINE
8
BLACK
6
CONTINUOUS
10
7.3294083858267713
20
-7.277743937007874
11
7.330082677165354
21
-7.2811338582677161
0
LINE
8
BLACK
6
CONTINUOUS
10
7.330082677165354
20
-7.2811338582677161
11
7.330082677165354
21
-7.2899921259842522
0
LINE
8
BLACK
6
CONTINUOUS
10
7.330082677165354
20
-7.2899921259842522
11
7.4119724409448819
21
-7.2899921259842522
0
LINE
8
BLACK
6
CONTINUOUS
10
7.4119724409448819
20
-7.2899921259842522
11
7.4126504330708656
21
-7.2901269685039365
0
LINE
8
BLACK
6
CONTINUOUS
10
7.4126504330708656
20
-7.2901269685039365
11
7.4132251968503935
21
-7.2905110236220469
0
LINE
8
BLACK
6
CONTINUOUS
10
7.4132251968503935
20
-7.2905110236220469
11
7.413609251968504
21
-7.2910857874015749
0
LINE
8
BLACK
6
CONTINUOUS
10
7.413609251968504
20
-7.2910857874015749
11
7.4137440944881892
21
-7.2917637795275585
0
LINE
8
BLACK
6
CONTINUOUS
10
7.4137440944881892
20
-7.2917637795275585
11
7.4137440944881892
21
-7.3000314960629922
0
LINE
8
BLACK
6
CONTINUOUS
10
7.4137440944881892
20
-7.3000314960629922
11
7.413609251968504
21
-7.3007094881889758
0
LINE
8
BLACK
6
CONTINUOUS
10
7.413609251968504
20
-7.3007094881889758
11
7.4132251968503935
21
-7.3012842519685037
0
LINE
8
BLACK
6
CONTINUOUS
10
7.4132251968503935
20
-7.3012842519685037
11
7.4126504330708656
21
-7.3016683070866142
0
LINE
8
BLACK
6
CONTINUOUS
10
7.4126504330708656
20
-7.3016683070866142
11
7.4119724409448819
21
-7.3018031496062994
0
LINE
8
BLACK
6
CONTINUOUS
10
7.4119724409448819
20
-7.3018031496062994
11
7.330082677165354
21
-7.3018031496062994
0
LINE
8
BLACK
6
CONTINUOUS
10
7.330082677165354
20
-7.3018031496062994
11
7.330082677165354
21
-7.3106614173228346
0
LINE
8
BLACK
6
CONTINUOUS
10
7.330082677165354
20
-7.3106614173228346
11
7.3294083858267713
21
-7.3140513385826766
0
LINE
8
BLACK
6
CONTINUOUS
10
7.3294083858267713
20
-7.3140513385826766
11
7.3274881496062987
21
-7.3169251574803145
0
LINE
8
BLACK
6
CONTINUOUS
10
7.3274881496062987
20
-7.3169251574803145
11
7.3246143307086609
21
-7.3188453937007871
0
LINE
8
BLACK
6
CONTINUOUS
10
7.3246143307086609
20
-7.3188453937007871
11
7.3212244094488188
21
-7.3195196850393698
0
LINE
8
BLACK
6
CONTINUOUS
10
7.3212244094488188
20
-7.3195196850393698
11
7.3035078740157475
21
-7.3195196850393698
0
LINE
8
BLACK
6
CONTINUOUS
10
7.3035078740157475
20
-7.3195196850393698
11
7.3001179527559055
21
-7.3188453937007871
0
LINE
8
BLACK
6
CONTINUOUS
10
7.3001179527559055
20
-7.3188453937007871
11
7.2972441338582676
21
-7.3169251574803145
0
LINE
8
BLACK
6
CONTINUOUS
10
7.2972441338582676
20
-7.3169251574803145
11
7.295323897637795
21
-7.3140513385826766
0
LINE
8
BLACK
6
CONTINUOUS
10
7.295323897637795
20
-7.3140513385826766
11
7.2946496062992123
21
-7.3106614173228346
0
LINE
8
BLACK
6
CONTINUOUS
10
7.2946496062992123
20
-7.3106614173228346
11
7.2946496062992123
21
-7.2811338582677161
0
LINE
8
BLACK
6
CONTINUOUS
10
7.2946496062992123
20
-7.2811338582677161
11
7.295323897637795
21
-7.277743937007874
0
LINE
8
BLACK
6
CONTINUOUS
10
7.295323897637795
20
-7.277743937007874
11
7.2972441338582676
21
-7.2748701181102362
0
LINE
8
BLACK
6
CONTINUOUS
10
7.2972441338582676
20
-7.2748701181102362
11
7.3001179527559055
21
-7.2729498818897635
0
LINE
8
BLACK
6
CONTINUOUS
10
7.3001179527559055
20
-7.2729498818897635
11
7.3035078740157475
21
-7.2722755905511809
0
LINE
8
BLACK
6
CONTINUOUS
10
7.3035078740157475
20
-7.2722755905511809
11
7.3212244094488188
21
-7.2722755905511809
0
LINE
8
BLACK
6
CONTINUOUS
10
7.3212244094488188
20
-7.2722755905511809
11
7.3246143307086609
21
-7.2729498818897635
0
LINE
8
BLACK
6
CONTINUOUS
10
11.3222521259842512
20
-7.2729498818897635
11
11.32512594488189
21
-7.2748701181102362
0
LINE
8
BLACK
6
CONTINUOUS
10
11.32512594488189
20
-7.2748701181102362
11
11.3270461811023626
21
-7.277743937007874
0
LINE
8
BLACK
6
CONTINUOUS
10
11.3270461811023626
20
-7.277743937007874
11
11.3277204724409444
21
-7.2811338582677161
0
LINE
8
BLACK
6
CONTINUOUS
10
11.3277204724409444
20
-7.2811338582677161
11
11.3277204724409444
21
-7.3106614173228346
0
LINE
8
BLACK
6
CONTINUOUS
10
11.3277204724409444
20
-7.3106614173228346
11
11.3270461811023626
21
-7.3140513385826766
0
LINE
8
BLACK
6
CONTINUOUS
10
11.3270461811023626
20
-7.3140513385826766
11
11.32512594488189
21
-7.3169251574803145
0
LINE
8
BLACK
6
CONTINUOUS
10
11.32512594488189
20
-7.3169251574803145
11
11.3222521259842512
21
-7.3188453937007871
0
LINE
8
BLACK
6
CONTINUOUS
10
11.3222521259842512
20
-7.3188453937007871
11
11.3188622047244092
21
-7.3195196850393698
0
LINE
8
BLACK
6
CONTINUOUS
10
11.3188622047244092
20
-7.3195196850393698
11
11.3011456692913388
21
-7.3195196850393698
0
LINE
8
BLACK
6
CONTINUOUS
10
11.3011456692913388
20
-7.3195196850393698
11
11.297755748031495
21
-7.3188453937007871
0
LINE
8
BLACK
6
CONTINUOUS
10
11.297755748031495
20
-7.3188453937007871
11
11.294881929133858
21
-7.3169251574803145
0
LINE
8
BLACK
6
CONTINUOUS
10
11.294881929133858
20
-7.3169251574803145
11
11.2929616929133854
21
-7.3140513385826766
0
LINE
8
BLACK
6
CONTINUOUS
10
11.2929616929133854
20
-7.3140513385826766
11
11.2922874015748036
21
-7.3106614173228346
0
LINE
8
BLACK
6
CONTINUOUS
10
11.2922874015748036
20
-7.3106614173228346
11
11.2922874015748036
21
-7.3018031496062994
0
LINE
8
BLACK
6
CONTINUOUS
10
11.2922874015748036
20
-7.3018031496062994
11
11.2054763779527562
21
-7.3018031496062994
0
LINE
8
BLACK
6
CONTINUOUS
10
11.2054763779527562
20
-7.3018031496062994
11
11.2047983858267717
21
-7.3016683070866142
0
LINE
8
BLACK
6
CONTINUOUS
10
11.2047983858267717
20
-7.3016683070866142
11
11.2042236220472446
21
-7.3012842519685037
0
LINE
8
BLACK
6
CONTINUOUS
10
11.2042236220472446
20
-7.3012842519685037
11
11.2038395669291333
21
-7.3007094881889758
0
LINE
8
BLACK
6
CONTINUOUS
10
11.2038395669291333
20
-7.3007094881889758
11
11.2037047244094481
21
-7.3000314960629922
0
LINE
8
BLACK
6
CONTINUOUS
10
11.2037047244094481
20
-7.3000314960629922
11
11.2037047244094481
21
-7.2917637795275585
0
LINE
8
BLACK
6
CONTINUOUS
10
11.2037047244094481
20
-7.2917637795275585
11
11.2038395669291333
21
-7.2910857874015749
0
LINE
8
BLACK
6
CONTINUOUS
10
11.2038395669291333
20
-7.2910857874015749
11
11.2042236220472446
21
-7.2905110236220469
0
LINE
8
BLACK
6
CONTINUOUS
10
11.2042236220472446
20
-7.2905110236220469
11
11.2047983858267717
21
-7.2901269685039365
0
LINE
8
BLACK
6
CONTINUOUS
10
11.2047983858267717
20
-7.2901269685039365
11
11.2054763779527562
21
-7.2899921259842522
0
LINE
8
BLACK
6
CONTINUOUS
10
11.2054763779527562
20
-7.2899921259842522
11
11.2922874015748036
21
-7.2899921259842522
0
LINE
8
BLACK
6
CONTINUOUS
10
11.2922874015748036
20
-7.2899921259842522
11
11.2922874015748036
21
-7.2811338582677161
0
LINE
8
BLACK
6
CONTINUOUS
10
11.2922874015748036
20
-7.2811338582677161
11
11.2929616929133854
21
-7.277743937007874
0
LINE
8
BLACK
6
CONTINUOUS
10
11.2929616929133854
20
-7.277743937007874
11
11.294881929133858
21
-7.2748701181102362
0
LINE
8
BLACK
6
CONTINUOUS
10
11.294881929133858
20
-7.2748701181102362
11
11.297755748031495
21
-7.2729498818897635
0
LINE
8
BLACK
6
CONTINUOUS
10
11.297755748031495
20
-7.2729498818897635
11
11.3011456692913388
21
-7.2722755905511809
0
LINE
8
BLACK
6
CONTINUOUS
10
11.3011456692913388
20
-7.2722755905511809
11
11.3188622047244092
21
-7.2722755905511809
0
LINE
8
BLACK
6
CONTINUOUS
10
11.3188622047244092
20
-7.2722755905511809
11
11.3222521259842512
21
-7.2729498818897635
0
LINE
8
BLACK
6
CONTINUOUS
10
11.4521733858267716
20
-7.2729498818897635
11
11.4550472047244085
21
-7.2748701181102362
0
LINE
8
BLACK
6
CONTINUOUS
10
11.4550472047244085
20
-7.2748701181102362
11
11.4569674409448812
21
-7.277743937007874
0
LINE
8
BLACK
6
CONTINUOUS
10
11.4569674409448812
20
-7.277743937007874
11
11.4576417322834647
21
-7.2811338582677161
0
LINE
8
BLACK
6
CONTINUOUS
10
11.4576417322834647
20
-7.2811338582677161
11
11.4576417322834647
21
-7.2899921259842522
0
LINE
8
BLACK
6
CONTINUOUS
10
11.4576417322834647
20
-7.2899921259842522
11
11.5395314960629918
21
-7.2899921259842522
0
LINE
8
BLACK
6
CONTINUOUS
10
11.5395314960629918
20
-7.2899921259842522
11
11.5402094881889763
21
-7.2901269685039365
0
LINE
8
BLACK
6
CONTINUOUS
10
11.5402094881889763
20
-7.2901269685039365
11
11.5407842519685033
21
-7.2905110236220469
0
LINE
8
BLACK
6
CONTINUOUS
10
11.5407842519685033
20
-7.2905110236220469
11
11.5411683070866147
21
-7.2910857874015749
0
LINE
8
BLACK
6
CONTINUOUS
10
11.5411683070866147
20
-7.2910857874015749
11
11.5413031496062981
21
-7.2917637795275585
0
LINE
8
BLACK
6
CONTINUOUS
10
11.5413031496062981
20
-7.2917637795275585
11
11.5413031496062981
21
-7.3000314960629922
0
LINE
8
BLACK
6
CONTINUOUS
10
11.5413031496062981
20
-7.3000314960629922
11
11.5411683070866147
21
-7.3007094881889758
0
LINE
8
BLACK
6
CONTINUOUS
10
11.5411683070866147
20
-7.3007094881889758
11
11.5407842519685033
21
-7.3012842519685037
0
LINE
8
BLACK
6
CONTINUOUS
10
11.5407842519685033
20
-7.3012842519685037
11
11.5402094881889763
21
-7.3016683070866142
0
LINE
8
BLACK
6
CONTINUOUS
10
11.5402094881889763
20
-7.3016683070866142
11
11.5395314960629918
21
-7.3018031496062994
0
LINE
8
BLACK
6
CONTINUOUS
10
11.5395314960629918
20
-7.3018031496062994
11
11.4576417322834647
21
-7.3018031496062994
0
LINE
8
BLACK
6
CONTINUOUS
10
11.4576417322834647
20
-7.3018031496062994
11
11.4576417322834647
21
-7.3106614173228346
0
LINE
8
BLACK
6
CONTINUOUS
10
11.4576417322834647
20
-7.3106614173228346
11
11.4569674409448812
21
-7.3140513385826766
0
LINE
8
BLACK
6
CONTINUOUS
10
11.4569674409448812
20
-7.3140513385826766
11
11.4550472047244085
21
-7.3169251574803145
0
LINE
8
BLACK
6
CONTINUOUS
10
11.4550472047244085
20
-7.3169251574803145
11
11.4521733858267716
21
-7.3188453937007871
0
LINE
8
BLACK
6
CONTINUOUS
10
11.4521733858267716
20
-7.3188453937007871
11
11.4487834645669295
21
-7.3195196850393698
0
LINE
8
BLACK
6
CONTINUOUS
10
11.4487834645669295
20
-7.3195196850393698
11
11.4310669291338574
21
-7.3195196850393698
0
LINE
8
BLACK
6
CONTINUOUS
10
11.4310669291338574
20
-7.3195196850393698
11
11.4276770078740153
21
-7.3188453937007871
0
LINE
8
BLACK
6
CONTINUOUS
10
11.4276770078740153
20
-7.3188453937007871
11
11.4248031889763784
21
-7.3169251574803145
0
LINE
8
BLACK
6
CONTINUOUS
10
11.4248031889763784
20
-7.3169251574803145
11
11.4228829527559057
21
-7.3140513385826766
0
LINE
8
BLACK
6
CONTINUOUS
10
11.4228829527559057
20
-7.3140513385826766
11
11.4222086614173222
21
-7.3106614173228346
0
LINE
8
BLACK
6
CONTINUOUS
10
11.4222086614173222
20
-7.3106614173228346
11
11.4222086614173222
21
-7.2811338582677161
0
LINE
8
BLACK
6
CONTINUOUS
10
11.4222086614173222
20
-7.2811338582677161
11
11.4228829527559057
21
-7.277743937007874
0
LINE
8
BLACK
6
CONTINUOUS
10
11.4228829527559057
20
-7.277743937007874
11
11.4248031889763784
21
-7.2748701181102362
0
LINE
8
BLACK
6
CONTINUOUS
10
11.4248031889763784
20
-7.2748701181102362
11
11.4276770078740153
21
-7.2729498818897635
0
LINE
8
BLACK
6
CONTINUOUS
10
11.4276770078740153
20
-7.2729498818897635
11
11.4310669291338574
21
-7.2722755905511809
0
LINE
8
BLACK
6
CONTINUOUS
10
11.4310669291338574
20
-7.2722755905511809
11
11.4487834645669295
21
-7.2722755905511809
0
LINE
8
BLACK
6
CONTINUOUS
10
11.4487834645669295
20
-7.2722755905511809
11
11.4521733858267716
21
-7.2729498818897635
0
LINE
8
BLACK
6
CONTINUOUS
10
5.1651655118110238
20
-7.2375168110236219
11
5.1680393307086616
21
-7.2394370472440945
0
LINE
8
BLACK
6
CONTINUOUS
10
5.1680393307086616
20
-7.2394370472440945
11
5.1699595669291334
21
-7.2423108661417324
0
LINE
8
BLACK
6
CONTINUOUS
10
5.1699595669291334
20
-7.2423108661417324
11
5.170633858267716
21
-7.2457007874015744
0
LINE
8
BLACK
6
CONTINUOUS
10
5.170633858267716
20
-7.2457007874015744
11
5.170633858267716
21
-7.2752283464566929
0
LINE
8
BLACK
6
CONTINUOUS
10
5.170633858267716
20
-7.2752283464566929
11
5.1699595669291334
21
-7.278618267716535
0
LINE
8
BLACK
6
CONTINUOUS
10
5.1699595669291334
20
-7.278618267716535
11
5.1680393307086616
21
-7.2814920866141728
0
LINE
8
BLACK
6
CONTINUOUS
10
5.1680393307086616
20
-7.2814920866141728
11
5.1651655118110238
21
-7.2834123228346455
0
LINE
8
BLACK
6
CONTINUOUS
10
5.1651655118110238
20
-7.2834123228346455
11
5.1617755905511808
21
-7.2840866141732281
0
LINE
8
BLACK
6
CONTINUOUS
10
5.1617755905511808
20
-7.2840866141732281
11
5.1440590551181105
21
-7.2840866141732281
0
LINE
8
BLACK
6
CONTINUOUS
10
5.1440590551181105
20
-7.2840866141732281
11
5.1406691338582675
21
-7.2834123228346455
0
LINE
8
BLACK
6
CONTINUOUS
10
5.1406691338582675
20
-7.2834123228346455
11
5.1377953149606297
21
-7.2814920866141728
0
LINE
8
BLACK
6
CONTINUOUS
10
5.1377953149606297
20
-7.2814920866141728
11
5.135875078740157
21
-7.278618267716535
0
LINE
8
BLACK
6
CONTINUOUS
10
5.135875078740157
20
-7.278618267716535
11
5.1352007874015744
21
-7.2752283464566929
0
LINE
8
BLACK
6
CONTINUOUS
10
5.1352007874015744
20
-7.2752283464566929
11
5.1352007874015744
21
-7.2663700787401577
0
LINE
8
BLACK
6
CONTINUOUS
10
5.1352007874015744
20
-7.2663700787401577
11
5.0483897637795279
21
-7.2663700787401577
0
LINE
8
BLACK
6
CONTINUOUS
10
5.0483897637795279
20
-7.2663700787401577
11
5.0477117716535433
21
-7.2662352362204725
0
LINE
8
BLACK
6
CONTINUOUS
10
5.0477117716535433
20
-7.2662352362204725
11
5.0471370078740154
21
-7.2658511811023621
0
LINE
8
BLACK
6
CONTINUOUS
10
5.0471370078740154
20
-7.2658511811023621
11
5.046752952755905
21
-7.2652764173228341
0
LINE
8
BLACK
6
CONTINUOUS
10
5.046752952755905
20
-7.2652764173228341
11
5.0466181102362206
21
-7.2645984251968505
0
LINE
8
BLACK
6
CONTINUOUS
10
5.0466181102362206
20
-7.2645984251968505
11
5.0466181102362206
21
-7.2563307086614168
0
LINE
8
BLACK
6
CONTINUOUS
10
5.0466181102362206
20
-7.2563307086614168
11
5.046752952755905
21
-7.2556527165354332
0
LINE
8
BLACK
6
CONTINUOUS
10
5.046752952755905
20
-7.2556527165354332
11
5.0471370078740154
21
-7.2550779527559053
0
LINE
8
BLACK
6
CONTINUOUS
10
5.0471370078740154
20
-7.2550779527559053
11
5.0477117716535433
21
-7.2546938976377948
0
LINE
8
BLACK
6
CONTINUOUS
10
5.0477117716535433
20
-7.2546938976377948
11
5.0483897637795279
21
-7.2545590551181105
0
LINE
8
BLACK
6
CONTINUOUS
10
5.0483897637795279
20
-7.2545590551181105
11
5.1352007874015744
21
-7.2545590551181105
0
LINE
8
BLACK
6
CONTINUOUS
10
5.1352007874015744
20
-7.2545590551181105
11
5.1352007874015744
21
-7.2457007874015744
0
LINE
8
BLACK
6
CONTINUOUS
10
5.1352007874015744
20
-7.2457007874015744
11
5.135875078740157
21
-7.2423108661417324
0
LINE
8
BLACK
6
CONTINUOUS
10
5.135875078740157
20
-7.2423108661417324
11
5.1377953149606297
21
-7.2394370472440945
0
LINE
8
BLACK
6
CONTINUOUS
10
5.1377953149606297
20
-7.2394370472440945
11
5.1406691338582675
21
-7.2375168110236219
0
LINE
8
BLACK
6
CONTINUOUS
10
5.1406691338582675
20
-7.2375168110236219
11
5.1440590551181105
21
-7.2368425196850392
0
LINE
8
BLACK
6
CONTINUOUS
10
5.1440590551181105
20
-7.2368425196850392
11
5.1617755905511808
21
-7.2368425196850392
0
LINE
8
BLACK
6
CONTINUOUS
10
5.1617755905511808
20
-7.2368425196850392
11
5.1651655118110238
21
-7.2375168110236219
0
LINE
8
BLACK
6
CONTINUOUS
10
5.2950867716535432
20
-7.2375168110236219
11
5.2979605905511811
21
-7.2394370472440945
0
LINE
8
BLACK
6
CONTINUOUS
10
5.2979605905511811
20
-7.2394370472440945
11
5.2998808267716537
21
-7.2423108661417324
0
LINE
8
BLACK
6
CONTINUOUS
10
5.2998808267716537
20
-7.2423108661417324
11
5.3005551181102364
21
-7.2457007874015744
0
LINE
8
BLACK
6
CONTINUOUS
10
5.3005551181102364
20
-7.2457007874015744
11
5.3005551181102364
21
-7.2545590551181105
0
LINE
8
BLACK
6
CONTINUOUS
10
5.3005551181102364
20
-7.2545590551181105
11
5.3824448818897634
21
-7.2545590551181105
0
LINE
8
BLACK
6
CONTINUOUS
10
5.3824448818897634
20
-7.2545590551181105
11
5.383122874015748
21
-7.2546938976377948
0
LINE
8
BLACK
6
CONTINUOUS
10
5.383122874015748
20
-7.2546938976377948
11
5.3836976377952759
21
-7.2550779527559053
0
LINE
8
BLACK
6
CONTINUOUS
10
5.3836976377952759
20
-7.2550779527559053
11
5.3840816929133855
21
-7.2556527165354332
0
LINE
8
BLACK
6
CONTINUOUS
10
5.3840816929133855
20
-7.2556527165354332
11
5.3842165354330707
21
-7.2563307086614168
0
LINE
8
BLACK
6
CONTINUOUS
10
5.3842165354330707
20
-7.2563307086614168
11
5.3842165354330707
21
-7.2645984251968505
0
LINE
8
BLACK
6
CONTINUOUS
10
5.3842165354330707
20
-7.2645984251968505
11
5.3840816929133855
21
-7.2652764173228341
0
LINE
8
BLACK
6
CONTINUOUS
10
5.3840816929133855
20
-7.2652764173228341
11
5.3836976377952759
21
-7.2658511811023621
0
LINE
8
BLACK
6
CONTINUOUS
10
5.3836976377952759
20
-7.2658511811023621
11
5.383122874015748
21
-7.2662352362204725
0
LINE
8
BLACK
6
CONTINUOUS
10
5.383122874015748
20
-7.2662352362204725
11
5.3824448818897634
21
-7.2663700787401577
0
LINE
8
BLACK
6
CONTINUOUS
10
5.3824448818897634
20
-7.2663700787401577
11
5.3005551181102364
21
-7.2663700787401577
0
LINE
8
BLACK
6
CONTINUOUS
10
5.3005551181102364
20
-7.2663700787401577
11
5.3005551181102364
21
-7.2752283464566929
0
LINE
8
BLACK
6
CONTINUOUS
10
5.3005551181102364
20
-7.2752283464566929
11
5.2998808267716537
21
-7.278618267716535
0
LINE
8
BLACK
6
CONTINUOUS
10
5.2998808267716537
20
-7.278618267716535
11
5.2979605905511811
21
-7.2814920866141728
0
LINE
8
BLACK
6
CONTINUOUS
10
5.2979605905511811
20
-7.2814920866141728
11
5.2950867716535432
21
-7.2834123228346455
0
LINE
8
BLACK
6
CONTINUOUS
10
5.2950867716535432
20
-7.2834123228346455
11
5.2916968503937003
21
-7.2840866141732281
0
LINE
8
BLACK
6
CONTINUOUS
10
5.2916968503937003
20
-7.2840866141732281
11
5.2739803149606299
21
-7.2840866141732281
0
LINE
8
BLACK
6
CONTINUOUS
10
5.2739803149606299
20
-7.2840866141732281
11
5.270590393700787
21
-7.2834123228346455
0
LINE
8
BLACK
6
CONTINUOUS
10
5.270590393700787
20
-7.2834123228346455
11
5.2677165748031491
21
-7.2814920866141728
0
LINE
8
BLACK
6
CONTINUOUS
10
5.2677165748031491
20
-7.2814920866141728
11
5.2657963385826774
21
-7.278618267716535
0
LINE
8
BLACK
6
CONTINUOUS
10
5.2657963385826774
20
-7.278618267716535
11
5.2651220472440947
21
-7.2752283464566929
0
LINE
8
BLACK
6
CONTINUOUS
10
5.2651220472440947
20
-7.2752283464566929
11
5.2651220472440947
21
-7.2457007874015744
0
LINE
8
BLACK
6
CONTINUOUS
10
5.2651220472440947
20
-7.2457007874015744
11
5.2657963385826774
21
-7.2423108661417324
0
LINE
8
BLACK
6
CONTINUOUS
10
5.2657963385826774
20
-7.2423108661417324
11
5.2677165748031491
21
-7.2394370472440945
0
LINE
8
BLACK
6
CONTINUOUS
10
5.2677165748031491
20
-7.2394370472440945
11
5.270590393700787
21
-7.2375168110236219
0
LINE
8
BLACK
6
CONTINUOUS
10
5.270590393700787
20
-7.2375168110236219
11
5.2739803149606299
21
-7.2368425196850392
0
LINE
8
BLACK
6
CONTINUOUS
10
5.2739803149606299
20
-7.2368425196850392
11
5.2916968503937003
21
-7.2368425196850392
0
LINE
8
BLACK
6
CONTINUOUS
10
5.2916968503937003
20
-7.2368425196850392
11
5.2950867716535432
21
-7.2375168110236219
0
LINE
8
BLACK
6
CONTINUOUS
10
3.4951181102362203
20
-7.2546535433070867
11
3.4045669291338583
21
-7.2546535433070867
0
LINE
8
BLACK
6
CONTINUOUS
10
3.4045669291338583
20
-7.2546535433070867
11
3.4045669291338583
21
-7.1759133858267719
0
LINE
8
BLACK
6
CONTINUOUS
10
3.4045669291338583
20
-7.1759133858267719
11
3.4951181102362203
21
-7.1759133858267719
0
LINE
8
BLACK
6
CONTINUOUS
10
3.4951181102362203
20
-7.1759133858267719
11
3.4951181102362203
21
-7.2546535433070867
0
LINE
8
BLACK
6
CONTINUOUS
10
12.7730551181102356
20
-7.2546535433070867
11
12.6825039370078745
21
-7.2546535433070867
0
LINE
8
BLACK
6
CONTINUOUS
10
12.6825039370078745
20
-7.2546535433070867
11
12.6825039370078745
21
-7.1759133858267719
0
LINE
8
BLACK
6
CONTINUOUS
10
12.6825039370078745
20
-7.1759133858267719
11
12.7730551181102356
21
-7.1759133858267719
0
LINE
8
BLACK
6
CONTINUOUS
10
12.7730551181102356
20
-7.1759133858267719
11
12.7730551181102356
21
-7.2546535433070867
0
LINE
8
BLACK
6
CONTINUOUS
10
2.7031338582677167
20
-7.2543464566929128
11
2.6125826771653542
21
-7.2543464566929128
0
LINE
8
BLACK
6
CONTINUOUS
10
2.6125826771653542
20
-7.2543464566929128
11
2.6125826771653542
21
-7.175606299212598
0
LINE
8
BLACK
6
CONTINUOUS
10
2.6125826771653542
20
-7.175606299212598
11
2.7031338582677167
21
-7.175606299212598
0
LINE
8
BLACK
6
CONTINUOUS
10
2.7031338582677167
20
-7.175606299212598
11
2.7031338582677167
21
-7.2543464566929128
0
LINE
8
BLACK
6
CONTINUOUS
10
13.5650393700787397
20
-7.2543464566929128
11
13.4744881889763768
21
-7.2543464566929128
0
LINE
8
BLACK
6
CONTINUOUS
10
13.4744881889763768
20
-7.2543464566929128
11
13.4744881889763768
21
-7.175606299212598
0
LINE
8
BLACK
6
CONTINUOUS
10
13.4744881889763768
20
-7.175606299212598
11
13.5650393700787397
21
-7.175606299212598
0
LINE
8
BLACK
6
CONTINUOUS
10
13.5650393700787397
20
-7.175606299212598
11
13.5650393700787397
21
-7.2543464566929128
0
LINE
8
BLACK
6
CONTINUOUS
10
9.7303901574803149
20
-7.1573403543307084
11
9.641214645669292
21
-7.173064409448819
0
LINE
8
BLACK
6
CONTINUOUS
10
9.641214645669292
20
-7.173064409448819
11
9.6275415748031499
21
-7.0955205118110234
0
LINE
8
BLACK
6
CONTINUOUS
10
9.6275415748031499
20
-7.0955205118110234
11
9.7167170866141728
21
-7.0797964566929128
0
LINE
8
BLACK
6
CONTINUOUS
10
9.7167170866141728
20
-7.0797964566929128
11
9.7303901574803149
21
-7.1573403543307084
0
LINE
8
BLACK
6
CONTINUOUS
10
3.9951181102362203
20
-7.1546535433070861
11
3.9045669291338583
21
-7.1546535433070861
0
LINE
8
BLACK
6
CONTINUOUS
10
3.9045669291338583
20
-7.1546535433070861
11
3.9045669291338583
21
-7.0759133858267713
0
LINE
8
BLACK
6
CONTINUOUS
10
3.9045669291338583
20
-7.0759133858267713
11
3.9951181102362203
21
-7.0759133858267713
0
LINE
8
BLACK
6
CONTINUOUS
10
3.9951181102362203
20
-7.0759133858267713
11
3.9951181102362203
21
-7.1546535433070861
0
LINE
8
BLACK
6
CONTINUOUS
10
13.2730551181102356
20
-7.1546535433070861
11
13.1825039370078745
21
-7.1546535433070861
0
LINE
8
BLACK
6
CONTINUOUS
10
13.1825039370078745
20
-7.1546535433070861
11
13.1825039370078745
21
-7.0759133858267713
0
LINE
8
BLACK
6
CONTINUOUS
10
13.1825039370078745
20
-7.0759133858267713
11
13.2730551181102356
21
-7.0759133858267713
0
LINE
8
BLACK
6
CONTINUOUS
10
13.2730551181102356
20
-7.0759133858267713
11
13.2730551181102356
21
-7.1546535433070861
0
LINE
8
BLACK
6
CONTINUOUS
10
3.2031338582677167
20
-7.1543464566929131
11
3.1125826771653542
21
-7.1543464566929131
0
LINE
8
BLACK
6
CONTINUOUS
10
3.1125826771653542
20
-7.1543464566929131
11
3.1125826771653542
21
-7.0756062992125983
0
LINE
8
BLACK
6
CONTINUOUS
10
3.1125826771653542
20
-7.0756062992125983
11
3.2031338582677167
21
-7.0756062992125983
0
LINE
8
BLACK
6
CONTINUOUS
10
3.2031338582677167
20
-7.0756062992125983
11
3.2031338582677167
21
-7.1543464566929131
0
LINE
8
BLACK
6
CONTINUOUS
10
14.0650393700787397
20
-7.1543464566929131
11
13.9744881889763768
21
-7.1543464566929131
0
LINE
8
BLACK
6
CONTINUOUS
10
13.9744881889763768
20
-7.1543464566929131
11
13.9744881889763768
21
-7.0756062992125983
0
LINE
8
BLACK
6
CONTINUOUS
10
13.9744881889763768
20
-7.0756062992125983
11
14.0650393700787397
21
-7.0756062992125983
0
LINE
8
BLACK
6
CONTINUOUS
10
14.0650393700787397
20
-7.0756062992125983
11
14.0650393700787397
21
-7.1543464566929131
0
LINE
8
BLACK
6
CONTINUOUS
10
6.5584501968503934
20
-6.9998089370078738
11
6.5447771259842522
21
-7.0773528346456693
0
LINE
8
BLACK
6
CONTINUOUS
10
6.5447771259842522
20
-7.0773528346456693
11
6.4556016141732284
21
-7.0616287795275587
0
LINE
8
BLACK
6
CONTINUOUS
10
6.4556016141732284
20
-7.0616287795275587
11
6.4692746850393696
21
-6.9840848818897641
0
LINE
8
BLACK
6
CONTINUOUS
10
6.4692746850393696
20
-6.9840848818897641
11
6.5584501968503934
21
-6.9998089370078738
0
LINE
8
BLACK
6
CONTINUOUS
10
7.0682188976377951
20
-6.9881522440944881
11
7.054545826771653
21
-7.0656961417322837
0
LINE
8
BLACK
6
CONTINUOUS
10
7.054545826771653
20
-7.0656961417322837
11
6.9653703149606301
21
-7.0499720866141731
0
LINE
8
BLACK
6
CONTINUOUS
10
6.9653703149606301
20
-7.0499720866141731
11
6.9790433858267713
21
-6.9724281889763775
0
LINE
8
BLACK
6
CONTINUOUS
10
6.9790433858267713
20
-6.9724281889763775
11
7.0682188976377951
21
-6.9881522440944881
0
LINE
8
BLACK
6
CONTINUOUS
10
11.6238269291338572
20
-7.0131073622047246
11
11.6267007480314959
21
-7.0150275984251964
0
LINE
8
BLACK
6
CONTINUOUS
10
11.6267007480314959
20
-7.0150275984251964
11
11.6286209842519686
21
-7.0179014173228342
0
LINE
8
BLACK
6
CONTINUOUS
10
11.6286209842519686
20
-7.0179014173228342
11
11.6292952755905503
21
-7.0212913385826772
0
LINE
8
BLACK
6
CONTINUOUS
10
11.6292952755905503
20
-7.0212913385826772
11
11.6292952755905503
21
-7.0508188976377948
0
LINE
8
BLACK
6
CONTINUOUS
10
11.6292952755905503
20
-7.0508188976377948
11
11.6286209842519686
21
-7.0542088188976377
0
LINE
8
BLACK
6
CONTINUOUS
10
11.6286209842519686
20
-7.0542088188976377
11
11.6267007480314959
21
-7.0570826377952756
0
LINE
8
BLACK
6
CONTINUOUS
10
11.6267007480314959
20
-7.0570826377952756
11
11.6238269291338572
21
-7.0590028740157482
0
LINE
8
BLACK
6
CONTINUOUS
10
11.6238269291338572
20
-7.0590028740157482
11
11.6204370078740151
21
-7.0596771653543309
0
LINE
8
BLACK
6
CONTINUOUS
10
11.6204370078740151
20
-7.0596771653543309
11
11.6027204724409447
21
-7.0596771653543309
0
LINE
8
BLACK
6
CONTINUOUS
10
11.6027204724409447
20
-7.0596771653543309
11
11.5993305511811027
21
-7.0590028740157482
0
LINE
8
BLACK
6
CONTINUOUS
10
11.5993305511811027
20
-7.0590028740157482
11
11.596456732283464
21
-7.0570826377952756
0
LINE
8
BLACK
6
CONTINUOUS
10
11.596456732283464
20
-7.0570826377952756
11
11.5945364960629913
21
-7.0542088188976377
0
LINE
8
BLACK
6
CONTINUOUS
10
11.5945364960629913
20
-7.0542088188976377
11
11.5938622047244095
21
-7.0508188976377948
0
LINE
8
BLACK
6
CONTINUOUS
10
11.5938622047244095
20
-7.0508188976377948
11
11.5938622047244095
21
-7.0419606299212596
0
LINE
8
BLACK
6
CONTINUOUS
10
11.5938622047244095
20
-7.0419606299212596
11
11.5070511811023621
21
-7.0419606299212596
0
LINE
8
BLACK
6
CONTINUOUS
10
11.5070511811023621
20
-7.0419606299212596
11
11.5063731889763776
21
-7.0418257874015744
0
LINE
8
BLACK
6
CONTINUOUS
10
11.5063731889763776
20
-7.0418257874015744
11
11.5057984251968506
21
-7.0414417322834648
0
LINE
8
BLACK
6
CONTINUOUS
10
11.5057984251968506
20
-7.0414417322834648
11
11.5054143700787392
21
-7.0408669685039369
0
LINE
8
BLACK
6
CONTINUOUS
10
11.5054143700787392
20
-7.0408669685039369
11
11.505279527559054
21
-7.0401889763779524
0
LINE
8
BLACK
6
CONTINUOUS
10
11.505279527559054
20
-7.0401889763779524
11
11.505279527559054
21
-7.0319212598425196
0
LINE
8
BLACK
6
CONTINUOUS
10
11.505279527559054
20
-7.0319212598425196
11
11.5054143700787392
21
-7.0312432677165351
0
LINE
8
BLACK
6
CONTINUOUS
10
11.5054143700787392
20
-7.0312432677165351
11
11.5057984251968506
21
-7.030668503937008
0
LINE
8
BLACK
6
CONTINUOUS
10
11.5057984251968506
20
-7.030668503937008
11
11.5063731889763776
21
-7.0302844488188976
0
LINE
8
BLACK
6
CONTINUOUS
10
11.5063731889763776
20
-7.0302844488188976
11
11.5070511811023621
21
-7.0301496062992124
0
LINE
8
BLACK
6
CONTINUOUS
10
11.5070511811023621
20
-7.0301496062992124
11
11.5938622047244095
21
-7.0301496062992124
0
LINE
8
BLACK
6
CONTINUOUS
10
11.5938622047244095
20
-7.0301496062992124
11
11.5938622047244095
21
-7.0212913385826772
0
LINE
8
BLACK
6
CONTINUOUS
10
11.5938622047244095
20
-7.0212913385826772
11
11.5945364960629913
21
-7.0179014173228342
0
LINE
8
BLACK
6
CONTINUOUS
10
11.5945364960629913
20
-7.0179014173228342
11
11.596456732283464
21
-7.0150275984251964
0
LINE
8
BLACK
6
CONTINUOUS
10
11.596456732283464
20
-7.0150275984251964
11
11.5993305511811027
21
-7.0131073622047246
0
LINE
8
BLACK
6
CONTINUOUS
10
11.5993305511811027
20
-7.0131073622047246
11
11.6027204724409447
21
-7.012433070866142
0
LINE
8
BLACK
6
CONTINUOUS
10
11.6027204724409447
20
-7.012433070866142
11
11.6204370078740151
21
-7.012433070866142
0
LINE
8
BLACK
6
CONTINUOUS
10
11.6204370078740151
20
-7.012433070866142
11
11.6238269291338572
21
-7.0131073622047246
0
LINE
8
BLACK
6
CONTINUOUS
10
11.7537481889763775
20
-7.0131073622047246
11
11.7566220078740162
21
-7.0150275984251964
0
LINE
8
BLACK
6
CONTINUOUS
10
11.7566220078740162
20
-7.0150275984251964
11
11.7585422440944871
21
-7.0179014173228342
0
LINE
8
BLACK
6
CONTINUOUS
10
11.7585422440944871
20
-7.0179014173228342
11
11.7592165354330707
21
-7.0212913385826772
0
LINE
8
BLACK
6
CONTINUOUS
10
11.7592165354330707
20
-7.0212913385826772
11
11.7592165354330707
21
-7.0301496062992124
0
LINE
8
BLACK
6
CONTINUOUS
10
11.7592165354330707
20
-7.0301496062992124
11
11.8411062992125977
21
-7.0301496062992124
0
LINE
8
BLACK
6
CONTINUOUS
10
11.8411062992125977
20
-7.0301496062992124
11
11.8417842913385822
21
-7.0302844488188976
0
LINE
8
BLACK
6
CONTINUOUS
10
11.8417842913385822
20
-7.0302844488188976
11
11.8423590551181093
21
-7.030668503937008
0
LINE
8
BLACK
6
CONTINUOUS
10
11.8423590551181093
20
-7.030668503937008
11
11.8427431102362206
21
-7.0312432677165351
0
LINE
8
BLACK
6
CONTINUOUS
10
11.8427431102362206
20
-7.0312432677165351
11
11.8428779527559058
21
-7.0319212598425196
0
LINE
8
BLACK
6
CONTINUOUS
10
11.8428779527559058
20
-7.0319212598425196
11
11.8428779527559058
21
-7.0401889763779524
0
LINE
8
BLACK
6
CONTINUOUS
10
11.8428779527559058
20
-7.0401889763779524
11
11.8427431102362206
21
-7.0408669685039369
0
LINE
8
BLACK
6
CONTINUOUS
10
11.8427431102362206
20
-7.0408669685039369
11
11.8423590551181093
21
-7.0414417322834648
0
LINE
8
BLACK
6
CONTINUOUS
10
11.8423590551181093
20
-7.0414417322834648
11
11.8417842913385822
21
-7.0418257874015744
0
LINE
8
BLACK
6
CONTINUOUS
10
11.8417842913385822
20
-7.0418257874015744
11
11.8411062992125977
21
-7.0419606299212596
0
LINE
8
BLACK
6
CONTINUOUS
10
11.8411062992125977
20
-7.0419606299212596
11
11.7592165354330707
21
-7.0419606299212596
0
LINE
8
BLACK
6
CONTINUOUS
10
11.7592165354330707
20
-7.0419606299212596
11
11.7592165354330707
21
-7.0508188976377948
0
LINE
8
BLACK
6
CONTINUOUS
10
11.7592165354330707
20
-7.0508188976377948
11
11.7585422440944871
21
-7.0542088188976377
0
LINE
8
BLACK
6
CONTINUOUS
10
11.7585422440944871
20
-7.0542088188976377
11
11.7566220078740162
21
-7.0570826377952756
0
LINE
8
BLACK
6
CONTINUOUS
10
11.7566220078740162
20
-7.0570826377952756
11
11.7537481889763775
21
-7.0590028740157482
0
LINE
8
BLACK
6
CONTINUOUS
10
11.7537481889763775
20
-7.0590028740157482
11
11.7503582677165355
21
-7.0596771653543309
0
LINE
8
BLACK
6
CONTINUOUS
10
11.7503582677165355
20
-7.0596771653543309
11
11.7326417322834651
21
-7.0596771653543309
0
LINE
8
BLACK
6
CONTINUOUS
10
11.7326417322834651
20
-7.0596771653543309
11
11.7292518110236212
21
-7.0590028740157482
0
LINE
8
BLACK
6
CONTINUOUS
10
11.7292518110236212
20
-7.0590028740157482
11
11.7263779921259843
21
-7.0570826377952756
0
LINE
8
BLACK
6
CONTINUOUS
10
11.7263779921259843
20
-7.0570826377952756
11
11.7244577559055116
21
-7.0542088188976377
0
LINE
8
BLACK
6
CONTINUOUS
10
11.7244577559055116
20
-7.0542088188976377
11
11.7237834645669281
21
-7.0508188976377948
0
LINE
8
BLACK
6
CONTINUOUS
10
11.7237834645669281
20
-7.0508188976377948
11
11.7237834645669281
21
-7.0212913385826772
0
LINE
8
BLACK
6
CONTINUOUS
10
11.7237834645669281
20
-7.0212913385826772
11
11.7244577559055116
21
-7.0179014173228342
0
LINE
8
BLACK
6
CONTINUOUS
10
11.7244577559055116
20
-7.0179014173228342
11
11.7263779921259843
21
-7.0150275984251964
0
LINE
8
BLACK
6
CONTINUOUS
10
11.7263779921259843
20
-7.0150275984251964
11
11.7292518110236212
21
-7.0131073622047246
0
LINE
8
BLACK
6
CONTINUOUS
10
11.7292518110236212
20
-7.0131073622047246
11
11.7326417322834651
21
-7.012433070866142
0
LINE
8
BLACK
6
CONTINUOUS
10
11.7326417322834651
20
-7.012433070866142
11
11.7503582677165355
21
-7.012433070866142
0
LINE
8
BLACK
6
CONTINUOUS
10
11.7503582677165355
20
-7.012433070866142
11
11.7537481889763775
21
-7.0131073622047246
0
LINE
8
BLACK
6
CONTINUOUS
10
3.2671340157480313
20
-6.9481467322834645
11
3.2700078346456691
21
-6.9500669685039371
0
LINE
8
BLACK
6
CONTINUOUS
10
3.2700078346456691
20
-6.9500669685039371
11
3.2719280708661418
21
-6.952940787401575
0
LINE
8
BLACK
6
CONTINUOUS
10
3.2719280708661418
20
-6.952940787401575
11
3.2726023622047244
21
-6.956330708661417
0
LINE
8
BLACK
6
CONTINUOUS
10
3.2726023622047244
20
-6.956330708661417
11
3.2726023622047244
21
-6.9858582677165355
0
LINE
8
BLACK
6
CONTINUOUS
10
3.2726023622047244
20
-6.9858582677165355
11
3.2719280708661418
21
-6.9892481889763776
0
LINE
8
BLACK
6
CONTINUOUS
10
3.2719280708661418
20
-6.9892481889763776
11
3.2700078346456691
21
-6.9921220078740154
0
LINE
8
BLACK
6
CONTINUOUS
10
3.2700078346456691
20
-6.9921220078740154
11
3.2671340157480313
21
-6.994042244094488
0
LINE
8
BLACK
6
CONTINUOUS
10
3.2671340157480313
20
-6.994042244094488
11
3.2637440944881888
21
-6.9947165354330707
0
LINE
8
BLACK
6
CONTINUOUS
10
3.2637440944881888
20
-6.9947165354330707
11
3.246027559055118
21
-6.9947165354330707
0
LINE
8
BLACK
6
CONTINUOUS
10
3.246027559055118
20
-6.9947165354330707
11
3.2426376377952755
21
-6.994042244094488
0
LINE
8
BLACK
6
CONTINUOUS
10
3.2426376377952755
20
-6.994042244094488
11
3.2397638188976376
21
-6.9921220078740154
0
LINE
8
BLACK
6
CONTINUOUS
10
3.2397638188976376
20
-6.9921220078740154
11
3.2378435826771654
21
-6.9892481889763776
0
LINE
8
BLACK
6
CONTINUOUS
10
3.2378435826771654
20
-6.9892481889763776
11
3.2371692913385828
21
-6.9858582677165355
0
LINE
8
BLACK
6
CONTINUOUS
10
3.2371692913385828
20
-6.9858582677165355
11
3.2371692913385828
21
-6.9769999999999994
0
LINE
8
BLACK
6
CONTINUOUS
10
3.2371692913385828
20
-6.9769999999999994
11
3.1503582677165354
21
-6.9769999999999994
0
LINE
8
BLACK
6
CONTINUOUS
10
3.1503582677165354
20
-6.9769999999999994
11
3.1496802755905513
21
-6.9768651574803151
0
LINE
8
BLACK
6
CONTINUOUS
10
3.1496802755905513
20
-6.9768651574803151
11
3.1491055118110234
21
-6.9764811023622046
0
LINE
8
BLACK
6
CONTINUOUS
10
3.1491055118110234
20
-6.9764811023622046
11
3.1487214566929134
21
-6.9759063385826767
0
LINE
8
BLACK
6
CONTINUOUS
10
3.1487214566929134
20
-6.9759063385826767
11
3.1485866141732282
21
-6.9752283464566931
0
LINE
8
BLACK
6
CONTINUOUS
10
3.1485866141732282
20
-6.9752283464566931
11
3.1485866141732282
21
-6.9669606299212594
0
LINE
8
BLACK
6
CONTINUOUS
10
3.1485866141732282
20
-6.9669606299212594
11
3.1487214566929134
21
-6.9662826377952758
0
LINE
8
BLACK
6
CONTINUOUS
10
3.1487214566929134
20
-6.9662826377952758
11
3.1491055118110234
21
-6.9657078740157479
0
LINE
8
BLACK
6
CONTINUOUS
10
3.1491055118110234
20
-6.9657078740157479
11
3.1496802755905513
21
-6.9653238188976374
0
LINE
8
BLACK
6
CONTINUOUS
10
3.1496802755905513
20
-6.9653238188976374
11
3.1503582677165354
21
-6.9651889763779522
0
LINE
8
BLACK
6
CONTINUOUS
10
3.1503582677165354
20
-6.9651889763779522
11
3.2371692913385828
21
-6.9651889763779522
0
LINE
8
BLACK
6
CONTINUOUS
10
3.2371692913385828
20
-6.9651889763779522
11
3.2371692913385828
21
-6.956330708661417
0
LINE
8
BLACK
6
CONTINUOUS
10
3.2371692913385828
20
-6.956330708661417
11
3.2378435826771654
21
-6.952940787401575
0
LINE
8
BLACK
6
CONTINUOUS
10
3.2378435826771654
20
-6.952940787401575
11
3.2397638188976376
21
-6.9500669685039371
0
LINE
8
BLACK
6
CONTINUOUS
10
3.2397638188976376
20
-6.9500669685039371
11
3.2426376377952755
21
-6.9481467322834645
0
LINE
8
BLACK
6
CONTINUOUS
10
3.2426376377952755
20
-6.9481467322834645
11
3.246027559055118
21
-6.9474724409448818
0
LINE
8
BLACK
6
CONTINUOUS
10
3.246027559055118
20
-6.9474724409448818
11
3.2637440944881888
21
-6.9474724409448818
0
LINE
8
BLACK
6
CONTINUOUS
10
3.2637440944881888
20
-6.9474724409448818
11
3.2671340157480313
21
-6.9481467322834645
0
LINE
8
BLACK
6
CONTINUOUS
10
3.3970552755905512
20
-6.9481467322834645
11
3.399929094488189
21
-6.9500669685039371
0
LINE
8
BLACK
6
CONTINUOUS
10
3.399929094488189
20
-6.9500669685039371
11
3.4018493307086612
21
-6.952940787401575
0
LINE
8
BLACK
6
CONTINUOUS
10
3.4018493307086612
20
-6.952940787401575
11
3.4025236220472439
21
-6.956330708661417
0
LINE
8
BLACK
6
CONTINUOUS
10
3.4025236220472439
20
-6.956330708661417
11
3.4025236220472439
21
-6.9651889763779522
0
LINE
8
BLACK
6
CONTINUOUS
10
3.4025236220472439
20
-6.9651889763779522
11
3.4844133858267714
21
-6.9651889763779522
0
LINE
8
BLACK
6
CONTINUOUS
10
3.4844133858267714
20
-6.9651889763779522
11
3.4850913779527559
21
-6.9653238188976374
0
LINE
8
BLACK
6
CONTINUOUS
10
3.4850913779527559
20
-6.9653238188976374
11
3.4856661417322834
21
-6.9657078740157479
0
LINE
8
BLACK
6
CONTINUOUS
10
3.4856661417322834
20
-6.9657078740157479
11
3.4860501968503934
21
-6.9662826377952758
0
LINE
8
BLACK
6
CONTINUOUS
10
3.4860501968503934
20
-6.9662826377952758
11
3.4861850393700786
21
-6.9669606299212594
0
LINE
8
BLACK
6
CONTINUOUS
10
3.4861850393700786
20
-6.9669606299212594
11
3.4861850393700786
21
-6.9752283464566931
0
LINE
8
BLACK
6
CONTINUOUS
10
3.4861850393700786
20
-6.9752283464566931
11
3.4860501968503934
21
-6.9759063385826767
0
LINE
8
BLACK
6
CONTINUOUS
10
3.4860501968503934
20
-6.9759063385826767
11
3.4856661417322834
21
-6.9764811023622046
0
LINE
8
BLACK
6
CONTINUOUS
10
3.4856661417322834
20
-6.9764811023622046
11
3.4850913779527559
21
-6.9768651574803151
0
LINE
8
BLACK
6
CONTINUOUS
10
3.4850913779527559
20
-6.9768651574803151
11
3.4844133858267714
21
-6.9769999999999994
0
LINE
8
BLACK
6
CONTINUOUS
10
3.4844133858267714
20
-6.9769999999999994
11
3.4025236220472439
21
-6.9769999999999994
0
LINE
8
BLACK
6
CONTINUOUS
10
3.4025236220472439
20
-6.9769999999999994
11
3.4025236220472439
21
-6.9858582677165355
0
LINE
8
BLACK
6
CONTINUOUS
10
3.4025236220472439
20
-6.9858582677165355
11
3.4018493307086612
21
-6.9892481889763776
0
LINE
8
BLACK
6
CONTINUOUS
10
3.4018493307086612
20
-6.9892481889763776
11
3.399929094488189
21
-6.9921220078740154
0
LINE
8
BLACK
6
CONTINUOUS
10
3.399929094488189
20
-6.9921220078740154
11
3.3970552755905512
21
-6.994042244094488
0
LINE
8
BLACK
6
CONTINUOUS
10
3.3970552755905512
20
-6.994042244094488
11
3.3936653543307087
21
-6.9947165354330707
0
LINE
8
BLACK
6
CONTINUOUS
10
3.3936653543307087
20
-6.9947165354330707
11
3.3759488188976379
21
-6.9947165354330707
0
LINE
8
BLACK
6
CONTINUOUS
10
3.3759488188976379
20
-6.9947165354330707
11
3.3725588976377954
21
-6.994042244094488
0
LINE
8
BLACK
6
CONTINUOUS
10
3.3725588976377954
20
-6.994042244094488
11
3.3696850787401575
21
-6.9921220078740154
0
LINE
8
BLACK
6
CONTINUOUS
10
3.3696850787401575
20
-6.9921220078740154
11
3.3677648425196849
21
-6.9892481889763776
0
LINE
8
BLACK
6
CONTINUOUS
10
3.3677648425196849
20
-6.9892481889763776
11
3.3670905511811022
21
-6.9858582677165355
0
LINE
8
BLACK
6
CONTINUOUS
10
3.3670905511811022
20
-6.9858582677165355
11
3.3670905511811022
21
-6.956330708661417
0
LINE
8
BLACK
6
CONTINUOUS
10
3.3670905511811022
20
-6.956330708661417
11
3.3677648425196849
21
-6.952940787401575
0
LINE
8
BLACK
6
CONTINUOUS
10
3.3677648425196849
20
-6.952940787401575
11
3.3696850787401575
21
-6.9500669685039371
0
LINE
8
BLACK
6
CONTINUOUS
10
3.3696850787401575
20
-6.9500669685039371
11
3.3725588976377954
21
-6.9481467322834645
0
LINE
8
BLACK
6
CONTINUOUS
10
3.3725588976377954
20
-6.9481467322834645
11
3.3759488188976379
21
-6.9474724409448818
0
LINE
8
BLACK
6
CONTINUOUS
10
3.3759488188976379
20
-6.9474724409448818
11
3.3936653543307087
21
-6.9474724409448818
0
LINE
8
BLACK
6
CONTINUOUS
10
3.3936653543307087
20
-6.9474724409448818
11
3.3970552755905512
21
-6.9481467322834645
0
LINE
8
BLACK
6
CONTINUOUS
10
10.2054292519685035
20
-6.9720355118110238
11
10.1162537401574806
21
-6.9877595669291335
0
LINE
8
BLACK
6
CONTINUOUS
10
10.1162537401574806
20
-6.9877595669291335
11
10.1025806692913385
21
-6.9102156692913388
0
LINE
8
BLACK
6
CONTINUOUS
10
10.1025806692913385
20
-6.9102156692913388
11
10.1917561811023614
21
-6.8944916141732282
0
LINE
8
BLACK
6
CONTINUOUS
10
10.1917561811023614
20
-6.8944916141732282
11
10.2054292519685035
21
-6.9720355118110238
0
LINE
8
BLACK
6
CONTINUOUS
10
3.942724566929134
20
-6.9284616929133858
11
3.9455983858267714
21
-6.9303819291338584
0
LINE
8
BLACK
6
CONTINUOUS
10
3.9455983858267714
20
-6.9303819291338584
11
3.947518622047244
21
-6.9332557480314962
0
LINE
8
BLACK
6
CONTINUOUS
10
3.947518622047244
20
-6.9332557480314962
11
3.9481929133858267
21
-6.9366456692913383
0
LINE
8
BLACK
6
CONTINUOUS
10
3.9481929133858267
20
-6.9366456692913383
11
3.9481929133858267
21
-6.9661732283464568
0
LINE
8
BLACK
6
CONTINUOUS
10
3.9481929133858267
20
-6.9661732283464568
11
3.947518622047244
21
-6.9695631496062989
0
LINE
8
BLACK
6
CONTINUOUS
10
3.947518622047244
20
-6.9695631496062989
11
3.9455983858267714
21
-6.9724369685039367
0
LINE
8
BLACK
6
CONTINUOUS
10
3.9455983858267714
20
-6.9724369685039367
11
3.942724566929134
21
-6.9743572047244093
0
LINE
8
BLACK
6
CONTINUOUS
10
3.942724566929134
20
-6.9743572047244093
11
3.939334645669291
21
-6.975031496062992
0
LINE
8
BLACK
6
CONTINUOUS
10
3.939334645669291
20
-6.975031496062992
11
3.9216181102362202
21
-6.975031496062992
0
LINE
8
BLACK
6
CONTINUOUS
10
3.9216181102362202
20
-6.975031496062992
11
3.9182281889763777
21
-6.9743572047244093
0
LINE
8
BLACK
6
CONTINUOUS
10
3.9182281889763777
20
-6.9743572047244093
11
3.9153543700787399
21
-6.9724369685039367
0
LINE
8
BLACK
6
CONTINUOUS
10
3.9153543700787399
20
-6.9724369685039367
11
3.9134341338582677
21
-6.9695631496062989
0
LINE
8
BLACK
6
CONTINUOUS
10
3.9134341338582677
20
-6.9695631496062989
11
3.912759842519685
21
-6.9661732283464568
0
LINE
8
BLACK
6
CONTINUOUS
10
3.912759842519685
20
-6.9661732283464568
11
3.912759842519685
21
-6.9573149606299207
0
LINE
8
BLACK
6
CONTINUOUS
10
3.912759842519685
20
-6.9573149606299207
11
3.8259488188976376
21
-6.9573149606299207
0
LINE
8
BLACK
6
CONTINUOUS
10
3.8259488188976376
20
-6.9573149606299207
11
3.8252708267716535
21
-6.9571801181102364
0
LINE
8
BLACK
6
CONTINUOUS
10
3.8252708267716535
20
-6.9571801181102364
11
3.8246960629921261
21
-6.9567960629921259
0
LINE
8
BLACK
6
CONTINUOUS
10
3.8246960629921261
20
-6.9567960629921259
11
3.8243120078740156
21
-6.956221299212598
0
LINE
8
BLACK
6
CONTINUOUS
10
3.8243120078740156
20
-6.956221299212598
11
3.8241771653543308
21
-6.9555433070866144
0
LINE
8
BLACK
6
CONTINUOUS
10
3.8241771653543308
20
-6.9555433070866144
11
3.8241771653543308
21
-6.9472755905511807
0
LINE
8
BLACK
6
CONTINUOUS
10
3.8241771653543308
20
-6.9472755905511807
11
3.8243120078740156
21
-6.9465975984251971
0
LINE
8
BLACK
6
CONTINUOUS
10
3.8243120078740156
20
-6.9465975984251971
11
3.8246960629921261
21
-6.9460228346456692
0
LINE
8
BLACK
6
CONTINUOUS
10
3.8246960629921261
20
-6.9460228346456692
11
3.8252708267716535
21
-6.9456387795275587
0
LINE
8
BLACK
6
CONTINUOUS
10
3.8252708267716535
20
-6.9456387795275587
11
3.8259488188976376
21
-6.9455039370078735
0
LINE
8
BLACK
6
CONTINUOUS
10
3.8259488188976376
20
-6.9455039370078735
11
3.912759842519685
21
-6.9455039370078735
0
LINE
8
BLACK
6
CONTINUOUS
10
3.912759842519685
20
-6.9455039370078735
11
3.912759842519685
21
-6.9366456692913383
0
LINE
8
BLACK
6
CONTINUOUS
10
3.912759842519685
20
-6.9366456692913383
11
3.9134341338582677
21
-6.9332557480314962
0
LINE
8
BLACK
6
CONTINUOUS
10
3.9134341338582677
20
-6.9332557480314962
11
3.9153543700787399
21
-6.9303819291338584
0
LINE
8
BLACK
6
CONTINUOUS
10
3.9153543700787399
20
-6.9303819291338584
11
3.9182281889763777
21
-6.9284616929133858
0
LINE
8
BLACK
6
CONTINUOUS
10
3.9182281889763777
20
-6.9284616929133858
11
3.9216181102362202
21
-6.9277874015748031
0
LINE
8
BLACK
6
CONTINUOUS
10
3.9216181102362202
20
-6.9277874015748031
11
3.939334645669291
21
-6.9277874015748031
0
LINE
8
BLACK
6
CONTINUOUS
10
3.939334645669291
20
-6.9277874015748031
11
3.942724566929134
21
-6.9284616929133858
0
LINE
8
BLACK
6
CONTINUOUS
10
4.0726458267716534
20
-6.9284616929133858
11
4.0755196456692913
21
-6.9303819291338584
0
LINE
8
BLACK
6
CONTINUOUS
10
4.0755196456692913
20
-6.9303819291338584
11
4.0774398818897639
21
-6.9332557480314962
0
LINE
8
BLACK
6
CONTINUOUS
10
4.0774398818897639
20
-6.9332557480314962
11
4.0781141732283466
21
-6.9366456692913383
0
LINE
8
BLACK
6
CONTINUOUS
10
4.0781141732283466
20
-6.9366456692913383
11
4.0781141732283466
21
-6.9455039370078735
0
LINE
8
BLACK
6
CONTINUOUS
10
4.0781141732283466
20
-6.9455039370078735
11
4.1600039370078736
21
-6.9455039370078735
0
LINE
8
BLACK
6
CONTINUOUS
10
4.1600039370078736
20
-6.9455039370078735
11
4.1606819291338581
21
-6.9456387795275587
0
LINE
8
BLACK
6
CONTINUOUS
10
4.1606819291338581
20
-6.9456387795275587
11
4.1612566929133861
21
-6.9460228346456692
0
LINE
8
BLACK
6
CONTINUOUS
10
4.1612566929133861
20
-6.9460228346456692
11
4.1616407480314956
21
-6.9465975984251971
0
LINE
8
BLACK
6
CONTINUOUS
10
4.1616407480314956
20
-6.9465975984251971
11
4.1617755905511808
21
-6.9472755905511807
0
LINE
8
BLACK
6
CONTINUOUS
10
4.1617755905511808
20
-6.9472755905511807
11
4.1617755905511808
21
-6.9555433070866144
0
LINE
8
BLACK
6
CONTINUOUS
10
4.1617755905511808
20
-6.9555433070866144
11
4.1616407480314956
21
-6.956221299212598
0
LINE
8
BLACK
6
CONTINUOUS
10
4.1616407480314956
20
-6.956221299212598
11
4.1612566929133861
21
-6.9567960629921259
0
LINE
8
BLACK
6
CONTINUOUS
10
4.1612566929133861
20
-6.9567960629921259
11
4.1606819291338581
21
-6.9571801181102364
0
LINE
8
BLACK
6
CONTINUOUS
10
4.1606819291338581
20
-6.9571801181102364
11
4.1600039370078736
21
-6.9573149606299207
0
LINE
8
BLACK
6
CONTINUOUS
10
4.1600039370078736
20
-6.9573149606299207
11
4.0781141732283466
21
-6.9573149606299207
0
LINE
8
BLACK
6
CONTINUOUS
10
4.0781141732283466
20
-6.9573149606299207
11
4.0781141732283466
21
-6.9661732283464568
0
LINE
8
BLACK
6
CONTINUOUS
10
4.0781141732283466
20
-6.9661732283464568
11
4.0774398818897639
21
-6.9695631496062989
0
LINE
8
BLACK
6
CONTINUOUS
10
4.0774398818897639
20
-6.9695631496062989
11
4.0755196456692913
21
-6.9724369685039367
0
LINE
8
BLACK
6
CONTINUOUS
10
4.0755196456692913
20
-6.9724369685039367
11
4.0726458267716534
21
-6.9743572047244093
0
LINE
8
BLACK
6
CONTINUOUS
10
4.0726458267716534
20
-6.9743572047244093
11
4.0692559055118105
21
-6.975031496062992
0
LINE
8
BLACK
6
CONTINUOUS
10
4.0692559055118105
20
-6.975031496062992
11
4.0515393700787401
21
-6.975031496062992
0
LINE
8
BLACK
6
CONTINUOUS
10
4.0515393700787401
20
-6.975031496062992
11
4.0481494488188972
21
-6.9743572047244093
0
LINE
8
BLACK
6
CONTINUOUS
10
4.0481494488188972
20
-6.9743572047244093
11
4.0452756299212593
21
-6.9724369685039367
0
LINE
8
BLACK
6
CONTINUOUS
10
4.0452756299212593
20
-6.9724369685039367
11
4.0433553937007876
21
-6.9695631496062989
0
LINE
8
BLACK
6
CONTINUOUS
10
4.0433553937007876
20
-6.9695631496062989
11
4.0426811023622049
21
-6.9661732283464568
0
LINE
8
BLACK
6
CONTINUOUS
10
4.0426811023622049
20
-6.9661732283464568
11
4.0426811023622049
21
-6.9366456692913383
0
LINE
8
BLACK
6
CONTINUOUS
10
4.0426811023622049
20
-6.9366456692913383
11
4.0433553937007876
21
-6.9332557480314962
0
LINE
8
BLACK
6
CONTINUOUS
10
4.0433553937007876
20
-6.9332557480314962
11
4.0452756299212593
21
-6.9303819291338584
0
LINE
8
BLACK
6
CONTINUOUS
10
4.0452756299212593
20
-6.9303819291338584
11
4.0481494488188972
21
-6.9284616929133858
0
LINE
8
BLACK
6
CONTINUOUS
10
4.0481494488188972
20
-6.9284616929133858
11
4.0515393700787401
21
-6.9277874015748031
0
LINE
8
BLACK
6
CONTINUOUS
10
4.0515393700787401
20
-6.9277874015748031
11
4.0692559055118105
21
-6.9277874015748031
0
LINE
8
BLACK
6
CONTINUOUS
10
4.0692559055118105
20
-6.9277874015748031
11
4.0726458267716534
21
-6.9284616929133858
0
LINE
8
BLACK
6
CONTINUOUS
10
10.4533862204724404
20
-6.9499033464566926
11
10.3642107086614175
21
-6.9656274015748032
0
LINE
8
BLACK
6
CONTINUOUS
10
10.3642107086614175
20
-6.9656274015748032
11
10.3505376377952754
21
-6.8880835039370076
0
LINE
8
BLACK
6
CONTINUOUS
10
10.3505376377952754
20
-6.8880835039370076
11
10.4397131496062983
21
-6.872359448818897
0
LINE
8
BLACK
6
CONTINUOUS
10
10.4397131496062983
20
-6.872359448818897
11
10.4533862204724404
21
-6.9499033464566926
0
LINE
8
BLACK
6
CONTINUOUS
10
13.4978426771653535
20
-6.9146821653543302
11
13.5007164960629922
21
-6.9166024015748029
0
LINE
8
BLACK
6
CONTINUOUS
10
13.5007164960629922
20
-6.9166024015748029
11
13.5026367322834648
21
-6.9194762204724407
0
LINE
8
BLACK
6
CONTINUOUS
10
13.5026367322834648
20
-6.9194762204724407
11
13.5033110236220466
21
-6.9228661417322837
0
LINE
8
BLACK
6
CONTINUOUS
10
13.5033110236220466
20
-6.9228661417322837
11
13.5033110236220466
21
-6.9523937007874013
0
LINE
8
BLACK
6
CONTINUOUS
10
13.5033110236220466
20
-6.9523937007874013
11
13.5026367322834648
21
-6.9557836220472442
0
LINE
8
BLACK
6
CONTINUOUS
10
13.5026367322834648
20
-6.9557836220472442
11
13.5007164960629922
21
-6.958657440944882
0
LINE
8
BLACK
6
CONTINUOUS
10
13.5007164960629922
20
-6.958657440944882
11
13.4978426771653535
21
-6.9605776771653538
0
LINE
8
BLACK
6
CONTINUOUS
10
13.4978426771653535
20
-6.9605776771653538
11
13.4944527559055114
21
-6.9612519685039365
0
LINE
8
BLACK
6
CONTINUOUS
10
13.4944527559055114
20
-6.9612519685039365
11
13.476736220472441
21
-6.9612519685039365
0
LINE
8
BLACK
6
CONTINUOUS
10
13.476736220472441
20
-6.9612519685039365
11
13.473346299212599
21
-6.9605776771653538
0
LINE
8
BLACK
6
CONTINUOUS
10
13.473346299212599
20
-6.9605776771653538
11
13.4704724803149603
21
-6.958657440944882
0
LINE
8
BLACK
6
CONTINUOUS
10
13.4704724803149603
20
-6.958657440944882
11
13.4685522440944876
21
-6.9557836220472442
0
LINE
8
BLACK
6
CONTINUOUS
10
13.4685522440944876
20
-6.9557836220472442
11
13.4678779527559058
21
-6.9523937007874013
0
LINE
8
BLACK
6
CONTINUOUS
10
13.4678779527559058
20
-6.9523937007874013
11
13.4678779527559058
21
-6.9435354330708661
0
LINE
8
BLACK
6
CONTINUOUS
10
13.4678779527559058
20
-6.9435354330708661
11
13.3810669291338584
21
-6.9435354330708661
0
LINE
8
BLACK
6
CONTINUOUS
10
13.3810669291338584
20
-6.9435354330708661
11
13.3803889370078739
21
-6.9434005905511809
0
LINE
8
BLACK
6
CONTINUOUS
10
13.3803889370078739
20
-6.9434005905511809
11
13.3798141732283469
21
-6.9430165354330704
0
LINE
8
BLACK
6
CONTINUOUS
10
13.3798141732283469
20
-6.9430165354330704
11
13.3794301181102355
21
-6.9424417716535434
0
LINE
8
BLACK
6
CONTINUOUS
10
13.3794301181102355
20
-6.9424417716535434
11
13.3792952755905503
21
-6.9417637795275589
0
LINE
8
BLACK
6
CONTINUOUS
10
13.3792952755905503
20
-6.9417637795275589
11
13.3792952755905503
21
-6.9334960629921261
0
LINE
8
BLACK
6
CONTINUOUS
10
13.3792952755905503
20
-6.9334960629921261
11
13.3794301181102355
21
-6.9328180708661415
0
LINE
8
BLACK
6
CONTINUOUS
10
13.3794301181102355
20
-6.9328180708661415
11
13.3798141732283469
21
-6.9322433070866136
0
LINE
8
BLACK
6
CONTINUOUS
10
13.3798141732283469
20
-6.9322433070866136
11
13.3803889370078739
21
-6.9318592519685041
0
LINE
8
BLACK
6
CONTINUOUS
10
13.3803889370078739
20
-6.9318592519685041
11
13.3810669291338584
21
-6.9317244094488188
0
LINE
8
BLACK
6
CONTINUOUS
10
13.3810669291338584
20
-6.9317244094488188
11
13.4678779527559058
21
-6.9317244094488188
0
LINE
8
BLACK
6
CONTINUOUS
10
13.4678779527559058
20
-6.9317244094488188
11
13.4678779527559058
21
-6.9228661417322837
0
LINE
8
BLACK
6
CONTINUOUS
10
13.4678779527559058
20
-6.9228661417322837
11
13.4685522440944876
21
-6.9194762204724407
0
LINE
8
BLACK
6
CONTINUOUS
10
13.4685522440944876
20
-6.9194762204724407
11
13.4704724803149603
21
-6.9166024015748029
0
LINE
8
BLACK
6
CONTINUOUS
10
13.4704724803149603
20
-6.9166024015748029
11
13.473346299212599
21
-6.9146821653543302
0
LINE
8
BLACK
6
CONTINUOUS
10
13.473346299212599
20
-6.9146821653543302
11
13.476736220472441
21
-6.9140078740157476
0
LINE
8
BLACK
6
CONTINUOUS
10
13.476736220472441
20
-6.9140078740157476
11
13.4944527559055114
21
-6.9140078740157476
0
LINE
8
BLACK
6
CONTINUOUS
10
13.4944527559055114
20
-6.9140078740157476
11
13.4978426771653535
21
-6.9146821653543302
0
LINE
8
BLACK
6
CONTINUOUS
10
13.6277639370078738
20
-6.9146821653543302
11
13.6306377559055107
21
-6.9166024015748029
0
LINE
8
BLACK
6
CONTINUOUS
10
13.6306377559055107
20
-6.9166024015748029
11
13.6325579921259834
21
-6.9194762204724407
0
LINE
8
BLACK
6
CONTINUOUS
10
13.6325579921259834
20
-6.9194762204724407
11
13.6332322834645669
21
-6.9228661417322837
0
LINE
8
BLACK
6
CONTINUOUS
10
13.6332322834645669
20
-6.9228661417322837
11
13.6332322834645669
21
-6.9317244094488188
0
LINE
8
BLACK
6
CONTINUOUS
10
13.6332322834645669
20
-6.9317244094488188
11
13.715122047244094
21
-6.9317244094488188
0
LINE
8
BLACK
6
CONTINUOUS
10
13.715122047244094
20
-6.9317244094488188
11
13.7158000393700785
21
-6.9318592519685041
0
LINE
8
BLACK
6
CONTINUOUS
10
13.7158000393700785
20
-6.9318592519685041
11
13.7163748031496056
21
-6.9322433070866136
0
LINE
8
BLACK
6
CONTINUOUS
10
13.7163748031496056
20
-6.9322433070866136
11
13.7167588582677169
21
-6.9328180708661415
0
LINE
8
BLACK
6
CONTINUOUS
10
13.7167588582677169
20
-6.9328180708661415
11
13.7168937007874021
21
-6.9334960629921261
0
LINE
8
BLACK
6
CONTINUOUS
10
13.7168937007874021
20
-6.9334960629921261
11
13.7168937007874021
21
-6.9417637795275589
0
LINE
8
BLACK
6
CONTINUOUS
10
13.7168937007874021
20
-6.9417637795275589
11
13.7167588582677169
21
-6.9424417716535434
0
LINE
8
BLACK
6
CONTINUOUS
10
13.7167588582677169
20
-6.9424417716535434
11
13.7163748031496056
21
-6.9430165354330704
0
LINE
8
BLACK
6
CONTINUOUS
10
13.7163748031496056
20
-6.9430165354330704
11
13.7158000393700785
21
-6.9434005905511809
0
LINE
8
BLACK
6
CONTINUOUS
10
13.7158000393700785
20
-6.9434005905511809
11
13.715122047244094
21
-6.9435354330708661
0
LINE
8
BLACK
6
CONTINUOUS
10
13.715122047244094
20
-6.9435354330708661
11
13.6332322834645669
21
-6.9435354330708661
0
LINE
8
BLACK
6
CONTINUOUS
10
13.6332322834645669
20
-6.9435354330708661
11
13.6332322834645669
21
-6.9523937007874013
0
LINE
8
BLACK
6
CONTINUOUS
10
13.6332322834645669
20
-6.9523937007874013
11
13.6325579921259834
21
-6.9557836220472442
0
LINE
8
BLACK
6
CONTINUOUS
10
13.6325579921259834
20
-6.9557836220472442
11
13.6306377559055107
21
-6.958657440944882
0
LINE
8
BLACK
6
CONTINUOUS
10
13.6306377559055107
20
-6.958657440944882
11
13.6277639370078738
21
-6.9605776771653538
0
LINE
8
BLACK
6
CONTINUOUS
10
13.6277639370078738
20
-6.9605776771653538
11
13.6243740157480318
21
-6.9612519685039365
0
LINE
8
BLACK
6
CONTINUOUS
10
13.6243740157480318
20
-6.9612519685039365
11
13.6066574803149596
21
-6.9612519685039365
0
LINE
8
BLACK
6
CONTINUOUS
10
13.6066574803149596
20
-6.9612519685039365
11
13.6032675590551175
21
-6.9605776771653538
0
LINE
8
BLACK
6
CONTINUOUS
10
13.6032675590551175
20
-6.9605776771653538
11
13.6003937401574806
21
-6.958657440944882
0
LINE
8
BLACK
6
CONTINUOUS
10
13.6003937401574806
20
-6.958657440944882
11
13.5984735039370079
21
-6.9557836220472442
0
LINE
8
BLACK
6
CONTINUOUS
10
13.5984735039370079
20
-6.9557836220472442
11
13.5977992125984244
21
-6.9523937007874013
0
LINE
8
BLACK
6
CONTINUOUS
10
13.5977992125984244
20
-6.9523937007874013
11
13.5977992125984244
21
-6.9228661417322837
0
LINE
8
BLACK
6
CONTINUOUS
10
13.5977992125984244
20
-6.9228661417322837
11
13.5984735039370079
21
-6.9194762204724407
0
LINE
8
BLACK
6
CONTINUOUS
10
13.5984735039370079
20
-6.9194762204724407
11
13.6003937401574806
21
-6.9166024015748029
0
LINE
8
BLACK
6
CONTINUOUS
10
13.6003937401574806
20
-6.9166024015748029
11
13.6032675590551175
21
-6.9146821653543302
0
LINE
8
BLACK
6
CONTINUOUS
10
13.6032675590551175
20
-6.9146821653543302
11
13.6066574803149596
21
-6.9140078740157476
0
LINE
8
BLACK
6
CONTINUOUS
10
13.6066574803149596
20
-6.9140078740157476
11
13.6243740157480318
21
-6.9140078740157476
0
LINE
8
BLACK
6
CONTINUOUS
10
13.6243740157480318
20
-6.9140078740157476
11
13.6277639370078738
21
-6.9146821653543302
0
LINE
8
BLACK
6
CONTINUOUS
10
13.0368190551181105
20
-6.9127136614173228
11
13.0396928740157474
21
-6.9146338976377955
0
LINE
8
BLACK
6
CONTINUOUS
10
13.0396928740157474
20
-6.9146338976377955
11
13.0416131102362201
21
-6.9175077165354333
0
LINE
8
BLACK
6
CONTINUOUS
10
13.0416131102362201
20
-6.9175077165354333
11
13.0422874015748036
21
-6.9208976377952753
0
LINE
8
BLACK
6
CONTINUOUS
10
13.0422874015748036
20
-6.9208976377952753
11
13.0422874015748036
21
-6.9504251968503938
0
LINE
8
BLACK
6
CONTINUOUS
10
13.0422874015748036
20
-6.9504251968503938
11
13.0416131102362201
21
-6.9538151181102359
0
LINE
8
BLACK
6
CONTINUOUS
10
13.0416131102362201
20
-6.9538151181102359
11
13.0396928740157474
21
-6.9566889370078737
0
LINE
8
BLACK
6
CONTINUOUS
10
13.0396928740157474
20
-6.9566889370078737
11
13.0368190551181105
21
-6.9586091732283464
0
LINE
8
BLACK
6
CONTINUOUS
10
13.0368190551181105
20
-6.9586091732283464
11
13.0334291338582666
21
-6.959283464566929
0
LINE
8
BLACK
6
CONTINUOUS
10
13.0334291338582666
20
-6.959283464566929
11
13.0157125984251962
21
-6.959283464566929
0
LINE
8
BLACK
6
CONTINUOUS
10
13.0157125984251962
20
-6.959283464566929
11
13.0123226771653542
21
-6.9586091732283464
0
LINE
8
BLACK
6
CONTINUOUS
10
13.0123226771653542
20
-6.9586091732283464
11
13.0094488582677155
21
-6.9566889370078737
0
LINE
8
BLACK
6
CONTINUOUS
10
13.0094488582677155
20
-6.9566889370078737
11
13.0075286220472446
21
-6.9538151181102359
0
LINE
8
BLACK
6
CONTINUOUS
10
13.0075286220472446
20
-6.9538151181102359
11
13.006854330708661
21
-6.9504251968503938
0
LINE
8
BLACK
6
CONTINUOUS
10
13.006854330708661
20
-6.9504251968503938
11
13.006854330708661
21
-6.9415669291338578
0
LINE
8
BLACK
6
CONTINUOUS
10
13.006854330708661
20
-6.9415669291338578
11
12.9200433070866136
21
-6.9415669291338578
0
LINE
8
BLACK
6
CONTINUOUS
10
12.9200433070866136
20
-6.9415669291338578
11
12.9193653149606291
21
-6.9414320866141734
0
LINE
8
BLACK
6
CONTINUOUS
10
12.9193653149606291
20
-6.9414320866141734
11
12.9187905511811021
21
-6.941048031496063
0
LINE
8
BLACK
6
CONTINUOUS
10
12.9187905511811021
20
-6.941048031496063
11
12.9184064960629925
21
-6.9404732677165351
0
LINE
8
BLACK
6
CONTINUOUS
10
12.9184064960629925
20
-6.9404732677165351
11
12.9182716535433073
21
-6.9397952755905514
0
LINE
8
BLACK
6
CONTINUOUS
10
12.9182716535433073
20
-6.9397952755905514
11
12.9182716535433073
21
-6.9315275590551177
0
LINE
8
BLACK
6
CONTINUOUS
10
12.9182716535433073
20
-6.9315275590551177
11
12.9184064960629925
21
-6.9308495669291341
0
LINE
8
BLACK
6
CONTINUOUS
10
12.9184064960629925
20
-6.9308495669291341
11
12.9187905511811021
21
-6.9302748031496062
0
LINE
8
BLACK
6
CONTINUOUS
10
12.9187905511811021
20
-6.9302748031496062
11
12.9193653149606291
21
-6.9298907480314957
0
LINE
8
BLACK
6
CONTINUOUS
10
12.9193653149606291
20
-6.9298907480314957
11
12.9200433070866136
21
-6.9297559055118105
0
LINE
8
BLACK
6
CONTINUOUS
10
12.9200433070866136
20
-6.9297559055118105
11
13.006854330708661
21
-6.9297559055118105
0
LINE
8
BLACK
6
CONTINUOUS
10
13.006854330708661
20
-6.9297559055118105
11
13.006854330708661
21
-6.9208976377952753
0
LINE
8
BLACK
6
CONTINUOUS
10
13.006854330708661
20
-6.9208976377952753
11
13.0075286220472446
21
-6.9175077165354333
0
LINE
8
BLACK
6
CONTINUOUS
10
13.0075286220472446
20
-6.9175077165354333
11
13.0094488582677155
21
-6.9146338976377955
0
LINE
8
BLACK
6
CONTINUOUS
10
13.0094488582677155
20
-6.9146338976377955
11
13.0123226771653542
21
-6.9127136614173228
0
LINE
8
BLACK
6
CONTINUOUS
10
13.0123226771653542
20
-6.9127136614173228
11
13.0157125984251962
21
-6.9120393700787401
0
LINE
8
BLACK
6
CONTINUOUS
10
13.0157125984251962
20
-6.9120393700787401
11
13.0334291338582666
21
-6.9120393700787401
0
LINE
8
BLACK
6
CONTINUOUS
10
13.0334291338582666
20
-6.9120393700787401
11
13.0368190551181105
21
-6.9127136614173228
0
LINE
8
BLACK
6
CONTINUOUS
10
13.166740314960629
20
-6.9127136614173228
11
13.1696141338582677
21
-6.9146338976377955
0
LINE
8
BLACK
6
CONTINUOUS
10
13.1696141338582677
20
-6.9146338976377955
11
13.1715343700787404
21
-6.9175077165354333
0
LINE
8
BLACK
6
CONTINUOUS
10
13.1715343700787404
20
-6.9175077165354333
11
13.1722086614173222
21
-6.9208976377952753
0
LINE
8
BLACK
6
CONTINUOUS
10
13.1722086614173222
20
-6.9208976377952753
11
13.1722086614173222
21
-6.9297559055118105
0
LINE
8
BLACK
6
CONTINUOUS
10
13.1722086614173222
20
-6.9297559055118105
11
13.2540984251968492
21
-6.9297559055118105
0
LINE
8
BLACK
6
CONTINUOUS
10
13.2540984251968492
20
-6.9297559055118105
11
13.2547764173228337
21
-6.9298907480314957
0
LINE
8
BLACK
6
CONTINUOUS
10
13.2547764173228337
20
-6.9298907480314957
11
13.2553511811023625
21
-6.9302748031496062
0
LINE
8
BLACK
6
CONTINUOUS
10
13.2553511811023625
20
-6.9302748031496062
11
13.2557352362204721
21
-6.9308495669291341
0
LINE
8
BLACK
6
CONTINUOUS
10
13.2557352362204721
20
-6.9308495669291341
11
13.2558700787401573
21
-6.9315275590551177
0
LINE
8
BLACK
6
CONTINUOUS
10
13.2558700787401573
20
-6.9315275590551177
11
13.2558700787401573
21
-6.9397952755905514
0
LINE
8
BLACK
6
CONTINUOUS
10
13.2558700787401573
20
-6.9397952755905514
11
13.2557352362204721
21
-6.9404732677165351
0
LINE
8
BLACK
6
CONTINUOUS
10
13.2557352362204721
20
-6.9404732677165351
11
13.2553511811023625
21
-6.941048031496063
0
LINE
8
BLACK
6
CONTINUOUS
10
13.2553511811023625
20
-6.941048031496063
11
13.2547764173228337
21
-6.9414320866141734
0
LINE
8
BLACK
6
CONTINUOUS
10
13.2547764173228337
20
-6.9414320866141734
11
13.2540984251968492
21
-6.9415669291338578
0
LINE
8
BLACK
6
CONTINUOUS
10
13.2540984251968492
20
-6.9415669291338578
11
13.1722086614173222
21
-6.9415669291338578
0
LINE
8
BLACK
6
CONTINUOUS
10
13.1722086614173222
20
-6.9415669291338578
11
13.1722086614173222
21
-6.9504251968503938
0
LINE
8
BLACK
6
CONTINUOUS
10
13.1722086614173222
20
-6.9504251968503938
11
13.1715343700787404
21
-6.9538151181102359
0
LINE
8
BLACK
6
CONTINUOUS
10
13.1715343700787404
20
-6.9538151181102359
11
13.1696141338582677
21
-6.9566889370078737
0
LINE
8
BLACK
6
CONTINUOUS
10
13.1696141338582677
20
-6.9566889370078737
11
13.166740314960629
21
-6.9586091732283464
0
LINE
8
BLACK
6
CONTINUOUS
10
13.166740314960629
20
-6.9586091732283464
11
13.163350393700787
21
-6.959283464566929
0
LINE
8
BLACK
6
CONTINUOUS
10
13.163350393700787
20
-6.959283464566929
11
13.1456338582677166
21
-6.959283464566929
0
LINE
8
BLACK
6
CONTINUOUS
10
13.1456338582677166
20
-6.959283464566929
11
13.1422439370078745
21
-6.9586091732283464
0
LINE
8
BLACK
6
CONTINUOUS
10
13.1422439370078745
20
-6.9586091732283464
11
13.1393701181102358
21
-6.9566889370078737
0
LINE
8
BLACK
6
CONTINUOUS
10
13.1393701181102358
20
-6.9566889370078737
11
13.1374498818897631
21
-6.9538151181102359
0
LINE
8
BLACK
6
CONTINUOUS
10
13.1374498818897631
20
-6.9538151181102359
11
13.1367755905511814
21
-6.9504251968503938
0
LINE
8
BLACK
6
CONTINUOUS
10
13.1367755905511814
20
-6.9504251968503938
11
13.1367755905511814
21
-6.9208976377952753
0
LINE
8
BLACK
6
CONTINUOUS
10
13.1367755905511814
20
-6.9208976377952753
11
13.1374498818897631
21
-6.9175077165354333
0
LINE
8
BLACK
6
CONTINUOUS
10
13.1374498818897631
20
-6.9175077165354333
11
13.1393701181102358
21
-6.9146338976377955
0
LINE
8
BLACK
6
CONTINUOUS
10
13.1393701181102358
20
-6.9146338976377955
11
13.1422439370078745
21
-6.9127136614173228
0
LINE
8
BLACK
6
CONTINUOUS
10
13.1422439370078745
20
-6.9127136614173228
11
13.1456338582677166
21
-6.9120393700787401
0
LINE
8
BLACK
6
CONTINUOUS
10
13.1456338582677166
20
-6.9120393700787401
11
13.163350393700787
21
-6.9120393700787401
0
LINE
8
BLACK
6
CONTINUOUS
10
13.163350393700787
20
-6.9120393700787401
11
13.166740314960629
21
-6.9127136614173228
0
LINE
8
BLACK
6
CONTINUOUS
10
13.9265828346456697
20
-6.9087766535433071
11
13.9294566535433066
21
-6.9106968897637797
0
LINE
8
BLACK
6
CONTINUOUS
10
13.9294566535433066
20
-6.9106968897637797
11
13.9313768897637793
21
-6.9135707086614175
0
LINE
8
BLACK
6
CONTINUOUS
10
13.9313768897637793
20
-6.9135707086614175
11
13.9320511811023611
21
-6.9169606299212596
0
LINE
8
BLACK
6
CONTINUOUS
10
13.9320511811023611
20
-6.9169606299212596
11
13.9320511811023611
21
-6.9464881889763781
0
LINE
8
BLACK
6
CONTINUOUS
10
13.9320511811023611
20
-6.9464881889763781
11
13.9313768897637793
21
-6.9498781102362202
0
LINE
8
BLACK
6
CONTINUOUS
10
13.9313768897637793
20
-6.9498781102362202
11
13.9294566535433066
21
-6.952751929133858
0
LINE
8
BLACK
6
CONTINUOUS
10
13.9294566535433066
20
-6.952751929133858
11
13.9265828346456697
21
-6.9546721653543306
0
LINE
8
BLACK
6
CONTINUOUS
10
13.9265828346456697
20
-6.9546721653543306
11
13.9231929133858259
21
-6.9553464566929133
0
LINE
8
BLACK
6
CONTINUOUS
10
13.9231929133858259
20
-6.9553464566929133
11
13.9054763779527555
21
-6.9553464566929133
0
LINE
8
BLACK
6
CONTINUOUS
10
13.9054763779527555
20
-6.9553464566929133
11
13.9020864566929134
21
-6.9546721653543306
0
LINE
8
BLACK
6
CONTINUOUS
10
13.9020864566929134
20
-6.9546721653543306
11
13.8992126377952747
21
-6.952751929133858
0
LINE
8
BLACK
6
CONTINUOUS
10
13.8992126377952747
20
-6.952751929133858
11
13.8972924015748021
21
-6.9498781102362202
0
LINE
8
BLACK
6
CONTINUOUS
10
13.8972924015748021
20
-6.9498781102362202
11
13.8966181102362203
21
-6.9464881889763781
0
LINE
8
BLACK
6
CONTINUOUS
10
13.8966181102362203
20
-6.9464881889763781
11
13.8966181102362203
21
-6.937629921259842
0
LINE
8
BLACK
6
CONTINUOUS
10
13.8966181102362203
20
-6.937629921259842
11
13.8098070866141729
21
-6.937629921259842
0
LINE
8
BLACK
6
CONTINUOUS
10
13.8098070866141729
20
-6.937629921259842
11
13.8091290944881884
21
-6.9374950787401577
0
LINE
8
BLACK
6
CONTINUOUS
10
13.8091290944881884
20
-6.9374950787401577
11
13.8085543307086613
21
-6.9371110236220472
0
LINE
8
BLACK
6
CONTINUOUS
10
13.8085543307086613
20
-6.9371110236220472
11
13.80817027559055
21
-6.9365362598425193
0
LINE
8
BLACK
6
CONTINUOUS
10
13.80817027559055
20
-6.9365362598425193
11
13.8080354330708666
21
-6.9358582677165357
0
LINE
8
BLACK
6
CONTINUOUS
10
13.8080354330708666
20
-6.9358582677165357
11
13.8080354330708666
21
-6.927590551181102
0
LINE
8
BLACK
6
CONTINUOUS
10
13.8080354330708666
20
-6.927590551181102
11
13.80817027559055
21
-6.9269125590551184
0
LINE
8
BLACK
6
CONTINUOUS
10
13.80817027559055
20
-6.9269125590551184
11
13.8085543307086613
21
-6.9263377952755905
0
LINE
8
BLACK
6
CONTINUOUS
10
13.8085543307086613
20
-6.9263377952755905
11
13.8091290944881884
21
-6.92595374015748
0
LINE
8
BLACK
6
CONTINUOUS
10
13.8091290944881884
20
-6.92595374015748
11
13.8098070866141729
21
-6.9258188976377948
0
LINE
8
BLACK
6
CONTINUOUS
10
13.8098070866141729
20
-6.9258188976377948
11
13.8966181102362203
21
-6.9258188976377948
0
LINE
8
BLACK
6
CONTINUOUS
10
13.8966181102362203
20
-6.9258188976377948
11
13.8966181102362203
21
-6.9169606299212596
0
LINE
8
BLACK
6
CONTINUOUS
10
13.8966181102362203
20
-6.9169606299212596
11
13.8972924015748021
21
-6.9135707086614175
0
LINE
8
BLACK
6
CONTINUOUS
10
13.8972924015748021
20
-6.9135707086614175
11
13.8992126377952747
21
-6.9106968897637797
0
LINE
8
BLACK
6
CONTINUOUS
10
13.8992126377952747
20
-6.9106968897637797
11
13.9020864566929134
21
-6.9087766535433071
0
LINE
8
BLACK
6
CONTINUOUS
10
13.9020864566929134
20
-6.9087766535433071
11
13.9054763779527555
21
-6.9081023622047244
0
LINE
8
BLACK
6
CONTINUOUS
10
13.9054763779527555
20
-6.9081023622047244
11
13.9231929133858259
21
-6.9081023622047244
0
LINE
8
BLACK
6
CONTINUOUS
10
13.9231929133858259
20
-6.9081023622047244
11
13.9265828346456697
21
-6.9087766535433071
0
LINE
8
BLACK
6
CONTINUOUS
10
14.0565040944881883
20
-6.9087766535433071
11
14.059377913385827
21
-6.9106968897637797
0
LINE
8
BLACK
6
CONTINUOUS
10
14.059377913385827
20
-6.9106968897637797
11
14.0612981496062996
21
-6.9135707086614175
0
LINE
8
BLACK
6
CONTINUOUS
10
14.0612981496062996
20
-6.9135707086614175
11
14.0619724409448814
21
-6.9169606299212596
0
LINE
8
BLACK
6
CONTINUOUS
10
14.0619724409448814
20
-6.9169606299212596
11
14.0619724409448814
21
-6.9258188976377948
0
LINE
8
BLACK
6
CONTINUOUS
10
14.0619724409448814
20
-6.9258188976377948
11
14.1438622047244085
21
-6.9258188976377948
0
LINE
8
BLACK
6
CONTINUOUS
10
14.1438622047244085
20
-6.9258188976377948
11
14.144540196850393
21
-6.92595374015748
0
LINE
8
BLACK
6
CONTINUOUS
10
14.144540196850393
20
-6.92595374015748
11
14.1451149606299218
21
-6.9263377952755905
0
LINE
8
BLACK
6
CONTINUOUS
10
14.1451149606299218
20
-6.9263377952755905
11
14.1454990157480314
21
-6.9269125590551184
0
LINE
8
BLACK
6
CONTINUOUS
10
14.1454990157480314
20
-6.9269125590551184
11
14.1456338582677166
21
-6.927590551181102
0
LINE
8
BLACK
6
CONTINUOUS
10
14.1456338582677166
20
-6.927590551181102
11
14.1456338582677166
21
-6.9358582677165357
0
LINE
8
BLACK
6
CONTINUOUS
10
14.1456338582677166
20
-6.9358582677165357
11
14.1454990157480314
21
-6.9365362598425193
0
LINE
8
BLACK
6
CONTINUOUS
10
14.1454990157480314
20
-6.9365362598425193
11
14.1451149606299218
21
-6.9371110236220472
0
LINE
8
BLACK
6
CONTINUOUS
10
14.1451149606299218
20
-6.9371110236220472
11
14.144540196850393
21
-6.9374950787401577
0
LINE
8
BLACK
6
CONTINUOUS
10
14.144540196850393
20
-6.9374950787401577
11
14.1438622047244085
21
-6.937629921259842
0
LINE
8
BLACK
6
CONTINUOUS
10
14.1438622047244085
20
-6.937629921259842
11
14.0619724409448814
21
-6.937629921259842
0
LINE
8
BLACK
6
CONTINUOUS
10
14.0619724409448814
20
-6.937629921259842
11
14.0619724409448814
21
-6.9464881889763781
0
LINE
8
BLACK
6
CONTINUOUS
10
14.0619724409448814
20
-6.9464881889763781
11
14.0612981496062996
21
-6.9498781102362202
0
LINE
8
BLACK
6
CONTINUOUS
10
14.0612981496062996
20
-6.9498781102362202
11
14.059377913385827
21
-6.952751929133858
0
LINE
8
BLACK
6
CONTINUOUS
10
14.059377913385827
20
-6.952751929133858
11
14.0565040944881883
21
-6.9546721653543306
0
LINE
8
BLACK
6
CONTINUOUS
10
14.0565040944881883
20
-6.9546721653543306
11
14.0531141732283462
21
-6.9553464566929133
0
LINE
8
BLACK
6
CONTINUOUS
10
14.0531141732283462
20
-6.9553464566929133
11
14.0353976377952758
21
-6.9553464566929133
0
LINE
8
BLACK
6
CONTINUOUS
10
14.0353976377952758
20
-6.9553464566929133
11
14.032007716535432
21
-6.9546721653543306
0
LINE
8
BLACK
6
CONTINUOUS
10
14.032007716535432
20
-6.9546721653543306
11
14.0291338976377951
21
-6.952751929133858
0
LINE
8
BLACK
6
CONTINUOUS
10
14.0291338976377951
20
-6.952751929133858
11
14.0272136614173224
21
-6.9498781102362202
0
LINE
8
BLACK
6
CONTINUOUS
10
14.0272136614173224
20
-6.9498781102362202
11
14.0265393700787406
21
-6.9464881889763781
0
LINE
8
BLACK
6
CONTINUOUS
10
14.0265393700787406
20
-6.9464881889763781
11
14.0265393700787406
21
-6.9169606299212596
0
LINE
8
BLACK
6
CONTINUOUS
10
14.0265393700787406
20
-6.9169606299212596
11
14.0272136614173224
21
-6.9135707086614175
0
LINE
8
BLACK
6
CONTINUOUS
10
14.0272136614173224
20
-6.9135707086614175
11
14.0291338976377951
21
-6.9106968897637797
0
LINE
8
BLACK
6
CONTINUOUS
10
14.0291338976377951
20
-6.9106968897637797
11
14.032007716535432
21
-6.9087766535433071
0
LINE
8
BLACK
6
CONTINUOUS
10
14.032007716535432
20
-6.9087766535433071
11
14.0353976377952758
21
-6.9081023622047244
0
LINE
8
BLACK
6
CONTINUOUS
10
14.0353976377952758
20
-6.9081023622047244
11
14.0531141732283462
21
-6.9081023622047244
0
LINE
8
BLACK
6
CONTINUOUS
10
14.0531141732283462
20
-6.9081023622047244
11
14.0565040944881883
21
-6.9087766535433071
0
LINE
8
BLACK
6
CONTINUOUS
10
8.8560122047244096
20
-6.8949624015748032
11
8.766836692913385
21
-6.9106864566929129
0
LINE
8
BLACK
6
CONTINUOUS
10
8.766836692913385
20
-6.9106864566929129
11
8.7531636220472446
21
-6.8331425590551182
0
LINE
8
BLACK
6
CONTINUOUS
10
8.7531636220472446
20
-6.8331425590551182
11
8.8423391338582675
21
-6.8174185039370077
0
LINE
8
BLACK
6
CONTINUOUS
10
8.8423391338582675
20
-6.8174185039370077
11
8.8560122047244096
21
-6.8949624015748032
0
LINE
8
BLACK
6
CONTINUOUS
10
11.9794667322834645
20
-6.8645540944881889
11
11.8892601181102364
21
-6.8724461417322837
0
LINE
8
BLACK
6
CONTINUOUS
10
11.8892601181102364
20
-6.8724461417322837
11
11.8823974409448816
21
-6.7940055905511807
0
LINE
8
BLACK
6
CONTINUOUS
10
11.8823974409448816
20
-6.7940055905511807
11
11.9726040551181097
21
-6.7861135433070867
0
LINE
8
BLACK
6
CONTINUOUS
10
11.9726040551181097
20
-6.7861135433070867
11
11.9794667322834645
21
-6.8645540944881889
0
LINE
8
BLACK
6
CONTINUOUS
10
5.8354580708661414
20
-6.792371929133858
11
5.8217850000000002
21
-6.8699158267716536
0
LINE
8
BLACK
6
CONTINUOUS
10
5.8217850000000002
20
-6.8699158267716536
11
5.7326094881889764
21
-6.854191771653543
0
LINE
8
BLACK
6
CONTINUOUS
10
5.7326094881889764
20
-6.854191771653543
11
5.7462825590551176
21
-6.7766478740157483
0
LINE
8
BLACK
6
CONTINUOUS
10
5.7462825590551176
20
-6.7766478740157483
11
5.8354580708661414
21
-6.792371929133858
0
LINE
8
BLACK
6
CONTINUOUS
10
6.3452267716535431
20
-6.7807152362204723
11
6.3315537007874019
21
-6.8582591338582679
0
LINE
8
BLACK
6
CONTINUOUS
10
6.3315537007874019
20
-6.8582591338582679
11
6.2423781889763781
21
-6.8425350787401573
0
LINE
8
BLACK
6
CONTINUOUS
10
6.2423781889763781
20
-6.8425350787401573
11
6.2560512598425193
21
-6.7649911811023618
0
LINE
8
BLACK
6
CONTINUOUS
10
6.2560512598425193
20
-6.7649911811023618
11
6.3452267716535431
21
-6.7807152362204723
0
LINE
8
BLACK
6
CONTINUOUS
10
4.2973220078740155
20
-6.7459669685039367
11
4.2904593307086616
21
-6.8244075196850389
0
LINE
8
BLACK
6
CONTINUOUS
10
4.2904593307086616
20
-6.8244075196850389
11
4.2002527165354326
21
-6.8165154724409449
0
LINE
8
BLACK
6
CONTINUOUS
10
4.2002527165354326
20
-6.8165154724409449
11
4.2071153937007875
21
-6.7380749212598428
0
LINE
8
BLACK
6
CONTINUOUS
10
4.2071153937007875
20
-6.7380749212598428
11
4.2973220078740155
21
-6.7459669685039367
0
LINE
8
BLACK
6
CONTINUOUS
10
7.4328281496062987
20
-6.7374309842519686
11
7.4191550787401574
21
-6.8149748818897633
0
LINE
8
BLACK
6
CONTINUOUS
10
7.4191550787401574
20
-6.8149748818897633
11
7.3299795669291337
21
-6.7992508267716536
0
LINE
8
BLACK
6
CONTINUOUS
10
7.3299795669291337
20
-6.7992508267716536
11
7.3436526377952758
21
-6.721706929133858
0
LINE
8
BLACK
6
CONTINUOUS
10
7.3436526377952758
20
-6.721706929133858
11
7.4328281496062987
21
-6.7374309842519686
0
LINE
8
BLACK
6
CONTINUOUS
10
7.9425968503937003
20
-6.725774291338583
11
7.9289237795275591
21
-6.8033181889763776
0
LINE
8
BLACK
6
CONTINUOUS
10
7.9289237795275591
20
-6.8033181889763776
11
7.8397482677165353
21
-6.7875941338582679
0
LINE
8
BLACK
6
CONTINUOUS
10
7.8397482677165353
20
-6.7875941338582679
11
7.8534213385826765
21
-6.7100502362204724
0
LINE
8
BLACK
6
CONTINUOUS
10
7.8534213385826765
20
-6.7100502362204724
11
7.9425968503937003
21
-6.725774291338583
0
LINE
8
BLACK
6
CONTINUOUS
10
8.1628033070866142
20
-6.7453908267716534
11
8.1656771259842511
21
-6.747311062992126
0
LINE
8
BLACK
6
CONTINUOUS
10
8.1656771259842511
20
-6.747311062992126
11
8.1675973622047238
21
-6.7501848818897638
0
LINE
8
BLACK
6
CONTINUOUS
10
8.1675973622047238
20
-6.7501848818897638
11
8.1682716535433073
21
-6.7535748031496059
0
LINE
8
BLACK
6
CONTINUOUS
10
8.1682716535433073
20
-6.7535748031496059
11
8.1682716535433073
21
-6.7831023622047244
0
LINE
8
BLACK
6
CONTINUOUS
10
8.1682716535433073
20
-6.7831023622047244
11
8.1675973622047238
21
-6.7864922834645665
0
LINE
8
BLACK
6
CONTINUOUS
10
8.1675973622047238
20
-6.7864922834645665
11
8.1656771259842511
21
-6.7893661023622043
0
LINE
8
BLACK
6
CONTINUOUS
10
8.1656771259842511
20
-6.7893661023622043
11
8.1628033070866142
21
-6.7912863385826769
0
LINE
8
BLACK
6
CONTINUOUS
10
8.1628033070866142
20
-6.7912863385826769
11
8.1594133858267721
21
-6.7919606299212596
0
LINE
8
BLACK
6
CONTINUOUS
10
8.1594133858267721
20
-6.7919606299212596
11
8.1416968503936999
21
-6.7919606299212596
0
LINE
8
BLACK
6
CONTINUOUS
10
8.1416968503936999
20
-6.7919606299212596
11
8.1383069291338579
21
-6.7912863385826769
0
LINE
8
BLACK
6
CONTINUOUS
10
8.1383069291338579
20
-6.7912863385826769
11
8.135433110236221
21
-6.7893661023622043
0
LINE
8
BLACK
6
CONTINUOUS
10
8.135433110236221
20
-6.7893661023622043
11
8.1335128740157483
21
-6.7864922834645665
0
LINE
8
BLACK
6
CONTINUOUS
10
8.1335128740157483
20
-6.7864922834645665
11
8.1328385826771648
21
-6.7831023622047244
0
LINE
8
BLACK
6
CONTINUOUS
10
8.1328385826771648
20
-6.7831023622047244
11
8.1328385826771648
21
-6.7742440944881892
0
LINE
8
BLACK
6
CONTINUOUS
10
8.1328385826771648
20
-6.7742440944881892
11
8.0460275590551174
21
-6.7742440944881892
0
LINE
8
BLACK
6
CONTINUOUS
10
8.0460275590551174
20
-6.7742440944881892
11
8.0453495669291328
21
-6.774109251968504
0
LINE
8
BLACK
6
CONTINUOUS
10
8.0453495669291328
20
-6.774109251968504
11
8.0447748031496058
21
-6.7737251968503935
0
LINE
8
BLACK
6
CONTINUOUS
10
8.0447748031496058
20
-6.7737251968503935
11
8.0443907480314962
21
-6.7731504330708656
0
LINE
8
BLACK
6
CONTINUOUS
10
8.0443907480314962
20
-6.7731504330708656
11
8.044255905511811
21
-6.772472440944882
0
LINE
8
BLACK
6
CONTINUOUS
10
8.044255905511811
20
-6.772472440944882
11
8.044255905511811
21
-6.7642047244094483
0
LINE
8
BLACK
6
CONTINUOUS
10
8.044255905511811
20
-6.7642047244094483
11
8.0443907480314962
21
-6.7635267322834647
0
LINE
8
BLACK
6
CONTINUOUS
10
8.0443907480314962
20
-6.7635267322834647
11
8.0447748031496058
21
-6.7629519685039368
0
LINE
8
BLACK
6
CONTINUOUS
10
8.0447748031496058
20
-6.7629519685039368
11
8.0453495669291328
21
-6.7625679133858263
0
LINE
8
BLACK
6
CONTINUOUS
10
8.0453495669291328
20
-6.7625679133858263
11
8.0460275590551174
21
-6.762433070866142
0
LINE
8
BLACK
6
CONTINUOUS
10
8.0460275590551174
20
-6.762433070866142
11
8.1328385826771648
21
-6.762433070866142
0
LINE
8
BLACK
6
CONTINUOUS
10
8.1328385826771648
20
-6.762433070866142
11
8.1328385826771648
21
-6.7535748031496059
0
LINE
8
BLACK
6
CONTINUOUS
10
8.1328385826771648
20
-6.7535748031496059
11
8.1335128740157483
21
-6.7501848818897638
0
LINE
8
BLACK
6
CONTINUOUS
10
8.1335128740157483
20
-6.7501848818897638
11
8.135433110236221
21
-6.747311062992126
0
LINE
8
BLACK
6
CONTINUOUS
10
8.135433110236221
20
-6.747311062992126
11
8.1383069291338579
21
-6.7453908267716534
0
LINE
8
BLACK
6
CONTINUOUS
10
8.1383069291338579
20
-6.7453908267716534
11
8.1416968503936999
21
-6.7447165354330707
0
LINE
8
BLACK
6
CONTINUOUS
10
8.1416968503936999
20
-6.7447165354330707
11
8.1594133858267721
21
-6.7447165354330707
0
LINE
8
BLACK
6
CONTINUOUS
10
8.1594133858267721
20
-6.7447165354330707
11
8.1628033070866142
21
-6.7453908267716534
0
LINE
8
BLACK
6
CONTINUOUS
10
8.2927245669291345
20
-6.7453908267716534
11
8.2955983858267714
21
-6.747311062992126
0
LINE
8
BLACK
6
CONTINUOUS
10
8.2955983858267714
20
-6.747311062992126
11
8.2975186220472441
21
-6.7501848818897638
0
LINE
8
BLACK
6
CONTINUOUS
10
8.2975186220472441
20
-6.7501848818897638
11
8.2981929133858259
21
-6.7535748031496059
0
LINE
8
BLACK
6
CONTINUOUS
10
8.2981929133858259
20
-6.7535748031496059
11
8.2981929133858259
21
-6.762433070866142
0
LINE
8
BLACK
6
CONTINUOUS
10
8.2981929133858259
20
-6.762433070866142
11
8.3800826771653547
21
-6.762433070866142
0
LINE
8
BLACK
6
CONTINUOUS
10
8.3800826771653547
20
-6.762433070866142
11
8.3807606692913392
21
-6.7625679133858263
0
LINE
8
BLACK
6
CONTINUOUS
10
8.3807606692913392
20
-6.7625679133858263
11
8.3813354330708663
21
-6.7629519685039368
0
LINE
8
BLACK
6
CONTINUOUS
10
8.3813354330708663
20
-6.7629519685039368
11
8.3817194881889758
21
-6.7635267322834647
0
LINE
8
BLACK
6
CONTINUOUS
10
8.3817194881889758
20
-6.7635267322834647
11
8.381854330708661
21
-6.7642047244094483
0
LINE
8
BLACK
6
CONTINUOUS
10
8.381854330708661
20
-6.7642047244094483
11
8.381854330708661
21
-6.772472440944882
0
LINE
8
BLACK
6
CONTINUOUS
10
8.381854330708661
20
-6.772472440944882
11
8.3817194881889758
21
-6.7731504330708656
0
LINE
8
BLACK
6
CONTINUOUS
10
8.3817194881889758
20
-6.7731504330708656
11
8.3813354330708663
21
-6.7737251968503935
0
LINE
8
BLACK
6
CONTINUOUS
10
8.3813354330708663
20
-6.7737251968503935
11
8.3807606692913392
21
-6.774109251968504
0
LINE
8
BLACK
6
CONTINUOUS
10
8.3807606692913392
20
-6.774109251968504
11
8.3800826771653547
21
-6.7742440944881892
0
LINE
8
BLACK
6
CONTINUOUS
10
8.3800826771653547
20
-6.7742440944881892
11
8.2981929133858259
21
-6.7742440944881892
0
LINE
8
BLACK
6
CONTINUOUS
10
8.2981929133858259
20
-6.7742440944881892
11
8.2981929133858259
21
-6.7831023622047244
0
LINE
8
BLACK
6
CONTINUOUS
10
8.2981929133858259
20
-6.7831023622047244
11
8.2975186220472441
21
-6.7864922834645665
0
LINE
8
BLACK
6
CONTINUOUS
10
8.2975186220472441
20
-6.7864922834645665
11
8.2955983858267714
21
-6.7893661023622043
0
LINE
8
BLACK
6
CONTINUOUS
10
8.2955983858267714
20
-6.7893661023622043
11
8.2927245669291345
21
-6.7912863385826769
0
LINE
8
BLACK
6
CONTINUOUS
10
8.2927245669291345
20
-6.7912863385826769
11
8.2893346456692907
21
-6.7919606299212596
0
LINE
8
BLACK
6
CONTINUOUS
10
8.2893346456692907
20
-6.7919606299212596
11
8.2716181102362203
21
-6.7919606299212596
0
LINE
8
BLACK
6
CONTINUOUS
10
8.2716181102362203
20
-6.7919606299212596
11
8.2682281889763782
21
-6.7912863385826769
0
LINE
8
BLACK
6
CONTINUOUS
10
8.2682281889763782
20
-6.7912863385826769
11
8.2653543700787395
21
-6.7893661023622043
0
LINE
8
BLACK
6
CONTINUOUS
10
8.2653543700787395
20
-6.7893661023622043
11
8.2634341338582669
21
-6.7864922834645665
0
LINE
8
BLACK
6
CONTINUOUS
10
8.2634341338582669
20
-6.7864922834645665
11
8.2627598425196851
21
-6.7831023622047244
0
LINE
8
BLACK
6
CONTINUOUS
10
8.2627598425196851
20
-6.7831023622047244
11
8.2627598425196851
21
-6.7535748031496059
0
LINE
8
BLACK
6
CONTINUOUS
10
8.2627598425196851
20
-6.7535748031496059
11
8.2634341338582669
21
-6.7501848818897638
0
LINE
8
BLACK
6
CONTINUOUS
10
8.2634341338582669
20
-6.7501848818897638
11
8.2653543700787395
21
-6.747311062992126
0
LINE
8
BLACK
6
CONTINUOUS
10
8.2653543700787395
20
-6.747311062992126
11
8.2682281889763782
21
-6.7453908267716534
0
LINE
8
BLACK
6
CONTINUOUS
10
8.2682281889763782
20
-6.7453908267716534
11
8.2716181102362203
21
-6.7447165354330707
0
LINE
8
BLACK
6
CONTINUOUS
10
8.2716181102362203
20
-6.7447165354330707
11
8.2893346456692907
21
-6.7447165354330707
0
LINE
8
BLACK
6
CONTINUOUS
10
8.2893346456692907
20
-6.7447165354330707
11
8.2927245669291345
21
-6.7453908267716534
0
LINE
8
BLACK
6
CONTINUOUS
10
10.928425314960629
20
-6.764598503937008
11
10.8392498031496061
21
-6.7803225590551177
0
LINE
8
BLACK
6
CONTINUOUS
10
10.8392498031496061
20
-6.7803225590551177
11
10.825576732283464
21
-6.702778661417323
0
LINE
8
BLACK
6
CONTINUOUS
10
10.825576732283464
20
-6.702778661417323
11
10.9147522440944886
21
-6.6870546062992124
0
LINE
8
BLACK
6
CONTINUOUS
10
10.9147522440944886
20
-6.6870546062992124
11
10.928425314960629
21
-6.764598503937008
0
LINE
8
BLACK
6
CONTINUOUS
10
4.8041349212598421
20
-6.6899253937007872
11
4.7972722440944882
21
-6.7683659448818894
0
LINE
8
BLACK
6
CONTINUOUS
10
4.7972722440944882
20
-6.7683659448818894
11
4.7070656299212601
21
-6.7604738976377954
0
LINE
8
BLACK
6
CONTINUOUS
10
4.7070656299212601
20
-6.7604738976377954
11
4.713928307086614
21
-6.6820333464566923
0
LINE
8
BLACK
6
CONTINUOUS
10
4.713928307086614
20
-6.6820333464566923
11
4.8041349212598421
21
-6.6899253937007872
0
LINE
8
BLACK
6
CONTINUOUS
10
10.1348505511811027
20
-6.7119262598425191
11
10.1377243700787396
21
-6.7138464960629918
0
LINE
8
BLACK
6
CONTINUOUS
10
10.1377243700787396
20
-6.7138464960629918
11
10.1396446062992123
21
-6.7167203149606296
0
LINE
8
BLACK
6
CONTINUOUS
10
10.1396446062992123
20
-6.7167203149606296
11
10.1403188976377958
21
-6.7201102362204725
0
LINE
8
BLACK
6
CONTINUOUS
10
10.1403188976377958
20
-6.7201102362204725
11
10.1403188976377958
21
-6.7496377952755902
0
LINE
8
BLACK
6
CONTINUOUS
10
10.1403188976377958
20
-6.7496377952755902
11
10.1396446062992123
21
-6.7530277165354331
0
LINE
8
BLACK
6
CONTINUOUS
10
10.1396446062992123
20
-6.7530277165354331
11
10.1377243700787396
21
-6.7559015354330709
0
LINE
8
BLACK
6
CONTINUOUS
10
10.1377243700787396
20
-6.7559015354330709
11
10.1348505511811027
21
-6.7578217716535436
0
LINE
8
BLACK
6
CONTINUOUS
10
10.1348505511811027
20
-6.7578217716535436
11
10.1314606299212588
21
-6.7584960629921262
0
LINE
8
BLACK
6
CONTINUOUS
10
10.1314606299212588
20
-6.7584960629921262
11
10.1137440944881885
21
-6.7584960629921262
0
LINE
8
BLACK
6
CONTINUOUS
10
10.1137440944881885
20
-6.7584960629921262
11
10.1103541732283464
21
-6.7578217716535436
0
LINE
8
BLACK
6
CONTINUOUS
10
10.1103541732283464
20
-6.7578217716535436
11
10.1074803543307077
21
-6.7559015354330709
0
LINE
8
BLACK
6
CONTINUOUS
10
10.1074803543307077
20
-6.7559015354330709
11
10.1055601181102368
21
-6.7530277165354331
0
LINE
8
BLACK
6
CONTINUOUS
10
10.1055601181102368
20
-6.7530277165354331
11
10.1048858267716533
21
-6.7496377952755902
0
LINE
8
BLACK
6
CONTINUOUS
10
10.1048858267716533
20
-6.7496377952755902
11
10.1048858267716533
21
-6.740779527559055
0
LINE
8
BLACK
6
CONTINUOUS
10
10.1048858267716533
20
-6.740779527559055
11
10.0180748031496059
21
-6.740779527559055
0
LINE
8
BLACK
6
CONTINUOUS
10
10.0180748031496059
20
-6.740779527559055
11
10.0173968110236213
21
-6.7406446850393698
0
LINE
8
BLACK
6
CONTINUOUS
10
10.0173968110236213
20
-6.7406446850393698
11
10.0168220472440943
21
-6.7402606299212593
0
LINE
8
BLACK
6
CONTINUOUS
10
10.0168220472440943
20
-6.7402606299212593
11
10.0164379921259847
21
-6.7396858661417323
0
LINE
8
BLACK
6
CONTINUOUS
10
10.0164379921259847
20
-6.7396858661417323
11
10.0163031496062995
21
-6.7390078740157477
0
LINE
8
BLACK
6
CONTINUOUS
10
10.0163031496062995
20
-6.7390078740157477
11
10.0163031496062995
21
-6.730740157480315
0
LINE
8
BLACK
6
CONTINUOUS
10
10.0163031496062995
20
-6.730740157480315
11
10.0164379921259847
21
-6.7300621653543304
0
LINE
8
BLACK
6
CONTINUOUS
10
10.0164379921259847
20
-6.7300621653543304
11
10.0168220472440943
21
-6.7294874015748034
0
LINE
8
BLACK
6
CONTINUOUS
10
10.0168220472440943
20
-6.7294874015748034
11
10.0173968110236213
21
-6.7291033464566929
0
LINE
8
BLACK
6
CONTINUOUS
10
10.0173968110236213
20
-6.7291033464566929
11
10.0180748031496059
21
-6.7289685039370077
0
LINE
8
BLACK
6
CONTINUOUS
10
10.0180748031496059
20
-6.7289685039370077
11
10.1048858267716533
21
-6.7289685039370077
0
LINE
8
BLACK
6
CONTINUOUS
10
10.1048858267716533
20
-6.7289685039370077
11
10.1048858267716533
21
-6.7201102362204725
0
LINE
8
BLACK
6
CONTINUOUS
10
10.1048858267716533
20
-6.7201102362204725
11
10.1055601181102368
21
-6.7167203149606296
0
LINE
8
BLACK
6
CONTINUOUS
10
10.1055601181102368
20
-6.7167203149606296
11
10.1074803543307077
21
-6.7138464960629918
0
LINE
8
BLACK
6
CONTINUOUS
10
10.1074803543307077
20
-6.7138464960629918
11
10.1103541732283464
21
-6.7119262598425191
0
LINE
8
BLACK
6
CONTINUOUS
10
10.1103541732283464
20
-6.7119262598425191
11
10.1137440944881885
21
-6.7112519685039365
0
LINE
8
BLACK
6
CONTINUOUS
10
10.1137440944881885
20
-6.7112519685039365
11
10.1314606299212588
21
-6.7112519685039365
0
LINE
8
BLACK
6
CONTINUOUS
10
10.1314606299212588
20
-6.7112519685039365
11
10.1348505511811027
21
-6.7119262598425191
0
LINE
8
BLACK
6
CONTINUOUS
10
10.2647718110236212
20
-6.7119262598425191
11
10.26764562992126
21
-6.7138464960629918
0
LINE
8
BLACK
6
CONTINUOUS
10
10.26764562992126
20
-6.7138464960629918
11
10.2695658661417326
21
-6.7167203149606296
0
LINE
8
BLACK
6
CONTINUOUS
10
10.2695658661417326
20
-6.7167203149606296
11
10.2702401574803144
21
-6.7201102362204725
0
LINE
8
BLACK
6
CONTINUOUS
10
10.2702401574803144
20
-6.7201102362204725
11
10.2702401574803144
21
-6.7289685039370077
0
LINE
8
BLACK
6
CONTINUOUS
10
10.2702401574803144
20
-6.7289685039370077
11
10.3521299212598414
21
-6.7289685039370077
0
LINE
8
BLACK
6
CONTINUOUS
10
10.3521299212598414
20
-6.7289685039370077
11
10.352807913385826
21
-6.7291033464566929
0
LINE
8
BLACK
6
CONTINUOUS
10
10.352807913385826
20
-6.7291033464566929
11
10.3533826771653548
21
-6.7294874015748034
0
LINE
8
BLACK
6
CONTINUOUS
10
10.3533826771653548
20
-6.7294874015748034
11
10.3537667322834643
21
-6.7300621653543304
0
LINE
8
BLACK
6
CONTINUOUS
10
10.3537667322834643
20
-6.7300621653543304
11
10.3539015748031495
21
-6.730740157480315
0
LINE
8
BLACK
6
CONTINUOUS
10
10.3539015748031495
20
-6.730740157480315
11
10.3539015748031495
21
-6.7390078740157477
0
LINE
8
BLACK
6
CONTINUOUS
10
10.3539015748031495
20
-6.7390078740157477
11
10.3537667322834643
21
-6.7396858661417323
0
LINE
8
BLACK
6
CONTINUOUS
10
10.3537667322834643
20
-6.7396858661417323
11
10.3533826771653548
21
-6.7402606299212593
0
LINE
8
BLACK
6
CONTINUOUS
10
10.3533826771653548
20
-6.7402606299212593
11
10.352807913385826
21
-6.7406446850393698
0
LINE
8
BLACK
6
CONTINUOUS
10
10.352807913385826
20
-6.7406446850393698
11
10.3521299212598414
21
-6.740779527559055
0
LINE
8
BLACK
6
CONTINUOUS
10
10.3521299212598414
20
-6.740779527559055
11
10.2702401574803144
21
-6.740779527559055
0
LINE
8
BLACK
6
CONTINUOUS
10
10.2702401574803144
20
-6.740779527559055
11
10.2702401574803144
21
-6.7496377952755902
0
LINE
8
BLACK
6
CONTINUOUS
10
10.2702401574803144
20
-6.7496377952755902
11
10.2695658661417326
21
-6.7530277165354331
0
LINE
8
BLACK
6
CONTINUOUS
10
10.2695658661417326
20
-6.7530277165354331
11
10.26764562992126
21
-6.7559015354330709
0
LINE
8
BLACK
6
CONTINUOUS
10
10.26764562992126
20
-6.7559015354330709
11
10.2647718110236212
21
-6.7578217716535436
0
LINE
8
BLACK
6
CONTINUOUS
10
10.2647718110236212
20
-6.7578217716535436
11
10.2613818897637792
21
-6.7584960629921262
0
LINE
8
BLACK
6
CONTINUOUS
10
10.2613818897637792
20
-6.7584960629921262
11
10.2436653543307088
21
-6.7584960629921262
0
LINE
8
BLACK
6
CONTINUOUS
10
10.2436653543307088
20
-6.7584960629921262
11
10.2402754330708667
21
-6.7578217716535436
0
LINE
8
BLACK
6
CONTINUOUS
10
10.2402754330708667
20
-6.7578217716535436
11
10.237401614173228
21
-6.7559015354330709
0
LINE
8
BLACK
6
CONTINUOUS
10
10.237401614173228
20
-6.7559015354330709
11
10.2354813779527554
21
-6.7530277165354331
0
LINE
8
BLACK
6
CONTINUOUS
10
10.2354813779527554
20
-6.7530277165354331
11
10.2348070866141736
21
-6.7496377952755902
0
LINE
8
BLACK
6
CONTINUOUS
10
10.2348070866141736
20
-6.7496377952755902
11
10.2348070866141736
21
-6.7201102362204725
0
LINE
8
BLACK
6
CONTINUOUS
10
10.2348070866141736
20
-6.7201102362204725
11
10.2354813779527554
21
-6.7167203149606296
0
LINE
8
BLACK
6
CONTINUOUS
10
10.2354813779527554
20
-6.7167203149606296
11
10.237401614173228
21
-6.7138464960629918
0
LINE
8
BLACK
6
CONTINUOUS
10
10.237401614173228
20
-6.7138464960629918
11
10.2402754330708667
21
-6.7119262598425191
0
LINE
8
BLACK
6
CONTINUOUS
10
10.2402754330708667
20
-6.7119262598425191
11
10.2436653543307088
21
-6.7112519685039365
0
LINE
8
BLACK
6
CONTINUOUS
10
10.2436653543307088
20
-6.7112519685039365
11
10.2613818897637792
21
-6.7112519685039365
0
LINE
8
BLACK
6
CONTINUOUS
10
10.2613818897637792
20
-6.7112519685039365
11
10.2647718110236212
21
-6.7119262598425191
0
LINE
8
BLACK
6
CONTINUOUS
10
12.4688485039370072
20
-6.7213567322834642
11
12.3786418897637791
21
-6.7292487795275591
0
LINE
8
BLACK
6
CONTINUOUS
10
12.3786418897637791
20
-6.7292487795275591
11
12.3717792125984243
21
-6.6508082283464569
0
LINE
8
BLACK
6
CONTINUOUS
10
12.3717792125984243
20
-6.6508082283464569
11
12.4619858267716541
21
-6.642916181102362
0
LINE
8
BLACK
6
CONTINUOUS
10
12.4619858267716541
20
-6.642916181102362
11
12.4688485039370072
21
-6.7213567322834642
0
LINE
8
BLACK
6
CONTINUOUS
10
9.3310512992125982
20
-6.7096575590551177
11
9.2418757874015753
21
-6.7253816141732283
0
LINE
8
BLACK
6
CONTINUOUS
10
9.2418757874015753
20
-6.7253816141732283
11
9.2282027165354332
21
-6.6478377165354328
0
LINE
8
BLACK
6
CONTINUOUS
10
9.2282027165354332
20
-6.6478377165354328
11
9.3173782283464561
21
-6.6321136614173231
0
LINE
8
BLACK
6
CONTINUOUS
10
9.3173782283464561
20
-6.6321136614173231
11
9.3310512992125982
21
-6.7096575590551177
0
LINE
8
BLACK
6
CONTINUOUS
10
11.1599728346456697
20
-6.6494112204724409
11
11.070797322834645
21
-6.6651352755905506
0
LINE
8
BLACK
6
CONTINUOUS
10
11.070797322834645
20
-6.6651352755905506
11
11.0571242519685029
21
-6.587591377952756
0
LINE
8
BLACK
6
CONTINUOUS
10
11.0571242519685029
20
-6.587591377952756
11
11.1462997637795276
21
-6.5718673228346454
0
LINE
8
BLACK
6
CONTINUOUS
10
11.1462997637795276
20
-6.5718673228346454
11
11.1599728346456697
21
-6.6494112204724409
0
LINE
8
BLACK
6
CONTINUOUS
10
6.3281576377952753
20
-6.6115325590551182
11
6.3310314566929131
21
-6.6134527952755908
0
LINE
8
BLACK
6
CONTINUOUS
10
6.3310314566929131
20
-6.6134527952755908
11
6.3329516929133858
21
-6.6163266141732278
0
LINE
8
BLACK
6
CONTINUOUS
10
6.3329516929133858
20
-6.6163266141732278
11
6.3336259842519684
21
-6.6197165354330707
0
LINE
8
BLACK
6
CONTINUOUS
10
6.3336259842519684
20
-6.6197165354330707
11
6.3336259842519684
21
-6.6492440944881892
0
LINE
8
BLACK
6
CONTINUOUS
10
6.3336259842519684
20
-6.6492440944881892
11
6.3329516929133858
21
-6.6526340157480313
0
LINE
8
BLACK
6
CONTINUOUS
10
6.3329516929133858
20
-6.6526340157480313
11
6.3310314566929131
21
-6.6555078346456691
0
LINE
8
BLACK
6
CONTINUOUS
10
6.3310314566929131
20
-6.6555078346456691
11
6.3281576377952753
21
-6.6574280708661417
0
LINE
8
BLACK
6
CONTINUOUS
10
6.3281576377952753
20
-6.6574280708661417
11
6.3247677165354332
21
-6.6581023622047244
0
LINE
8
BLACK
6
CONTINUOUS
10
6.3247677165354332
20
-6.6581023622047244
11
6.307051181102362
21
-6.6581023622047244
0
LINE
8
BLACK
6
CONTINUOUS
10
6.307051181102362
20
-6.6581023622047244
11
6.3036612598425199
21
-6.6574280708661417
0
LINE
8
BLACK
6
CONTINUOUS
10
6.3036612598425199
20
-6.6574280708661417
11
6.3007874409448821
21
-6.6555078346456691
0
LINE
8
BLACK
6
CONTINUOUS
10
6.3007874409448821
20
-6.6555078346456691
11
6.2988672047244094
21
-6.6526340157480313
0
LINE
8
BLACK
6
CONTINUOUS
10
6.2988672047244094
20
-6.6526340157480313
11
6.2981929133858268
21
-6.6492440944881892
0
LINE
8
BLACK
6
CONTINUOUS
10
6.2981929133858268
20
-6.6492440944881892
11
6.2981929133858268
21
-6.6403858267716531
0
LINE
8
BLACK
6
CONTINUOUS
10
6.2981929133858268
20
-6.6403858267716531
11
6.2113818897637794
21
-6.6403858267716531
0
LINE
8
BLACK
6
CONTINUOUS
10
6.2113818897637794
20
-6.6403858267716531
11
6.2107038976377948
21
-6.6402509842519679
0
LINE
8
BLACK
6
CONTINUOUS
10
6.2107038976377948
20
-6.6402509842519679
11
6.2101291338582678
21
-6.6398669291338583
0
LINE
8
BLACK
6
CONTINUOUS
10
6.2101291338582678
20
-6.6398669291338583
11
6.2097450787401574
21
-6.6392921653543304
0
LINE
8
BLACK
6
CONTINUOUS
10
6.2097450787401574
20
-6.6392921653543304
11
6.2096102362204721
21
-6.6386141732283459
0
LINE
8
BLACK
6
CONTINUOUS
10
6.2096102362204721
20
-6.6386141732283459
11
6.2096102362204721
21
-6.6303464566929131
0
LINE
8
BLACK
6
CONTINUOUS
10
6.2096102362204721
20
-6.6303464566929131
11
6.2097450787401574
21
-6.6296684645669286
0
LINE
8
BLACK
6
CONTINUOUS
10
6.2097450787401574
20
-6.6296684645669286
11
6.2101291338582678
21
-6.6290937007874016
0
LINE
8
BLACK
6
CONTINUOUS
10
6.2101291338582678
20
-6.6290937007874016
11
6.2107038976377948
21
-6.6287096456692911
0
LINE
8
BLACK
6
CONTINUOUS
10
6.2107038976377948
20
-6.6287096456692911
11
6.2113818897637794
21
-6.6285748031496059
0
LINE
8
BLACK
6
CONTINUOUS
10
6.2113818897637794
20
-6.6285748031496059
11
6.2981929133858268
21
-6.6285748031496059
0
LINE
8
BLACK
6
CONTINUOUS
10
6.2981929133858268
20
-6.6285748031496059
11
6.2981929133858268
21
-6.6197165354330707
0
LINE
8
BLACK
6
CONTINUOUS
10
6.2981929133858268
20
-6.6197165354330707
11
6.2988672047244094
21
-6.6163266141732278
0
LINE
8
BLACK
6
CONTINUOUS
10
6.2988672047244094
20
-6.6163266141732278
11
6.3007874409448821
21
-6.6134527952755908
0
LINE
8
BLACK
6
CONTINUOUS
10
6.3007874409448821
20
-6.6134527952755908
11
6.3036612598425199
21
-6.6115325590551182
0
LINE
8
BLACK
6
CONTINUOUS
10
6.3036612598425199
20
-6.6115325590551182
11
6.307051181102362
21
-6.6108582677165355
0
LINE
8
BLACK
6
CONTINUOUS
10
6.307051181102362
20
-6.6108582677165355
11
6.3247677165354332
21
-6.6108582677165355
0
LINE
8
BLACK
6
CONTINUOUS
10
6.3247677165354332
20
-6.6108582677165355
11
6.3281576377952753
21
-6.6115325590551182
0
LINE
8
BLACK
6
CONTINUOUS
10
6.4580788976377947
20
-6.6115325590551182
11
6.4609527165354326
21
-6.6134527952755908
0
LINE
8
BLACK
6
CONTINUOUS
10
6.4609527165354326
20
-6.6134527952755908
11
6.4628729527559052
21
-6.6163266141732278
0
LINE
8
BLACK
6
CONTINUOUS
10
6.4628729527559052
20
-6.6163266141732278
11
6.4635472440944879
21
-6.6197165354330707
0
LINE
8
BLACK
6
CONTINUOUS
10
6.4635472440944879
20
-6.6197165354330707
11
6.4635472440944879
21
-6.6285748031496059
0
LINE
8
BLACK
6
CONTINUOUS
10
6.4635472440944879
20
-6.6285748031496059
11
6.5454370078740158
21
-6.6285748031496059
0
LINE
8
BLACK
6
CONTINUOUS
10
6.5454370078740158
20
-6.6285748031496059
11
6.5461149999999995
21
-6.6287096456692911
0
LINE
8
BLACK
6
CONTINUOUS
10
6.5461149999999995
20
-6.6287096456692911
11
6.5466897637795274
21
-6.6290937007874016
0
LINE
8
BLACK
6
CONTINUOUS
10
6.5466897637795274
20
-6.6290937007874016
11
6.5470738188976378
21
-6.6296684645669286
0
LINE
8
BLACK
6
CONTINUOUS
10
6.5470738188976378
20
-6.6296684645669286
11
6.5472086614173231
21
-6.6303464566929131
0
LINE
8
BLACK
6
CONTINUOUS
10
6.5472086614173231
20
-6.6303464566929131
11
6.5472086614173231
21
-6.6386141732283459
0
LINE
8
BLACK
6
CONTINUOUS
10
6.5472086614173231
20
-6.6386141732283459
11
6.5470738188976378
21
-6.6392921653543304
0
LINE
8
BLACK
6
CONTINUOUS
10
6.5470738188976378
20
-6.6392921653543304
11
6.5466897637795274
21
-6.6398669291338583
0
LINE
8
BLACK
6
CONTINUOUS
10
6.5466897637795274
20
-6.6398669291338583
11
6.5461149999999995
21
-6.6402509842519679
0
LINE
8
BLACK
6
CONTINUOUS
10
6.5461149999999995
20
-6.6402509842519679
11
6.5454370078740158
21
-6.6403858267716531
0
LINE
8
BLACK
6
CONTINUOUS
10
6.5454370078740158
20
-6.6403858267716531
11
6.4635472440944879
21
-6.6403858267716531
0
LINE
8
BLACK
6
CONTINUOUS
10
6.4635472440944879
20
-6.6403858267716531
11
6.4635472440944879
21
-6.6492440944881892
0
LINE
8
BLACK
6
CONTINUOUS
10
6.4635472440944879
20
-6.6492440944881892
11
6.4628729527559052
21
-6.6526340157480313
0
LINE
8
BLACK
6
CONTINUOUS
10
6.4628729527559052
20
-6.6526340157480313
11
6.4609527165354326
21
-6.6555078346456691
0
LINE
8
BLACK
6
CONTINUOUS
10
6.4609527165354326
20
-6.6555078346456691
11
6.4580788976377947
21
-6.6574280708661417
0
LINE
8
BLACK
6
CONTINUOUS
10
6.4580788976377947
20
-6.6574280708661417
11
6.4546889763779527
21
-6.6581023622047244
0
LINE
8
BLACK
6
CONTINUOUS
10
6.4546889763779527
20
-6.6581023622047244
11
6.4369724409448814
21
-6.6581023622047244
0
LINE
8
BLACK
6
CONTINUOUS
10
6.4369724409448814
20
-6.6581023622047244
11
6.4335825196850394
21
-6.6574280708661417
0
LINE
8
BLACK
6
CONTINUOUS
10
6.4335825196850394
20
-6.6574280708661417
11
6.4307087007874015
21
-6.6555078346456691
0
LINE
8
BLACK
6
CONTINUOUS
10
6.4307087007874015
20
-6.6555078346456691
11
6.4287884645669289
21
-6.6526340157480313
0
LINE
8
BLACK
6
CONTINUOUS
10
6.4287884645669289
20
-6.6526340157480313
11
6.4281141732283462
21
-6.6492440944881892
0
LINE
8
BLACK
6
CONTINUOUS
10
6.4281141732283462
20
-6.6492440944881892
11
6.4281141732283462
21
-6.6197165354330707
0
LINE
8
BLACK
6
CONTINUOUS
10
6.4281141732283462
20
-6.6197165354330707
11
6.4287884645669289
21
-6.6163266141732278
0
LINE
8
BLACK
6
CONTINUOUS
10
6.4287884645669289
20
-6.6163266141732278
11
6.4307087007874015
21
-6.6134527952755908
0
LINE
8
BLACK
6
CONTINUOUS
10
6.4307087007874015
20
-6.6134527952755908
11
6.4335825196850394
21
-6.6115325590551182
0
LINE
8
BLACK
6
CONTINUOUS
10
6.4335825196850394
20
-6.6115325590551182
11
6.4369724409448814
21
-6.6108582677165355
0
LINE
8
BLACK
6
CONTINUOUS
10
6.4369724409448814
20
-6.6108582677165355
11
6.4546889763779527
21
-6.6108582677165355
0
LINE
8
BLACK
6
CONTINUOUS
10
6.4546889763779527
20
-6.6108582677165355
11
6.4580788976377947
21
-6.6115325590551182
0
LINE
8
BLACK
6
CONTINUOUS
10
4.7478426771653544
20
-6.5347609055118108
11
4.7507164960629922
21
-6.5366811417322834
0
LINE
8
BLACK
6
CONTINUOUS
10
4.7507164960629922
20
-6.5366811417322834
11
4.7526367322834648
21
-6.5395549606299213
0
LINE
8
BLACK
6
CONTINUOUS
10
4.7526367322834648
20
-6.5395549606299213
11
4.7533110236220475
21
-6.5429448818897633
0
LINE
8
BLACK
6
CONTINUOUS
10
4.7533110236220475
20
-6.5429448818897633
11
4.7533110236220475
21
-6.5724724409448818
0
LINE
8
BLACK
6
CONTINUOUS
10
4.7533110236220475
20
-6.5724724409448818
11
4.7526367322834648
21
-6.5758623622047239
0
LINE
8
BLACK
6
CONTINUOUS
10
4.7526367322834648
20
-6.5758623622047239
11
4.7507164960629922
21
-6.5787361811023617
0
LINE
8
BLACK
6
CONTINUOUS
10
4.7507164960629922
20
-6.5787361811023617
11
4.7478426771653544
21
-6.5806564173228344
0
LINE
8
BLACK
6
CONTINUOUS
10
4.7478426771653544
20
-6.5806564173228344
11
4.7444527559055114
21
-6.581330708661417
0
LINE
8
BLACK
6
CONTINUOUS
10
4.7444527559055114
20
-6.581330708661417
11
4.726736220472441
21
-6.581330708661417
0
LINE
8
BLACK
6
CONTINUOUS
10
4.726736220472441
20
-6.581330708661417
11
4.7233462992125981
21
-6.5806564173228344
0
LINE
8
BLACK
6
CONTINUOUS
10
4.7233462992125981
20
-6.5806564173228344
11
4.7204724803149603
21
-6.5787361811023617
0
LINE
8
BLACK
6
CONTINUOUS
10
4.7204724803149603
20
-6.5787361811023617
11
4.7185522440944885
21
-6.5758623622047239
0
LINE
8
BLACK
6
CONTINUOUS
10
4.7185522440944885
20
-6.5758623622047239
11
4.7178779527559058
21
-6.5724724409448818
0
LINE
8
BLACK
6
CONTINUOUS
10
4.7178779527559058
20
-6.5724724409448818
11
4.7178779527559058
21
-6.5636141732283466
0
LINE
8
BLACK
6
CONTINUOUS
10
4.7178779527559058
20
-6.5636141732283466
11
4.6310669291338584
21
-6.5636141732283466
0
LINE
8
BLACK
6
CONTINUOUS
10
4.6310669291338584
20
-6.5636141732283466
11
4.6303889370078739
21
-6.5634793307086614
0
LINE
8
BLACK
6
CONTINUOUS
10
4.6303889370078739
20
-6.5634793307086614
11
4.629814173228346
21
-6.5630952755905509
0
LINE
8
BLACK
6
CONTINUOUS
10
4.629814173228346
20
-6.5630952755905509
11
4.6294301181102364
21
-6.5625205118110239
0
LINE
8
BLACK
6
CONTINUOUS
10
4.6294301181102364
20
-6.5625205118110239
11
4.6292952755905512
21
-6.5618425196850394
0
LINE
8
BLACK
6
CONTINUOUS
10
4.6292952755905512
20
-6.5618425196850394
11
4.6292952755905512
21
-6.5535748031496057
0
LINE
8
BLACK
6
CONTINUOUS
10
4.6292952755905512
20
-6.5535748031496057
11
4.6294301181102364
21
-6.5528968110236221
0
LINE
8
BLACK
6
CONTINUOUS
10
4.6294301181102364
20
-6.5528968110236221
11
4.629814173228346
21
-6.5523220472440942
0
LINE
8
BLACK
6
CONTINUOUS
10
4.629814173228346
20
-6.5523220472440942
11
4.6303889370078739
21
-6.5519379921259837
0
LINE
8
BLACK
6
CONTINUOUS
10
4.6303889370078739
20
-6.5519379921259837
11
4.6310669291338584
21
-6.5518031496062994
0
LINE
8
BLACK
6
CONTINUOUS
10
4.6310669291338584
20
-6.5518031496062994
11
4.7178779527559058
21
-6.5518031496062994
0
LINE
8
BLACK
6
CONTINUOUS
10
4.7178779527559058
20
-6.5518031496062994
11
4.7178779527559058
21
-6.5429448818897633
0
LINE
8
BLACK
6
CONTINUOUS
10
4.7178779527559058
20
-6.5429448818897633
11
4.7185522440944885
21
-6.5395549606299213
0
LINE
8
BLACK
6
CONTINUOUS
10
4.7185522440944885
20
-6.5395549606299213
11
4.7204724803149603
21
-6.5366811417322834
0
LINE
8
BLACK
6
CONTINUOUS
10
4.7204724803149603
20
-6.5366811417322834
11
4.7233462992125981
21
-6.5347609055118108
0
LINE
8
BLACK
6
CONTINUOUS
10
4.7233462992125981
20
-6.5347609055118108
11
4.726736220472441
21
-6.5340866141732281
0
LINE
8
BLACK
6
CONTINUOUS
10
4.726736220472441
20
-6.5340866141732281
11
4.7444527559055114
21
-6.5340866141732281
0
LINE
8
BLACK
6
CONTINUOUS
10
4.7444527559055114
20
-6.5340866141732281
11
4.7478426771653544
21
-6.5347609055118108
0
LINE
8
BLACK
6
CONTINUOUS
10
4.8777639370078738
20
-6.5347609055118108
11
4.8806377559055116
21
-6.5366811417322834
0
LINE
8
BLACK
6
CONTINUOUS
10
4.8806377559055116
20
-6.5366811417322834
11
4.8825579921259843
21
-6.5395549606299213
0
LINE
8
BLACK
6
CONTINUOUS
10
4.8825579921259843
20
-6.5395549606299213
11
4.8832322834645669
21
-6.5429448818897633
0
LINE
8
BLACK
6
CONTINUOUS
10
4.8832322834645669
20
-6.5429448818897633
11
4.8832322834645669
21
-6.5518031496062994
0
LINE
8
BLACK
6
CONTINUOUS
10
4.8832322834645669
20
-6.5518031496062994
11
4.965122047244094
21
-6.5518031496062994
0
LINE
8
BLACK
6
CONTINUOUS
10
4.965122047244094
20
-6.5518031496062994
11
4.9658000393700785
21
-6.5519379921259837
0
LINE
8
BLACK
6
CONTINUOUS
10
4.9658000393700785
20
-6.5519379921259837
11
4.9663748031496064
21
-6.5523220472440942
0
LINE
8
BLACK
6
CONTINUOUS
10
4.9663748031496064
20
-6.5523220472440942
11
4.966758858267716
21
-6.5528968110236221
0
LINE
8
BLACK
6
CONTINUOUS
10
4.966758858267716
20
-6.5528968110236221
11
4.9668937007874012
21
-6.5535748031496057
0
LINE
8
BLACK
6
CONTINUOUS
10
4.9668937007874012
20
-6.5535748031496057
11
4.9668937007874012
21
-6.5618425196850394
0
LINE
8
BLACK
6
CONTINUOUS
10
4.9668937007874012
20
-6.5618425196850394
11
4.966758858267716
21
-6.5625205118110239
0
LINE
8
BLACK
6
CONTINUOUS
10
4.966758858267716
20
-6.5625205118110239
11
4.9663748031496064
21
-6.5630952755905509
0
LINE
8
BLACK
6
CONTINUOUS
10
4.9663748031496064
20
-6.5630952755905509
11
4.9658000393700785
21
-6.5634793307086614
0
LINE
8
BLACK
6
CONTINUOUS
10
4.9658000393700785
20
-6.5634793307086614
11
4.965122047244094
21
-6.5636141732283466
0
LINE
8
BLACK
6
CONTINUOUS
10
4.965122047244094
20
-6.5636141732283466
11
4.8832322834645669
21
-6.5636141732283466
0
LINE
8
BLACK
6
CONTINUOUS
10
4.8832322834645669
20
-6.5636141732283466
11
4.8832322834645669
21
-6.5724724409448818
0
LINE
8
BLACK
6
CONTINUOUS
10
4.8832322834645669
20
-6.5724724409448818
11
4.8825579921259843
21
-6.5758623622047239
0
LINE
8
BLACK
6
CONTINUOUS
10
4.8825579921259843
20
-6.5758623622047239
11
4.8806377559055116
21
-6.5787361811023617
0
LINE
8
BLACK
6
CONTINUOUS
10
4.8806377559055116
20
-6.5787361811023617
11
4.8777639370078738
21
-6.5806564173228344
0
LINE
8
BLACK
6
CONTINUOUS
10
4.8777639370078738
20
-6.5806564173228344
11
4.8743740157480318
21
-6.581330708661417
0
LINE
8
BLACK
6
CONTINUOUS
10
4.8743740157480318
20
-6.581330708661417
11
4.8566574803149605
21
-6.581330708661417
0
LINE
8
BLACK
6
CONTINUOUS
10
4.8566574803149605
20
-6.581330708661417
11
4.8532675590551184
21
-6.5806564173228344
0
LINE
8
BLACK
6
CONTINUOUS
10
4.8532675590551184
20
-6.5806564173228344
11
4.8503937401574806
21
-6.5787361811023617
0
LINE
8
BLACK
6
CONTINUOUS
10
4.8503937401574806
20
-6.5787361811023617
11
4.8484735039370079
21
-6.5758623622047239
0
LINE
8
BLACK
6
CONTINUOUS
10
4.8484735039370079
20
-6.5758623622047239
11
4.8477992125984253
21
-6.5724724409448818
0
LINE
8
BLACK
6
CONTINUOUS
10
4.8477992125984253
20
-6.5724724409448818
11
4.8477992125984253
21
-6.5429448818897633
0
LINE
8
BLACK
6
CONTINUOUS
10
4.8477992125984253
20
-6.5429448818897633
11
4.8484735039370079
21
-6.5395549606299213
0
LINE
8
BLACK
6
CONTINUOUS
10
4.8484735039370079
20
-6.5395549606299213
11
4.8503937401574806
21
-6.5366811417322834
0
LINE
8
BLACK
6
CONTINUOUS
10
4.8503937401574806
20
-6.5366811417322834
11
4.8532675590551184
21
-6.5347609055118108
0
LINE
8
BLACK
6
CONTINUOUS
10
4.8532675590551184
20
-6.5347609055118108
11
4.8566574803149605
21
-6.5340866141732281
0
LINE
8
BLACK
6
CONTINUOUS
10
4.8566574803149605
20
-6.5340866141732281
11
4.8743740157480318
21
-6.5340866141732281
0
LINE
8
BLACK
6
CONTINUOUS
10
4.8743740157480318
20
-6.5340866141732281
11
4.8777639370078738
21
-6.5347609055118108
0
LINE
8
BLACK
6
CONTINUOUS
10
10.7966615748031494
20
-6.5327924015748033
11
10.7995353937007863
21
-6.5347126377952751
0
LINE
8
BLACK
6
CONTINUOUS
10
10.7995353937007863
20
-6.5347126377952751
11
10.801455629921259
21
-6.5375864566929129
0
LINE
8
BLACK
6
CONTINUOUS
10
10.801455629921259
20
-6.5375864566929129
11
10.8021299212598425
21
-6.5409763779527559
0
LINE
8
BLACK
6
CONTINUOUS
10
10.8021299212598425
20
-6.5409763779527559
11
10.8021299212598425
21
-6.5705039370078735
0
LINE
8
BLACK
6
CONTINUOUS
10
10.8021299212598425
20
-6.5705039370078735
11
10.801455629921259
21
-6.5738938582677164
0
LINE
8
BLACK
6
CONTINUOUS
10
10.801455629921259
20
-6.5738938582677164
11
10.7995353937007863
21
-6.5767676771653543
0
LINE
8
BLACK
6
CONTINUOUS
10
10.7995353937007863
20
-6.5767676771653543
11
10.7966615748031494
21
-6.5786879133858269
0
LINE
8
BLACK
6
CONTINUOUS
10
10.7966615748031494
20
-6.5786879133858269
11
10.7932716535433073
21
-6.5793622047244096
0
LINE
8
BLACK
6
CONTINUOUS
10
10.7932716535433073
20
-6.5793622047244096
11
10.7755551181102351
21
-6.5793622047244096
0
LINE
8
BLACK
6
CONTINUOUS
10
10.7755551181102351
20
-6.5793622047244096
11
10.7721651968503931
21
-6.5786879133858269
0
LINE
8
BLACK
6
CONTINUOUS
10
10.7721651968503931
20
-6.5786879133858269
11
10.7692913779527562
21
-6.5767676771653543
0
LINE
8
BLACK
6
CONTINUOUS
10
10.7692913779527562
20
-6.5767676771653543
11
10.7673711417322835
21
-6.5738938582677164
0
LINE
8
BLACK
6
CONTINUOUS
10
10.7673711417322835
20
-6.5738938582677164
11
10.7666968503936999
21
-6.5705039370078735
0
LINE
8
BLACK
6
CONTINUOUS
10
10.7666968503936999
20
-6.5705039370078735
11
10.7666968503936999
21
-6.5616456692913383
0
LINE
8
BLACK
6
CONTINUOUS
10
10.7666968503936999
20
-6.5616456692913383
11
10.6798858267716525
21
-6.5616456692913383
0
LINE
8
BLACK
6
CONTINUOUS
10
10.6798858267716525
20
-6.5616456692913383
11
10.6792078346456698
21
-6.5615108267716531
0
LINE
8
BLACK
6
CONTINUOUS
10
10.6792078346456698
20
-6.5615108267716531
11
10.678633070866141
21
-6.5611267716535435
0
LINE
8
BLACK
6
CONTINUOUS
10
10.678633070866141
20
-6.5611267716535435
11
10.6782490157480314
21
-6.5605520078740156
0
LINE
8
BLACK
6
CONTINUOUS
10
10.6782490157480314
20
-6.5605520078740156
11
10.6781141732283462
21
-6.5598740157480311
0
LINE
8
BLACK
6
CONTINUOUS
10
10.6781141732283462
20
-6.5598740157480311
11
10.6781141732283462
21
-6.5516062992125983
0
LINE
8
BLACK
6
CONTINUOUS
10
10.6781141732283462
20
-6.5516062992125983
11
10.6782490157480314
21
-6.5509283070866138
0
LINE
8
BLACK
6
CONTINUOUS
10
10.6782490157480314
20
-6.5509283070866138
11
10.678633070866141
21
-6.5503535433070867
0
LINE
8
BLACK
6
CONTINUOUS
10
10.678633070866141
20
-6.5503535433070867
11
10.6792078346456698
21
-6.5499694881889763
0
LINE
8
BLACK
6
CONTINUOUS
10
10.6792078346456698
20
-6.5499694881889763
11
10.6798858267716525
21
-6.5498346456692911
0
LINE
8
BLACK
6
CONTINUOUS
10
10.6798858267716525
20
-6.5498346456692911
11
10.7666968503936999
21
-6.5498346456692911
0
LINE
8
BLACK
6
CONTINUOUS
10
10.7666968503936999
20
-6.5498346456692911
11
10.7666968503936999
21
-6.5409763779527559
0
LINE
8
BLACK
6
CONTINUOUS
10
10.7666968503936999
20
-6.5409763779527559
11
10.7673711417322835
21
-6.5375864566929129
0
LINE
8
BLACK
6
CONTINUOUS
10
10.7673711417322835
20
-6.5375864566929129
11
10.7692913779527562
21
-6.5347126377952751
0
LINE
8
BLACK
6
CONTINUOUS
10
10.7692913779527562
20
-6.5347126377952751
11
10.7721651968503931
21
-6.5327924015748033
0
LINE
8
BLACK
6
CONTINUOUS
10
10.7721651968503931
20
-6.5327924015748033
11
10.7755551181102351
21
-6.5321181102362207
0
LINE
8
BLACK
6
CONTINUOUS
10
10.7755551181102351
20
-6.5321181102362207
11
10.7932716535433073
21
-6.5321181102362207
0
LINE
8
BLACK
6
CONTINUOUS
10
10.7932716535433073
20
-6.5321181102362207
11
10.7966615748031494
21
-6.5327924015748033
0
LINE
8
BLACK
6
CONTINUOUS
10
10.9265828346456697
20
-6.5327924015748033
11
10.9294566535433066
21
-6.5347126377952751
0
LINE
8
BLACK
6
CONTINUOUS
10
10.9294566535433066
20
-6.5347126377952751
11
10.9313768897637793
21
-6.5375864566929129
0
LINE
8
BLACK
6
CONTINUOUS
10
10.9313768897637793
20
-6.5375864566929129
11
10.9320511811023611
21
-6.5409763779527559
0
LINE
8
BLACK
6
CONTINUOUS
10
10.9320511811023611
20
-6.5409763779527559
11
10.9320511811023611
21
-6.5498346456692911
0
LINE
8
BLACK
6
CONTINUOUS
10
10.9320511811023611
20
-6.5498346456692911
11
11.0139409448818899
21
-6.5498346456692911
0
LINE
8
BLACK
6
CONTINUOUS
10
11.0139409448818899
20
-6.5498346456692911
11
11.0146189370078744
21
-6.5499694881889763
0
LINE
8
BLACK
6
CONTINUOUS
10
11.0146189370078744
20
-6.5499694881889763
11
11.0151937007874015
21
-6.5503535433070867
0
LINE
8
BLACK
6
CONTINUOUS
10
11.0151937007874015
20
-6.5503535433070867
11
11.015577755905511
21
-6.5509283070866138
0
LINE
8
BLACK
6
CONTINUOUS
10
11.015577755905511
20
-6.5509283070866138
11
11.0157125984251962
21
-6.5516062992125983
0
LINE
8
BLACK
6
CONTINUOUS
10
11.0157125984251962
20
-6.5516062992125983
11
11.0157125984251962
21
-6.5598740157480311
0
LINE
8
BLACK
6
CONTINUOUS
10
11.0157125984251962
20
-6.5598740157480311
11
11.015577755905511
21
-6.5605520078740156
0
LINE
8
BLACK
6
CONTINUOUS
10
11.015577755905511
20
-6.5605520078740156
11
11.0151937007874015
21
-6.5611267716535435
0
LINE
8
BLACK
6
CONTINUOUS
10
11.0151937007874015
20
-6.5611267716535435
11
11.0146189370078744
21
-6.5615108267716531
0
LINE
8
BLACK
6
CONTINUOUS
10
11.0146189370078744
20
-6.5615108267716531
11
11.0139409448818899
21
-6.5616456692913383
0
LINE
8
BLACK
6
CONTINUOUS
10
11.0139409448818899
20
-6.5616456692913383
11
10.9320511811023611
21
-6.5616456692913383
0
LINE
8
BLACK
6
CONTINUOUS
10
10.9320511811023611
20
-6.5616456692913383
11
10.9320511811023611
21
-6.5705039370078735
0
LINE
8
BLACK
6
CONTINUOUS
10
10.9320511811023611
20
-6.5705039370078735
11
10.9313768897637793
21
-6.5738938582677164
0
LINE
8
BLACK
6
CONTINUOUS
10
10.9313768897637793
20
-6.5738938582677164
11
10.9294566535433066
21
-6.5767676771653543
0
LINE
8
BLACK
6
CONTINUOUS
10
10.9294566535433066
20
-6.5767676771653543
11
10.9265828346456697
21
-6.5786879133858269
0
LINE
8
BLACK
6
CONTINUOUS
10
10.9265828346456697
20
-6.5786879133858269
11
10.9231929133858259
21
-6.5793622047244096
0
LINE
8
BLACK
6
CONTINUOUS
10
10.9231929133858259
20
-6.5793622047244096
11
10.9054763779527555
21
-6.5793622047244096
0
LINE
8
BLACK
6
CONTINUOUS
10
10.9054763779527555
20
-6.5793622047244096
11
10.9020864566929134
21
-6.5786879133858269
0
LINE
8
BLACK
6
CONTINUOUS
10
10.9020864566929134
20
-6.5786879133858269
11
10.8992126377952747
21
-6.5767676771653543
0
LINE
8
BLACK
6
CONTINUOUS
10
10.8992126377952747
20
-6.5767676771653543
11
10.8972924015748021
21
-6.5738938582677164
0
LINE
8
BLACK
6
CONTINUOUS
10
10.8972924015748021
20
-6.5738938582677164
11
10.8966181102362203
21
-6.5705039370078735
0
LINE
8
BLACK
6
CONTINUOUS
10
10.8966181102362203
20
-6.5705039370078735
11
10.8966181102362203
21
-6.5409763779527559
0
LINE
8
BLACK
6
CONTINUOUS
10
10.8966181102362203
20
-6.5409763779527559
11
10.8972924015748021
21
-6.5375864566929129
0
LINE
8
BLACK
6
CONTINUOUS
10
10.8972924015748021
20
-6.5375864566929129
11
10.8992126377952747
21
-6.5347126377952751
0
LINE
8
BLACK
6
CONTINUOUS
10
10.8992126377952747
20
-6.5347126377952751
11
10.9020864566929134
21
-6.5327924015748033
0
LINE
8
BLACK
6
CONTINUOUS
10
10.9020864566929134
20
-6.5327924015748033
11
10.9054763779527555
21
-6.5321181102362207
0
LINE
8
BLACK
6
CONTINUOUS
10
10.9054763779527555
20
-6.5321181102362207
11
10.9231929133858259
21
-6.5321181102362207
0
LINE
8
BLACK
6
CONTINUOUS
10
10.9231929133858259
20
-6.5321181102362207
11
10.9265828346456697
21
-6.5327924015748033
0
LINE
8
BLACK
6
CONTINUOUS
10
5.128871456692913
20
-6.4918798031496063
11
5.1151983858267718
21
-6.569423700787401
0
LINE
8
BLACK
6
CONTINUOUS
10
5.1151983858267718
20
-6.569423700787401
11
5.026022874015748
21
-6.5536996456692913
0
LINE
8
BLACK
6
CONTINUOUS
10
5.026022874015748
20
-6.5536996456692913
11
5.0396959448818892
21
-6.4761557480314957
0
LINE
8
BLACK
6
CONTINUOUS
10
5.0396959448818892
20
-6.4761557480314957
11
5.128871456692913
21
-6.4918798031496063
0
LINE
8
BLACK
6
CONTINUOUS
10
5.6386401574803147
20
-6.4802231102362207
11
5.6249670866141734
21
-6.5577670078740153
0
LINE
8
BLACK
6
CONTINUOUS
10
5.6249670866141734
20
-6.5577670078740153
11
5.5357915748031497
21
-6.5420429527559056
0
LINE
8
BLACK
6
CONTINUOUS
10
5.5357915748031497
20
-6.5420429527559056
11
5.5494646456692909
21
-6.4644990551181101
0
LINE
8
BLACK
6
CONTINUOUS
10
5.5494646456692909
20
-6.4644990551181101
11
5.6386401574803147
21
-6.4802231102362207
0
LINE
8
BLACK
6
CONTINUOUS
10
12.3655592125984253
20
-6.4698002755905506
11
12.3684330314960622
21
-6.4717205118110233
0
LINE
8
BLACK
6
CONTINUOUS
10
12.3684330314960622
20
-6.4717205118110233
11
12.3703532677165349
21
-6.4745943307086611
0
LINE
8
BLACK
6
CONTINUOUS
10
12.3703532677165349
20
-6.4745943307086611
11
12.3710275590551184
21
-6.477984251968504
0
LINE
8
BLACK
6
CONTINUOUS
10
12.3710275590551184
20
-6.477984251968504
11
12.3710275590551184
21
-6.5075118110236216
0
LINE
8
BLACK
6
CONTINUOUS
10
12.3710275590551184
20
-6.5075118110236216
11
12.3703532677165349
21
-6.5109017322834646
0
LINE
8
BLACK
6
CONTINUOUS
10
12.3703532677165349
20
-6.5109017322834646
11
12.3684330314960622
21
-6.5137755511811024
0
LINE
8
BLACK
6
CONTINUOUS
10
12.3684330314960622
20
-6.5137755511811024
11
12.3655592125984253
21
-6.5156957874015751
0
LINE
8
BLACK
6
CONTINUOUS
10
12.3655592125984253
20
-6.5156957874015751
11
12.3621692913385832
21
-6.5163700787401577
0
LINE
8
BLACK
6
CONTINUOUS
10
12.3621692913385832
20
-6.5163700787401577
11
12.3444527559055111
21
-6.5163700787401577
0
LINE
8
BLACK
6
CONTINUOUS
10
12.3444527559055111
20
-6.5163700787401577
11
12.341062834645669
21
-6.5156957874015751
0
LINE
8
BLACK
6
CONTINUOUS
10
12.341062834645669
20
-6.5156957874015751
11
12.3381890157480321
21
-6.5137755511811024
0
LINE
8
BLACK
6
CONTINUOUS
10
12.3381890157480321
20
-6.5137755511811024
11
12.3362687795275594
21
-6.5109017322834646
0
LINE
8
BLACK
6
CONTINUOUS
10
12.3362687795275594
20
-6.5109017322834646
11
12.3355944881889759
21
-6.5075118110236216
0
LINE
8
BLACK
6
CONTINUOUS
10
12.3355944881889759
20
-6.5075118110236216
11
12.3355944881889759
21
-6.4986535433070864
0
LINE
8
BLACK
6
CONTINUOUS
10
12.3355944881889759
20
-6.4986535433070864
11
12.2487834645669285
21
-6.4986535433070864
0
LINE
8
BLACK
6
CONTINUOUS
10
12.2487834645669285
20
-6.4986535433070864
11
12.2481054724409439
21
-6.4985187007874012
0
LINE
8
BLACK
6
CONTINUOUS
10
12.2481054724409439
20
-6.4985187007874012
11
12.2475307086614169
21
-6.4981346456692908
0
LINE
8
BLACK
6
CONTINUOUS
10
12.2475307086614169
20
-6.4981346456692908
11
12.2471466535433073
21
-6.4975598818897637
0
LINE
8
BLACK
6
CONTINUOUS
10
12.2471466535433073
20
-6.4975598818897637
11
12.2470118110236221
21
-6.4968818897637792
0
LINE
8
BLACK
6
CONTINUOUS
10
12.2470118110236221
20
-6.4968818897637792
11
12.2470118110236221
21
-6.4886141732283464
0
LINE
8
BLACK
6
CONTINUOUS
10
12.2470118110236221
20
-6.4886141732283464
11
12.2471466535433073
21
-6.4879361811023619
0
LINE
8
BLACK
6
CONTINUOUS
10
12.2471466535433073
20
-6.4879361811023619
11
12.2475307086614169
21
-6.4873614173228349
0
LINE
8
BLACK
6
CONTINUOUS
10
12.2475307086614169
20
-6.4873614173228349
11
12.2481054724409439
21
-6.4869773622047244
0
LINE
8
BLACK
6
CONTINUOUS
10
12.2481054724409439
20
-6.4869773622047244
11
12.2487834645669285
21
-6.4868425196850392
0
LINE
8
BLACK
6
CONTINUOUS
10
12.2487834645669285
20
-6.4868425196850392
11
12.3355944881889759
21
-6.4868425196850392
0
LINE
8
BLACK
6
CONTINUOUS
10
12.3355944881889759
20
-6.4868425196850392
11
12.3355944881889759
21
-6.477984251968504
0
LINE
8
BLACK
6
CONTINUOUS
10
12.3355944881889759
20
-6.477984251968504
11
12.3362687795275594
21
-6.4745943307086611
0
LINE
8
BLACK
6
CONTINUOUS
10
12.3362687795275594
20
-6.4745943307086611
11
12.3381890157480321
21
-6.4717205118110233
0
LINE
8
BLACK
6
CONTINUOUS
10
12.3381890157480321
20
-6.4717205118110233
11
12.341062834645669
21
-6.4698002755905506
0
LINE
8
BLACK
6
CONTINUOUS
10
12.341062834645669
20
-6.4698002755905506
11
12.3444527559055111
21
-6.4691259842519679
0
LINE
8
BLACK
6
CONTINUOUS
10
12.3444527559055111
20
-6.4691259842519679
11
12.3621692913385832
21
-6.4691259842519679
0
LINE
8
BLACK
6
CONTINUOUS
10
12.3621692913385832
20
-6.4691259842519679
11
12.3655592125984253
21
-6.4698002755905506
0
LINE
8
BLACK
6
CONTINUOUS
10
12.4954804724409438
20
-6.4698002755905506
11
12.4983542913385826
21
-6.4717205118110233
0
LINE
8
BLACK
6
CONTINUOUS
10
12.4983542913385826
20
-6.4717205118110233
11
12.5002745275590552
21
-6.4745943307086611
0
LINE
8
BLACK
6
CONTINUOUS
10
12.5002745275590552
20
-6.4745943307086611
11
12.500948818897637
21
-6.477984251968504
0
LINE
8
BLACK
6
CONTINUOUS
10
12.500948818897637
20
-6.477984251968504
11
12.500948818897637
21
-6.4868425196850392
0
LINE
8
BLACK
6
CONTINUOUS
10
12.500948818897637
20
-6.4868425196850392
11
12.5828385826771658
21
-6.4868425196850392
0
LINE
8
BLACK
6
CONTINUOUS
10
12.5828385826771658
20
-6.4868425196850392
11
12.5835165748031486
21
-6.4869773622047244
0
LINE
8
BLACK
6
CONTINUOUS
10
12.5835165748031486
20
-6.4869773622047244
11
12.5840913385826774
21
-6.4873614173228349
0
LINE
8
BLACK
6
CONTINUOUS
10
12.5840913385826774
20
-6.4873614173228349
11
12.5844753937007869
21
-6.4879361811023619
0
LINE
8
BLACK
6
CONTINUOUS
10
12.5844753937007869
20
-6.4879361811023619
11
12.5846102362204721
21
-6.4886141732283464
0
LINE
8
BLACK
6
CONTINUOUS
10
12.5846102362204721
20
-6.4886141732283464
11
12.5846102362204721
21
-6.4968818897637792
0
LINE
8
BLACK
6
CONTINUOUS
10
12.5846102362204721
20
-6.4968818897637792
11
12.5844753937007869
21
-6.4975598818897637
0
LINE
8
BLACK
6
CONTINUOUS
10
12.5844753937007869
20
-6.4975598818897637
11
12.5840913385826774
21
-6.4981346456692908
0
LINE
8
BLACK
6
CONTINUOUS
10
12.5840913385826774
20
-6.4981346456692908
11
12.5835165748031486
21
-6.4985187007874012
0
LINE
8
BLACK
6
CONTINUOUS
10
12.5835165748031486
20
-6.4985187007874012
11
12.5828385826771658
21
-6.4986535433070864
0
LINE
8
BLACK
6
CONTINUOUS
10
12.5828385826771658
20
-6.4986535433070864
11
12.500948818897637
21
-6.4986535433070864
0
LINE
8
BLACK
6
CONTINUOUS
10
12.500948818897637
20
-6.4986535433070864
11
12.500948818897637
21
-6.5075118110236216
0
LINE
8
BLACK
6
CONTINUOUS
10
12.500948818897637
20
-6.5075118110236216
11
12.5002745275590552
21
-6.5109017322834646
0
LINE
8
BLACK
6
CONTINUOUS
10
12.5002745275590552
20
-6.5109017322834646
11
12.4983542913385826
21
-6.5137755511811024
0
LINE
8
BLACK
6
CONTINUOUS
10
12.4983542913385826
20
-6.5137755511811024
11
12.4954804724409438
21
-6.5156957874015751
0
LINE
8
BLACK
6
CONTINUOUS
10
12.4954804724409438
20
-6.5156957874015751
11
12.4920905511811018
21
-6.5163700787401577
0
LINE
8
BLACK
6
CONTINUOUS
10
12.4920905511811018
20
-6.5163700787401577
11
12.4743740157480314
21
-6.5163700787401577
0
LINE
8
BLACK
6
CONTINUOUS
10
12.4743740157480314
20
-6.5163700787401577
11
12.4709840944881893
21
-6.5156957874015751
0
LINE
8
BLACK
6
CONTINUOUS
10
12.4709840944881893
20
-6.5156957874015751
11
12.4681102755905506
21
-6.5137755511811024
0
LINE
8
BLACK
6
CONTINUOUS
10
12.4681102755905506
20
-6.5137755511811024
11
12.466190039370078
21
-6.5109017322834646
0
LINE
8
BLACK
6
CONTINUOUS
10
12.466190039370078
20
-6.5109017322834646
11
12.4655157480314962
21
-6.5075118110236216
0
LINE
8
BLACK
6
CONTINUOUS
10
12.4655157480314962
20
-6.5075118110236216
11
12.4655157480314962
21
-6.477984251968504
0
LINE
8
BLACK
6
CONTINUOUS
10
12.4655157480314962
20
-6.477984251968504
11
12.466190039370078
21
-6.4745943307086611
0
LINE
8
BLACK
6
CONTINUOUS
10
12.466190039370078
20
-6.4745943307086611
11
12.4681102755905506
21
-6.4717205118110233
0
LINE
8
BLACK
6
CONTINUOUS
10
12.4681102755905506
20
-6.4717205118110233
11
12.4709840944881893
21
-6.4698002755905506
0
LINE
8
BLACK
6
CONTINUOUS
10
12.4709840944881893
20
-6.4698002755905506
11
12.4743740157480314
21
-6.4691259842519679
0
LINE
8
BLACK
6
CONTINUOUS
10
12.4743740157480314
20
-6.4691259842519679
11
12.4920905511811018
21
-6.4691259842519679
0
LINE
8
BLACK
6
CONTINUOUS
10
12.4920905511811018
20
-6.4691259842519679
11
12.4954804724409438
21
-6.4698002755905506
0
LINE
8
BLACK
6
CONTINUOUS
10
11.6350119291338583
20
-6.4641063779527554
11
11.5458364173228336
21
-6.479830433070866
0
LINE
8
BLACK
6
CONTINUOUS
10
11.5458364173228336
20
-6.479830433070866
11
11.5321633464566933
21
-6.4022865354330705
0
LINE
8
BLACK
6
CONTINUOUS
10
11.5321633464566933
20
-6.4022865354330705
11
11.6213388582677162
21
-6.3865624803149608
0
LINE
8
BLACK
6
CONTINUOUS
10
11.6213388582677162
20
-6.3865624803149608
11
11.6350119291338583
21
-6.4641063779527554
0
LINE
8
BLACK
6
CONTINUOUS
10
9.1828820472440942
20
-6.4304301968503932
11
9.1857558661417329
21
-6.4323504330708658
0
LINE
8
BLACK
6
CONTINUOUS
10
9.1857558661417329
20
-6.4323504330708658
11
9.1876761023622038
21
-6.4352242519685037
0
LINE
8
BLACK
6
CONTINUOUS
10
9.1876761023622038
20
-6.4352242519685037
11
9.1883503937007873
21
-6.4386141732283466
0
LINE
8
BLACK
6
CONTINUOUS
10
9.1883503937007873
20
-6.4386141732283466
11
9.1883503937007873
21
-6.4681417322834642
0
LINE
8
BLACK
6
CONTINUOUS
10
9.1883503937007873
20
-6.4681417322834642
11
9.1876761023622038
21
-6.4715316535433072
0
LINE
8
BLACK
6
CONTINUOUS
10
9.1876761023622038
20
-6.4715316535433072
11
9.1857558661417329
21
-6.474405472440945
0
LINE
8
BLACK
6
CONTINUOUS
10
9.1857558661417329
20
-6.474405472440945
11
9.1828820472440942
21
-6.4763257086614168
0
LINE
8
BLACK
6
CONTINUOUS
10
9.1828820472440942
20
-6.4763257086614168
11
9.1794921259842521
21
-6.4769999999999994
0
LINE
8
BLACK
6
CONTINUOUS
10
9.1794921259842521
20
-6.4769999999999994
11
9.1617755905511817
21
-6.4769999999999994
0
LINE
8
BLACK
6
CONTINUOUS
10
9.1617755905511817
20
-6.4769999999999994
11
9.1583856692913379
21
-6.4763257086614168
0
LINE
8
BLACK
6
CONTINUOUS
10
9.1583856692913379
20
-6.4763257086614168
11
9.155511850393701
21
-6.474405472440945
0
LINE
8
BLACK
6
CONTINUOUS
10
9.155511850393701
20
-6.474405472440945
11
9.1535916141732283
21
-6.4715316535433072
0
LINE
8
BLACK
6
CONTINUOUS
10
9.1535916141732283
20
-6.4715316535433072
11
9.1529173228346448
21
-6.4681417322834642
0
LINE
8
BLACK
6
CONTINUOUS
10
9.1529173228346448
20
-6.4681417322834642
11
9.1529173228346448
21
-6.459283464566929
0
LINE
8
BLACK
6
CONTINUOUS
10
9.1529173228346448
20
-6.459283464566929
11
9.0661062992125974
21
-6.459283464566929
0
LINE
8
BLACK
6
CONTINUOUS
10
9.0661062992125974
20
-6.459283464566929
11
9.0654283070866146
21
-6.4591486220472438
0
LINE
8
BLACK
6
CONTINUOUS
10
9.0654283070866146
20
-6.4591486220472438
11
9.0648535433070858
21
-6.4587645669291334
0
LINE
8
BLACK
6
CONTINUOUS
10
9.0648535433070858
20
-6.4587645669291334
11
9.0644694881889762
21
-6.4581898031496063
0
LINE
8
BLACK
6
CONTINUOUS
10
9.0644694881889762
20
-6.4581898031496063
11
9.064334645669291
21
-6.4575118110236218
0
LINE
8
BLACK
6
CONTINUOUS
10
9.064334645669291
20
-6.4575118110236218
11
9.064334645669291
21
-6.449244094488189
0
LINE
8
BLACK
6
CONTINUOUS
10
9.064334645669291
20
-6.449244094488189
11
9.0644694881889762
21
-6.4485661023622045
0
LINE
8
BLACK
6
CONTINUOUS
10
9.0644694881889762
20
-6.4485661023622045
11
9.0648535433070858
21
-6.4479913385826766
0
LINE
8
BLACK
6
CONTINUOUS
10
9.0648535433070858
20
-6.4479913385826766
11
9.0654283070866146
21
-6.447607283464567
0
LINE
8
BLACK
6
CONTINUOUS
10
9.0654283070866146
20
-6.447607283464567
11
9.0661062992125974
21
-6.4474724409448818
0
LINE
8
BLACK
6
CONTINUOUS
10
9.0661062992125974
20
-6.4474724409448818
11
9.1529173228346448
21
-6.4474724409448818
0
LINE
8
BLACK
6
CONTINUOUS
10
9.1529173228346448
20
-6.4474724409448818
11
9.1529173228346448
21
-6.4386141732283466
0
LINE
8
BLACK
6
CONTINUOUS
10
9.1529173228346448
20
-6.4386141732283466
11
9.1535916141732283
21
-6.4352242519685037
0
LINE
8
BLACK
6
CONTINUOUS
10
9.1535916141732283
20
-6.4352242519685037
11
9.155511850393701
21
-6.4323504330708658
0
LINE
8
BLACK
6
CONTINUOUS
10
9.155511850393701
20
-6.4323504330708658
11
9.1583856692913379
21
-6.4304301968503932
0
LINE
8
BLACK
6
CONTINUOUS
10
9.1583856692913379
20
-6.4304301968503932
11
9.1617755905511817
21
-6.4297559055118105
0
LINE
8
BLACK
6
CONTINUOUS
10
9.1617755905511817
20
-6.4297559055118105
11
9.1794921259842521
21
-6.4297559055118105
0
LINE
8
BLACK
6
CONTINUOUS
10
9.1794921259842521
20
-6.4297559055118105
11
9.1828820472440942
21
-6.4304301968503932
0
LINE
8
BLACK
6
CONTINUOUS
10
9.3128033070866145
20
-6.4304301968503932
11
9.3156771259842515
21
-6.4323504330708658
0
LINE
8
BLACK
6
CONTINUOUS
10
9.3156771259842515
20
-6.4323504330708658
11
9.3175973622047241
21
-6.4352242519685037
0
LINE
8
BLACK
6
CONTINUOUS
10
9.3175973622047241
20
-6.4352242519685037
11
9.3182716535433077
21
-6.4386141732283466
0
LINE
8
BLACK
6
CONTINUOUS
10
9.3182716535433077
20
-6.4386141732283466
11
9.3182716535433077
21
-6.4474724409448818
0
LINE
8
BLACK
6
CONTINUOUS
10
9.3182716535433077
20
-6.4474724409448818
11
9.4001614173228347
21
-6.4474724409448818
0
LINE
8
BLACK
6
CONTINUOUS
10
9.4001614173228347
20
-6.4474724409448818
11
9.4008394094488192
21
-6.447607283464567
0
LINE
8
BLACK
6
CONTINUOUS
10
9.4008394094488192
20
-6.447607283464567
11
9.4014141732283463
21
-6.4479913385826766
0
LINE
8
BLACK
6
CONTINUOUS
10
9.4014141732283463
20
-6.4479913385826766
11
9.4017982283464558
21
-6.4485661023622045
0
LINE
8
BLACK
6
CONTINUOUS
10
9.4017982283464558
20
-6.4485661023622045
11
9.4019330708661411
21
-6.449244094488189
0
LINE
8
BLACK
6
CONTINUOUS
10
9.4019330708661411
20
-6.449244094488189
11
9.4019330708661411
21
-6.4575118110236218
0
LINE
8
BLACK
6
CONTINUOUS
10
9.4019330708661411
20
-6.4575118110236218
11
9.4017982283464558
21
-6.4581898031496063
0
LINE
8
BLACK
6
CONTINUOUS
10
9.4017982283464558
20
-6.4581898031496063
11
9.4014141732283463
21
-6.4587645669291334
0
LINE
8
BLACK
6
CONTINUOUS
10
9.4014141732283463
20
-6.4587645669291334
11
9.4008394094488192
21
-6.4591486220472438
0
LINE
8
BLACK
6
CONTINUOUS
10
9.4008394094488192
20
-6.4591486220472438
11
9.4001614173228347
21
-6.459283464566929
0
LINE
8
BLACK
6
CONTINUOUS
10
9.4001614173228347
20
-6.459283464566929
11
9.3182716535433077
21
-6.459283464566929
0
LINE
8
BLACK
6
CONTINUOUS
10
9.3182716535433077
20
-6.459283464566929
11
9.3182716535433077
21
-6.4681417322834642
0
LINE
8
BLACK
6
CONTINUOUS
10
9.3182716535433077
20
-6.4681417322834642
11
9.3175973622047241
21
-6.4715316535433072
0
LINE
8
BLACK
6
CONTINUOUS
10
9.3175973622047241
20
-6.4715316535433072
11
9.3156771259842515
21
-6.474405472440945
0
LINE
8
BLACK
6
CONTINUOUS
10
9.3156771259842515
20
-6.474405472440945
11
9.3128033070866145
21
-6.4763257086614168
0
LINE
8
BLACK
6
CONTINUOUS
10
9.3128033070866145
20
-6.4763257086614168
11
9.3094133858267707
21
-6.4769999999999994
0
LINE
8
BLACK
6
CONTINUOUS
10
9.3094133858267707
20
-6.4769999999999994
11
9.2916968503937003
21
-6.4769999999999994
0
LINE
8
BLACK
6
CONTINUOUS
10
9.2916968503937003
20
-6.4769999999999994
11
9.2883069291338582
21
-6.4763257086614168
0
LINE
8
BLACK
6
CONTINUOUS
10
9.2883069291338582
20
-6.4763257086614168
11
9.2854331102362195
21
-6.474405472440945
0
LINE
8
BLACK
6
CONTINUOUS
10
9.2854331102362195
20
-6.474405472440945
11
9.2835128740157487
21
-6.4715316535433072
0
LINE
8
BLACK
6
CONTINUOUS
10
9.2835128740157487
20
-6.4715316535433072
11
9.2828385826771651
21
-6.4681417322834642
0
LINE
8
BLACK
6
CONTINUOUS
10
9.2828385826771651
20
-6.4681417322834642
11
9.2828385826771651
21
-6.4386141732283466
0
LINE
8
BLACK
6
CONTINUOUS
10
9.2828385826771651
20
-6.4386141732283466
11
9.2835128740157487
21
-6.4352242519685037
0
LINE
8
BLACK
6
CONTINUOUS
10
9.2835128740157487
20
-6.4352242519685037
11
9.2854331102362195
21
-6.4323504330708658
0
LINE
8
BLACK
6
CONTINUOUS
10
9.2854331102362195
20
-6.4323504330708658
11
9.2883069291338582
21
-6.4304301968503932
0
LINE
8
BLACK
6
CONTINUOUS
10
9.2883069291338582
20
-6.4304301968503932
11
9.2916968503937003
21
-6.4297559055118105
0
LINE
8
BLACK
6
CONTINUOUS
10
9.2916968503937003
20
-6.4297559055118105
11
9.3094133858267707
21
-6.4297559055118105
0
LINE
8
BLACK
6
CONTINUOUS
10
9.3094133858267707
20
-6.4297559055118105
11
9.3128033070866145
21
-6.4304301968503932
0
LINE
8
BLACK
6
CONTINUOUS
10
3.4951181102362203
20
-6.4672480314960632
11
3.4045669291338583
21
-6.4672480314960632
0
LINE
8
BLACK
6
CONTINUOUS
10
3.4045669291338583
20
-6.4672480314960632
11
3.4045669291338583
21
-6.3885078740157475
0
LINE
8
BLACK
6
CONTINUOUS
10
3.4045669291338583
20
-6.3885078740157475
11
3.4951181102362203
21
-6.3885078740157475
0
LINE
8
BLACK
6
CONTINUOUS
10
3.4951181102362203
20
-6.3885078740157475
11
3.4951181102362203
21
-6.4672480314960632
0
LINE
8
BLACK
6
CONTINUOUS
10
12.7730511811023622
20
-6.4672480314960632
11
12.6824999999999992
21
-6.4672480314960632
0
LINE
8
BLACK
6
CONTINUOUS
10
12.6824999999999992
20
-6.4672480314960632
11
12.6824999999999992
21
-6.3885078740157475
0
LINE
8
BLACK
6
CONTINUOUS
10
12.6824999999999992
20
-6.3885078740157475
11
12.7730511811023622
21
-6.3885078740157475
0
LINE
8
BLACK
6
CONTINUOUS
10
12.7730511811023622
20
-6.3885078740157475
11
12.7730511811023622
21
-6.4672480314960632
0
LINE
8
BLACK
6
CONTINUOUS
10
2.7031377952755906
20
-6.4669448818897637
11
2.6125866141732281
21
-6.4669448818897637
0
LINE
8
BLACK
6
CONTINUOUS
10
2.6125866141732281
20
-6.4669448818897637
11
2.6125866141732281
21
-6.3882047244094489
0
LINE
8
BLACK
6
CONTINUOUS
10
2.6125866141732281
20
-6.3882047244094489
11
2.7031377952755906
21
-6.3882047244094489
0
LINE
8
BLACK
6
CONTINUOUS
10
2.7031377952755906
20
-6.3882047244094489
11
2.7031377952755906
21
-6.4669448818897637
0
LINE
8
BLACK
6
CONTINUOUS
10
13.5650354330708662
20
-6.4669448818897637
11
13.4744842519685033
21
-6.4669448818897637
0
LINE
8
BLACK
6
CONTINUOUS
10
13.4744842519685033
20
-6.4669448818897637
11
13.4744842519685033
21
-6.3882047244094489
0
LINE
8
BLACK
6
CONTINUOUS
10
13.4744842519685033
20
-6.3882047244094489
11
13.5650354330708662
21
-6.3882047244094489
0
LINE
8
BLACK
6
CONTINUOUS
10
13.5650354330708662
20
-6.3882047244094489
11
13.5650354330708662
21
-6.4669448818897637
0
LINE
8
BLACK
6
CONTINUOUS
10
9.5936618110236225
20
-6.3818994094488186
11
9.5044862992125978
21
-6.3976234645669292
0
LINE
8
BLACK
6
CONTINUOUS
10
9.5044862992125978
20
-6.3976234645669292
11
9.4908132283464557
21
-6.3200795669291336
0
LINE
8
BLACK
6
CONTINUOUS
10
9.4908132283464557
20
-6.3200795669291336
11
9.5799887401574804
21
-6.304355511811023
0
LINE
8
BLACK
6
CONTINUOUS
10
9.5799887401574804
20
-6.304355511811023
11
9.5936618110236225
21
-6.3818994094488186
0
LINE
8
BLACK
6
CONTINUOUS
10
3.9951181102362203
20
-6.3672480314960627
11
3.9045669291338583
21
-6.3672480314960627
0
LINE
8
BLACK
6
CONTINUOUS
10
3.9045669291338583
20
-6.3672480314960627
11
3.9045669291338583
21
-6.2885078740157478
0
LINE
8
BLACK
6
CONTINUOUS
10
3.9045669291338583
20
-6.2885078740157478
11
3.9951181102362203
21
-6.2885078740157478
0
LINE
8
BLACK
6
CONTINUOUS
10
3.9951181102362203
20
-6.2885078740157478
11
3.9951181102362203
21
-6.3672480314960627
0
LINE
8
BLACK
6
CONTINUOUS
10
13.2730511811023622
20
-6.3672480314960627
11
13.1824999999999992
21
-6.3672480314960627
0
LINE
8
BLACK
6
CONTINUOUS
10
13.1824999999999992
20
-6.3672480314960627
11
13.1824999999999992
21
-6.2885078740157478
0
LINE
8
BLACK
6
CONTINUOUS
10
13.1824999999999992
20
-6.2885078740157478
11
13.2730511811023622
21
-6.2885078740157478
0
LINE
8
BLACK
6
CONTINUOUS
10
13.2730511811023622
20
-6.2885078740157478
11
13.2730511811023622
21
-6.3672480314960627
0
LINE
8
BLACK
6
CONTINUOUS
10
3.2031377952755906
20
-6.366944881889764
11
3.1125866141732281
21
-6.366944881889764
0
LINE
8
BLACK
6
CONTINUOUS
10
3.1125866141732281
20
-6.366944881889764
11
3.1125866141732281
21
-6.2882047244094483
0
LINE
8
BLACK
6
CONTINUOUS
10
3.1125866141732281
20
-6.2882047244094483
11
3.2031377952755906
21
-6.2882047244094483
0
LINE
8
BLACK
6
CONTINUOUS
10
3.2031377952755906
20
-6.2882047244094483
11
3.2031377952755906
21
-6.366944881889764
0
LINE
8
BLACK
6
CONTINUOUS
10
14.0650354330708662
20
-6.366944881889764
11
13.9744842519685033
21
-6.366944881889764
0
LINE
8
BLACK
6
CONTINUOUS
10
13.9744842519685033
20
-6.366944881889764
11
13.9744842519685033
21
-6.2882047244094483
0
LINE
8
BLACK
6
CONTINUOUS
10
13.9744842519685033
20
-6.2882047244094483
11
14.0650354330708662
21
-6.2882047244094483
0
LINE
8
BLACK
6
CONTINUOUS
10
14.0650354330708662
20
-6.2882047244094483
11
14.0650354330708662
21
-6.366944881889764
0
LINE
8
BLACK
6
CONTINUOUS
10
5.5785513385826766
20
-6.2827924015748033
11
5.5814251574803144
21
-6.2847126377952751
0
LINE
8
BLACK
6
CONTINUOUS
10
5.5814251574803144
20
-6.2847126377952751
11
5.5833453937007871
21
-6.2875864566929129
0
LINE
8
BLACK
6
CONTINUOUS
10
5.5833453937007871
20
-6.2875864566929129
11
5.5840196850393697
21
-6.2909763779527559
0
LINE
8
BLACK
6
CONTINUOUS
10
5.5840196850393697
20
-6.2909763779527559
11
5.5840196850393697
21
-6.3205039370078735
0
LINE
8
BLACK
6
CONTINUOUS
10
5.5840196850393697
20
-6.3205039370078735
11
5.5833453937007871
21
-6.3238938582677164
0
LINE
8
BLACK
6
CONTINUOUS
10
5.5833453937007871
20
-6.3238938582677164
11
5.5814251574803144
21
-6.3267676771653543
0
LINE
8
BLACK
6
CONTINUOUS
10
5.5814251574803144
20
-6.3267676771653543
11
5.5785513385826766
21
-6.3286879133858269
0
LINE
8
BLACK
6
CONTINUOUS
10
5.5785513385826766
20
-6.3286879133858269
11
5.5751614173228345
21
-6.3293622047244096
0
LINE
8
BLACK
6
CONTINUOUS
10
5.5751614173228345
20
-6.3293622047244096
11
5.5574448818897633
21
-6.3293622047244096
0
LINE
8
BLACK
6
CONTINUOUS
10
5.5574448818897633
20
-6.3293622047244096
11
5.5540549606299212
21
-6.3286879133858269
0
LINE
8
BLACK
6
CONTINUOUS
10
5.5540549606299212
20
-6.3286879133858269
11
5.5511811417322834
21
-6.3267676771653543
0
LINE
8
BLACK
6
CONTINUOUS
10
5.5511811417322834
20
-6.3267676771653543
11
5.5492609055118107
21
-6.3238938582677164
0
LINE
8
BLACK
6
CONTINUOUS
10
5.5492609055118107
20
-6.3238938582677164
11
5.5485866141732281
21
-6.3205039370078735
0
LINE
8
BLACK
6
CONTINUOUS
10
5.5485866141732281
20
-6.3205039370078735
11
5.5485866141732281
21
-6.3116456692913383
0
LINE
8
BLACK
6
CONTINUOUS
10
5.5485866141732281
20
-6.3116456692913383
11
5.4617755905511807
21
-6.3116456692913383
0
LINE
8
BLACK
6
CONTINUOUS
10
5.4617755905511807
20
-6.3116456692913383
11
5.461097598425197
21
-6.3115108267716531
0
LINE
8
BLACK
6
CONTINUOUS
10
5.461097598425197
20
-6.3115108267716531
11
5.4605228346456691
21
-6.3111267716535435
0
LINE
8
BLACK
6
CONTINUOUS
10
5.4605228346456691
20
-6.3111267716535435
11
5.4601387795275587
21
-6.3105520078740156
0
LINE
8
BLACK
6
CONTINUOUS
10
5.4601387795275587
20
-6.3105520078740156
11
5.4600039370078735
21
-6.3098740157480311
0
LINE
8
BLACK
6
CONTINUOUS
10
5.4600039370078735
20
-6.3098740157480311
11
5.4600039370078735
21
-6.3016062992125983
0
LINE
8
BLACK
6
CONTINUOUS
10
5.4600039370078735
20
-6.3016062992125983
11
5.4601387795275587
21
-6.3009283070866138
0
LINE
8
BLACK
6
CONTINUOUS
10
5.4601387795275587
20
-6.3009283070866138
11
5.4605228346456691
21
-6.3003535433070867
0
LINE
8
BLACK
6
CONTINUOUS
10
5.4605228346456691
20
-6.3003535433070867
11
5.461097598425197
21
-6.2999694881889763
0
LINE
8
BLACK
6
CONTINUOUS
10
5.461097598425197
20
-6.2999694881889763
11
5.4617755905511807
21
-6.2998346456692911
0
LINE
8
BLACK
6
CONTINUOUS
10
5.4617755905511807
20
-6.2998346456692911
11
5.5485866141732281
21
-6.2998346456692911
0
LINE
8
BLACK
6
CONTINUOUS
10
5.5485866141732281
20
-6.2998346456692911
11
5.5485866141732281
21
-6.2909763779527559
0
LINE
8
BLACK
6
CONTINUOUS
10
5.5485866141732281
20
-6.2909763779527559
11
5.5492609055118107
21
-6.2875864566929129
0
LINE
8
BLACK
6
CONTINUOUS
10
5.5492609055118107
20
-6.2875864566929129
11
5.5511811417322834
21
-6.2847126377952751
0
LINE
8
BLACK
6
CONTINUOUS
10
5.5511811417322834
20
-6.2847126377952751
11
5.5540549606299212
21
-6.2827924015748033
0
LINE
8
BLACK
6
CONTINUOUS
10
5.5540549606299212
20
-6.2827924015748033
11
5.5574448818897633
21
-6.2821181102362207
0
LINE
8
BLACK
6
CONTINUOUS
10
5.5574448818897633
20
-6.2821181102362207
11
5.5751614173228345
21
-6.2821181102362207
0
LINE
8
BLACK
6
CONTINUOUS
10
5.5751614173228345
20
-6.2821181102362207
11
5.5785513385826766
21
-6.2827924015748033
0
LINE
8
BLACK
6
CONTINUOUS
10
5.7084725984251969
20
-6.2827924015748033
11
5.7113464173228348
21
-6.2847126377952751
0
LINE
8
BLACK
6
CONTINUOUS
10
5.7113464173228348
20
-6.2847126377952751
11
5.7132666535433065
21
-6.2875864566929129
0
LINE
8
BLACK
6
CONTINUOUS
10
5.7132666535433065
20
-6.2875864566929129
11
5.7139409448818892
21
-6.2909763779527559
0
LINE
8
BLACK
6
CONTINUOUS
10
5.7139409448818892
20
-6.2909763779527559
11
5.7139409448818892
21
-6.2998346456692911
0
LINE
8
BLACK
6
CONTINUOUS
10
5.7139409448818892
20
-6.2998346456692911
11
5.7958307086614171
21
-6.2998346456692911
0
LINE
8
BLACK
6
CONTINUOUS
10
5.7958307086614171
20
-6.2998346456692911
11
5.7965087007874017
21
-6.2999694881889763
0
LINE
8
BLACK
6
CONTINUOUS
10
5.7965087007874017
20
-6.2999694881889763
11
5.7970834645669287
21
-6.3003535433070867
0
LINE
8
BLACK
6
CONTINUOUS
10
5.7970834645669287
20
-6.3003535433070867
11
5.7974675196850392
21
-6.3009283070866138
0
LINE
8
BLACK
6
CONTINUOUS
10
5.7974675196850392
20
-6.3009283070866138
11
5.7976023622047244
21
-6.3016062992125983
0
LINE
8
BLACK
6
CONTINUOUS
10
5.7976023622047244
20
-6.3016062992125983
11
5.7976023622047244
21
-6.3098740157480311
0
LINE
8
BLACK
6
CONTINUOUS
10
5.7976023622047244
20
-6.3098740157480311
11
5.7974675196850392
21
-6.3105520078740156
0
LINE
8
BLACK
6
CONTINUOUS
10
5.7974675196850392
20
-6.3105520078740156
11
5.7970834645669287
21
-6.3111267716535435
0
LINE
8
BLACK
6
CONTINUOUS
10
5.7970834645669287
20
-6.3111267716535435
11
5.7965087007874017
21
-6.3115108267716531
0
LINE
8
BLACK
6
CONTINUOUS
10
5.7965087007874017
20
-6.3115108267716531
11
5.7958307086614171
21
-6.3116456692913383
0
LINE
8
BLACK
6
CONTINUOUS
10
5.7958307086614171
20
-6.3116456692913383
11
5.7139409448818892
21
-6.3116456692913383
0
LINE
8
BLACK
6
CONTINUOUS
10
5.7139409448818892
20
-6.3116456692913383
11
5.7139409448818892
21
-6.3205039370078735
0
LINE
8
BLACK
6
CONTINUOUS
10
5.7139409448818892
20
-6.3205039370078735
11
5.7132666535433065
21
-6.3238938582677164
0
LINE
8
BLACK
6
CONTINUOUS
10
5.7132666535433065
20
-6.3238938582677164
11
5.7113464173228348
21
-6.3267676771653543
0
LINE
8
BLACK
6
CONTINUOUS
10
5.7113464173228348
20
-6.3267676771653543
11
5.7084725984251969
21
-6.3286879133858269
0
LINE
8
BLACK
6
CONTINUOUS
10
5.7084725984251969
20
-6.3286879133858269
11
5.705082677165354
21
-6.3293622047244096
0
LINE
8
BLACK
6
CONTINUOUS
10
5.705082677165354
20
-6.3293622047244096
11
5.6873661417322836
21
-6.3293622047244096
0
LINE
8
BLACK
6
CONTINUOUS
10
5.6873661417322836
20
-6.3293622047244096
11
5.6839762204724407
21
-6.3286879133858269
0
LINE
8
BLACK
6
CONTINUOUS
10
5.6839762204724407
20
-6.3286879133858269
11
5.6811024015748028
21
-6.3267676771653543
0
LINE
8
BLACK
6
CONTINUOUS
10
5.6811024015748028
20
-6.3267676771653543
11
5.6791821653543302
21
-6.3238938582677164
0
LINE
8
BLACK
6
CONTINUOUS
10
5.6791821653543302
20
-6.3238938582677164
11
5.6785078740157475
21
-6.3205039370078735
0
LINE
8
BLACK
6
CONTINUOUS
10
5.6785078740157475
20
-6.3205039370078735
11
5.6785078740157475
21
-6.2909763779527559
0
LINE
8
BLACK
6
CONTINUOUS
10
5.6785078740157475
20
-6.2909763779527559
11
5.6791821653543302
21
-6.2875864566929129
0
LINE
8
BLACK
6
CONTINUOUS
10
5.6791821653543302
20
-6.2875864566929129
11
5.6811024015748028
21
-6.2847126377952751
0
LINE
8
BLACK
6
CONTINUOUS
10
5.6811024015748028
20
-6.2847126377952751
11
5.6839762204724407
21
-6.2827924015748033
0
LINE
8
BLACK
6
CONTINUOUS
10
5.6839762204724407
20
-6.2827924015748033
11
5.6873661417322836
21
-6.2821181102362207
0
LINE
8
BLACK
6
CONTINUOUS
10
5.6873661417322836
20
-6.2821181102362207
11
5.705082677165354
21
-6.2821181102362207
0
LINE
8
BLACK
6
CONTINUOUS
10
5.705082677165354
20
-6.2821181102362207
11
5.7084725984251969
21
-6.2827924015748033
0
LINE
8
BLACK
6
CONTINUOUS
10
6.6951824803149602
20
-6.224367992125984
11
6.681509409448819
21
-6.3019118897637796
0
LINE
8
BLACK
6
CONTINUOUS
10
6.681509409448819
20
-6.3019118897637796
11
6.5923338976377952
21
-6.286187834645669
0
LINE
8
BLACK
6
CONTINUOUS
10
6.5923338976377952
20
-6.286187834645669
11
6.6060069685039364
21
-6.2086439370078743
0
LINE
8
BLACK
6
CONTINUOUS
10
6.6060069685039364
20
-6.2086439370078743
11
6.6951824803149602
21
-6.224367992125984
0
LINE
8
BLACK
6
CONTINUOUS
10
7.2049511811023619
20
-6.2127112992125983
11
7.1912781102362207
21
-6.2902551968503939
0
LINE
8
BLACK
6
CONTINUOUS
10
7.1912781102362207
20
-6.2902551968503939
11
7.1021025984251969
21
-6.2745311417322833
0
LINE
8
BLACK
6
CONTINUOUS
10
7.1021025984251969
20
-6.2745311417322833
11
7.1157756692913381
21
-6.1969872440944878
0
LINE
8
BLACK
6
CONTINUOUS
10
7.1157756692913381
20
-6.1969872440944878
11
7.2049511811023619
21
-6.2127112992125983
0
LINE
8
BLACK
6
CONTINUOUS
10
8.6822744488188981
20
-6.2307019685039364
11
8.6854675984251966
21
-6.2328355511811022
0
LINE
8
BLACK
6
CONTINUOUS
10
8.6854675984251966
20
-6.2328355511811022
11
8.6876011811023623
21
-6.2360287007874016
0
LINE
8
BLACK
6
CONTINUOUS
10
8.6876011811023623
20
-6.2360287007874016
11
8.6883503937007873
21
-6.2397952755905512
0
LINE
8
BLACK
6
CONTINUOUS
10
8.6883503937007873
20
-6.2397952755905512
11
8.6883503937007873
21
-6.2771968503937003
0
LINE
8
BLACK
6
CONTINUOUS
10
8.6883503937007873
20
-6.2771968503937003
11
8.6876011811023623
21
-6.28096342519685
0
LINE
8
BLACK
6
CONTINUOUS
10
8.6876011811023623
20
-6.28096342519685
11
8.6854675984251966
21
-6.2841565748031494
0
LINE
8
BLACK
6
CONTINUOUS
10
8.6854675984251966
20
-6.2841565748031494
11
8.6822744488188981
21
-6.2862901574803152
0
LINE
8
BLACK
6
CONTINUOUS
10
8.6822744488188981
20
-6.2862901574803152
11
8.6785078740157484
21
-6.2870393700787401
0
LINE
8
BLACK
6
CONTINUOUS
10
8.6785078740157484
20
-6.2870393700787401
11
8.6588228346456688
21
-6.2870393700787401
0
LINE
8
BLACK
6
CONTINUOUS
10
8.6588228346456688
20
-6.2870393700787401
11
8.6550562598425191
21
-6.2862901574803152
0
LINE
8
BLACK
6
CONTINUOUS
10
8.6550562598425191
20
-6.2862901574803152
11
8.6518631102362207
21
-6.2841565748031494
0
LINE
8
BLACK
6
CONTINUOUS
10
8.6518631102362207
20
-6.2841565748031494
11
8.6497295275590549
21
-6.28096342519685
0
LINE
8
BLACK
6
CONTINUOUS
10
8.6497295275590549
20
-6.28096342519685
11
8.6489803149606299
21
-6.2771968503937003
0
LINE
8
BLACK
6
CONTINUOUS
10
8.6489803149606299
20
-6.2771968503937003
11
8.6489803149606299
21
-6.2397952755905512
0
LINE
8
BLACK
6
CONTINUOUS
10
8.6489803149606299
20
-6.2397952755905512
11
8.6497295275590549
21
-6.2360287007874016
0
LINE
8
BLACK
6
CONTINUOUS
10
8.6497295275590549
20
-6.2360287007874016
11
8.6518631102362207
21
-6.2328355511811022
0
LINE
8
BLACK
6
CONTINUOUS
10
8.6518631102362207
20
-6.2328355511811022
11
8.6550562598425191
21
-6.2307019685039364
0
LINE
8
BLACK
6
CONTINUOUS
10
8.6550562598425191
20
-6.2307019685039364
11
8.6588228346456688
21
-6.2299527559055115
0
LINE
8
BLACK
6
CONTINUOUS
10
8.6588228346456688
20
-6.2299527559055115
11
8.6785078740157484
21
-6.2299527559055115
0
LINE
8
BLACK
6
CONTINUOUS
10
8.6785078740157484
20
-6.2299527559055115
11
8.6822744488188981
21
-6.2307019685039364
0
LINE
8
BLACK
6
CONTINUOUS
10
8.7570775984251963
20
-6.2307019685039364
11
8.7602707480314965
21
-6.2328355511811022
0
LINE
8
BLACK
6
CONTINUOUS
10
8.7602707480314965
20
-6.2328355511811022
11
8.7624043307086605
21
-6.2360287007874016
0
LINE
8
BLACK
6
CONTINUOUS
10
8.7624043307086605
20
-6.2360287007874016
11
8.7631535433070873
21
-6.2397952755905512
0
LINE
8
BLACK
6
CONTINUOUS
10
8.7631535433070873
20
-6.2397952755905512
11
8.7631535433070873
21
-6.2771968503937003
0
LINE
8
BLACK
6
CONTINUOUS
10
8.7631535433070873
20
-6.2771968503937003
11
8.7624043307086605
21
-6.28096342519685
0
LINE
8
BLACK
6
CONTINUOUS
10
8.7624043307086605
20
-6.28096342519685
11
8.7602707480314965
21
-6.2841565748031494
0
LINE
8
BLACK
6
CONTINUOUS
10
8.7602707480314965
20
-6.2841565748031494
11
8.7570775984251963
21
-6.2862901574803152
0
LINE
8
BLACK
6
CONTINUOUS
10
8.7570775984251963
20
-6.2862901574803152
11
8.7533110236220466
21
-6.2870393700787401
0
LINE
8
BLACK
6
CONTINUOUS
10
8.7533110236220466
20
-6.2870393700787401
11
8.7336259842519688
21
-6.2870393700787401
0
LINE
8
BLACK
6
CONTINUOUS
10
8.7336259842519688
20
-6.2870393700787401
11
8.7298594094488191
21
-6.2862901574803152
0
LINE
8
BLACK
6
CONTINUOUS
10
8.7298594094488191
20
-6.2862901574803152
11
8.7266662598425189
21
-6.2841565748031494
0
LINE
8
BLACK
6
CONTINUOUS
10
8.7266662598425189
20
-6.2841565748031494
11
8.7245326771653549
21
-6.28096342519685
0
LINE
8
BLACK
6
CONTINUOUS
10
8.7245326771653549
20
-6.28096342519685
11
8.7237834645669281
21
-6.2771968503937003
0
LINE
8
BLACK
6
CONTINUOUS
10
8.7237834645669281
20
-6.2771968503937003
11
8.7237834645669281
21
-6.2397952755905512
0
LINE
8
BLACK
6
CONTINUOUS
10
8.7237834645669281
20
-6.2397952755905512
11
8.7245326771653549
21
-6.2360287007874016
0
LINE
8
BLACK
6
CONTINUOUS
10
8.7245326771653549
20
-6.2360287007874016
11
8.7266662598425189
21
-6.2328355511811022
0
LINE
8
BLACK
6
CONTINUOUS
10
8.7266662598425189
20
-6.2328355511811022
11
8.7298594094488191
21
-6.2307019685039364
0
LINE
8
BLACK
6
CONTINUOUS
10
8.7298594094488191
20
-6.2307019685039364
11
8.7336259842519688
21
-6.2299527559055115
0
LINE
8
BLACK
6
CONTINUOUS
10
8.7336259842519688
20
-6.2299527559055115
11
8.7533110236220466
21
-6.2299527559055115
0
LINE
8
BLACK
6
CONTINUOUS
10
8.7533110236220466
20
-6.2299527559055115
11
8.7570775984251963
21
-6.2307019685039364
0
LINE
8
BLACK
6
CONTINUOUS
10
7.3974489763779525
20
-6.2198002755905506
11
7.4003227952755903
21
-6.2217205118110233
0
LINE
8
BLACK
6
CONTINUOUS
10
7.4003227952755903
20
-6.2217205118110233
11
7.402243031496063
21
-6.2245943307086611
0
LINE
8
BLACK
6
CONTINUOUS
10
7.402243031496063
20
-6.2245943307086611
11
7.4029173228346457
21
-6.227984251968504
0
LINE
8
BLACK
6
CONTINUOUS
10
7.4029173228346457
20
-6.227984251968504
11
7.4029173228346457
21
-6.2575118110236216
0
LINE
8
BLACK
6
CONTINUOUS
10
7.4029173228346457
20
-6.2575118110236216
11
7.402243031496063
21
-6.2609017322834646
0
LINE
8
BLACK
6
CONTINUOUS
10
7.402243031496063
20
-6.2609017322834646
11
7.4003227952755903
21
-6.2637755511811024
0
LINE
8
BLACK
6
CONTINUOUS
10
7.4003227952755903
20
-6.2637755511811024
11
7.3974489763779525
21
-6.2656957874015751
0
LINE
8
BLACK
6
CONTINUOUS
10
7.3974489763779525
20
-6.2656957874015751
11
7.3940590551181105
21
-6.2663700787401577
0
LINE
8
BLACK
6
CONTINUOUS
10
7.3940590551181105
20
-6.2663700787401577
11
7.3763425196850392
21
-6.2663700787401577
0
LINE
8
BLACK
6
CONTINUOUS
10
7.3763425196850392
20
-6.2663700787401577
11
7.3729525984251971
21
-6.2656957874015751
0
LINE
8
BLACK
6
CONTINUOUS
10
7.3729525984251971
20
-6.2656957874015751
11
7.3700787795275593
21
-6.2637755511811024
0
LINE
8
BLACK
6
CONTINUOUS
10
7.3700787795275593
20
-6.2637755511811024
11
7.3681585433070866
21
-6.2609017322834646
0
LINE
8
BLACK
6
CONTINUOUS
10
7.3681585433070866
20
-6.2609017322834646
11
7.367484251968504
21
-6.2575118110236216
0
LINE
8
BLACK
6
CONTINUOUS
10
7.367484251968504
20
-6.2575118110236216
11
7.367484251968504
21
-6.2486535433070864
0
LINE
8
BLACK
6
CONTINUOUS
10
7.367484251968504
20
-6.2486535433070864
11
7.2806732283464566
21
-6.2486535433070864
0
LINE
8
BLACK
6
CONTINUOUS
10
7.2806732283464566
20
-6.2486535433070864
11
7.2799952362204721
21
-6.2485187007874012
0
LINE
8
BLACK
6
CONTINUOUS
10
7.2799952362204721
20
-6.2485187007874012
11
7.279420472440945
21
-6.2481346456692908
0
LINE
8
BLACK
6
CONTINUOUS
10
7.279420472440945
20
-6.2481346456692908
11
7.2790364173228346
21
-6.2475598818897637
0
LINE
8
BLACK
6
CONTINUOUS
10
7.2790364173228346
20
-6.2475598818897637
11
7.2789015748031494
21
-6.2468818897637792
0
LINE
8
BLACK
6
CONTINUOUS
10
7.2789015748031494
20
-6.2468818897637792
11
7.2789015748031494
21
-6.2386141732283464
0
LINE
8
BLACK
6
CONTINUOUS
10
7.2789015748031494
20
-6.2386141732283464
11
7.2790364173228346
21
-6.2379361811023619
0
LINE
8
BLACK
6
CONTINUOUS
10
7.2790364173228346
20
-6.2379361811023619
11
7.279420472440945
21
-6.2373614173228349
0
LINE
8
BLACK
6
CONTINUOUS
10
7.279420472440945
20
-6.2373614173228349
11
7.2799952362204721
21
-6.2369773622047244
0
LINE
8
BLACK
6
CONTINUOUS
10
7.2799952362204721
20
-6.2369773622047244
11
7.2806732283464566
21
-6.2368425196850392
0
LINE
8
BLACK
6
CONTINUOUS
10
7.2806732283464566
20
-6.2368425196850392
11
7.367484251968504
21
-6.2368425196850392
0
LINE
8
BLACK
6
CONTINUOUS
10
7.367484251968504
20
-6.2368425196850392
11
7.367484251968504
21
-6.227984251968504
0
LINE
8
BLACK
6
CONTINUOUS
10
7.367484251968504
20
-6.227984251968504
11
7.3681585433070866
21
-6.2245943307086611
0
LINE
8
BLACK
6
CONTINUOUS
10
7.3681585433070866
20
-6.2245943307086611
11
7.3700787795275593
21
-6.2217205118110233
0
LINE
8
BLACK
6
CONTINUOUS
10
7.3700787795275593
20
-6.2217205118110233
11
7.3729525984251971
21
-6.2198002755905506
0
LINE
8
BLACK
6
CONTINUOUS
10
7.3729525984251971
20
-6.2198002755905506
11
7.3763425196850392
21
-6.2191259842519679
0
LINE
8
BLACK
6
CONTINUOUS
10
7.3763425196850392
20
-6.2191259842519679
11
7.3940590551181105
21
-6.2191259842519679
0
LINE
8
BLACK
6
CONTINUOUS
10
7.3940590551181105
20
-6.2191259842519679
11
7.3974489763779525
21
-6.2198002755905506
0
LINE
8
BLACK
6
CONTINUOUS
10
7.527370236220472
20
-6.2198002755905506
11
7.5302440551181098
21
-6.2217205118110233
0
LINE
8
BLACK
6
CONTINUOUS
10
7.5302440551181098
20
-6.2217205118110233
11
7.5321642913385825
21
-6.2245943307086611
0
LINE
8
BLACK
6
CONTINUOUS
10
7.5321642913385825
20
-6.2245943307086611
11
7.5328385826771651
21
-6.227984251968504
0
LINE
8
BLACK
6
CONTINUOUS
10
7.5328385826771651
20
-6.227984251968504
11
7.5328385826771651
21
-6.2368425196850392
0
LINE
8
BLACK
6
CONTINUOUS
10
7.5328385826771651
20
-6.2368425196850392
11
7.6147283464566931
21
-6.2368425196850392
0
LINE
8
BLACK
6
CONTINUOUS
10
7.6147283464566931
20
-6.2368425196850392
11
7.6154063385826767
21
-6.2369773622047244
0
LINE
8
BLACK
6
CONTINUOUS
10
7.6154063385826767
20
-6.2369773622047244
11
7.6159811023622046
21
-6.2373614173228349
0
LINE
8
BLACK
6
CONTINUOUS
10
7.6159811023622046
20
-6.2373614173228349
11
7.6163651574803151
21
-6.2379361811023619
0
LINE
8
BLACK
6
CONTINUOUS
10
7.6163651574803151
20
-6.2379361811023619
11
7.6165000000000003
21
-6.2386141732283464
0
LINE
8
BLACK
6
CONTINUOUS
10
7.6165000000000003
20
-6.2386141732283464
11
7.6165000000000003
21
-6.2468818897637792
0
LINE
8
BLACK
6
CONTINUOUS
10
7.6165000000000003
20
-6.2468818897637792
11
7.6163651574803151
21
-6.2475598818897637
0
LINE
8
BLACK
6
CONTINUOUS
10
7.6163651574803151
20
-6.2475598818897637
11
7.6159811023622046
21
-6.2481346456692908
0
LINE
8
BLACK
6
CONTINUOUS
10
7.6159811023622046
20
-6.2481346456692908
11
7.6154063385826767
21
-6.2485187007874012
0
LINE
8
BLACK
6
CONTINUOUS
10
7.6154063385826767
20
-6.2485187007874012
11
7.6147283464566931
21
-6.2486535433070864
0
LINE
8
BLACK
6
CONTINUOUS
10
7.6147283464566931
20
-6.2486535433070864
11
7.5328385826771651
21
-6.2486535433070864
0
LINE
8
BLACK
6
CONTINUOUS
10
7.5328385826771651
20
-6.2486535433070864
11
7.5328385826771651
21
-6.2575118110236216
0
LINE
8
BLACK
6
CONTINUOUS
10
7.5328385826771651
20
-6.2575118110236216
11
7.5321642913385825
21
-6.2609017322834646
0
LINE
8
BLACK
6
CONTINUOUS
10
7.5321642913385825
20
-6.2609017322834646
11
7.5302440551181098
21
-6.2637755511811024
0
LINE
8
BLACK
6
CONTINUOUS
10
7.5302440551181098
20
-6.2637755511811024
11
7.527370236220472
21
-6.2656957874015751
0
LINE
8
BLACK
6
CONTINUOUS
10
7.527370236220472
20
-6.2656957874015751
11
7.5239803149606299
21
-6.2663700787401577
0
LINE
8
BLACK
6
CONTINUOUS
10
7.5239803149606299
20
-6.2663700787401577
11
7.5062637795275586
21
-6.2663700787401577
0
LINE
8
BLACK
6
CONTINUOUS
10
7.5062637795275586
20
-6.2663700787401577
11
7.5028738582677166
21
-6.2656957874015751
0
LINE
8
BLACK
6
CONTINUOUS
10
7.5028738582677166
20
-6.2656957874015751
11
7.5000000393700788
21
-6.2637755511811024
0
LINE
8
BLACK
6
CONTINUOUS
10
7.5000000393700788
20
-6.2637755511811024
11
7.4980798031496061
21
-6.2609017322834646
0
LINE
8
BLACK
6
CONTINUOUS
10
7.4980798031496061
20
-6.2609017322834646
11
7.4974055118110234
21
-6.2575118110236216
0
LINE
8
BLACK
6
CONTINUOUS
10
7.4974055118110234
20
-6.2575118110236216
11
7.4974055118110234
21
-6.227984251968504
0
LINE
8
BLACK
6
CONTINUOUS
10
7.4974055118110234
20
-6.227984251968504
11
7.4980798031496061
21
-6.2245943307086611
0
LINE
8
BLACK
6
CONTINUOUS
10
7.4980798031496061
20
-6.2245943307086611
11
7.5000000393700788
21
-6.2217205118110233
0
LINE
8
BLACK
6
CONTINUOUS
10
7.5000000393700788
20
-6.2217205118110233
11
7.5028738582677166
21
-6.2198002755905506
0
LINE
8
BLACK
6
CONTINUOUS
10
7.5028738582677166
20
-6.2198002755905506
11
7.5062637795275586
21
-6.2191259842519679
0
LINE
8
BLACK
6
CONTINUOUS
10
7.5062637795275586
20
-6.2191259842519679
11
7.5239803149606299
21
-6.2191259842519679
0
LINE
8
BLACK
6
CONTINUOUS
10
7.5239803149606299
20
-6.2191259842519679
11
7.527370236220472
21
-6.2198002755905506
0
LINE
8
BLACK
6
CONTINUOUS
10
11.5702836220472438
20
-6.2178317716535432
11
11.5731574409448807
21
-6.2197520078740158
0
LINE
8
BLACK
6
CONTINUOUS
10
11.5731574409448807
20
-6.2197520078740158
11
11.5750776771653534
21
-6.2226258267716537
0
LINE
8
BLACK
6
CONTINUOUS
10
11.5750776771653534
20
-6.2226258267716537
11
11.575751968503937
21
-6.2260157480314957
0
LINE
8
BLACK
6
CONTINUOUS
10
11.575751968503937
20
-6.2260157480314957
11
11.575751968503937
21
-6.2555433070866142
0
LINE
8
BLACK
6
CONTINUOUS
10
11.575751968503937
20
-6.2555433070866142
11
11.5750776771653534
21
-6.2589332283464563
0
LINE
8
BLACK
6
CONTINUOUS
10
11.5750776771653534
20
-6.2589332283464563
11
11.5731574409448807
21
-6.2618070472440941
0
LINE
8
BLACK
6
CONTINUOUS
10
11.5731574409448807
20
-6.2618070472440941
11
11.5702836220472438
21
-6.2637272834645668
0
LINE
8
BLACK
6
CONTINUOUS
10
11.5702836220472438
20
-6.2637272834645668
11
11.5668937007874018
21
-6.2644015748031494
0
LINE
8
BLACK
6
CONTINUOUS
10
11.5668937007874018
20
-6.2644015748031494
11
11.5491771653543296
21
-6.2644015748031494
0
LINE
8
BLACK
6
CONTINUOUS
10
11.5491771653543296
20
-6.2644015748031494
11
11.5457872440944875
21
-6.2637272834645668
0
LINE
8
BLACK
6
CONTINUOUS
10
11.5457872440944875
20
-6.2637272834645668
11
11.5429134251968506
21
-6.2618070472440941
0
LINE
8
BLACK
6
CONTINUOUS
10
11.5429134251968506
20
-6.2618070472440941
11
11.5409931889763779
21
-6.2589332283464563
0
LINE
8
BLACK
6
CONTINUOUS
10
11.5409931889763779
20
-6.2589332283464563
11
11.5403188976377944
21
-6.2555433070866142
0
LINE
8
BLACK
6
CONTINUOUS
10
11.5403188976377944
20
-6.2555433070866142
11
11.5403188976377944
21
-6.246685039370079
0
LINE
8
BLACK
6
CONTINUOUS
10
11.5403188976377944
20
-6.246685039370079
11
11.453507874015747
21
-6.246685039370079
0
LINE
8
BLACK
6
CONTINUOUS
10
11.453507874015747
20
-6.246685039370079
11
11.4528298818897643
21
-6.2465501968503938
0
LINE
8
BLACK
6
CONTINUOUS
10
11.4528298818897643
20
-6.2465501968503938
11
11.4522551181102354
21
-6.2461661417322834
0
LINE
8
BLACK
6
CONTINUOUS
10
11.4522551181102354
20
-6.2461661417322834
11
11.4518710629921259
21
-6.2455913779527554
0
LINE
8
BLACK
6
CONTINUOUS
10
11.4518710629921259
20
-6.2455913779527554
11
11.4517362204724407
21
-6.2449133858267718
0
LINE
8
BLACK
6
CONTINUOUS
10
11.4517362204724407
20
-6.2449133858267718
11
11.4517362204724407
21
-6.2366456692913381
0
LINE
8
BLACK
6
CONTINUOUS
10
11.4517362204724407
20
-6.2366456692913381
11
11.4518710629921259
21
-6.2359676771653545
0
LINE
8
BLACK
6
CONTINUOUS
10
11.4518710629921259
20
-6.2359676771653545
11
11.4522551181102354
21
-6.2353929133858266
0
LINE
8
BLACK
6
CONTINUOUS
10
11.4522551181102354
20
-6.2353929133858266
11
11.4528298818897643
21
-6.2350088582677161
0
LINE
8
BLACK
6
CONTINUOUS
10
11.4528298818897643
20
-6.2350088582677161
11
11.453507874015747
21
-6.2348740157480318
0
LINE
8
BLACK
6
CONTINUOUS
10
11.453507874015747
20
-6.2348740157480318
11
11.5403188976377944
21
-6.2348740157480318
0
LINE
8
BLACK
6
CONTINUOUS
10
11.5403188976377944
20
-6.2348740157480318
11
11.5403188976377944
21
-6.2260157480314957
0
LINE
8
BLACK
6
CONTINUOUS
10
11.5403188976377944
20
-6.2260157480314957
11
11.5409931889763779
21
-6.2226258267716537
0
LINE
8
BLACK
6
CONTINUOUS
10
11.5409931889763779
20
-6.2226258267716537
11
11.5429134251968506
21
-6.2197520078740158
0
LINE
8
BLACK
6
CONTINUOUS
10
11.5429134251968506
20
-6.2197520078740158
11
11.5457872440944875
21
-6.2178317716535432
0
LINE
8
BLACK
6
CONTINUOUS
10
11.5457872440944875
20
-6.2178317716535432
11
11.5491771653543296
21
-6.2171574803149605
0
LINE
8
BLACK
6
CONTINUOUS
10
11.5491771653543296
20
-6.2171574803149605
11
11.5668937007874018
21
-6.2171574803149605
0
LINE
8
BLACK
6
CONTINUOUS
10
11.5668937007874018
20
-6.2171574803149605
11
11.5702836220472438
21
-6.2178317716535432
0
LINE
8
BLACK
6
CONTINUOUS
10
11.7002048818897642
20
-6.2178317716535432
11
11.7030787007874011
21
-6.2197520078740158
0
LINE
8
BLACK
6
CONTINUOUS
10
11.7030787007874011
20
-6.2197520078740158
11
11.7049989370078737
21
-6.2226258267716537
0
LINE
8
BLACK
6
CONTINUOUS
10
11.7049989370078737
20
-6.2226258267716537
11
11.7056732283464573
21
-6.2260157480314957
0
LINE
8
BLACK
6
CONTINUOUS
10
11.7056732283464573
20
-6.2260157480314957
11
11.7056732283464573
21
-6.2348740157480318
0
LINE
8
BLACK
6
CONTINUOUS
10
11.7056732283464573
20
-6.2348740157480318
11
11.7875629921259844
21
-6.2348740157480318
0
LINE
8
BLACK
6
CONTINUOUS
10
11.7875629921259844
20
-6.2348740157480318
11
11.7882409842519689
21
-6.2350088582677161
0
LINE
8
BLACK
6
CONTINUOUS
10
11.7882409842519689
20
-6.2350088582677161
11
11.7888157480314959
21
-6.2353929133858266
0
LINE
8
BLACK
6
CONTINUOUS
10
11.7888157480314959
20
-6.2353929133858266
11
11.7891998031496055
21
-6.2359676771653545
0
LINE
8
BLACK
6
CONTINUOUS
10
11.7891998031496055
20
-6.2359676771653545
11
11.7893346456692907
21
-6.2366456692913381
0
LINE
8
BLACK
6
CONTINUOUS
10
11.7893346456692907
20
-6.2366456692913381
11
11.7893346456692907
21
-6.2449133858267718
0
LINE
8
BLACK
6
CONTINUOUS
10
11.7893346456692907
20
-6.2449133858267718
11
11.7891998031496055
21
-6.2455913779527554
0
LINE
8
BLACK
6
CONTINUOUS
10
11.7891998031496055
20
-6.2455913779527554
11
11.7888157480314959
21
-6.2461661417322834
0
LINE
8
BLACK
6
CONTINUOUS
10
11.7888157480314959
20
-6.2461661417322834
11
11.7882409842519689
21
-6.2465501968503938
0
LINE
8
BLACK
6
CONTINUOUS
10
11.7882409842519689
20
-6.2465501968503938
11
11.7875629921259844
21
-6.246685039370079
0
LINE
8
BLACK
6
CONTINUOUS
10
11.7875629921259844
20
-6.246685039370079
11
11.7056732283464573
21
-6.246685039370079
0
LINE
8
BLACK
6
CONTINUOUS
10
11.7056732283464573
20
-6.246685039370079
11
11.7056732283464573
21
-6.2555433070866142
0
LINE
8
BLACK
6
CONTINUOUS
10
11.7056732283464573
20
-6.2555433070866142
11
11.7049989370078737
21
-6.2589332283464563
0
LINE
8
BLACK
6
CONTINUOUS
10
11.7049989370078737
20
-6.2589332283464563
11
11.7030787007874011
21
-6.2618070472440941
0
LINE
8
BLACK
6
CONTINUOUS
10
11.7030787007874011
20
-6.2618070472440941
11
11.7002048818897642
21
-6.2637272834645668
0
LINE
8
BLACK
6
CONTINUOUS
10
11.7002048818897642
20
-6.2637272834645668
11
11.6968149606299203
21
-6.2644015748031494
0
LINE
8
BLACK
6
CONTINUOUS
10
11.6968149606299203
20
-6.2644015748031494
11
11.6790984251968499
21
-6.2644015748031494
0
LINE
8
BLACK
6
CONTINUOUS
10
11.6790984251968499
20
-6.2644015748031494
11
11.6757085039370079
21
-6.2637272834645668
0
LINE
8
BLACK
6
CONTINUOUS
10
11.6757085039370079
20
-6.2637272834645668
11
11.6728346850393692
21
-6.2618070472440941
0
LINE
8
BLACK
6
CONTINUOUS
10
11.6728346850393692
20
-6.2618070472440941
11
11.6709144488188965
21
-6.2589332283464563
0
LINE
8
BLACK
6
CONTINUOUS
10
11.6709144488188965
20
-6.2589332283464563
11
11.6702401574803147
21
-6.2555433070866142
0
LINE
8
BLACK
6
CONTINUOUS
10
11.6702401574803147
20
-6.2555433070866142
11
11.6702401574803147
21
-6.2260157480314957
0
LINE
8
BLACK
6
CONTINUOUS
10
11.6702401574803147
20
-6.2260157480314957
11
11.6709144488188965
21
-6.2226258267716537
0
LINE
8
BLACK
6
CONTINUOUS
10
11.6709144488188965
20
-6.2226258267716537
11
11.6728346850393692
21
-6.2197520078740158
0
LINE
8
BLACK
6
CONTINUOUS
10
11.6728346850393692
20
-6.2197520078740158
11
11.6757085039370079
21
-6.2178317716535432
0
LINE
8
BLACK
6
CONTINUOUS
10
11.6757085039370079
20
-6.2178317716535432
11
11.6790984251968499
21
-6.2171574803149605
0
LINE
8
BLACK
6
CONTINUOUS
10
11.6790984251968499
20
-6.2171574803149605
11
11.6968149606299203
21
-6.2171574803149605
0
LINE
8
BLACK
6
CONTINUOUS
10
11.6968149606299203
20
-6.2171574803149605
11
11.7002048818897642
21
-6.2178317716535432
0
LINE
8
BLACK
6
CONTINUOUS
10
10.0687009055118111
20
-6.196594566929134
11
9.9795253937007864
21
-6.2123186220472437
0
LINE
8
BLACK
6
CONTINUOUS
10
9.9795253937007864
20
-6.2123186220472437
11
9.9658523228346461
21
-6.134774724409449
0
LINE
8
BLACK
6
CONTINUOUS
10
9.9658523228346461
20
-6.134774724409449
11
10.055027834645669
21
-6.1190506692913385
0
LINE
8
BLACK
6
CONTINUOUS
10
10.055027834645669
20
-6.1190506692913385
11
10.0687009055118111
21
-6.196594566929134
0
LINE
8
BLACK
6
CONTINUOUS
10
3.2750080314960628
20
-6.1548396456692913
11
3.2778818503937006
21
-6.156759881889764
0
LINE
8
BLACK
6
CONTINUOUS
10
3.2778818503937006
20
-6.156759881889764
11
3.2798020866141733
21
-6.1596337007874018
0
LINE
8
BLACK
6
CONTINUOUS
10
3.2798020866141733
20
-6.1596337007874018
11
3.2804763779527559
21
-6.1630236220472439
0
LINE
8
BLACK
6
CONTINUOUS
10
3.2804763779527559
20
-6.1630236220472439
11
3.2804763779527559
21
-6.1925511811023624
0
LINE
8
BLACK
6
CONTINUOUS
10
3.2804763779527559
20
-6.1925511811023624
11
3.2798020866141733
21
-6.1959411023622044
0
LINE
8
BLACK
6
CONTINUOUS
10
3.2798020866141733
20
-6.1959411023622044
11
3.2778818503937006
21
-6.1988149212598422
0
LINE
8
BLACK
6
CONTINUOUS
10
3.2778818503937006
20
-6.1988149212598422
11
3.2750080314960628
21
-6.2007351574803149
0
LINE
8
BLACK
6
CONTINUOUS
10
3.2750080314960628
20
-6.2007351574803149
11
3.2716181102362203
21
-6.2014094488188976
0
LINE
8
BLACK
6
CONTINUOUS
10
3.2716181102362203
20
-6.2014094488188976
11
3.2539015748031495
21
-6.2014094488188976
0
LINE
8
BLACK
6
CONTINUOUS
10
3.2539015748031495
20
-6.2014094488188976
11
3.250511653543307
21
-6.2007351574803149
0
LINE
8
BLACK
6
CONTINUOUS
10
3.250511653543307
20
-6.2007351574803149
11
3.2476378346456691
21
-6.1988149212598422
0
LINE
8
BLACK
6
CONTINUOUS
10
3.2476378346456691
20
-6.1988149212598422
11
3.2457175984251969
21
-6.1959411023622044
0
LINE
8
BLACK
6
CONTINUOUS
10
3.2457175984251969
20
-6.1959411023622044
11
3.2450433070866143
21
-6.1925511811023624
0
LINE
8
BLACK
6
CONTINUOUS
10
3.2450433070866143
20
-6.1925511811023624
11
3.2450433070866143
21
-6.1836929133858263
0
LINE
8
BLACK
6
CONTINUOUS
10
3.2450433070866143
20
-6.1836929133858263
11
3.1582322834645669
21
-6.1836929133858263
0
LINE
8
BLACK
6
CONTINUOUS
10
3.1582322834645669
20
-6.1836929133858263
11
3.1575542913385828
21
-6.183558070866142
0
LINE
8
BLACK
6
CONTINUOUS
10
3.1575542913385828
20
-6.183558070866142
11
3.1569795275590549
21
-6.1831740157480315
0
LINE
8
BLACK
6
CONTINUOUS
10
3.1569795275590549
20
-6.1831740157480315
11
3.1565954724409448
21
-6.1825992519685036
0
LINE
8
BLACK
6
CONTINUOUS
10
3.1565954724409448
20
-6.1825992519685036
11
3.1564606299212596
21
-6.1819212598425199
0
LINE
8
BLACK
6
CONTINUOUS
10
3.1564606299212596
20
-6.1819212598425199
11
3.1564606299212596
21
-6.1736535433070863
0
LINE
8
BLACK
6
CONTINUOUS
10
3.1564606299212596
20
-6.1736535433070863
11
3.1565954724409448
21
-6.1729755511811026
0
LINE
8
BLACK
6
CONTINUOUS
10
3.1565954724409448
20
-6.1729755511811026
11
3.1569795275590549
21
-6.1724007874015747
0
LINE
8
BLACK
6
CONTINUOUS
10
3.1569795275590549
20
-6.1724007874015747
11
3.1575542913385828
21
-6.1720167322834643
0
LINE
8
BLACK
6
CONTINUOUS
10
3.1575542913385828
20
-6.1720167322834643
11
3.1582322834645669
21
-6.171881889763779
0
LINE
8
BLACK
6
CONTINUOUS
10
3.1582322834645669
20
-6.171881889763779
11
3.2450433070866143
21
-6.171881889763779
0
LINE
8
BLACK
6
CONTINUOUS
10
3.2450433070866143
20
-6.171881889763779
11
3.2450433070866143
21
-6.1630236220472439
0
LINE
8
BLACK
6
CONTINUOUS
10
3.2450433070866143
20
-6.1630236220472439
11
3.2457175984251969
21
-6.1596337007874018
0
LINE
8
BLACK
6
CONTINUOUS
10
3.2457175984251969
20
-6.1596337007874018
11
3.2476378346456691
21
-6.156759881889764
0
LINE
8
BLACK
6
CONTINUOUS
10
3.2476378346456691
20
-6.156759881889764
11
3.250511653543307
21
-6.1548396456692913
0
LINE
8
BLACK
6
CONTINUOUS
10
3.250511653543307
20
-6.1548396456692913
11
3.2539015748031495
21
-6.1541653543307087
0
LINE
8
BLACK
6
CONTINUOUS
10
3.2539015748031495
20
-6.1541653543307087
11
3.2716181102362203
21
-6.1541653543307087
0
LINE
8
BLACK
6
CONTINUOUS
10
3.2716181102362203
20
-6.1541653543307087
11
3.2750080314960628
21
-6.1548396456692913
0
LINE
8
BLACK
6
CONTINUOUS
10
3.4049292913385827
20
-6.1548396456692913
11
3.4078031102362205
21
-6.156759881889764
0
LINE
8
BLACK
6
CONTINUOUS
10
3.4078031102362205
20
-6.156759881889764
11
3.4097233464566927
21
-6.1596337007874018
0
LINE
8
BLACK
6
CONTINUOUS
10
3.4097233464566927
20
-6.1596337007874018
11
3.4103976377952754
21
-6.1630236220472439
0
LINE
8
BLACK
6
CONTINUOUS
10
3.4103976377952754
20
-6.1630236220472439
11
3.4103976377952754
21
-6.171881889763779
0
LINE
8
BLACK
6
CONTINUOUS
10
3.4103976377952754
20
-6.171881889763779
11
3.4922874015748029
21
-6.171881889763779
0
LINE
8
BLACK
6
CONTINUOUS
10
3.4922874015748029
20
-6.171881889763779
11
3.4929653937007874
21
-6.1720167322834643
0
LINE
8
BLACK
6
CONTINUOUS
10
3.4929653937007874
20
-6.1720167322834643
11
3.4935401574803149
21
-6.1724007874015747
0
LINE
8
BLACK
6
CONTINUOUS
10
3.4935401574803149
20
-6.1724007874015747
11
3.4939242125984253
21
-6.1729755511811026
0
LINE
8
BLACK
6
CONTINUOUS
10
3.4939242125984253
20
-6.1729755511811026
11
3.4940590551181101
21
-6.1736535433070863
0
LINE
8
BLACK
6
CONTINUOUS
10
3.4940590551181101
20
-6.1736535433070863
11
3.4940590551181101
21
-6.1819212598425199
0
LINE
8
BLACK
6
CONTINUOUS
10
3.4940590551181101
20
-6.1819212598425199
11
3.4939242125984253
21
-6.1825992519685036
0
LINE
8
BLACK
6
CONTINUOUS
10
3.4939242125984253
20
-6.1825992519685036
11
3.4935401574803149
21
-6.1831740157480315
0
LINE
8
BLACK
6
CONTINUOUS
10
3.4935401574803149
20
-6.1831740157480315
11
3.4929653937007874
21
-6.183558070866142
0
LINE
8
BLACK
6
CONTINUOUS
10
3.4929653937007874
20
-6.183558070866142
11
3.4922874015748029
21
-6.1836929133858263
0
LINE
8
BLACK
6
CONTINUOUS
10
3.4922874015748029
20
-6.1836929133858263
11
3.4103976377952754
21
-6.1836929133858263
0
LINE
8
BLACK
6
CONTINUOUS
10
3.4103976377952754
20
-6.1836929133858263
11
3.4103976377952754
21
-6.1925511811023624
0
LINE
8
BLACK
6
CONTINUOUS
10
3.4103976377952754
20
-6.1925511811023624
11
3.4097233464566927
21
-6.1959411023622044
0
LINE
8
BLACK
6
CONTINUOUS
10
3.4097233464566927
20
-6.1959411023622044
11
3.4078031102362205
21
-6.1988149212598422
0
LINE
8
BLACK
6
CONTINUOUS
10
3.4078031102362205
20
-6.1988149212598422
11
3.4049292913385827
21
-6.2007351574803149
0
LINE
8
BLACK
6
CONTINUOUS
10
3.4049292913385827
20
-6.2007351574803149
11
3.4015393700787402
21
-6.2014094488188976
0
LINE
8
BLACK
6
CONTINUOUS
10
3.4015393700787402
20
-6.2014094488188976
11
3.3838228346456694
21
-6.2014094488188976
0
LINE
8
BLACK
6
CONTINUOUS
10
3.3838228346456694
20
-6.2014094488188976
11
3.3804329133858269
21
-6.2007351574803149
0
LINE
8
BLACK
6
CONTINUOUS
10
3.3804329133858269
20
-6.2007351574803149
11
3.377559094488189
21
-6.1988149212598422
0
LINE
8
BLACK
6
CONTINUOUS
10
3.377559094488189
20
-6.1988149212598422
11
3.3756388582677164
21
-6.1959411023622044
0
LINE
8
BLACK
6
CONTINUOUS
10
3.3756388582677164
20
-6.1959411023622044
11
3.3749645669291337
21
-6.1925511811023624
0
LINE
8
BLACK
6
CONTINUOUS
10
3.3749645669291337
20
-6.1925511811023624
11
3.3749645669291337
21
-6.1630236220472439
0
LINE
8
BLACK
6
CONTINUOUS
10
3.3749645669291337
20
-6.1630236220472439
11
3.3756388582677164
21
-6.1596337007874018
0
LINE
8
BLACK
6
CONTINUOUS
10
3.3756388582677164
20
-6.1596337007874018
11
3.377559094488189
21
-6.156759881889764
0
LINE
8
BLACK
6
CONTINUOUS
10
3.377559094488189
20
-6.156759881889764
11
3.3804329133858269
21
-6.1548396456692913
0
LINE
8
BLACK
6
CONTINUOUS
10
3.3804329133858269
20
-6.1548396456692913
11
3.3838228346456694
21
-6.1541653543307087
0
LINE
8
BLACK
6
CONTINUOUS
10
3.3838228346456694
20
-6.1541653543307087
11
3.4015393700787402
21
-6.1541653543307087
0
LINE
8
BLACK
6
CONTINUOUS
10
3.4015393700787402
20
-6.1541653543307087
11
3.4049292913385827
21
-6.1548396456692913
0
LINE
8
BLACK
6
CONTINUOUS
10
10.3166539370078745
20
-6.1744624015748029
11
10.2274784251968498
21
-6.1901864566929135
0
LINE
8
BLACK
6
CONTINUOUS
10
10.2274784251968498
20
-6.1901864566929135
11
10.2138053543307077
21
-6.1126425590551179
0
LINE
8
BLACK
6
CONTINUOUS
10
10.2138053543307077
20
-6.1126425590551179
11
10.3029808661417324
21
-6.0969185039370073
0
LINE
8
BLACK
6
CONTINUOUS
10
10.3029808661417324
20
-6.0969185039370073
11
10.3166539370078745
21
-6.1744624015748029
0
LINE
8
BLACK
6
CONTINUOUS
10
4.0254017322834645
20
-6.1292490944881886
11
4.0282755511811024
21
-6.1311693307086612
0
LINE
8
BLACK
6
CONTINUOUS
10
4.0282755511811024
20
-6.1311693307086612
11
4.030195787401575
21
-6.134043149606299
0
LINE
8
BLACK
6
CONTINUOUS
10
4.030195787401575
20
-6.134043149606299
11
4.0308700787401577
21
-6.137433070866142
0
LINE
8
BLACK
6
CONTINUOUS
10
4.0308700787401577
20
-6.137433070866142
11
4.0308700787401577
21
-6.1669606299212596
0
LINE
8
BLACK
6
CONTINUOUS
10
4.0308700787401577
20
-6.1669606299212596
11
4.030195787401575
21
-6.1703505511811025
0
LINE
8
BLACK
6
CONTINUOUS
10
4.030195787401575
20
-6.1703505511811025
11
4.0282755511811024
21
-6.1732243700787404
0
LINE
8
BLACK
6
CONTINUOUS
10
4.0282755511811024
20
-6.1732243700787404
11
4.0254017322834645
21
-6.1751446062992121
0
LINE
8
BLACK
6
CONTINUOUS
10
4.0254017322834645
20
-6.1751446062992121
11
4.0220118110236216
21
-6.1758188976377948
0
LINE
8
BLACK
6
CONTINUOUS
10
4.0220118110236216
20
-6.1758188976377948
11
4.0042952755905512
21
-6.1758188976377948
0
LINE
8
BLACK
6
CONTINUOUS
10
4.0042952755905512
20
-6.1758188976377948
11
4.0009053543307083
21
-6.1751446062992121
0
LINE
8
BLACK
6
CONTINUOUS
10
4.0009053543307083
20
-6.1751446062992121
11
3.9980315354330709
21
-6.1732243700787404
0
LINE
8
BLACK
6
CONTINUOUS
10
3.9980315354330709
20
-6.1732243700787404
11
3.9961112992125982
21
-6.1703505511811025
0
LINE
8
BLACK
6
CONTINUOUS
10
3.9961112992125982
20
-6.1703505511811025
11
3.9954370078740156
21
-6.1669606299212596
0
LINE
8
BLACK
6
CONTINUOUS
10
3.9954370078740156
20
-6.1669606299212596
11
3.9954370078740156
21
-6.1581023622047244
0
LINE
8
BLACK
6
CONTINUOUS
10
3.9954370078740156
20
-6.1581023622047244
11
3.9086259842519686
21
-6.1581023622047244
0
LINE
8
BLACK
6
CONTINUOUS
10
3.9086259842519686
20
-6.1581023622047244
11
3.9079479921259841
21
-6.1579675196850392
0
LINE
8
BLACK
6
CONTINUOUS
10
3.9079479921259841
20
-6.1579675196850392
11
3.9073732283464566
21
-6.1575834645669287
0
LINE
8
BLACK
6
CONTINUOUS
10
3.9073732283464566
20
-6.1575834645669287
11
3.9069891732283462
21
-6.1570087007874017
0
LINE
8
BLACK
6
CONTINUOUS
10
3.9069891732283462
20
-6.1570087007874017
11
3.9068543307086614
21
-6.1563307086614172
0
LINE
8
BLACK
6
CONTINUOUS
10
3.9068543307086614
20
-6.1563307086614172
11
3.9068543307086614
21
-6.1480629921259844
0
LINE
8
BLACK
6
CONTINUOUS
10
3.9068543307086614
20
-6.1480629921259844
11
3.9069891732283462
21
-6.1473849999999999
0
LINE
8
BLACK
6
CONTINUOUS
10
3.9069891732283462
20
-6.1473849999999999
11
3.9073732283464566
21
-6.146810236220472
0
LINE
8
BLACK
6
CONTINUOUS
10
3.9073732283464566
20
-6.146810236220472
11
3.9079479921259841
21
-6.1464261811023624
0
LINE
8
BLACK
6
CONTINUOUS
10
3.9079479921259841
20
-6.1464261811023624
11
3.9086259842519686
21
-6.1462913385826772
0
LINE
8
BLACK
6
CONTINUOUS
10
3.9086259842519686
20
-6.1462913385826772
11
3.9954370078740156
21
-6.1462913385826772
0
LINE
8
BLACK
6
CONTINUOUS
10
3.9954370078740156
20
-6.1462913385826772
11
3.9954370078740156
21
-6.137433070866142
0
LINE
8
BLACK
6
CONTINUOUS
10
3.9954370078740156
20
-6.137433070866142
11
3.9961112992125982
21
-6.134043149606299
0
LINE
8
BLACK
6
CONTINUOUS
10
3.9961112992125982
20
-6.134043149606299
11
3.9980315354330709
21
-6.1311693307086612
0
LINE
8
BLACK
6
CONTINUOUS
10
3.9980315354330709
20
-6.1311693307086612
11
4.0009053543307083
21
-6.1292490944881886
0
LINE
8
BLACK
6
CONTINUOUS
10
4.0009053543307083
20
-6.1292490944881886
11
4.0042952755905512
21
-6.1285748031496059
0
LINE
8
BLACK
6
CONTINUOUS
10
4.0042952755905512
20
-6.1285748031496059
11
4.0220118110236216
21
-6.1285748031496059
0
LINE
8
BLACK
6
CONTINUOUS
10
4.0220118110236216
20
-6.1285748031496059
11
4.0254017322834645
21
-6.1292490944881886
0
LINE
8
BLACK
6
CONTINUOUS
10
4.155322992125984
20
-6.1292490944881886
11
4.1581968110236218
21
-6.1311693307086612
0
LINE
8
BLACK
6
CONTINUOUS
10
4.1581968110236218
20
-6.1311693307086612
11
4.1601170472440945
21
-6.134043149606299
0
LINE
8
BLACK
6
CONTINUOUS
10
4.1601170472440945
20
-6.134043149606299
11
4.1607913385826771
21
-6.137433070866142
0
LINE
8
BLACK
6
CONTINUOUS
10
4.1607913385826771
20
-6.137433070866142
11
4.1607913385826771
21
-6.1462913385826772
0
LINE
8
BLACK
6
CONTINUOUS
10
4.1607913385826771
20
-6.1462913385826772
11
4.2426811023622042
21
-6.1462913385826772
0
LINE
8
BLACK
6
CONTINUOUS
10
4.2426811023622042
20
-6.1462913385826772
11
4.2433590944881887
21
-6.1464261811023624
0
LINE
8
BLACK
6
CONTINUOUS
10
4.2433590944881887
20
-6.1464261811023624
11
4.2439338582677166
21
-6.146810236220472
0
LINE
8
BLACK
6
CONTINUOUS
10
4.2439338582677166
20
-6.146810236220472
11
4.2443179133858271
21
-6.1473849999999999
0
LINE
8
BLACK
6
CONTINUOUS
10
4.2443179133858271
20
-6.1473849999999999
11
4.2444527559055114
21
-6.1480629921259844
0
LINE
8
BLACK
6
CONTINUOUS
10
4.2444527559055114
20
-6.1480629921259844
11
4.2444527559055114
21
-6.1563307086614172
0
LINE
8
BLACK
6
CONTINUOUS
10
4.2444527559055114
20
-6.1563307086614172
11
4.2443179133858271
21
-6.1570087007874017
0
LINE
8
BLACK
6
CONTINUOUS
10
4.2443179133858271
20
-6.1570087007874017
11
4.2439338582677166
21
-6.1575834645669287
0
LINE
8
BLACK
6
CONTINUOUS
10
4.2439338582677166
20
-6.1575834645669287
11
4.2433590944881887
21
-6.1579675196850392
0
LINE
8
BLACK
6
CONTINUOUS
10
4.2433590944881887
20
-6.1579675196850392
11
4.2426811023622042
21
-6.1581023622047244
0
LINE
8
BLACK
6
CONTINUOUS
10
4.2426811023622042
20
-6.1581023622047244
11
4.1607913385826771
21
-6.1581023622047244
0
LINE
8
BLACK
6
CONTINUOUS
10
4.1607913385826771
20
-6.1581023622047244
11
4.1607913385826771
21
-6.1669606299212596
0
LINE
8
BLACK
6
CONTINUOUS
10
4.1607913385826771
20
-6.1669606299212596
11
4.1601170472440945
21
-6.1703505511811025
0
LINE
8
BLACK
6
CONTINUOUS
10
4.1601170472440945
20
-6.1703505511811025
11
4.1581968110236218
21
-6.1732243700787404
0
LINE
8
BLACK
6
CONTINUOUS
10
4.1581968110236218
20
-6.1732243700787404
11
4.155322992125984
21
-6.1751446062992121
0
LINE
8
BLACK
6
CONTINUOUS
10
4.155322992125984
20
-6.1751446062992121
11
4.1519330708661419
21
-6.1758188976377948
0
LINE
8
BLACK
6
CONTINUOUS
10
4.1519330708661419
20
-6.1758188976377948
11
4.1342165354330707
21
-6.1758188976377948
0
LINE
8
BLACK
6
CONTINUOUS
10
4.1342165354330707
20
-6.1758188976377948
11
4.1308266141732286
21
-6.1751446062992121
0
LINE
8
BLACK
6
CONTINUOUS
10
4.1308266141732286
20
-6.1751446062992121
11
4.1279527952755908
21
-6.1732243700787404
0
LINE
8
BLACK
6
CONTINUOUS
10
4.1279527952755908
20
-6.1732243700787404
11
4.1260325590551181
21
-6.1703505511811025
0
LINE
8
BLACK
6
CONTINUOUS
10
4.1260325590551181
20
-6.1703505511811025
11
4.1253582677165355
21
-6.1669606299212596
0
LINE
8
BLACK
6
CONTINUOUS
10
4.1253582677165355
20
-6.1669606299212596
11
4.1253582677165355
21
-6.137433070866142
0
LINE
8
BLACK
6
CONTINUOUS
10
4.1253582677165355
20
-6.137433070866142
11
4.1260325590551181
21
-6.134043149606299
0
LINE
8
BLACK
6
CONTINUOUS
10
4.1260325590551181
20
-6.134043149606299
11
4.1279527952755908
21
-6.1311693307086612
0
LINE
8
BLACK
6
CONTINUOUS
10
4.1279527952755908
20
-6.1311693307086612
11
4.1308266141732286
21
-6.1292490944881886
0
LINE
8
BLACK
6
CONTINUOUS
10
4.1308266141732286
20
-6.1292490944881886
11
4.1342165354330707
21
-6.1285748031496059
0
LINE
8
BLACK
6
CONTINUOUS
10
4.1342165354330707
20
-6.1285748031496059
11
4.1519330708661419
21
-6.1285748031496059
0
LINE
8
BLACK
6
CONTINUOUS
10
4.1519330708661419
20
-6.1285748031496059
11
4.155322992125984
21
-6.1292490944881886
0
LINE
8
BLACK
6
CONTINUOUS
10
12.5958741732283457
20
-6.1095640551181098
11
12.5987479921259844
21
-6.1114842913385825
0
LINE
8
BLACK
6
CONTINUOUS
10
12.5987479921259844
20
-6.1114842913385825
11
12.6006682283464571
21
-6.1143581102362203
0
LINE
8
BLACK
6
CONTINUOUS
10
12.6006682283464571
20
-6.1143581102362203
11
12.6013425196850388
21
-6.1177480314960633
0
LINE
8
BLACK
6
CONTINUOUS
10
12.6013425196850388
20
-6.1177480314960633
11
12.6013425196850388
21
-6.1472755905511809
0
LINE
8
BLACK
6
CONTINUOUS
10
12.6013425196850388
20
-6.1472755905511809
11
12.6006682283464571
21
-6.1506655118110238
0
LINE
8
BLACK
6
CONTINUOUS
10
12.6006682283464571
20
-6.1506655118110238
11
12.5987479921259844
21
-6.1535393307086617
0
LINE
8
BLACK
6
CONTINUOUS
10
12.5987479921259844
20
-6.1535393307086617
11
12.5958741732283457
21
-6.1554595669291334
0
LINE
8
BLACK
6
CONTINUOUS
10
12.5958741732283457
20
-6.1554595669291334
11
12.5924842519685036
21
-6.1561338582677161
0
LINE
8
BLACK
6
CONTINUOUS
10
12.5924842519685036
20
-6.1561338582677161
11
12.5747677165354332
21
-6.1561338582677161
0
LINE
8
BLACK
6
CONTINUOUS
10
12.5747677165354332
20
-6.1561338582677161
11
12.5713777952755894
21
-6.1554595669291334
0
LINE
8
BLACK
6
CONTINUOUS
10
12.5713777952755894
20
-6.1554595669291334
11
12.5685039763779525
21
-6.1535393307086617
0
LINE
8
BLACK
6
CONTINUOUS
10
12.5685039763779525
20
-6.1535393307086617
11
12.5665837401574798
21
-6.1506655118110238
0
LINE
8
BLACK
6
CONTINUOUS
10
12.5665837401574798
20
-6.1506655118110238
11
12.565909448818898
21
-6.1472755905511809
0
LINE
8
BLACK
6
CONTINUOUS
10
12.565909448818898
20
-6.1472755905511809
11
12.565909448818898
21
-6.1384173228346457
0
LINE
8
BLACK
6
CONTINUOUS
10
12.565909448818898
20
-6.1384173228346457
11
12.4790984251968506
21
-6.1384173228346457
0
LINE
8
BLACK
6
CONTINUOUS
10
12.4790984251968506
20
-6.1384173228346457
11
12.4784204330708661
21
-6.1382824803149605
0
LINE
8
BLACK
6
CONTINUOUS
10
12.4784204330708661
20
-6.1382824803149605
11
12.4778456692913391
21
-6.13789842519685
0
LINE
8
BLACK
6
CONTINUOUS
10
12.4778456692913391
20
-6.13789842519685
11
12.4774616141732277
21
-6.137323661417323
0
LINE
8
BLACK
6
CONTINUOUS
10
12.4774616141732277
20
-6.137323661417323
11
12.4773267716535425
21
-6.1366456692913385
0
LINE
8
BLACK
6
CONTINUOUS
10
12.4773267716535425
20
-6.1366456692913385
11
12.4773267716535425
21
-6.1283779527559057
0
LINE
8
BLACK
6
CONTINUOUS
10
12.4773267716535425
20
-6.1283779527559057
11
12.4774616141732277
21
-6.1276999606299212
0
LINE
8
BLACK
6
CONTINUOUS
10
12.4774616141732277
20
-6.1276999606299212
11
12.4778456692913391
21
-6.1271251968503933
0
LINE
8
BLACK
6
CONTINUOUS
10
12.4778456692913391
20
-6.1271251968503933
11
12.4784204330708661
21
-6.1267411417322837
0
LINE
8
BLACK
6
CONTINUOUS
10
12.4784204330708661
20
-6.1267411417322837
11
12.4790984251968506
21
-6.1266062992125985
0
LINE
8
BLACK
6
CONTINUOUS
10
12.4790984251968506
20
-6.1266062992125985
11
12.565909448818898
21
-6.1266062992125985
0
LINE
8
BLACK
6
CONTINUOUS
10
12.565909448818898
20
-6.1266062992125985
11
12.565909448818898
21
-6.1177480314960633
0
LINE
8
BLACK
6
CONTINUOUS
10
12.565909448818898
20
-6.1177480314960633
11
12.5665837401574798
21
-6.1143581102362203
0
LINE
8
BLACK
6
CONTINUOUS
10
12.5665837401574798
20
-6.1143581102362203
11
12.5685039763779525
21
-6.1114842913385825
0
LINE
8
BLACK
6
CONTINUOUS
10
12.5685039763779525
20
-6.1114842913385825
11
12.5713777952755894
21
-6.1095640551181098
0
LINE
8
BLACK
6
CONTINUOUS
10
12.5713777952755894
20
-6.1095640551181098
11
12.5747677165354332
21
-6.1088897637795272
0
LINE
8
BLACK
6
CONTINUOUS
10
12.5747677165354332
20
-6.1088897637795272
11
12.5924842519685036
21
-6.1088897637795272
0
LINE
8
BLACK
6
CONTINUOUS
10
12.5924842519685036
20
-6.1088897637795272
11
12.5958741732283457
21
-6.1095640551181098
0
LINE
8
BLACK
6
CONTINUOUS
10
12.725795433070866
20
-6.1095640551181098
11
12.728669251968503
21
-6.1114842913385825
0
LINE
8
BLACK
6
CONTINUOUS
10
12.728669251968503
20
-6.1114842913385825
11
12.7305894881889756
21
-6.1143581102362203
0
LINE
8
BLACK
6
CONTINUOUS
10
12.7305894881889756
20
-6.1143581102362203
11
12.7312637795275592
21
-6.1177480314960633
0
LINE
8
BLACK
6
CONTINUOUS
10
12.7312637795275592
20
-6.1177480314960633
11
12.7312637795275592
21
-6.1266062992125985
0
LINE
8
BLACK
6
CONTINUOUS
10
12.7312637795275592
20
-6.1266062992125985
11
12.8131535433070862
21
-6.1266062992125985
0
LINE
8
BLACK
6
CONTINUOUS
10
12.8131535433070862
20
-6.1266062992125985
11
12.8138315354330707
21
-6.1267411417322837
0
LINE
8
BLACK
6
CONTINUOUS
10
12.8138315354330707
20
-6.1267411417322837
11
12.8144062992125978
21
-6.1271251968503933
0
LINE
8
BLACK
6
CONTINUOUS
10
12.8144062992125978
20
-6.1271251968503933
11
12.8147903543307091
21
-6.1276999606299212
0
LINE
8
BLACK
6
CONTINUOUS
10
12.8147903543307091
20
-6.1276999606299212
11
12.8149251968503926
21
-6.1283779527559057
0
LINE
8
BLACK
6
CONTINUOUS
10
12.8149251968503926
20
-6.1283779527559057
11
12.8149251968503926
21
-6.1366456692913385
0
LINE
8
BLACK
6
CONTINUOUS
10
12.8149251968503926
20
-6.1366456692913385
11
12.8147903543307091
21
-6.137323661417323
0
LINE
8
BLACK
6
CONTINUOUS
10
12.8147903543307091
20
-6.137323661417323
11
12.8144062992125978
21
-6.13789842519685
0
LINE
8
BLACK
6
CONTINUOUS
10
12.8144062992125978
20
-6.13789842519685
11
12.8138315354330707
21
-6.1382824803149605
0
LINE
8
BLACK
6
CONTINUOUS
10
12.8138315354330707
20
-6.1382824803149605
11
12.8131535433070862
21
-6.1384173228346457
0
LINE
8
BLACK
6
CONTINUOUS
10
12.8131535433070862
20
-6.1384173228346457
11
12.7312637795275592
21
-6.1384173228346457
0
LINE
8
BLACK
6
CONTINUOUS
10
12.7312637795275592
20
-6.1384173228346457
11
12.7312637795275592
21
-6.1472755905511809
0
LINE
8
BLACK
6
CONTINUOUS
10
12.7312637795275592
20
-6.1472755905511809
11
12.7305894881889756
21
-6.1506655118110238
0
LINE
8
BLACK
6
CONTINUOUS
10
12.7305894881889756
20
-6.1506655118110238
11
12.728669251968503
21
-6.1535393307086617
0
LINE
8
BLACK
6
CONTINUOUS
10
12.728669251968503
20
-6.1535393307086617
11
12.725795433070866
21
-6.1554595669291334
0
LINE
8
BLACK
6
CONTINUOUS
10
12.725795433070866
20
-6.1554595669291334
11
12.722405511811024
21
-6.1561338582677161
0
LINE
8
BLACK
6
CONTINUOUS
10
12.722405511811024
20
-6.1561338582677161
11
12.7046889763779518
21
-6.1561338582677161
0
LINE
8
BLACK
6
CONTINUOUS
10
12.7046889763779518
20
-6.1561338582677161
11
12.7012990551181097
21
-6.1554595669291334
0
LINE
8
BLACK
6
CONTINUOUS
10
12.7012990551181097
20
-6.1554595669291334
11
12.6984252362204728
21
-6.1535393307086617
0
LINE
8
BLACK
6
CONTINUOUS
10
12.6984252362204728
20
-6.1535393307086617
11
12.6965050000000002
21
-6.1506655118110238
0
LINE
8
BLACK
6
CONTINUOUS
10
12.6965050000000002
20
-6.1506655118110238
11
12.6958307086614166
21
-6.1472755905511809
0
LINE
8
BLACK
6
CONTINUOUS
10
12.6958307086614166
20
-6.1472755905511809
11
12.6958307086614166
21
-6.1177480314960633
0
LINE
8
BLACK
6
CONTINUOUS
10
12.6958307086614166
20
-6.1177480314960633
11
12.6965050000000002
21
-6.1143581102362203
0
LINE
8
BLACK
6
CONTINUOUS
10
12.6965050000000002
20
-6.1143581102362203
11
12.6984252362204728
21
-6.1114842913385825
0
LINE
8
BLACK
6
CONTINUOUS
10
12.6984252362204728
20
-6.1114842913385825
11
12.7012990551181097
21
-6.1095640551181098
0
LINE
8
BLACK
6
CONTINUOUS
10
12.7012990551181097
20
-6.1095640551181098
11
12.7046889763779518
21
-6.1088897637795272
0
LINE
8
BLACK
6
CONTINUOUS
10
12.7046889763779518
20
-6.1088897637795272
11
12.722405511811024
21
-6.1088897637795272
0
LINE
8
BLACK
6
CONTINUOUS
10
12.722405511811024
20
-6.1088897637795272
11
12.725795433070866
21
-6.1095640551181098
0
LINE
8
BLACK
6
CONTINUOUS
10
13.8246143307086609
20
-6.1095640551181098
11
13.8274881496062996
21
-6.1114842913385825
0
LINE
8
BLACK
6
CONTINUOUS
10
13.8274881496062996
20
-6.1114842913385825
11
13.8294083858267705
21
-6.1143581102362203
0
LINE
8
BLACK
6
CONTINUOUS
10
13.8294083858267705
20
-6.1143581102362203
11
13.830082677165354
21
-6.1177480314960633
0
LINE
8
BLACK
6
CONTINUOUS
10
13.830082677165354
20
-6.1177480314960633
11
13.830082677165354
21
-6.1472755905511809
0
LINE
8
BLACK
6
CONTINUOUS
10
13.830082677165354
20
-6.1472755905511809
11
13.8294083858267705
21
-6.1506655118110238
0
LINE
8
BLACK
6
CONTINUOUS
10
13.8294083858267705
20
-6.1506655118110238
11
13.8274881496062996
21
-6.1535393307086617
0
LINE
8
BLACK
6
CONTINUOUS
10
13.8274881496062996
20
-6.1535393307086617
11
13.8246143307086609
21
-6.1554595669291334
0
LINE
8
BLACK
6
CONTINUOUS
10
13.8246143307086609
20
-6.1554595669291334
11
13.8212244094488188
21
-6.1561338582677161
0
LINE
8
BLACK
6
CONTINUOUS
10
13.8212244094488188
20
-6.1561338582677161
11
13.8035078740157484
21
-6.1561338582677161
0
LINE
8
BLACK
6
CONTINUOUS
10
13.8035078740157484
20
-6.1561338582677161
11
13.8001179527559046
21
-6.1554595669291334
0
LINE
8
BLACK
6
CONTINUOUS
10
13.8001179527559046
20
-6.1554595669291334
11
13.7972441338582676
21
-6.1535393307086617
0
LINE
8
BLACK
6
CONTINUOUS
10
13.7972441338582676
20
-6.1535393307086617
11
13.795323897637795
21
-6.1506655118110238
0
LINE
8
BLACK
6
CONTINUOUS
10
13.795323897637795
20
-6.1506655118110238
11
13.7946496062992114
21
-6.1472755905511809
0
LINE
8
BLACK
6
CONTINUOUS
10
13.7946496062992114
20
-6.1472755905511809
11
13.7946496062992114
21
-6.1384173228346457
0
LINE
8
BLACK
6
CONTINUOUS
10
13.7946496062992114
20
-6.1384173228346457
11
13.7078385826771658
21
-6.1384173228346457
0
LINE
8
BLACK
6
CONTINUOUS
10
13.7078385826771658
20
-6.1384173228346457
11
13.7071605905511813
21
-6.1382824803149605
0
LINE
8
BLACK
6
CONTINUOUS
10
13.7071605905511813
20
-6.1382824803149605
11
13.7065858267716525
21
-6.13789842519685
0
LINE
8
BLACK
6
CONTINUOUS
10
13.7065858267716525
20
-6.13789842519685
11
13.7062017716535429
21
-6.137323661417323
0
LINE
8
BLACK
6
CONTINUOUS
10
13.7062017716535429
20
-6.137323661417323
11
13.7060669291338577
21
-6.1366456692913385
0
LINE
8
BLACK
6
CONTINUOUS
10
13.7060669291338577
20
-6.1366456692913385
11
13.7060669291338577
21
-6.1283779527559057
0
LINE
8
BLACK
6
CONTINUOUS
10
13.7060669291338577
20
-6.1283779527559057
11
13.7062017716535429
21
-6.1276999606299212
0
LINE
8
BLACK
6
CONTINUOUS
10
13.7062017716535429
20
-6.1276999606299212
11
13.7065858267716525
21
-6.1271251968503933
0
LINE
8
BLACK
6
CONTINUOUS
10
13.7065858267716525
20
-6.1271251968503933
11
13.7071605905511813
21
-6.1267411417322837
0
LINE
8
BLACK
6
CONTINUOUS
10
13.7071605905511813
20
-6.1267411417322837
11
13.7078385826771658
21
-6.1266062992125985
0
LINE
8
BLACK
6
CONTINUOUS
10
13.7078385826771658
20
-6.1266062992125985
11
13.7946496062992114
21
-6.1266062992125985
0
LINE
8
BLACK
6
CONTINUOUS
10
13.7946496062992114
20
-6.1266062992125985
11
13.7946496062992114
21
-6.1177480314960633
0
LINE
8
BLACK
6
CONTINUOUS
10
13.7946496062992114
20
-6.1177480314960633
11
13.795323897637795
21
-6.1143581102362203
0
LINE
8
BLACK
6
CONTINUOUS
10
13.795323897637795
20
-6.1143581102362203
11
13.7972441338582676
21
-6.1114842913385825
0
LINE
8
BLACK
6
CONTINUOUS
10
13.7972441338582676
20
-6.1114842913385825
11
13.8001179527559046
21
-6.1095640551181098
0
LINE
8
BLACK
6
CONTINUOUS
10
13.8001179527559046
20
-6.1095640551181098
11
13.8035078740157484
21
-6.1088897637795272
0
LINE
8
BLACK
6
CONTINUOUS
10
13.8035078740157484
20
-6.1088897637795272
11
13.8212244094488188
21
-6.1088897637795272
0
LINE
8
BLACK
6
CONTINUOUS
10
13.8212244094488188
20
-6.1088897637795272
11
13.8246143307086609
21
-6.1095640551181098
0
LINE
8
BLACK
6
CONTINUOUS
10
13.9545355905511812
20
-6.1095640551181098
11
13.9574094094488181
21
-6.1114842913385825
0
LINE
8
BLACK
6
CONTINUOUS
10
13.9574094094488181
20
-6.1114842913385825
11
13.9593296456692908
21
-6.1143581102362203
0
LINE
8
BLACK
6
CONTINUOUS
10
13.9593296456692908
20
-6.1143581102362203
11
13.9600039370078743
21
-6.1177480314960633
0
LINE
8
BLACK
6
CONTINUOUS
10
13.9600039370078743
20
-6.1177480314960633
11
13.9600039370078743
21
-6.1266062992125985
0
LINE
8
BLACK
6
CONTINUOUS
10
13.9600039370078743
20
-6.1266062992125985
11
14.0418937007874014
21
-6.1266062992125985
0
LINE
8
BLACK
6
CONTINUOUS
10
14.0418937007874014
20
-6.1266062992125985
11
14.0425716929133859
21
-6.1267411417322837
0
LINE
8
BLACK
6
CONTINUOUS
10
14.0425716929133859
20
-6.1267411417322837
11
14.0431464566929129
21
-6.1271251968503933
0
LINE
8
BLACK
6
CONTINUOUS
10
14.0431464566929129
20
-6.1271251968503933
11
14.0435305118110225
21
-6.1276999606299212
0
LINE
8
BLACK
6
CONTINUOUS
10
14.0435305118110225
20
-6.1276999606299212
11
14.0436653543307077
21
-6.1283779527559057
0
LINE
8
BLACK
6
CONTINUOUS
10
14.0436653543307077
20
-6.1283779527559057
11
14.0436653543307077
21
-6.1366456692913385
0
LINE
8
BLACK
6
CONTINUOUS
10
14.0436653543307077
20
-6.1366456692913385
11
14.0435305118110225
21
-6.137323661417323
0
LINE
8
BLACK
6
CONTINUOUS
10
14.0435305118110225
20
-6.137323661417323
11
14.0431464566929129
21
-6.13789842519685
0
LINE
8
BLACK
6
CONTINUOUS
10
14.0431464566929129
20
-6.13789842519685
11
14.0425716929133859
21
-6.1382824803149605
0
LINE
8
BLACK
6
CONTINUOUS
10
14.0425716929133859
20
-6.1382824803149605
11
14.0418937007874014
21
-6.1384173228346457
0
LINE
8
BLACK
6
CONTINUOUS
10
14.0418937007874014
20
-6.1384173228346457
11
13.9600039370078743
21
-6.1384173228346457
0
LINE
8
BLACK
6
CONTINUOUS
10
13.9600039370078743
20
-6.1384173228346457
11
13.9600039370078743
21
-6.1472755905511809
0
LINE
8
BLACK
6
CONTINUOUS
10
13.9600039370078743
20
-6.1472755905511809
11
13.9593296456692908
21
-6.1506655118110238
0
LINE
8
BLACK
6
CONTINUOUS
10
13.9593296456692908
20
-6.1506655118110238
11
13.9574094094488181
21
-6.1535393307086617
0
LINE
8
BLACK
6
CONTINUOUS
10
13.9574094094488181
20
-6.1535393307086617
11
13.9545355905511812
21
-6.1554595669291334
0
LINE
8
BLACK
6
CONTINUOUS
10
13.9545355905511812
20
-6.1554595669291334
11
13.9511456692913391
21
-6.1561338582677161
0
LINE
8
BLACK
6
CONTINUOUS
10
13.9511456692913391
20
-6.1561338582677161
11
13.933429133858267
21
-6.1561338582677161
0
LINE
8
BLACK
6
CONTINUOUS
10
13.933429133858267
20
-6.1561338582677161
11
13.9300392125984249
21
-6.1554595669291334
0
LINE
8
BLACK
6
CONTINUOUS
10
13.9300392125984249
20
-6.1554595669291334
11
13.9271653937007862
21
-6.1535393307086617
0
LINE
8
BLACK
6
CONTINUOUS
10
13.9271653937007862
20
-6.1535393307086617
11
13.9252451574803153
21
-6.1506655118110238
0
LINE
8
BLACK
6
CONTINUOUS
10
13.9252451574803153
20
-6.1506655118110238
11
13.9245708661417318
21
-6.1472755905511809
0
LINE
8
BLACK
6
CONTINUOUS
10
13.9245708661417318
20
-6.1472755905511809
11
13.9245708661417318
21
-6.1177480314960633
0
LINE
8
BLACK
6
CONTINUOUS
10
13.9245708661417318
20
-6.1177480314960633
11
13.9252451574803153
21
-6.1143581102362203
0
LINE
8
BLACK
6
CONTINUOUS
10
13.9252451574803153
20
-6.1143581102362203
11
13.9271653937007862
21
-6.1114842913385825
0
LINE
8
BLACK
6
CONTINUOUS
10
13.9271653937007862
20
-6.1114842913385825
11
13.9300392125984249
21
-6.1095640551181098
0
LINE
8
BLACK
6
CONTINUOUS
10
13.9300392125984249
20
-6.1095640551181098
11
13.933429133858267
21
-6.1088897637795272
0
LINE
8
BLACK
6
CONTINUOUS
10
13.933429133858267
20
-6.1088897637795272
11
13.9511456692913391
21
-6.1088897637795272
0
LINE
8
BLACK
6
CONTINUOUS
10
13.9511456692913391
20
-6.1088897637795272
11
13.9545355905511812
21
-6.1095640551181098
0
LINE
8
BLACK
6
CONTINUOUS
10
13.3442993700787405
20
-6.1075955511811024
11
13.3471731889763774
21
-6.1095157874015751
0
LINE
8
BLACK
6
CONTINUOUS
10
13.3471731889763774
20
-6.1095157874015751
11
13.34909342519685
21
-6.112389606299212
0
LINE
8
BLACK
6
CONTINUOUS
10
13.34909342519685
20
-6.112389606299212
11
13.3497677165354336
21
-6.115779527559055
0
LINE
8
BLACK
6
CONTINUOUS
10
13.3497677165354336
20
-6.115779527559055
11
13.3497677165354336
21
-6.1453070866141735
0
LINE
8
BLACK
6
CONTINUOUS
10
13.3497677165354336
20
-6.1453070866141735
11
13.34909342519685
21
-6.1486970078740155
0
LINE
8
BLACK
6
CONTINUOUS
10
13.34909342519685
20
-6.1486970078740155
11
13.3471731889763774
21
-6.1515708267716533
0
LINE
8
BLACK
6
CONTINUOUS
10
13.3471731889763774
20
-6.1515708267716533
11
13.3442993700787405
21
-6.153491062992126
0
LINE
8
BLACK
6
CONTINUOUS
10
13.3442993700787405
20
-6.153491062992126
11
13.3409094488188966
21
-6.1541653543307087
0
LINE
8
BLACK
6
CONTINUOUS
10
13.3409094488188966
20
-6.1541653543307087
11
13.3231929133858262
21
-6.1541653543307087
0
LINE
8
BLACK
6
CONTINUOUS
10
13.3231929133858262
20
-6.1541653543307087
11
13.3198029921259842
21
-6.153491062992126
0
LINE
8
BLACK
6
CONTINUOUS
10
13.3198029921259842
20
-6.153491062992126
11
13.3169291732283455
21
-6.1515708267716533
0
LINE
8
BLACK
6
CONTINUOUS
10
13.3169291732283455
20
-6.1515708267716533
11
13.3150089370078746
21
-6.1486970078740155
0
LINE
8
BLACK
6
CONTINUOUS
10
13.3150089370078746
20
-6.1486970078740155
11
13.314334645669291
21
-6.1453070866141735
0
LINE
8
BLACK
6
CONTINUOUS
10
13.314334645669291
20
-6.1453070866141735
11
13.314334645669291
21
-6.1364488188976374
0
LINE
8
BLACK
6
CONTINUOUS
10
13.314334645669291
20
-6.1364488188976374
11
13.2275236220472436
21
-6.1364488188976374
0
LINE
8
BLACK
6
CONTINUOUS
10
13.2275236220472436
20
-6.1364488188976374
11
13.2268456299212591
21
-6.1363139763779522
0
LINE
8
BLACK
6
CONTINUOUS
10
13.2268456299212591
20
-6.1363139763779522
11
13.2262708661417321
21
-6.1359299212598426
0
LINE
8
BLACK
6
CONTINUOUS
10
13.2262708661417321
20
-6.1359299212598426
11
13.2258868110236225
21
-6.1353551574803147
0
LINE
8
BLACK
6
CONTINUOUS
10
13.2258868110236225
20
-6.1353551574803147
11
13.2257519685039373
21
-6.1346771653543302
0
LINE
8
BLACK
6
CONTINUOUS
10
13.2257519685039373
20
-6.1346771653543302
11
13.2257519685039373
21
-6.1264094488188974
0
LINE
8
BLACK
6
CONTINUOUS
10
13.2257519685039373
20
-6.1264094488188974
11
13.2258868110236225
21
-6.1257314566929129
0
LINE
8
BLACK
6
CONTINUOUS
10
13.2258868110236225
20
-6.1257314566929129
11
13.2262708661417321
21
-6.1251566929133858
0
LINE
8
BLACK
6
CONTINUOUS
10
13.2262708661417321
20
-6.1251566929133858
11
13.2268456299212591
21
-6.1247726377952754
0
LINE
8
BLACK
6
CONTINUOUS
10
13.2268456299212591
20
-6.1247726377952754
11
13.2275236220472436
21
-6.1246377952755902
0
LINE
8
BLACK
6
CONTINUOUS
10
13.2275236220472436
20
-6.1246377952755902
11
13.314334645669291
21
-6.1246377952755902
0
LINE
8
BLACK
6
CONTINUOUS
10
13.314334645669291
20
-6.1246377952755902
11
13.314334645669291
21
-6.115779527559055
0
LINE
8
BLACK
6
CONTINUOUS
10
13.314334645669291
20
-6.115779527559055
11
13.3150089370078746
21
-6.112389606299212
0
LINE
8
BLACK
6
CONTINUOUS
10
13.3150089370078746
20
-6.112389606299212
11
13.3169291732283455
21
-6.1095157874015751
0
LINE
8
BLACK
6
CONTINUOUS
10
13.3169291732283455
20
-6.1095157874015751
11
13.3198029921259842
21
-6.1075955511811024
0
LINE
8
BLACK
6
CONTINUOUS
10
13.3198029921259842
20
-6.1075955511811024
11
13.3231929133858262
21
-6.1069212598425198
0
LINE
8
BLACK
6
CONTINUOUS
10
13.3231929133858262
20
-6.1069212598425198
11
13.3409094488188966
21
-6.1069212598425198
0
LINE
8
BLACK
6
CONTINUOUS
10
13.3409094488188966
20
-6.1069212598425198
11
13.3442993700787405
21
-6.1075955511811024
0
LINE
8
BLACK
6
CONTINUOUS
10
13.474220629921259
20
-6.1075955511811024
11
13.4770944488188977
21
-6.1095157874015751
0
LINE
8
BLACK
6
CONTINUOUS
10
13.4770944488188977
20
-6.1095157874015751
11
13.4790146850393704
21
-6.112389606299212
0
LINE
8
BLACK
6
CONTINUOUS
10
13.4790146850393704
20
-6.112389606299212
11
13.4796889763779522
21
-6.115779527559055
0
LINE
8
BLACK
6
CONTINUOUS
10
13.4796889763779522
20
-6.115779527559055
11
13.4796889763779522
21
-6.1246377952755902
0
LINE
8
BLACK
6
CONTINUOUS
10
13.4796889763779522
20
-6.1246377952755902
11
13.5615787401574792
21
-6.1246377952755902
0
LINE
8
BLACK
6
CONTINUOUS
10
13.5615787401574792
20
-6.1246377952755902
11
13.5622567322834637
21
-6.1247726377952754
0
LINE
8
BLACK
6
CONTINUOUS
10
13.5622567322834637
20
-6.1247726377952754
11
13.5628314960629925
21
-6.1251566929133858
0
LINE
8
BLACK
6
CONTINUOUS
10
13.5628314960629925
20
-6.1251566929133858
11
13.5632155511811021
21
-6.1257314566929129
0
LINE
8
BLACK
6
CONTINUOUS
10
13.5632155511811021
20
-6.1257314566929129
11
13.5633503937007873
21
-6.1264094488188974
0
LINE
8
BLACK
6
CONTINUOUS
10
13.5633503937007873
20
-6.1264094488188974
11
13.5633503937007873
21
-6.1346771653543302
0
LINE
8
BLACK
6
CONTINUOUS
10
13.5633503937007873
20
-6.1346771653543302
11
13.5632155511811021
21
-6.1353551574803147
0
LINE
8
BLACK
6
CONTINUOUS
10
13.5632155511811021
20
-6.1353551574803147
11
13.5628314960629925
21
-6.1359299212598426
0
LINE
8
BLACK
6
CONTINUOUS
10
13.5628314960629925
20
-6.1359299212598426
11
13.5622567322834637
21
-6.1363139763779522
0
LINE
8
BLACK
6
CONTINUOUS
10
13.5622567322834637
20
-6.1363139763779522
11
13.5615787401574792
21
-6.1364488188976374
0
LINE
8
BLACK
6
CONTINUOUS
10
13.5615787401574792
20
-6.1364488188976374
11
13.4796889763779522
21
-6.1364488188976374
0
LINE
8
BLACK
6
CONTINUOUS
10
13.4796889763779522
20
-6.1364488188976374
11
13.4796889763779522
21
-6.1453070866141735
0
LINE
8
BLACK
6
CONTINUOUS
10
13.4796889763779522
20
-6.1453070866141735
11
13.4790146850393704
21
-6.1486970078740155
0
LINE
8
BLACK
6
CONTINUOUS
10
13.4790146850393704
20
-6.1486970078740155
11
13.4770944488188977
21
-6.1515708267716533
0
LINE
8
BLACK
6
CONTINUOUS
10
13.4770944488188977
20
-6.1515708267716533
11
13.474220629921259
21
-6.153491062992126
0
LINE
8
BLACK
6
CONTINUOUS
10
13.474220629921259
20
-6.153491062992126
11
13.470830708661417
21
-6.1541653543307087
0
LINE
8
BLACK
6
CONTINUOUS
10
13.470830708661417
20
-6.1541653543307087
11
13.4531141732283466
21
-6.1541653543307087
0
LINE
8
BLACK
6
CONTINUOUS
10
13.4531141732283466
20
-6.1541653543307087
11
13.4497242519685045
21
-6.153491062992126
0
LINE
8
BLACK
6
CONTINUOUS
10
13.4497242519685045
20
-6.153491062992126
11
13.4468504330708658
21
-6.1515708267716533
0
LINE
8
BLACK
6
CONTINUOUS
10
13.4468504330708658
20
-6.1515708267716533
11
13.4449301968503931
21
-6.1486970078740155
0
LINE
8
BLACK
6
CONTINUOUS
10
13.4449301968503931
20
-6.1486970078740155
11
13.4442559055118114
21
-6.1453070866141735
0
LINE
8
BLACK
6
CONTINUOUS
10
13.4442559055118114
20
-6.1453070866141735
11
13.4442559055118114
21
-6.115779527559055
0
LINE
8
BLACK
6
CONTINUOUS
10
13.4442559055118114
20
-6.115779527559055
11
13.4449301968503931
21
-6.112389606299212
0
LINE
8
BLACK
6
CONTINUOUS
10
13.4449301968503931
20
-6.112389606299212
11
13.4468504330708658
21
-6.1095157874015751
0
LINE
8
BLACK
6
CONTINUOUS
10
13.4468504330708658
20
-6.1095157874015751
11
13.4497242519685045
21
-6.1075955511811024
0
LINE
8
BLACK
6
CONTINUOUS
10
13.4497242519685045
20
-6.1075955511811024
11
13.4531141732283466
21
-6.1069212598425198
0
LINE
8
BLACK
6
CONTINUOUS
10
13.4531141732283466
20
-6.1069212598425198
11
13.470830708661417
21
-6.1069212598425198
0
LINE
8
BLACK
6
CONTINUOUS
10
13.470830708661417
20
-6.1069212598425198
11
13.474220629921259
21
-6.1075955511811024
0
LINE
8
BLACK
6
CONTINUOUS
10
5.9721864173228347
20
-6.0169309842519683
11
5.9585133464566926
21
-6.0944748818897638
0
LINE
8
BLACK
6
CONTINUOUS
10
5.9585133464566926
20
-6.0944748818897638
11
5.8693378346456688
21
-6.0787508267716532
0
LINE
8
BLACK
6
CONTINUOUS
10
5.8693378346456688
20
-6.0787508267716532
11
5.8830109055118109
21
-6.0012069291338586
0
LINE
8
BLACK
6
CONTINUOUS
10
5.8830109055118109
20
-6.0012069291338586
11
5.9721864173228347
21
-6.0169309842519683
0
LINE
8
BLACK
6
CONTINUOUS
10
6.4819551181102364
20
-6.0052742913385826
11
6.4682820472440943
21
-6.0828181889763782
0
LINE
8
BLACK
6
CONTINUOUS
10
6.4682820472440943
20
-6.0828181889763782
11
6.3791065354330705
21
-6.0670941338582676
0
LINE
8
BLACK
6
CONTINUOUS
10
6.3791065354330705
20
-6.0670941338582676
11
6.3927796062992126
21
-5.989550236220472
0
LINE
8
BLACK
6
CONTINUOUS
10
6.3927796062992126
20
-5.989550236220472
11
6.4819551181102364
21
-6.0052742913385826
0
LINE
8
BLACK
6
CONTINUOUS
10
11.8984273622047247
20
-6.0702785039370077
11
11.8082207480314949
21
-6.0781705511811026
0
LINE
8
BLACK
6
CONTINUOUS
10
11.8082207480314949
20
-6.0781705511811026
11
11.8013580708661419
21
-5.9997299999999996
0
LINE
8
BLACK
6
CONTINUOUS
10
11.8013580708661419
20
-5.9997299999999996
11
11.8915646850393699
21
-5.9918379527559056
0
LINE
8
BLACK
6
CONTINUOUS
10
11.8915646850393699
20
-5.9918379527559056
11
11.8984273622047247
21
-6.0702785039370077
0
LINE
8
BLACK
6
CONTINUOUS
10
4.3783613779527562
20
-5.9516913779527556
11
4.3714987007874013
21
-6.0301319291338578
0
LINE
8
BLACK
6
CONTINUOUS
10
4.3714987007874013
20
-6.0301319291338578
11
4.2812920866141733
21
-6.0222398818897638
0
LINE
8
BLACK
6
CONTINUOUS
10
4.2812920866141733
20
-6.0222398818897638
11
4.2881547637795272
21
-5.9437993307086616
0
LINE
8
BLACK
6
CONTINUOUS
10
4.2881547637795272
20
-5.9437993307086616
11
4.3783613779527562
21
-5.9516913779527556
0
LINE
8
BLACK
6
CONTINUOUS
10
10.7916930314960631
20
-5.9891575590551183
11
10.7025175196850384
21
-6.004881614173228
0
LINE
8
BLACK
6
CONTINUOUS
10
10.7025175196850384
20
-6.004881614173228
11
10.6888444488188981
21
-5.9273377165354333
0
LINE
8
BLACK
6
CONTINUOUS
10
10.6888444488188981
20
-5.9273377165354333
11
10.778019960629921
21
-5.9116136614173227
0
LINE
8
BLACK
6
CONTINUOUS
10
10.778019960629921
20
-5.9116136614173227
11
10.7916930314960631
21
-5.9891575590551183
0
LINE
8
BLACK
6
CONTINUOUS
10
9.9663466141732275
20
-5.9383042125984247
11
9.9692204330708662
21
-5.9402244488188973
0
LINE
8
BLACK
6
CONTINUOUS
10
9.9692204330708662
20
-5.9402244488188973
11
9.9711406692913389
21
-5.9430982677165352
0
LINE
8
BLACK
6
CONTINUOUS
10
9.9711406692913389
20
-5.9430982677165352
11
9.9718149606299207
21
-5.9464881889763781
0
LINE
8
BLACK
6
CONTINUOUS
10
9.9718149606299207
20
-5.9464881889763781
11
9.9718149606299207
21
-5.9760157480314957
0
LINE
8
BLACK
6
CONTINUOUS
10
9.9718149606299207
20
-5.9760157480314957
11
9.9711406692913389
21
-5.9794056692913387
0
LINE
8
BLACK
6
CONTINUOUS
10
9.9711406692913389
20
-5.9794056692913387
11
9.9692204330708662
21
-5.9822794881889765
0
LINE
8
BLACK
6
CONTINUOUS
10
9.9692204330708662
20
-5.9822794881889765
11
9.9663466141732275
21
-5.9841997244094483
0
LINE
8
BLACK
6
CONTINUOUS
10
9.9663466141732275
20
-5.9841997244094483
11
9.9629566929133855
21
-5.9848740157480318
0
LINE
8
BLACK
6
CONTINUOUS
10
9.9629566929133855
20
-5.9848740157480318
11
9.9452401574803151
21
-5.9848740157480318
0
LINE
8
BLACK
6
CONTINUOUS
10
9.9452401574803151
20
-5.9848740157480318
11
9.941850236220473
21
-5.9841997244094483
0
LINE
8
BLACK
6
CONTINUOUS
10
9.941850236220473
20
-5.9841997244094483
11
9.9389764173228343
21
-5.9822794881889765
0
LINE
8
BLACK
6
CONTINUOUS
10
9.9389764173228343
20
-5.9822794881889765
11
9.9370561811023617
21
-5.9794056692913387
0
LINE
8
BLACK
6
CONTINUOUS
10
9.9370561811023617
20
-5.9794056692913387
11
9.9363818897637799
21
-5.9760157480314957
0
LINE
8
BLACK
6
CONTINUOUS
10
9.9363818897637799
20
-5.9760157480314957
11
9.9363818897637799
21
-5.9671574803149605
0
LINE
8
BLACK
6
CONTINUOUS
10
9.9363818897637799
20
-5.9671574803149605
11
9.8495708661417325
21
-5.9671574803149605
0
LINE
8
BLACK
6
CONTINUOUS
10
9.8495708661417325
20
-5.9671574803149605
11
9.848892874015748
21
-5.9670226377952753
0
LINE
8
BLACK
6
CONTINUOUS
10
9.848892874015748
20
-5.9670226377952753
11
9.8483181102362209
21
-5.9666385826771648
0
LINE
8
BLACK
6
CONTINUOUS
10
9.8483181102362209
20
-5.9666385826771648
11
9.8479340551181096
21
-5.9660638188976378
0
LINE
8
BLACK
6
CONTINUOUS
10
9.8479340551181096
20
-5.9660638188976378
11
9.8477992125984244
21
-5.9653858267716533
0
LINE
8
BLACK
6
CONTINUOUS
10
9.8477992125984244
20
-5.9653858267716533
11
9.8477992125984244
21
-5.9571181102362205
0
LINE
8
BLACK
6
CONTINUOUS
10
9.8477992125984244
20
-5.9571181102362205
11
9.8479340551181096
21
-5.956440118110236
0
LINE
8
BLACK
6
CONTINUOUS
10
9.8479340551181096
20
-5.956440118110236
11
9.8483181102362209
21
-5.955865354330709
0
LINE
8
BLACK
6
CONTINUOUS
10
9.8483181102362209
20
-5.955865354330709
11
9.848892874015748
21
-5.9554812992125985
0
LINE
8
BLACK
6
CONTINUOUS
10
9.848892874015748
20
-5.9554812992125985
11
9.8495708661417325
21
-5.9553464566929133
0
LINE
8
BLACK
6
CONTINUOUS
10
9.8495708661417325
20
-5.9553464566929133
11
9.9363818897637799
21
-5.9553464566929133
0
LINE
8
BLACK
6
CONTINUOUS
10
9.9363818897637799
20
-5.9553464566929133
11
9.9363818897637799
21
-5.9464881889763781
0
LINE
8
BLACK
6
CONTINUOUS
10
9.9363818897637799
20
-5.9464881889763781
11
9.9370561811023617
21
-5.9430982677165352
0
LINE
8
BLACK
6
CONTINUOUS
10
9.9370561811023617
20
-5.9430982677165352
11
9.9389764173228343
21
-5.9402244488188973
0
LINE
8
BLACK
6
CONTINUOUS
10
9.9389764173228343
20
-5.9402244488188973
11
9.941850236220473
21
-5.9383042125984247
0
LINE
8
BLACK
6
CONTINUOUS
10
9.941850236220473
20
-5.9383042125984247
11
9.9452401574803151
21
-5.937629921259842
0
LINE
8
BLACK
6
CONTINUOUS
10
9.9452401574803151
20
-5.937629921259842
11
9.9629566929133855
21
-5.937629921259842
0
LINE
8
BLACK
6
CONTINUOUS
10
9.9629566929133855
20
-5.937629921259842
11
9.9663466141732275
21
-5.9383042125984247
0
LINE
8
BLACK
6
CONTINUOUS
10
10.0962678740157479
20
-5.9383042125984247
11
10.0991416929133848
21
-5.9402244488188973
0
LINE
8
BLACK
6
CONTINUOUS
10
10.0991416929133848
20
-5.9402244488188973
11
10.1010619291338575
21
-5.9430982677165352
0
LINE
8
BLACK
6
CONTINUOUS
10
10.1010619291338575
20
-5.9430982677165352
11
10.101736220472441
21
-5.9464881889763781
0
LINE
8
BLACK
6
CONTINUOUS
10
10.101736220472441
20
-5.9464881889763781
11
10.101736220472441
21
-5.9553464566929133
0
LINE
8
BLACK
6
CONTINUOUS
10
10.101736220472441
20
-5.9553464566929133
11
10.1836259842519681
21
-5.9553464566929133
0
LINE
8
BLACK
6
CONTINUOUS
10
10.1836259842519681
20
-5.9553464566929133
11
10.1843039763779526
21
-5.9554812992125985
0
LINE
8
BLACK
6
CONTINUOUS
10
10.1843039763779526
20
-5.9554812992125985
11
10.1848787401574796
21
-5.955865354330709
0
LINE
8
BLACK
6
CONTINUOUS
10
10.1848787401574796
20
-5.955865354330709
11
10.185262795275591
21
-5.956440118110236
0
LINE
8
BLACK
6
CONTINUOUS
10
10.185262795275591
20
-5.956440118110236
11
10.1853976377952762
21
-5.9571181102362205
0
LINE
8
BLACK
6
CONTINUOUS
10
10.1853976377952762
20
-5.9571181102362205
11
10.1853976377952762
21
-5.9653858267716533
0
LINE
8
BLACK
6
CONTINUOUS
10
10.1853976377952762
20
-5.9653858267716533
11
10.185262795275591
21
-5.9660638188976378
0
LINE
8
BLACK
6
CONTINUOUS
10
10.185262795275591
20
-5.9660638188976378
11
10.1848787401574796
21
-5.9666385826771648
0
LINE
8
BLACK
6
CONTINUOUS
10
10.1848787401574796
20
-5.9666385826771648
11
10.1843039763779526
21
-5.9670226377952753
0
LINE
8
BLACK
6
CONTINUOUS
10
10.1843039763779526
20
-5.9670226377952753
11
10.1836259842519681
21
-5.9671574803149605
0
LINE
8
BLACK
6
CONTINUOUS
10
10.1836259842519681
20
-5.9671574803149605
11
10.101736220472441
21
-5.9671574803149605
0
LINE
8
BLACK
6
CONTINUOUS
10
10.101736220472441
20
-5.9671574803149605
11
10.101736220472441
21
-5.9760157480314957
0
LINE
8
BLACK
6
CONTINUOUS
10
10.101736220472441
20
-5.9760157480314957
11
10.1010619291338575
21
-5.9794056692913387
0
LINE
8
BLACK
6
CONTINUOUS
10
10.1010619291338575
20
-5.9794056692913387
11
10.0991416929133848
21
-5.9822794881889765
0
LINE
8
BLACK
6
CONTINUOUS
10
10.0991416929133848
20
-5.9822794881889765
11
10.0962678740157479
21
-5.9841997244094483
0
LINE
8
BLACK
6
CONTINUOUS
10
10.0962678740157479
20
-5.9841997244094483
11
10.0928779527559058
21
-5.9848740157480318
0
LINE
8
BLACK
6
CONTINUOUS
10
10.0928779527559058
20
-5.9848740157480318
11
10.0751614173228337
21
-5.9848740157480318
0
LINE
8
BLACK
6
CONTINUOUS
10
10.0751614173228337
20
-5.9848740157480318
11
10.0717714960629916
21
-5.9841997244094483
0
LINE
8
BLACK
6
CONTINUOUS
10
10.0717714960629916
20
-5.9841997244094483
11
10.0688976771653547
21
-5.9822794881889765
0
LINE
8
BLACK
6
CONTINUOUS
10
10.0688976771653547
20
-5.9822794881889765
11
10.066977440944882
21
-5.9794056692913387
0
LINE
8
BLACK
6
CONTINUOUS
10
10.066977440944882
20
-5.9794056692913387
11
10.0663031496062985
21
-5.9760157480314957
0
LINE
8
BLACK
6
CONTINUOUS
10
10.0663031496062985
20
-5.9760157480314957
11
10.0663031496062985
21
-5.9464881889763781
0
LINE
8
BLACK
6
CONTINUOUS
10
10.0663031496062985
20
-5.9464881889763781
11
10.066977440944882
21
-5.9430982677165352
0
LINE
8
BLACK
6
CONTINUOUS
10
10.066977440944882
20
-5.9430982677165352
11
10.0688976771653547
21
-5.9402244488188973
0
LINE
8
BLACK
6
CONTINUOUS
10
10.0688976771653547
20
-5.9402244488188973
11
10.0717714960629916
21
-5.9383042125984247
0
LINE
8
BLACK
6
CONTINUOUS
10
10.0717714960629916
20
-5.9383042125984247
11
10.0751614173228337
21
-5.937629921259842
0
LINE
8
BLACK
6
CONTINUOUS
10
10.0751614173228337
20
-5.937629921259842
11
10.0928779527559058
21
-5.937629921259842
0
LINE
8
BLACK
6
CONTINUOUS
10
10.0928779527559058
20
-5.937629921259842
11
10.0962678740157479
21
-5.9383042125984247
0
LINE
8
BLACK
6
CONTINUOUS
10
4.8851742913385827
20
-5.8956498031496061
11
4.8783116141732279
21
-5.9740903543307082
0
LINE
8
BLACK
6
CONTINUOUS
10
4.8783116141732279
20
-5.9740903543307082
11
4.7881049999999998
21
-5.9661983070866142
0
LINE
8
BLACK
6
CONTINUOUS
10
4.7881049999999998
20
-5.9661983070866142
11
4.7949676771653547
21
-5.8877577559055121
0
LINE
8
BLACK
6
CONTINUOUS
10
4.7949676771653547
20
-5.8877577559055121
11
4.8851742913385827
21
-5.8956498031496061
0
LINE
8
BLACK
6
CONTINUOUS
10
12.3878091338582674
20
-5.9270811417322831
11
12.2976025196850394
21
-5.9349731889763779
0
LINE
8
BLACK
6
CONTINUOUS
10
12.2976025196850394
20
-5.9349731889763779
11
12.2907398425196845
21
-5.8565326377952758
0
LINE
8
BLACK
6
CONTINUOUS
10
12.2907398425196845
20
-5.8565326377952758
11
12.3809464566929126
21
-5.8486405905511809
0
LINE
8
BLACK
6
CONTINUOUS
10
12.3809464566929126
20
-5.8486405905511809
11
12.3878091338582674
21
-5.9270811417322831
0
LINE
8
BLACK
6
CONTINUOUS
10
11.023240551181102
20
-5.8739702755905512
11
10.9340650393700791
21
-5.8896943307086609
0
LINE
8
BLACK
6
CONTINUOUS
10
10.9340650393700791
20
-5.8896943307086609
11
10.920391968503937
21
-5.8121504330708662
0
LINE
8
BLACK
6
CONTINUOUS
10
10.920391968503937
20
-5.8121504330708662
11
11.0095674803149599
21
-5.7964263779527556
0
LINE
8
BLACK
6
CONTINUOUS
10
11.0095674803149599
20
-5.7964263779527556
11
11.023240551181102
21
-5.8739702755905512
0
LINE
8
BLACK
6
CONTINUOUS
10
6.442724566929134
20
-5.8241309842519682
11
6.4455983858267718
21
-5.8260512204724408
0
LINE
8
BLACK
6
CONTINUOUS
10
6.4455983858267718
20
-5.8260512204724408
11
6.4475186220472436
21
-5.8289250393700787
0
LINE
8
BLACK
6
CONTINUOUS
10
6.4475186220472436
20
-5.8289250393700787
11
6.4481929133858262
21
-5.8323149606299207
0
LINE
8
BLACK
6
CONTINUOUS
10
6.4481929133858262
20
-5.8323149606299207
11
6.4481929133858262
21
-5.8618425196850392
0
LINE
8
BLACK
6
CONTINUOUS
10
6.4481929133858262
20
-5.8618425196850392
11
6.4475186220472436
21
-5.8652324409448822
0
LINE
8
BLACK
6
CONTINUOUS
10
6.4475186220472436
20
-5.8652324409448822
11
6.4455983858267718
21
-5.86810625984252
0
LINE
8
BLACK
6
CONTINUOUS
10
6.4455983858267718
20
-5.86810625984252
11
6.442724566929134
21
-5.8700264960629918
0
LINE
8
BLACK
6
CONTINUOUS
10
6.442724566929134
20
-5.8700264960629918
11
6.439334645669291
21
-5.8707007874015744
0
LINE
8
BLACK
6
CONTINUOUS
10
6.439334645669291
20
-5.8707007874015744
11
6.4216181102362206
21
-5.8707007874015744
0
LINE
8
BLACK
6
CONTINUOUS
10
6.4216181102362206
20
-5.8707007874015744
11
6.4182281889763777
21
-5.8700264960629918
0
LINE
8
BLACK
6
CONTINUOUS
10
6.4182281889763777
20
-5.8700264960629918
11
6.4153543700787399
21
-5.86810625984252
0
LINE
8
BLACK
6
CONTINUOUS
10
6.4153543700787399
20
-5.86810625984252
11
6.4134341338582672
21
-5.8652324409448822
0
LINE
8
BLACK
6
CONTINUOUS
10
6.4134341338582672
20
-5.8652324409448822
11
6.4127598425196846
21
-5.8618425196850392
0
LINE
8
BLACK
6
CONTINUOUS
10
6.4127598425196846
20
-5.8618425196850392
11
6.4127598425196846
21
-5.852984251968504
0
LINE
8
BLACK
6
CONTINUOUS
10
6.4127598425196846
20
-5.852984251968504
11
6.325948818897638
21
-5.852984251968504
0
LINE
8
BLACK
6
CONTINUOUS
10
6.325948818897638
20
-5.852984251968504
11
6.3252708267716535
21
-5.8528494094488188
0
LINE
8
BLACK
6
CONTINUOUS
10
6.3252708267716535
20
-5.8528494094488188
11
6.3246960629921256
21
-5.8524653543307084
0
LINE
8
BLACK
6
CONTINUOUS
10
6.3246960629921256
20
-5.8524653543307084
11
6.324312007874016
21
-5.8518905905511813
0
LINE
8
BLACK
6
CONTINUOUS
10
6.324312007874016
20
-5.8518905905511813
11
6.3241771653543308
21
-5.8512125984251968
0
LINE
8
BLACK
6
CONTINUOUS
10
6.3241771653543308
20
-5.8512125984251968
11
6.3241771653543308
21
-5.842944881889764
0
LINE
8
BLACK
6
CONTINUOUS
10
6.3241771653543308
20
-5.842944881889764
11
6.324312007874016
21
-5.8422668897637795
0
LINE
8
BLACK
6
CONTINUOUS
10
6.324312007874016
20
-5.8422668897637795
11
6.3246960629921256
21
-5.8416921259842516
0
LINE
8
BLACK
6
CONTINUOUS
10
6.3246960629921256
20
-5.8416921259842516
11
6.3252708267716535
21
-5.841308070866142
0
LINE
8
BLACK
6
CONTINUOUS
10
6.3252708267716535
20
-5.841308070866142
11
6.325948818897638
21
-5.8411732283464568
0
LINE
8
BLACK
6
CONTINUOUS
10
6.325948818897638
20
-5.8411732283464568
11
6.4127598425196846
21
-5.8411732283464568
0
LINE
8
BLACK
6
CONTINUOUS
10
6.4127598425196846
20
-5.8411732283464568
11
6.4127598425196846
21
-5.8323149606299207
0
LINE
8
BLACK
6
CONTINUOUS
10
6.4127598425196846
20
-5.8323149606299207
11
6.4134341338582672
21
-5.8289250393700787
0
LINE
8
BLACK
6
CONTINUOUS
10
6.4134341338582672
20
-5.8289250393700787
11
6.4153543700787399
21
-5.8260512204724408
0
LINE
8
BLACK
6
CONTINUOUS
10
6.4153543700787399
20
-5.8260512204724408
11
6.4182281889763777
21
-5.8241309842519682
0
LINE
8
BLACK
6
CONTINUOUS
10
6.4182281889763777
20
-5.8241309842519682
11
6.4216181102362206
21
-5.8234566929133855
0
LINE
8
BLACK
6
CONTINUOUS
10
6.4216181102362206
20
-5.8234566929133855
11
6.439334645669291
21
-5.8234566929133855
0
LINE
8
BLACK
6
CONTINUOUS
10
6.439334645669291
20
-5.8234566929133855
11
6.442724566929134
21
-5.8241309842519682
0
LINE
8
BLACK
6
CONTINUOUS
10
6.5726458267716534
20
-5.8241309842519682
11
6.5755196456692913
21
-5.8260512204724408
0
LINE
8
BLACK
6
CONTINUOUS
10
6.5755196456692913
20
-5.8260512204724408
11
6.5774398818897639
21
-5.8289250393700787
0
LINE
8
BLACK
6
CONTINUOUS
10
6.5774398818897639
20
-5.8289250393700787
11
6.5781141732283466
21
-5.8323149606299207
0
LINE
8
BLACK
6
CONTINUOUS
10
6.5781141732283466
20
-5.8323149606299207
11
6.5781141732283466
21
-5.8411732283464568
0
LINE
8
BLACK
6
CONTINUOUS
10
6.5781141732283466
20
-5.8411732283464568
11
6.6600039370078736
21
-5.8411732283464568
0
LINE
8
BLACK
6
CONTINUOUS
10
6.6600039370078736
20
-5.8411732283464568
11
6.6606819291338581
21
-5.841308070866142
0
LINE
8
BLACK
6
CONTINUOUS
10
6.6606819291338581
20
-5.841308070866142
11
6.6612566929133861
21
-5.8416921259842516
0
LINE
8
BLACK
6
CONTINUOUS
10
6.6612566929133861
20
-5.8416921259842516
11
6.6616407480314956
21
-5.8422668897637795
0
LINE
8
BLACK
6
CONTINUOUS
10
6.6616407480314956
20
-5.8422668897637795
11
6.6617755905511808
21
-5.842944881889764
0
LINE
8
BLACK
6
CONTINUOUS
10
6.6617755905511808
20
-5.842944881889764
11
6.6617755905511808
21
-5.8512125984251968
0
LINE
8
BLACK
6
CONTINUOUS
10
6.6617755905511808
20
-5.8512125984251968
11
6.6616407480314956
21
-5.8518905905511813
0
LINE
8
BLACK
6
CONTINUOUS
10
6.6616407480314956
20
-5.8518905905511813
11
6.6612566929133861
21
-5.8524653543307084
0
LINE
8
BLACK
6
CONTINUOUS
10
6.6612566929133861
20
-5.8524653543307084
11
6.6606819291338581
21
-5.8528494094488188
0
LINE
8
BLACK
6
CONTINUOUS
10
6.6606819291338581
20
-5.8528494094488188
11
6.6600039370078736
21
-5.852984251968504
0
LINE
8
BLACK
6
CONTINUOUS
10
6.6600039370078736
20
-5.852984251968504
11
6.5781141732283466
21
-5.852984251968504
0
LINE
8
BLACK
6
CONTINUOUS
10
6.5781141732283466
20
-5.852984251968504
11
6.5781141732283466
21
-5.8618425196850392
0
LINE
8
BLACK
6
CONTINUOUS
10
6.5781141732283466
20
-5.8618425196850392
11
6.5774398818897639
21
-5.8652324409448822
0
LINE
8
BLACK
6
CONTINUOUS
10
6.5774398818897639
20
-5.8652324409448822
11
6.5755196456692913
21
-5.86810625984252
0
LINE
8
BLACK
6
CONTINUOUS
10
6.5755196456692913
20
-5.86810625984252
11
6.5726458267716534
21
-5.8700264960629918
0
LINE
8
BLACK
6
CONTINUOUS
10
6.5726458267716534
20
-5.8700264960629918
11
6.5692559055118105
21
-5.8707007874015744
0
LINE
8
BLACK
6
CONTINUOUS
10
6.5692559055118105
20
-5.8707007874015744
11
6.5515393700787401
21
-5.8707007874015744
0
LINE
8
BLACK
6
CONTINUOUS
10
6.5515393700787401
20
-5.8707007874015744
11
6.5481494488188972
21
-5.8700264960629918
0
LINE
8
BLACK
6
CONTINUOUS
10
6.5481494488188972
20
-5.8700264960629918
11
6.5452756299212593
21
-5.86810625984252
0
LINE
8
BLACK
6
CONTINUOUS
10
6.5452756299212593
20
-5.86810625984252
11
6.5433553937007876
21
-5.8652324409448822
0
LINE
8
BLACK
6
CONTINUOUS
10
6.5433553937007876
20
-5.8652324409448822
11
6.5426811023622049
21
-5.8618425196850392
0
LINE
8
BLACK
6
CONTINUOUS
10
6.5426811023622049
20
-5.8618425196850392
11
6.5426811023622049
21
-5.8323149606299207
0
LINE
8
BLACK
6
CONTINUOUS
10
6.5426811023622049
20
-5.8323149606299207
11
6.5433553937007876
21
-5.8289250393700787
0
LINE
8
BLACK
6
CONTINUOUS
10
6.5433553937007876
20
-5.8289250393700787
11
6.5452756299212593
21
-5.8260512204724408
0
LINE
8
BLACK
6
CONTINUOUS
10
6.5452756299212593
20
-5.8260512204724408
11
6.5481494488188972
21
-5.8241309842519682
0
LINE
8
BLACK
6
CONTINUOUS
10
6.5481494488188972
20
-5.8241309842519682
11
6.5515393700787401
21
-5.8234566929133855
0
LINE
8
BLACK
6
CONTINUOUS
10
6.5515393700787401
20
-5.8234566929133855
11
6.5692559055118105
21
-5.8234566929133855
0
LINE
8
BLACK
6
CONTINUOUS
10
6.5692559055118105
20
-5.8234566929133855
11
6.5726458267716534
21
-5.8241309842519682
0
LINE
8
BLACK
6
CONTINUOUS
10
10.6257954330708664
20
-5.7512963385826774
11
10.6286692519685033
21
-5.7532165748031492
0
LINE
8
BLACK
6
CONTINUOUS
10
10.6286692519685033
20
-5.7532165748031492
11
10.630589488188976
21
-5.756090393700787
0
LINE
8
BLACK
6
CONTINUOUS
10
10.630589488188976
20
-5.756090393700787
11
10.6312637795275595
21
-5.75948031496063
0
LINE
8
BLACK
6
CONTINUOUS
10
10.6312637795275595
20
-5.75948031496063
11
10.6312637795275595
21
-5.7890078740157476
0
LINE
8
BLACK
6
CONTINUOUS
10
10.6312637795275595
20
-5.7890078740157476
11
10.630589488188976
21
-5.7923977952755905
0
LINE
8
BLACK
6
CONTINUOUS
10
10.630589488188976
20
-5.7923977952755905
11
10.6286692519685033
21
-5.7952716141732283
0
LINE
8
BLACK
6
CONTINUOUS
10
10.6286692519685033
20
-5.7952716141732283
11
10.6257954330708664
21
-5.797191850393701
0
LINE
8
BLACK
6
CONTINUOUS
10
10.6257954330708664
20
-5.797191850393701
11
10.6224055118110225
21
-5.7978661417322837
0
LINE
8
BLACK
6
CONTINUOUS
10
10.6224055118110225
20
-5.7978661417322837
11
10.6046889763779522
21
-5.7978661417322837
0
LINE
8
BLACK
6
CONTINUOUS
10
10.6046889763779522
20
-5.7978661417322837
11
10.6012990551181101
21
-5.797191850393701
0
LINE
8
BLACK
6
CONTINUOUS
10
10.6012990551181101
20
-5.797191850393701
11
10.5984252362204714
21
-5.7952716141732283
0
LINE
8
BLACK
6
CONTINUOUS
10
10.5984252362204714
20
-5.7952716141732283
11
10.5965050000000005
21
-5.7923977952755905
0
LINE
8
BLACK
6
CONTINUOUS
10
10.5965050000000005
20
-5.7923977952755905
11
10.595830708661417
21
-5.7890078740157476
0
LINE
8
BLACK
6
CONTINUOUS
10
10.595830708661417
20
-5.7890078740157476
11
10.595830708661417
21
-5.7801496062992124
0
LINE
8
BLACK
6
CONTINUOUS
10
10.595830708661417
20
-5.7801496062992124
11
10.5090196850393696
21
-5.7801496062992124
0
LINE
8
BLACK
6
CONTINUOUS
10
10.5090196850393696
20
-5.7801496062992124
11
10.508341692913385
21
-5.7800147637795272
0
LINE
8
BLACK
6
CONTINUOUS
10
10.508341692913385
20
-5.7800147637795272
11
10.507766929133858
21
-5.7796307086614176
0
LINE
8
BLACK
6
CONTINUOUS
10
10.507766929133858
20
-5.7796307086614176
11
10.5073828740157484
21
-5.7790559448818897
0
LINE
8
BLACK
6
CONTINUOUS
10
10.5073828740157484
20
-5.7790559448818897
11
10.5072480314960632
21
-5.7783779527559052
0
LINE
8
BLACK
6
CONTINUOUS
10
10.5072480314960632
20
-5.7783779527559052
11
10.5072480314960632
21
-5.7701102362204724
0
LINE
8
BLACK
6
CONTINUOUS
10
10.5072480314960632
20
-5.7701102362204724
11
10.5073828740157484
21
-5.7694322440944878
0
LINE
8
BLACK
6
CONTINUOUS
10
10.5073828740157484
20
-5.7694322440944878
11
10.507766929133858
21
-5.7688574803149608
0
LINE
8
BLACK
6
CONTINUOUS
10
10.507766929133858
20
-5.7688574803149608
11
10.508341692913385
21
-5.7684734251968504
0
LINE
8
BLACK
6
CONTINUOUS
10
10.508341692913385
20
-5.7684734251968504
11
10.5090196850393696
21
-5.7683385826771651
0
LINE
8
BLACK
6
CONTINUOUS
10
10.5090196850393696
20
-5.7683385826771651
11
10.595830708661417
21
-5.7683385826771651
0
LINE
8
BLACK
6
CONTINUOUS
10
10.595830708661417
20
-5.7683385826771651
11
10.595830708661417
21
-5.75948031496063
0
LINE
8
BLACK
6
CONTINUOUS
10
10.595830708661417
20
-5.75948031496063
11
10.5965050000000005
21
-5.756090393700787
0
LINE
8
BLACK
6
CONTINUOUS
10
10.5965050000000005
20
-5.756090393700787
11
10.5984252362204714
21
-5.7532165748031492
0
LINE
8
BLACK
6
CONTINUOUS
10
10.5984252362204714
20
-5.7532165748031492
11
10.6012990551181101
21
-5.7512963385826774
0
LINE
8
BLACK
6
CONTINUOUS
10
10.6012990551181101
20
-5.7512963385826774
11
10.6046889763779522
21
-5.7506220472440948
0
LINE
8
BLACK
6
CONTINUOUS
10
10.6046889763779522
20
-5.7506220472440948
11
10.6224055118110225
21
-5.7506220472440948
0
LINE
8
BLACK
6
CONTINUOUS
10
10.6224055118110225
20
-5.7506220472440948
11
10.6257954330708664
21
-5.7512963385826774
0
LINE
8
BLACK
6
CONTINUOUS
10
10.7557166929133849
20
-5.7512963385826774
11
10.7585905118110237
21
-5.7532165748031492
0
LINE
8
BLACK
6
CONTINUOUS
10
10.7585905118110237
20
-5.7532165748031492
11
10.7605107480314963
21
-5.756090393700787
0
LINE
8
BLACK
6
CONTINUOUS
10
10.7605107480314963
20
-5.756090393700787
11
10.7611850393700781
21
-5.75948031496063
0
LINE
8
BLACK
6
CONTINUOUS
10
10.7611850393700781
20
-5.75948031496063
11
10.7611850393700781
21
-5.7683385826771651
0
LINE
8
BLACK
6
CONTINUOUS
10
10.7611850393700781
20
-5.7683385826771651
11
10.8430748031496069
21
-5.7683385826771651
0
LINE
8
BLACK
6
CONTINUOUS
10
10.8430748031496069
20
-5.7683385826771651
11
10.8437527952755897
21
-5.7684734251968504
0
LINE
8
BLACK
6
CONTINUOUS
10
10.8437527952755897
20
-5.7684734251968504
11
10.8443275590551185
21
-5.7688574803149608
0
LINE
8
BLACK
6
CONTINUOUS
10
10.8443275590551185
20
-5.7688574803149608
11
10.844711614173228
21
-5.7694322440944878
0
LINE
8
BLACK
6
CONTINUOUS
10
10.844711614173228
20
-5.7694322440944878
11
10.8448464566929133
21
-5.7701102362204724
0
LINE
8
BLACK
6
CONTINUOUS
10
10.8448464566929133
20
-5.7701102362204724
11
10.8448464566929133
21
-5.7783779527559052
0
LINE
8
BLACK
6
CONTINUOUS
10
10.8448464566929133
20
-5.7783779527559052
11
10.844711614173228
21
-5.7790559448818897
0
LINE
8
BLACK
6
CONTINUOUS
10
10.844711614173228
20
-5.7790559448818897
11
10.8443275590551185
21
-5.7796307086614176
0
LINE
8
BLACK
6
CONTINUOUS
10
10.8443275590551185
20
-5.7796307086614176
11
10.8437527952755897
21
-5.7800147637795272
0
LINE
8
BLACK
6
CONTINUOUS
10
10.8437527952755897
20
-5.7800147637795272
11
10.8430748031496069
21
-5.7801496062992124
0
LINE
8
BLACK
6
CONTINUOUS
10
10.8430748031496069
20
-5.7801496062992124
11
10.7611850393700781
21
-5.7801496062992124
0
LINE
8
BLACK
6
CONTINUOUS
10
10.7611850393700781
20
-5.7801496062992124
11
10.7611850393700781
21
-5.7890078740157476
0
LINE
8
BLACK
6
CONTINUOUS
10
10.7611850393700781
20
-5.7890078740157476
11
10.7605107480314963
21
-5.7923977952755905
0
LINE
8
BLACK
6
CONTINUOUS
10
10.7605107480314963
20
-5.7923977952755905
11
10.7585905118110237
21
-5.7952716141732283
0
LINE
8
BLACK
6
CONTINUOUS
10
10.7585905118110237
20
-5.7952716141732283
11
10.7557166929133849
21
-5.797191850393701
0
LINE
8
BLACK
6
CONTINUOUS
10
10.7557166929133849
20
-5.797191850393701
11
10.7523267716535429
21
-5.7978661417322837
0
LINE
8
BLACK
6
CONTINUOUS
10
10.7523267716535429
20
-5.7978661417322837
11
10.7346102362204725
21
-5.7978661417322837
0
LINE
8
BLACK
6
CONTINUOUS
10
10.7346102362204725
20
-5.7978661417322837
11
10.7312203149606304
21
-5.797191850393701
0
LINE
8
BLACK
6
CONTINUOUS
10
10.7312203149606304
20
-5.797191850393701
11
10.7283464960629917
21
-5.7952716141732283
0
LINE
8
BLACK
6
CONTINUOUS
10
10.7283464960629917
20
-5.7952716141732283
11
10.7264262598425191
21
-5.7923977952755905
0
LINE
8
BLACK
6
CONTINUOUS
10
10.7264262598425191
20
-5.7923977952755905
11
10.7257519685039373
21
-5.7890078740157476
0
LINE
8
BLACK
6
CONTINUOUS
10
10.7257519685039373
20
-5.7890078740157476
11
10.7257519685039373
21
-5.75948031496063
0
LINE
8
BLACK
6
CONTINUOUS
10
10.7257519685039373
20
-5.75948031496063
11
10.7264262598425191
21
-5.756090393700787
0
LINE
8
BLACK
6
CONTINUOUS
10
10.7264262598425191
20
-5.756090393700787
11
10.7283464960629917
21
-5.7532165748031492
0
LINE
8
BLACK
6
CONTINUOUS
10
10.7283464960629917
20
-5.7532165748031492
11
10.7312203149606304
21
-5.7512963385826774
0
LINE
8
BLACK
6
CONTINUOUS
10
10.7312203149606304
20
-5.7512963385826774
11
10.7346102362204725
21
-5.7506220472440948
0
LINE
8
BLACK
6
CONTINUOUS
10
10.7346102362204725
20
-5.7506220472440948
11
10.7523267716535429
21
-5.7506220472440948
0
LINE
8
BLACK
6
CONTINUOUS
10
10.7523267716535429
20
-5.7506220472440948
11
10.7557166929133849
21
-5.7512963385826774
0
LINE
8
BLACK
6
CONTINUOUS
10
5.2656037401574798
20
-5.7164388582677166
11
5.2519306692913386
21
-5.7939827559055113
0
LINE
8
BLACK
6
CONTINUOUS
10
5.2519306692913386
20
-5.7939827559055113
11
5.1627551574803148
21
-5.7782587007874016
0
LINE
8
BLACK
6
CONTINUOUS
10
5.1627551574803148
20
-5.7782587007874016
11
5.1764282283464569
21
-5.700714803149606
0
LINE
8
BLACK
6
CONTINUOUS
10
5.1764282283464569
20
-5.700714803149606
11
5.2656037401574798
21
-5.7164388582677166
0
LINE
8
BLACK
6
CONTINUOUS
10
5.7753724409448814
20
-5.7047821653543309
11
5.7616993700787402
21
-5.7823260629921256
0
LINE
8
BLACK
6
CONTINUOUS
10
5.7616993700787402
20
-5.7823260629921256
11
5.6725238582677164
21
-5.7666020078740159
0
LINE
8
BLACK
6
CONTINUOUS
10
5.6725238582677164
20
-5.7666020078740159
11
5.6861969291338585
21
-5.6890581102362203
0
LINE
8
BLACK
6
CONTINUOUS
10
5.6861969291338585
20
-5.6890581102362203
11
5.7753724409448814
21
-5.7047821653543309
0
LINE
8
BLACK
6
CONTINUOUS
10
4.8600474015748034
20
-5.6922412204724404
11
4.8629212204724412
21
-5.6941614566929131
0
LINE
8
BLACK
6
CONTINUOUS
10
4.8629212204724412
20
-5.6941614566929131
11
4.864841456692913
21
-5.6970352755905509
0
LINE
8
BLACK
6
CONTINUOUS
10
4.864841456692913
20
-5.6970352755905509
11
4.8655157480314957
21
-5.7004251968503938
0
LINE
8
BLACK
6
CONTINUOUS
10
4.8655157480314957
20
-5.7004251968503938
11
4.8655157480314957
21
-5.7299527559055115
0
LINE
8
BLACK
6
CONTINUOUS
10
4.8655157480314957
20
-5.7299527559055115
11
4.864841456692913
21
-5.7333426771653544
0
LINE
8
BLACK
6
CONTINUOUS
10
4.864841456692913
20
-5.7333426771653544
11
4.8629212204724412
21
-5.7362164960629922
0
LINE
8
BLACK
6
CONTINUOUS
10
4.8629212204724412
20
-5.7362164960629922
11
4.8600474015748034
21
-5.7381367322834649
0
LINE
8
BLACK
6
CONTINUOUS
10
4.8600474015748034
20
-5.7381367322834649
11
4.8566574803149605
21
-5.7388110236220475
0
LINE
8
BLACK
6
CONTINUOUS
10
4.8566574803149605
20
-5.7388110236220475
11
4.8389409448818901
21
-5.7388110236220475
0
LINE
8
BLACK
6
CONTINUOUS
10
4.8389409448818901
20
-5.7388110236220475
11
4.8355510236220471
21
-5.7381367322834649
0
LINE
8
BLACK
6
CONTINUOUS
10
4.8355510236220471
20
-5.7381367322834649
11
4.8326772047244093
21
-5.7362164960629922
0
LINE
8
BLACK
6
CONTINUOUS
10
4.8326772047244093
20
-5.7362164960629922
11
4.8307569685039367
21
-5.7333426771653544
0
LINE
8
BLACK
6
CONTINUOUS
10
4.8307569685039367
20
-5.7333426771653544
11
4.830082677165354
21
-5.7299527559055115
0
LINE
8
BLACK
6
CONTINUOUS
10
4.830082677165354
20
-5.7299527559055115
11
4.830082677165354
21
-5.7210944881889763
0
LINE
8
BLACK
6
CONTINUOUS
10
4.830082677165354
20
-5.7210944881889763
11
4.7432716535433066
21
-5.7210944881889763
0
LINE
8
BLACK
6
CONTINUOUS
10
4.7432716535433066
20
-5.7210944881889763
11
4.742593661417323
21
-5.720959645669291
0
LINE
8
BLACK
6
CONTINUOUS
10
4.742593661417323
20
-5.720959645669291
11
4.742018897637795
21
-5.7205755905511806
0
LINE
8
BLACK
6
CONTINUOUS
10
4.742018897637795
20
-5.7205755905511806
11
4.7416348425196846
21
-5.7200008267716536
0
LINE
8
BLACK
6
CONTINUOUS
10
4.7416348425196846
20
-5.7200008267716536
11
4.7415000000000003
21
-5.719322834645669
0
LINE
8
BLACK
6
CONTINUOUS
10
4.7415000000000003
20
-5.719322834645669
11
4.7415000000000003
21
-5.7110551181102363
0
LINE
8
BLACK
6
CONTINUOUS
10
4.7415000000000003
20
-5.7110551181102363
11
4.7416348425196846
21
-5.7103771259842517
0
LINE
8
BLACK
6
CONTINUOUS
10
4.7416348425196846
20
-5.7103771259842517
11
4.742018897637795
21
-5.7098023622047247
0
LINE
8
BLACK
6
CONTINUOUS
10
4.742018897637795
20
-5.7098023622047247
11
4.742593661417323
21
-5.7094183070866142
0
LINE
8
BLACK
6
CONTINUOUS
10
4.742593661417323
20
-5.7094183070866142
11
4.7432716535433066
21
-5.709283464566929
0
LINE
8
BLACK
6
CONTINUOUS
10
4.7432716535433066
20
-5.709283464566929
11
4.830082677165354
21
-5.709283464566929
0
LINE
8
BLACK
6
CONTINUOUS
10
4.830082677165354
20
-5.709283464566929
11
4.830082677165354
21
-5.7004251968503938
0
LINE
8
BLACK
6
CONTINUOUS
10
4.830082677165354
20
-5.7004251968503938
11
4.8307569685039367
21
-5.6970352755905509
0
LINE
8
BLACK
6
CONTINUOUS
10
4.8307569685039367
20
-5.6970352755905509
11
4.8326772047244093
21
-5.6941614566929131
0
LINE
8
BLACK
6
CONTINUOUS
10
4.8326772047244093
20
-5.6941614566929131
11
4.8355510236220471
21
-5.6922412204724404
0
LINE
8
BLACK
6
CONTINUOUS
10
4.8355510236220471
20
-5.6922412204724404
11
4.8389409448818901
21
-5.6915669291338578
0
LINE
8
BLACK
6
CONTINUOUS
10
4.8389409448818901
20
-5.6915669291338578
11
4.8566574803149605
21
-5.6915669291338578
0
LINE
8
BLACK
6
CONTINUOUS
10
4.8566574803149605
20
-5.6915669291338578
11
4.8600474015748034
21
-5.6922412204724404
0
LINE
8
BLACK
6
CONTINUOUS
10
4.9899686614173229
20
-5.6922412204724404
11
4.9928424803149607
21
-5.6941614566929131
0
LINE
8
BLACK
6
CONTINUOUS
10
4.9928424803149607
20
-5.6941614566929131
11
4.9947627165354334
21
-5.6970352755905509
0
LINE
8
BLACK
6
CONTINUOUS
10
4.9947627165354334
20
-5.6970352755905509
11
4.995437007874016
21
-5.7004251968503938
0
LINE
8
BLACK
6
CONTINUOUS
10
4.995437007874016
20
-5.7004251968503938
11
4.995437007874016
21
-5.709283464566929
0
LINE
8
BLACK
6
CONTINUOUS
10
4.995437007874016
20
-5.709283464566929
11
5.0773267716535431
21
-5.709283464566929
0
LINE
8
BLACK
6
CONTINUOUS
10
5.0773267716535431
20
-5.709283464566929
11
5.0780047637795276
21
-5.7094183070866142
0
LINE
8
BLACK
6
CONTINUOUS
10
5.0780047637795276
20
-5.7094183070866142
11
5.0785795275590546
21
-5.7098023622047247
0
LINE
8
BLACK
6
CONTINUOUS
10
5.0785795275590546
20
-5.7098023622047247
11
5.0789635826771651
21
-5.7103771259842517
0
LINE
8
BLACK
6
CONTINUOUS
10
5.0789635826771651
20
-5.7103771259842517
11
5.0790984251968503
21
-5.7110551181102363
0
LINE
8
BLACK
6
CONTINUOUS
10
5.0790984251968503
20
-5.7110551181102363
11
5.0790984251968503
21
-5.719322834645669
0
LINE
8
BLACK
6
CONTINUOUS
10
5.0790984251968503
20
-5.719322834645669
11
5.0789635826771651
21
-5.7200008267716536
0
LINE
8
BLACK
6
CONTINUOUS
10
5.0789635826771651
20
-5.7200008267716536
11
5.0785795275590546
21
-5.7205755905511806
0
LINE
8
BLACK
6
CONTINUOUS
10
5.0785795275590546
20
-5.7205755905511806
11
5.0780047637795276
21
-5.720959645669291
0
LINE
8
BLACK
6
CONTINUOUS
10
5.0780047637795276
20
-5.720959645669291
11
5.0773267716535431
21
-5.7210944881889763
0
LINE
8
BLACK
6
CONTINUOUS
10
5.0773267716535431
20
-5.7210944881889763
11
4.995437007874016
21
-5.7210944881889763
0
LINE
8
BLACK
6
CONTINUOUS
10
4.995437007874016
20
-5.7210944881889763
11
4.995437007874016
21
-5.7299527559055115
0
LINE
8
BLACK
6
CONTINUOUS
10
4.995437007874016
20
-5.7299527559055115
11
4.9947627165354334
21
-5.7333426771653544
0
LINE
8
BLACK
6
CONTINUOUS
10
4.9947627165354334
20
-5.7333426771653544
11
4.9928424803149607
21
-5.7362164960629922
0
LINE
8
BLACK
6
CONTINUOUS
10
4.9928424803149607
20
-5.7362164960629922
11
4.9899686614173229
21
-5.7381367322834649
0
LINE
8
BLACK
6
CONTINUOUS
10
4.9899686614173229
20
-5.7381367322834649
11
4.9865787401574799
21
-5.7388110236220475
0
LINE
8
BLACK
6
CONTINUOUS
10
4.9865787401574799
20
-5.7388110236220475
11
4.9688622047244095
21
-5.7388110236220475
0
LINE
8
BLACK
6
CONTINUOUS
10
4.9688622047244095
20
-5.7388110236220475
11
4.9654722834645666
21
-5.7381367322834649
0
LINE
8
BLACK
6
CONTINUOUS
10
4.9654722834645666
20
-5.7381367322834649
11
4.9625984645669288
21
-5.7362164960629922
0
LINE
8
BLACK
6
CONTINUOUS
10
4.9625984645669288
20
-5.7362164960629922
11
4.960678228346457
21
-5.7333426771653544
0
LINE
8
BLACK
6
CONTINUOUS
10
4.960678228346457
20
-5.7333426771653544
11
4.9600039370078743
21
-5.7299527559055115
0
LINE
8
BLACK
6
CONTINUOUS
10
4.9600039370078743
20
-5.7299527559055115
11
4.9600039370078743
21
-5.7004251968503938
0
LINE
8
BLACK
6
CONTINUOUS
10
4.9600039370078743
20
-5.7004251968503938
11
4.960678228346457
21
-5.6970352755905509
0
LINE
8
BLACK
6
CONTINUOUS
10
4.960678228346457
20
-5.6970352755905509
11
4.9625984645669288
21
-5.6941614566929131
0
LINE
8
BLACK
6
CONTINUOUS
10
4.9625984645669288
20
-5.6941614566929131
11
4.9654722834645666
21
-5.6922412204724404
0
LINE
8
BLACK
6
CONTINUOUS
10
4.9654722834645666
20
-5.6922412204724404
11
4.9688622047244095
21
-5.6915669291338578
0
LINE
8
BLACK
6
CONTINUOUS
10
4.9688622047244095
20
-5.6915669291338578
11
4.9865787401574799
21
-5.6915669291338578
0
LINE
8
BLACK
6
CONTINUOUS
10
4.9865787401574799
20
-5.6915669291338578
11
4.9899686614173229
21
-5.6922412204724404
0
LINE
8
BLACK
6
CONTINUOUS
10
11.4982796456692906
20
-5.6886654330708657
11
11.4091041338582677
21
-5.7043894881889763
0
LINE
8
BLACK
6
CONTINUOUS
10
11.4091041338582677
20
-5.7043894881889763
11
11.3954310629921256
21
-5.6268455905511807
0
LINE
8
BLACK
6
CONTINUOUS
10
11.3954310629921256
20
-5.6268455905511807
11
11.4846065748031485
21
-5.611121535433071
0
LINE
8
BLACK
6
CONTINUOUS
10
11.4846065748031485
20
-5.611121535433071
11
11.4982796456692906
21
-5.6886654330708657
0
LINE
8
BLACK
6
CONTINUOUS
10
3.4951181102362203
20
-5.6798503937007876
11
3.4045669291338583
21
-5.6798503937007876
0
LINE
8
BLACK
6
CONTINUOUS
10
3.4045669291338583
20
-5.6798503937007876
11
3.4045669291338583
21
-5.6011102362204719
0
LINE
8
BLACK
6
CONTINUOUS
10
3.4045669291338583
20
-5.6011102362204719
11
3.4951181102362203
21
-5.6011102362204719
0
LINE
8
BLACK
6
CONTINUOUS
10
3.4951181102362203
20
-5.6011102362204719
11
3.4951181102362203
21
-5.6798503937007876
0
LINE
8
BLACK
6
CONTINUOUS
10
12.7730551181102356
20
-5.6798503937007876
11
12.6825039370078745
21
-5.6798503937007876
0
LINE
8
BLACK
6
CONTINUOUS
10
12.6825039370078745
20
-5.6798503937007876
11
12.6825039370078745
21
-5.6011102362204719
0
LINE
8
BLACK
6
CONTINUOUS
10
12.6825039370078745
20
-5.6011102362204719
11
12.7730551181102356
21
-5.6011102362204719
0
LINE
8
BLACK
6
CONTINUOUS
10
12.7730551181102356
20
-5.6011102362204719
11
12.7730551181102356
21
-5.6798503937007876
0
LINE
8
BLACK
6
CONTINUOUS
10
2.7031338582677167
20
-5.6795433070866137
11
2.6125826771653542
21
-5.6795433070866137
0
LINE
8
BLACK
6
CONTINUOUS
10
2.6125826771653542
20
-5.6795433070866137
11
2.6125826771653542
21
-5.6008031496062989
0
LINE
8
BLACK
6
CONTINUOUS
10
2.6125826771653542
20
-5.6008031496062989
11
2.7031338582677167
21
-5.6008031496062989
0
LINE
8
BLACK
6
CONTINUOUS
10
2.7031338582677167
20
-5.6008031496062989
11
2.7031338582677167
21
-5.6795433070866137
0
LINE
8
BLACK
6
CONTINUOUS
10
13.5650354330708662
20
-5.6795433070866137
11
13.4744842519685033
21
-5.6795433070866137
0
LINE
8
BLACK
6
CONTINUOUS
10
13.4744842519685033
20
-5.6795433070866137
11
13.4744842519685033
21
-5.6008031496062989
0
LINE
8
BLACK
6
CONTINUOUS
10
13.4744842519685033
20
-5.6008031496062989
11
13.5650354330708662
21
-5.6008031496062989
0
LINE
8
BLACK
6
CONTINUOUS
10
13.5650354330708662
20
-5.6008031496062989
11
13.5650354330708662
21
-5.6795433070866137
0
LINE
8
BLACK
6
CONTINUOUS
10
8.0041248425196851
20
-5.5919224409448818
11
8.0073179921259836
21
-5.5940560236220467
0
LINE
8
BLACK
6
CONTINUOUS
10
8.0073179921259836
20
-5.5940560236220467
11
8.0094515748031494
21
-5.597249173228346
0
LINE
8
BLACK
6
CONTINUOUS
10
8.0094515748031494
20
-5.597249173228346
11
8.0102007874015744
21
-5.6010157480314957
0
LINE
8
BLACK
6
CONTINUOUS
10
8.0102007874015744
20
-5.6010157480314957
11
8.0102007874015744
21
-5.6207007874015744
0
LINE
8
BLACK
6
CONTINUOUS
10
8.0102007874015744
20
-5.6207007874015744
11
8.0094515748031494
21
-5.6244673622047241
0
LINE
8
BLACK
6
CONTINUOUS
10
8.0094515748031494
20
-5.6244673622047241
11
8.0073179921259836
21
-5.6276605118110234
0
LINE
8
BLACK
6
CONTINUOUS
10
8.0073179921259836
20
-5.6276605118110234
11
8.0041248425196851
21
-5.6297940944881892
0
LINE
8
BLACK
6
CONTINUOUS
10
8.0041248425196851
20
-5.6297940944881892
11
8.0003582677165355
21
-5.6305433070866142
0
LINE
8
BLACK
6
CONTINUOUS
10
8.0003582677165355
20
-5.6305433070866142
11
7.9629566929133855
21
-5.6305433070866142
0
LINE
8
BLACK
6
CONTINUOUS
10
7.9629566929133855
20
-5.6305433070866142
11
7.9591901181102358
21
-5.6297940944881892
0
LINE
8
BLACK
6
CONTINUOUS
10
7.9591901181102358
20
-5.6297940944881892
11
7.9559969685039365
21
-5.6276605118110234
0
LINE
8
BLACK
6
CONTINUOUS
10
7.9559969685039365
20
-5.6276605118110234
11
7.9538633858267715
21
-5.6244673622047241
0
LINE
8
BLACK
6
CONTINUOUS
10
7.9538633858267715
20
-5.6244673622047241
11
7.9531141732283466
21
-5.6207007874015744
0
LINE
8
BLACK
6
CONTINUOUS
10
7.9531141732283466
20
-5.6207007874015744
11
7.9531141732283466
21
-5.6010157480314957
0
LINE
8
BLACK
6
CONTINUOUS
10
7.9531141732283466
20
-5.6010157480314957
11
7.9538633858267715
21
-5.597249173228346
0
LINE
8
BLACK
6
CONTINUOUS
10
7.9538633858267715
20
-5.597249173228346
11
7.9559969685039365
21
-5.5940560236220467
0
LINE
8
BLACK
6
CONTINUOUS
10
7.9559969685039365
20
-5.5940560236220467
11
7.9591901181102358
21
-5.5919224409448818
0
LINE
8
BLACK
6
CONTINUOUS
10
7.9591901181102358
20
-5.5919224409448818
11
7.9629566929133855
21
-5.5911732283464568
0
LINE
8
BLACK
6
CONTINUOUS
10
7.9629566929133855
20
-5.5911732283464568
11
8.0003582677165355
21
-5.5911732283464568
0
LINE
8
BLACK
6
CONTINUOUS
10
8.0003582677165355
20
-5.5911732283464568
11
8.0041248425196851
21
-5.5919224409448818
0
LINE
8
BLACK
6
CONTINUOUS
10
9.4562444881889753
20
-5.6025844488188978
11
9.3670689763779524
21
-5.6183085039370075
0
LINE
8
BLACK
6
CONTINUOUS
10
9.3670689763779524
20
-5.6183085039370075
11
9.3533959055118103
21
-5.5407646062992129
0
LINE
8
BLACK
6
CONTINUOUS
10
9.3533959055118103
20
-5.5407646062992129
11
9.442571417322835
21
-5.5250405511811023
0
LINE
8
BLACK
6
CONTINUOUS
10
9.442571417322835
20
-5.5250405511811023
11
9.4562444881889753
21
-5.6025844488188978
0
LINE
8
BLACK
6
CONTINUOUS
10
3.9951181102362203
20
-5.5798503937007871
11
3.9045669291338583
21
-5.5798503937007871
0
LINE
8
BLACK
6
CONTINUOUS
10
3.9045669291338583
20
-5.5798503937007871
11
3.9045669291338583
21
-5.5011102362204722
0
LINE
8
BLACK
6
CONTINUOUS
10
3.9045669291338583
20
-5.5011102362204722
11
3.9951181102362203
21
-5.5011102362204722
0
LINE
8
BLACK
6
CONTINUOUS
10
3.9951181102362203
20
-5.5011102362204722
11
3.9951181102362203
21
-5.5798503937007871
0
LINE
8
BLACK
6
CONTINUOUS
10
13.2730551181102356
20
-5.5798503937007871
11
13.1825039370078745
21
-5.5798503937007871
0
LINE
8
BLACK
6
CONTINUOUS
10
13.1825039370078745
20
-5.5798503937007871
11
13.1825039370078745
21
-5.5011102362204722
0
LINE
8
BLACK
6
CONTINUOUS
10
13.1825039370078745
20
-5.5011102362204722
11
13.2730551181102356
21
-5.5011102362204722
0
LINE
8
BLACK
6
CONTINUOUS
10
13.2730551181102356
20
-5.5011102362204722
11
13.2730551181102356
21
-5.5798503937007871
0
LINE
8
BLACK
6
CONTINUOUS
10
3.2031338582677167
20
-5.5795433070866141
11
3.1125826771653542
21
-5.5795433070866141
0
LINE
8
BLACK
6
CONTINUOUS
10
3.1125826771653542
20
-5.5795433070866141
11
3.1125826771653542
21
-5.5008031496062992
0
LINE
8
BLACK
6
CONTINUOUS
10
3.1125826771653542
20
-5.5008031496062992
11
3.2031338582677167
21
-5.5008031496062992
0
LINE
8
BLACK
6
CONTINUOUS
10
3.2031338582677167
20
-5.5008031496062992
11
3.2031338582677167
21
-5.5795433070866141
0
LINE
8
BLACK
6
CONTINUOUS
10
14.0650354330708662
20
-5.5795433070866141
11
13.9744842519685033
21
-5.5795433070866141
0
LINE
8
BLACK
6
CONTINUOUS
10
13.9744842519685033
20
-5.5795433070866141
11
13.9744842519685033
21
-5.5008031496062992
0
LINE
8
BLACK
6
CONTINUOUS
10
13.9744842519685033
20
-5.5008031496062992
11
14.0650354330708662
21
-5.5008031496062992
0
LINE
8
BLACK
6
CONTINUOUS
10
14.0650354330708662
20
-5.5008031496062992
11
14.0650354330708662
21
-5.5795433070866141
0
LINE
8
BLACK
6
CONTINUOUS
10
5.7183151181102359
20
-5.5111388582677163
11
5.7211889370078737
21
-5.513059094488189
0
LINE
8
BLACK
6
CONTINUOUS
10
5.7211889370078737
20
-5.513059094488189
11
5.7231091732283463
21
-5.5159329133858268
0
LINE
8
BLACK
6
CONTINUOUS
10
5.7231091732283463
20
-5.5159329133858268
11
5.723783464566929
21
-5.5193228346456689
0
LINE
8
BLACK
6
CONTINUOUS
10
5.723783464566929
20
-5.5193228346456689
11
5.723783464566929
21
-5.5488503937007874
0
LINE
8
BLACK
6
CONTINUOUS
10
5.723783464566929
20
-5.5488503937007874
11
5.7231091732283463
21
-5.5522403149606294
0
LINE
8
BLACK
6
CONTINUOUS
10
5.7231091732283463
20
-5.5522403149606294
11
5.7211889370078737
21
-5.5551141338582672
0
LINE
8
BLACK
6
CONTINUOUS
10
5.7211889370078737
20
-5.5551141338582672
11
5.7183151181102359
21
-5.5570343700787399
0
LINE
8
BLACK
6
CONTINUOUS
10
5.7183151181102359
20
-5.5570343700787399
11
5.7149251968503938
21
-5.5577086614173226
0
LINE
8
BLACK
6
CONTINUOUS
10
5.7149251968503938
20
-5.5577086614173226
11
5.6972086614173225
21
-5.5577086614173226
0
LINE
8
BLACK
6
CONTINUOUS
10
5.6972086614173225
20
-5.5577086614173226
11
5.6938187401574805
21
-5.5570343700787399
0
LINE
8
BLACK
6
CONTINUOUS
10
5.6938187401574805
20
-5.5570343700787399
11
5.6909449212598426
21
-5.5551141338582672
0
LINE
8
BLACK
6
CONTINUOUS
10
5.6909449212598426
20
-5.5551141338582672
11
5.68902468503937
21
-5.5522403149606294
0
LINE
8
BLACK
6
CONTINUOUS
10
5.68902468503937
20
-5.5522403149606294
11
5.6883503937007873
21
-5.5488503937007874
0
LINE
8
BLACK
6
CONTINUOUS
10
5.6883503937007873
20
-5.5488503937007874
11
5.6883503937007873
21
-5.5399921259842522
0
LINE
8
BLACK
6
CONTINUOUS
10
5.6883503937007873
20
-5.5399921259842522
11
5.6015393700787399
21
-5.5399921259842522
0
LINE
8
BLACK
6
CONTINUOUS
10
5.6015393700787399
20
-5.5399921259842522
11
5.6008613779527554
21
-5.539857283464567
0
LINE
8
BLACK
6
CONTINUOUS
10
5.6008613779527554
20
-5.539857283464567
11
5.6002866141732284
21
-5.5394732283464565
0
LINE
8
BLACK
6
CONTINUOUS
10
5.6002866141732284
20
-5.5394732283464565
11
5.5999025590551179
21
-5.5388984645669286
0
LINE
8
BLACK
6
CONTINUOUS
10
5.5999025590551179
20
-5.5388984645669286
11
5.5997677165354327
21
-5.538220472440945
0
LINE
8
BLACK
6
CONTINUOUS
10
5.5997677165354327
20
-5.538220472440945
11
5.5997677165354327
21
-5.5299527559055113
0
LINE
8
BLACK
6
CONTINUOUS
10
5.5997677165354327
20
-5.5299527559055113
11
5.5999025590551179
21
-5.5292747637795276
0
LINE
8
BLACK
6
CONTINUOUS
10
5.5999025590551179
20
-5.5292747637795276
11
5.6002866141732284
21
-5.5286999999999997
0
LINE
8
BLACK
6
CONTINUOUS
10
5.6002866141732284
20
-5.5286999999999997
11
5.6008613779527554
21
-5.5283159448818893
0
LINE
8
BLACK
6
CONTINUOUS
10
5.6008613779527554
20
-5.5283159448818893
11
5.6015393700787399
21
-5.5281811023622049
0
LINE
8
BLACK
6
CONTINUOUS
10
5.6015393700787399
20
-5.5281811023622049
11
5.6883503937007873
21
-5.5281811023622049
0
LINE
8
BLACK
6
CONTINUOUS
10
5.6883503937007873
20
-5.5281811023622049
11
5.6883503937007873
21
-5.5193228346456689
0
LINE
8
BLACK
6
CONTINUOUS
10
5.6883503937007873
20
-5.5193228346456689
11
5.68902468503937
21
-5.5159329133858268
0
LINE
8
BLACK
6
CONTINUOUS
10
5.68902468503937
20
-5.5159329133858268
11
5.6909449212598426
21
-5.513059094488189
0
LINE
8
BLACK
6
CONTINUOUS
10
5.6909449212598426
20
-5.513059094488189
11
5.6938187401574805
21
-5.5111388582677163
0
LINE
8
BLACK
6
CONTINUOUS
10
5.6938187401574805
20
-5.5111388582677163
11
5.6972086614173225
21
-5.5104645669291337
0
LINE
8
BLACK
6
CONTINUOUS
10
5.6972086614173225
20
-5.5104645669291337
11
5.7149251968503938
21
-5.5104645669291337
0
LINE
8
BLACK
6
CONTINUOUS
10
5.7149251968503938
20
-5.5104645669291337
11
5.7183151181102359
21
-5.5111388582677163
0
LINE
8
BLACK
6
CONTINUOUS
10
5.8482363779527562
20
-5.5111388582677163
11
5.8511101968503931
21
-5.513059094488189
0
LINE
8
BLACK
6
CONTINUOUS
10
5.8511101968503931
20
-5.513059094488189
11
5.8530304330708658
21
-5.5159329133858268
0
LINE
8
BLACK
6
CONTINUOUS
10
5.8530304330708658
20
-5.5159329133858268
11
5.8537047244094484
21
-5.5193228346456689
0
LINE
8
BLACK
6
CONTINUOUS
10
5.8537047244094484
20
-5.5193228346456689
11
5.8537047244094484
21
-5.5281811023622049
0
LINE
8
BLACK
6
CONTINUOUS
10
5.8537047244094484
20
-5.5281811023622049
11
5.9355944881889764
21
-5.5281811023622049
0
LINE
8
BLACK
6
CONTINUOUS
10
5.9355944881889764
20
-5.5281811023622049
11
5.9362724803149609
21
-5.5283159448818893
0
LINE
8
BLACK
6
CONTINUOUS
10
5.9362724803149609
20
-5.5283159448818893
11
5.9368472440944879
21
-5.5286999999999997
0
LINE
8
BLACK
6
CONTINUOUS
10
5.9368472440944879
20
-5.5286999999999997
11
5.9372312992125984
21
-5.5292747637795276
0
LINE
8
BLACK
6
CONTINUOUS
10
5.9372312992125984
20
-5.5292747637795276
11
5.9373661417322836
21
-5.5299527559055113
0
LINE
8
BLACK
6
CONTINUOUS
10
5.9373661417322836
20
-5.5299527559055113
11
5.9373661417322836
21
-5.538220472440945
0
LINE
8
BLACK
6
CONTINUOUS
10
5.9373661417322836
20
-5.538220472440945
11
5.9372312992125984
21
-5.5388984645669286
0
LINE
8
BLACK
6
CONTINUOUS
10
5.9372312992125984
20
-5.5388984645669286
11
5.9368472440944879
21
-5.5394732283464565
0
LINE
8
BLACK
6
CONTINUOUS
10
5.9368472440944879
20
-5.5394732283464565
11
5.9362724803149609
21
-5.539857283464567
0
LINE
8
BLACK
6
CONTINUOUS
10
5.9362724803149609
20
-5.539857283464567
11
5.9355944881889764
21
-5.5399921259842522
0
LINE
8
BLACK
6
CONTINUOUS
10
5.9355944881889764
20
-5.5399921259842522
11
5.8537047244094484
21
-5.5399921259842522
0
LINE
8
BLACK
6
CONTINUOUS
10
5.8537047244094484
20
-5.5399921259842522
11
5.8537047244094484
21
-5.5488503937007874
0
LINE
8
BLACK
6
CONTINUOUS
10
5.8537047244094484
20
-5.5488503937007874
11
5.8530304330708658
21
-5.5522403149606294
0
LINE
8
BLACK
6
CONTINUOUS
10
5.8530304330708658
20
-5.5522403149606294
11
5.8511101968503931
21
-5.5551141338582672
0
LINE
8
BLACK
6
CONTINUOUS
10
5.8511101968503931
20
-5.5551141338582672
11
5.8482363779527562
21
-5.5570343700787399
0
LINE
8
BLACK
6
CONTINUOUS
10
5.8482363779527562
20
-5.5570343700787399
11
5.8448464566929133
21
-5.5577086614173226
0
LINE
8
BLACK
6
CONTINUOUS
10
5.8448464566929133
20
-5.5577086614173226
11
5.827129921259842
21
-5.5577086614173226
0
LINE
8
BLACK
6
CONTINUOUS
10
5.827129921259842
20
-5.5577086614173226
11
5.8237399999999999
21
-5.5570343700787399
0
LINE
8
BLACK
6
CONTINUOUS
10
5.8237399999999999
20
-5.5570343700787399
11
5.8208661811023621
21
-5.5551141338582672
0
LINE
8
BLACK
6
CONTINUOUS
10
5.8208661811023621
20
-5.5551141338582672
11
5.8189459448818894
21
-5.5522403149606294
0
LINE
8
BLACK
6
CONTINUOUS
10
5.8189459448818894
20
-5.5522403149606294
11
5.8182716535433068
21
-5.5488503937007874
0
LINE
8
BLACK
6
CONTINUOUS
10
5.8182716535433068
20
-5.5488503937007874
11
5.8182716535433068
21
-5.5193228346456689
0
LINE
8
BLACK
6
CONTINUOUS
10
5.8182716535433068
20
-5.5193228346456689
11
5.8189459448818894
21
-5.5159329133858268
0
LINE
8
BLACK
6
CONTINUOUS
10
5.8189459448818894
20
-5.5159329133858268
11
5.8208661811023621
21
-5.513059094488189
0
LINE
8
BLACK
6
CONTINUOUS
10
5.8208661811023621
20
-5.513059094488189
11
5.8237399999999999
21
-5.5111388582677163
0
LINE
8
BLACK
6
CONTINUOUS
10
5.8237399999999999
20
-5.5111388582677163
11
5.827129921259842
21
-5.5104645669291337
0
LINE
8
BLACK
6
CONTINUOUS
10
5.827129921259842
20
-5.5104645669291337
11
5.8448464566929133
21
-5.5104645669291337
0
LINE
8
BLACK
6
CONTINUOUS
10
5.8448464566929133
20
-5.5104645669291337
11
5.8482363779527562
21
-5.5111388582677163
0
LINE
8
BLACK
6
CONTINUOUS
10
8.0041248425196851
20
-5.5171192913385827
11
8.0073179921259836
21
-5.5192528740157476
0
LINE
8
BLACK
6
CONTINUOUS
10
8.0073179921259836
20
-5.5192528740157476
11
8.0094515748031494
21
-5.522446023622047
0
LINE
8
BLACK
6
CONTINUOUS
10
8.0094515748031494
20
-5.522446023622047
11
8.0102007874015744
21
-5.5262125984251966
0
LINE
8
BLACK
6
CONTINUOUS
10
8.0102007874015744
20
-5.5262125984251966
11
8.0102007874015744
21
-5.5458976377952753
0
LINE
8
BLACK
6
CONTINUOUS
10
8.0102007874015744
20
-5.5458976377952753
11
8.0094515748031494
21
-5.549664212598425
0
LINE
8
BLACK
6
CONTINUOUS
10
8.0094515748031494
20
-5.549664212598425
11
8.0073179921259836
21
-5.5528573622047244
0
LINE
8
BLACK
6
CONTINUOUS
10
8.0073179921259836
20
-5.5528573622047244
11
8.0041248425196851
21
-5.5549909448818893
0
LINE
8
BLACK
6
CONTINUOUS
10
8.0041248425196851
20
-5.5549909448818893
11
8.0003582677165355
21
-5.5557401574803151
0
LINE
8
BLACK
6
CONTINUOUS
10
8.0003582677165355
20
-5.5557401574803151
11
7.9629566929133855
21
-5.5557401574803151
0
LINE
8
BLACK
6
CONTINUOUS
10
7.9629566929133855
20
-5.5557401574803151
11
7.9591901181102358
21
-5.5549909448818893
0
LINE
8
BLACK
6
CONTINUOUS
10
7.9591901181102358
20
-5.5549909448818893
11
7.9559969685039365
21
-5.5528573622047244
0
LINE
8
BLACK
6
CONTINUOUS
10
7.9559969685039365
20
-5.5528573622047244
11
7.9538633858267715
21
-5.549664212598425
0
LINE
8
BLACK
6
CONTINUOUS
10
7.9538633858267715
20
-5.549664212598425
11
7.9531141732283466
21
-5.5458976377952753
0
LINE
8
BLACK
6
CONTINUOUS
10
7.9531141732283466
20
-5.5458976377952753
11
7.9531141732283466
21
-5.5262125984251966
0
LINE
8
BLACK
6
CONTINUOUS
10
7.9531141732283466
20
-5.5262125984251966
11
7.9538633858267715
21
-5.522446023622047
0
LINE
8
BLACK
6
CONTINUOUS
10
7.9538633858267715
20
-5.522446023622047
11
7.9559969685039365
21
-5.5192528740157476
0
LINE
8
BLACK
6
CONTINUOUS
10
7.9559969685039365
20
-5.5192528740157476
11
7.9591901181102358
21
-5.5171192913385827
0
LINE
8
BLACK
6
CONTINUOUS
10
7.9591901181102358
20
-5.5171192913385827
11
7.9629566929133855
21
-5.5163700787401577
0
LINE
8
BLACK
6
CONTINUOUS
10
7.9629566929133855
20
-5.5163700787401577
11
8.0003582677165355
21
-5.5163700787401577
0
LINE
8
BLACK
6
CONTINUOUS
10
8.0003582677165355
20
-5.5163700787401577
11
8.0041248425196851
21
-5.5171192913385827
0
LINE
8
BLACK
6
CONTINUOUS
10
6.8325958661417321
20
-5.4450530314960632
11
6.81892279527559
21
-5.5225969291338579
0
LINE
8
BLACK
6
CONTINUOUS
10
6.81892279527559
20
-5.5225969291338579
11
6.7297472834645671
21
-5.5068728740157482
0
LINE
8
BLACK
6
CONTINUOUS
10
6.7297472834645671
20
-5.5068728740157482
11
6.7434203543307083
21
-5.4293289763779526
0
LINE
8
BLACK
6
CONTINUOUS
10
6.7434203543307083
20
-5.4293289763779526
11
6.8325958661417321
21
-5.4450530314960632
0
LINE
8
BLACK
6
CONTINUOUS
10
7.3423645669291338
20
-5.4333963385826767
11
7.3286914960629916
21
-5.5109402362204722
0
LINE
8
BLACK
6
CONTINUOUS
10
7.3286914960629916
20
-5.5109402362204722
11
7.2395159842519687
21
-5.4952161811023617
0
LINE
8
BLACK
6
CONTINUOUS
10
7.2395159842519687
20
-5.4952161811023617
11
7.25318905511811
21
-5.417672283464567
0
LINE
8
BLACK
6
CONTINUOUS
10
7.25318905511811
20
-5.417672283464567
11
7.3423645669291338
21
-5.4333963385826767
0
LINE
8
BLACK
6
CONTINUOUS
10
7.5486300787401577
20
-5.4481467322834645
11
7.5515038976377955
21
-5.4500669685039371
0
LINE
8
BLACK
6
CONTINUOUS
10
7.5515038976377955
20
-5.4500669685039371
11
7.5534241338582673
21
-5.452940787401575
0
LINE
8
BLACK
6
CONTINUOUS
10
7.5534241338582673
20
-5.452940787401575
11
7.5540984251968499
21
-5.456330708661417
0
LINE
8
BLACK
6
CONTINUOUS
10
7.5540984251968499
20
-5.456330708661417
11
7.5540984251968499
21
-5.4858582677165355
0
LINE
8
BLACK
6
CONTINUOUS
10
7.5540984251968499
20
-5.4858582677165355
11
7.5534241338582673
21
-5.4892481889763776
0
LINE
8
BLACK
6
CONTINUOUS
10
7.5534241338582673
20
-5.4892481889763776
11
7.5515038976377955
21
-5.4921220078740154
0
LINE
8
BLACK
6
CONTINUOUS
10
7.5515038976377955
20
-5.4921220078740154
11
7.5486300787401577
21
-5.494042244094488
0
LINE
8
BLACK
6
CONTINUOUS
10
7.5486300787401577
20
-5.494042244094488
11
7.5452401574803147
21
-5.4947165354330707
0
LINE
8
BLACK
6
CONTINUOUS
10
7.5452401574803147
20
-5.4947165354330707
11
7.5275236220472443
21
-5.4947165354330707
0
LINE
8
BLACK
6
CONTINUOUS
10
7.5275236220472443
20
-5.4947165354330707
11
7.5241337007874014
21
-5.494042244094488
0
LINE
8
BLACK
6
CONTINUOUS
10
7.5241337007874014
20
-5.494042244094488
11
7.5212598818897636
21
-5.4921220078740154
0
LINE
8
BLACK
6
CONTINUOUS
10
7.5212598818897636
20
-5.4921220078740154
11
7.5193396456692909
21
-5.4892481889763776
0
LINE
8
BLACK
6
CONTINUOUS
10
7.5193396456692909
20
-5.4892481889763776
11
7.5186653543307083
21
-5.4858582677165355
0
LINE
8
BLACK
6
CONTINUOUS
10
7.5186653543307083
20
-5.4858582677165355
11
7.5186653543307083
21
-5.4770000000000003
0
LINE
8
BLACK
6
CONTINUOUS
10
7.5186653543307083
20
-5.4770000000000003
11
7.4318543307086609
21
-5.4770000000000003
0
LINE
8
BLACK
6
CONTINUOUS
10
7.4318543307086609
20
-5.4770000000000003
11
7.4311763385826772
21
-5.4768651574803151
0
LINE
8
BLACK
6
CONTINUOUS
10
7.4311763385826772
20
-5.4768651574803151
11
7.4306015748031493
21
-5.4764811023622046
0
LINE
8
BLACK
6
CONTINUOUS
10
7.4306015748031493
20
-5.4764811023622046
11
7.4302175196850389
21
-5.4759063385826767
0
LINE
8
BLACK
6
CONTINUOUS
10
7.4302175196850389
20
-5.4759063385826767
11
7.4300826771653545
21
-5.4752283464566931
0
LINE
8
BLACK
6
CONTINUOUS
10
7.4300826771653545
20
-5.4752283464566931
11
7.4300826771653545
21
-5.4669606299212594
0
LINE
8
BLACK
6
CONTINUOUS
10
7.4300826771653545
20
-5.4669606299212594
11
7.4302175196850389
21
-5.4662826377952758
0
LINE
8
BLACK
6
CONTINUOUS
10
7.4302175196850389
20
-5.4662826377952758
11
7.4306015748031493
21
-5.4657078740157479
0
LINE
8
BLACK
6
CONTINUOUS
10
7.4306015748031493
20
-5.4657078740157479
11
7.4311763385826772
21
-5.4653238188976374
0
LINE
8
BLACK
6
CONTINUOUS
10
7.4311763385826772
20
-5.4653238188976374
11
7.4318543307086609
21
-5.4651889763779522
0
LINE
8
BLACK
6
CONTINUOUS
10
7.4318543307086609
20
-5.4651889763779522
11
7.5186653543307083
21
-5.4651889763779522
0
LINE
8
BLACK
6
CONTINUOUS
10
7.5186653543307083
20
-5.4651889763779522
11
7.5186653543307083
21
-5.456330708661417
0
LINE
8
BLACK
6
CONTINUOUS
10
7.5186653543307083
20
-5.456330708661417
11
7.5193396456692909
21
-5.452940787401575
0
LINE
8
BLACK
6
CONTINUOUS
10
7.5193396456692909
20
-5.452940787401575
11
7.5212598818897636
21
-5.4500669685039371
0
LINE
8
BLACK
6
CONTINUOUS
10
7.5212598818897636
20
-5.4500669685039371
11
7.5241337007874014
21
-5.4481467322834645
0
LINE
8
BLACK
6
CONTINUOUS
10
7.5241337007874014
20
-5.4481467322834645
11
7.5275236220472443
21
-5.4474724409448818
0
LINE
8
BLACK
6
CONTINUOUS
10
7.5275236220472443
20
-5.4474724409448818
11
7.5452401574803147
21
-5.4474724409448818
0
LINE
8
BLACK
6
CONTINUOUS
10
7.5452401574803147
20
-5.4474724409448818
11
7.5486300787401577
21
-5.4481467322834645
0
LINE
8
BLACK
6
CONTINUOUS
10
7.6785513385826771
20
-5.4481467322834645
11
7.681425157480315
21
-5.4500669685039371
0
LINE
8
BLACK
6
CONTINUOUS
10
7.681425157480315
20
-5.4500669685039371
11
7.6833453937007876
21
-5.452940787401575
0
LINE
8
BLACK
6
CONTINUOUS
10
7.6833453937007876
20
-5.452940787401575
11
7.6840196850393703
21
-5.456330708661417
0
LINE
8
BLACK
6
CONTINUOUS
10
7.6840196850393703
20
-5.456330708661417
11
7.6840196850393703
21
-5.4651889763779522
0
LINE
8
BLACK
6
CONTINUOUS
10
7.6840196850393703
20
-5.4651889763779522
11
7.7659094488188973
21
-5.4651889763779522
0
LINE
8
BLACK
6
CONTINUOUS
10
7.7659094488188973
20
-5.4651889763779522
11
7.7665874409448818
21
-5.4653238188976374
0
LINE
8
BLACK
6
CONTINUOUS
10
7.7665874409448818
20
-5.4653238188976374
11
7.7671622047244089
21
-5.4657078740157479
0
LINE
8
BLACK
6
CONTINUOUS
10
7.7671622047244089
20
-5.4657078740157479
11
7.7675462598425193
21
-5.4662826377952758
0
LINE
8
BLACK
6
CONTINUOUS
10
7.7675462598425193
20
-5.4662826377952758
11
7.7676811023622045
21
-5.4669606299212594
0
LINE
8
BLACK
6
CONTINUOUS
10
7.7676811023622045
20
-5.4669606299212594
11
7.7676811023622045
21
-5.4752283464566931
0
LINE
8
BLACK
6
CONTINUOUS
10
7.7676811023622045
20
-5.4752283464566931
11
7.7675462598425193
21
-5.4759063385826767
0
LINE
8
BLACK
6
CONTINUOUS
10
7.7675462598425193
20
-5.4759063385826767
11
7.7671622047244089
21
-5.4764811023622046
0
LINE
8
BLACK
6
CONTINUOUS
10
7.7671622047244089
20
-5.4764811023622046
11
7.7665874409448818
21
-5.4768651574803151
0
LINE
8
BLACK
6
CONTINUOUS
10
7.7665874409448818
20
-5.4768651574803151
11
7.7659094488188973
21
-5.4770000000000003
0
LINE
8
BLACK
6
CONTINUOUS
10
7.7659094488188973
20
-5.4770000000000003
11
7.6840196850393703
21
-5.4770000000000003
0
LINE
8
BLACK
6
CONTINUOUS
10
7.6840196850393703
20
-5.4770000000000003
11
7.6840196850393703
21
-5.4858582677165355
0
LINE
8
BLACK
6
CONTINUOUS
10
7.6840196850393703
20
-5.4858582677165355
11
7.6833453937007876
21
-5.4892481889763776
0
LINE
8
BLACK
6
CONTINUOUS
10
7.6833453937007876
20
-5.4892481889763776
11
7.681425157480315
21
-5.4921220078740154
0
LINE
8
BLACK
6
CONTINUOUS
10
7.681425157480315
20
-5.4921220078740154
11
7.6785513385826771
21
-5.494042244094488
0
LINE
8
BLACK
6
CONTINUOUS
10
7.6785513385826771
20
-5.494042244094488
11
7.6751614173228342
21
-5.4947165354330707
0
LINE
8
BLACK
6
CONTINUOUS
10
7.6751614173228342
20
-5.4947165354330707
11
7.6574448818897638
21
-5.4947165354330707
0
LINE
8
BLACK
6
CONTINUOUS
10
7.6574448818897638
20
-5.4947165354330707
11
7.6540549606299209
21
-5.494042244094488
0
LINE
8
BLACK
6
CONTINUOUS
10
7.6540549606299209
20
-5.494042244094488
11
7.651181141732283
21
-5.4921220078740154
0
LINE
8
BLACK
6
CONTINUOUS
10
7.651181141732283
20
-5.4921220078740154
11
7.6492609055118113
21
-5.4892481889763776
0
LINE
8
BLACK
6
CONTINUOUS
10
7.6492609055118113
20
-5.4892481889763776
11
7.6485866141732286
21
-5.4858582677165355
0
LINE
8
BLACK
6
CONTINUOUS
10
7.6485866141732286
20
-5.4858582677165355
11
7.6485866141732286
21
-5.456330708661417
0
LINE
8
BLACK
6
CONTINUOUS
10
7.6485866141732286
20
-5.456330708661417
11
7.6492609055118113
21
-5.452940787401575
0
LINE
8
BLACK
6
CONTINUOUS
10
7.6492609055118113
20
-5.452940787401575
11
7.651181141732283
21
-5.4500669685039371
0
LINE
8
BLACK
6
CONTINUOUS
10
7.651181141732283
20
-5.4500669685039371
11
7.6540549606299209
21
-5.4481467322834645
0
LINE
8
BLACK
6
CONTINUOUS
10
7.6540549606299209
20
-5.4481467322834645
11
7.6574448818897638
21
-5.4474724409448818
0
LINE
8
BLACK
6
CONTINUOUS
10
7.6574448818897638
20
-5.4474724409448818
11
7.6751614173228342
21
-5.4474724409448818
0
LINE
8
BLACK
6
CONTINUOUS
10
7.6751614173228342
20
-5.4474724409448818
11
7.6785513385826771
21
-5.4481467322834645
0
LINE
8
BLACK
6
CONTINUOUS
10
11.5041418897637797
20
-5.4131073622047241
11
11.5070157086614167
21
-5.4150275984251968
0
LINE
8
BLACK
6
CONTINUOUS
10
11.5070157086614167
20
-5.4150275984251968
11
11.5089359448818893
21
-5.4179014173228346
0
LINE
8
BLACK
6
CONTINUOUS
10
11.5089359448818893
20
-5.4179014173228346
11
11.5096102362204729
21
-5.4212913385826766
0
LINE
8
BLACK
6
CONTINUOUS
10
11.5096102362204729
20
-5.4212913385826766
11
11.5096102362204729
21
-5.4508188976377951
0
LINE
8
BLACK
6
CONTINUOUS
10
11.5096102362204729
20
-5.4508188976377951
11
11.5089359448818893
21
-5.4542088188976381
0
LINE
8
BLACK
6
CONTINUOUS
10
11.5089359448818893
20
-5.4542088188976381
11
11.5070157086614167
21
-5.457082637795275
0
LINE
8
BLACK
6
CONTINUOUS
10
11.5070157086614167
20
-5.457082637795275
11
11.5041418897637797
21
-5.4590028740157477
0
LINE
8
BLACK
6
CONTINUOUS
10
11.5041418897637797
20
-5.4590028740157477
11
11.5007519685039359
21
-5.4596771653543303
0
LINE
8
BLACK
6
CONTINUOUS
10
11.5007519685039359
20
-5.4596771653543303
11
11.4830354330708655
21
-5.4596771653543303
0
LINE
8
BLACK
6
CONTINUOUS
10
11.4830354330708655
20
-5.4596771653543303
11
11.4796455118110234
21
-5.4590028740157477
0
LINE
8
BLACK
6
CONTINUOUS
10
11.4796455118110234
20
-5.4590028740157477
11
11.4767716929133847
21
-5.457082637795275
0
LINE
8
BLACK
6
CONTINUOUS
10
11.4767716929133847
20
-5.457082637795275
11
11.4748514566929138
21
-5.4542088188976381
0
LINE
8
BLACK
6
CONTINUOUS
10
11.4748514566929138
20
-5.4542088188976381
11
11.4741771653543303
21
-5.4508188976377951
0
LINE
8
BLACK
6
CONTINUOUS
10
11.4741771653543303
20
-5.4508188976377951
11
11.4741771653543303
21
-5.44196062992126
0
LINE
8
BLACK
6
CONTINUOUS
10
11.4741771653543303
20
-5.44196062992126
11
11.3873661417322829
21
-5.44196062992126
0
LINE
8
BLACK
6
CONTINUOUS
10
11.3873661417322829
20
-5.44196062992126
11
11.3866881496062984
21
-5.4418257874015747
0
LINE
8
BLACK
6
CONTINUOUS
10
11.3866881496062984
20
-5.4418257874015747
11
11.3861133858267713
21
-5.4414417322834643
0
LINE
8
BLACK
6
CONTINUOUS
10
11.3861133858267713
20
-5.4414417322834643
11
11.3857293307086618
21
-5.4408669685039373
0
LINE
8
BLACK
6
CONTINUOUS
10
11.3857293307086618
20
-5.4408669685039373
11
11.3855944881889766
21
-5.4401889763779527
0
LINE
8
BLACK
6
CONTINUOUS
10
11.3855944881889766
20
-5.4401889763779527
11
11.3855944881889766
21
-5.4319212598425199
0
LINE
8
BLACK
6
CONTINUOUS
10
11.3855944881889766
20
-5.4319212598425199
11
11.3857293307086618
21
-5.4312432677165354
0
LINE
8
BLACK
6
CONTINUOUS
10
11.3857293307086618
20
-5.4312432677165354
11
11.3861133858267713
21
-5.4306685039370075
0
LINE
8
BLACK
6
CONTINUOUS
10
11.3861133858267713
20
-5.4306685039370075
11
11.3866881496062984
21
-5.4302844488188979
0
LINE
8
BLACK
6
CONTINUOUS
10
11.3866881496062984
20
-5.4302844488188979
11
11.3873661417322829
21
-5.4301496062992127
0
LINE
8
BLACK
6
CONTINUOUS
10
11.3873661417322829
20
-5.4301496062992127
11
11.4741771653543303
21
-5.4301496062992127
0
LINE
8
BLACK
6
CONTINUOUS
10
11.4741771653543303
20
-5.4301496062992127
11
11.4741771653543303
21
-5.4212913385826766
0
LINE
8
BLACK
6
CONTINUOUS
10
11.4741771653543303
20
-5.4212913385826766
11
11.4748514566929138
21
-5.4179014173228346
0
LINE
8
BLACK
6
CONTINUOUS
10
11.4748514566929138
20
-5.4179014173228346
11
11.4767716929133847
21
-5.4150275984251968
0
LINE
8
BLACK
6
CONTINUOUS
10
11.4767716929133847
20
-5.4150275984251968
11
11.4796455118110234
21
-5.4131073622047241
0
LINE
8
BLACK
6
CONTINUOUS
10
11.4796455118110234
20
-5.4131073622047241
11
11.4830354330708655
21
-5.4124330708661414
0
LINE
8
BLACK
6
CONTINUOUS
10
11.4830354330708655
20
-5.4124330708661414
11
11.5007519685039359
21
-5.4124330708661414
0
LINE
8
BLACK
6
CONTINUOUS
10
11.5007519685039359
20
-5.4124330708661414
11
11.5041418897637797
21
-5.4131073622047241
0
LINE
8
BLACK
6
CONTINUOUS
10
11.6340631496062983
20
-5.4131073622047241
11
11.636936968503937
21
-5.4150275984251968
0
LINE
8
BLACK
6
CONTINUOUS
10
11.636936968503937
20
-5.4150275984251968
11
11.6388572047244097
21
-5.4179014173228346
0
LINE
8
BLACK
6
CONTINUOUS
10
11.6388572047244097
20
-5.4179014173228346
11
11.6395314960629914
21
-5.4212913385826766
0
LINE
8
BLACK
6
CONTINUOUS
10
11.6395314960629914
20
-5.4212913385826766
11
11.6395314960629914
21
-5.4301496062992127
0
LINE
8
BLACK
6
CONTINUOUS
10
11.6395314960629914
20
-5.4301496062992127
11
11.7214212598425203
21
-5.4301496062992127
0
LINE
8
BLACK
6
CONTINUOUS
10
11.7214212598425203
20
-5.4301496062992127
11
11.722099251968503
21
-5.4302844488188979
0
LINE
8
BLACK
6
CONTINUOUS
10
11.722099251968503
20
-5.4302844488188979
11
11.7226740157480318
21
-5.4306685039370075
0
LINE
8
BLACK
6
CONTINUOUS
10
11.7226740157480318
20
-5.4306685039370075
11
11.7230580708661414
21
-5.4312432677165354
0
LINE
8
BLACK
6
CONTINUOUS
10
11.7230580708661414
20
-5.4312432677165354
11
11.7231929133858266
21
-5.4319212598425199
0
LINE
8
BLACK
6
CONTINUOUS
10
11.7231929133858266
20
-5.4319212598425199
11
11.7231929133858266
21
-5.4401889763779527
0
LINE
8
BLACK
6
CONTINUOUS
10
11.7231929133858266
20
-5.4401889763779527
11
11.7230580708661414
21
-5.4408669685039373
0
LINE
8
BLACK
6
CONTINUOUS
10
11.7230580708661414
20
-5.4408669685039373
11
11.7226740157480318
21
-5.4414417322834643
0
LINE
8
BLACK
6
CONTINUOUS
10
11.7226740157480318
20
-5.4414417322834643
11
11.722099251968503
21
-5.4418257874015747
0
LINE
8
BLACK
6
CONTINUOUS
10
11.722099251968503
20
-5.4418257874015747
11
11.7214212598425203
21
-5.44196062992126
0
LINE
8
BLACK
6
CONTINUOUS
10
11.7214212598425203
20
-5.44196062992126
11
11.6395314960629914
21
-5.44196062992126
0
LINE
8
BLACK
6
CONTINUOUS
10
11.6395314960629914
20
-5.44196062992126
11
11.6395314960629914
21
-5.4508188976377951
0
LINE
8
BLACK
6
CONTINUOUS
10
11.6395314960629914
20
-5.4508188976377951
11
11.6388572047244097
21
-5.4542088188976381
0
LINE
8
BLACK
6
CONTINUOUS
10
11.6388572047244097
20
-5.4542088188976381
11
11.636936968503937
21
-5.457082637795275
0
LINE
8
BLACK
6
CONTINUOUS
10
11.636936968503937
20
-5.457082637795275
11
11.6340631496062983
21
-5.4590028740157477
0
LINE
8
BLACK
6
CONTINUOUS
10
11.6340631496062983
20
-5.4590028740157477
11
11.6306732283464562
21
-5.4596771653543303
0
LINE
8
BLACK
6
CONTINUOUS
10
11.6306732283464562
20
-5.4596771653543303
11
11.6129566929133858
21
-5.4596771653543303
0
LINE
8
BLACK
6
CONTINUOUS
10
11.6129566929133858
20
-5.4596771653543303
11
11.6095667716535438
21
-5.4590028740157477
0
LINE
8
BLACK
6
CONTINUOUS
10
11.6095667716535438
20
-5.4590028740157477
11
11.6066929527559051
21
-5.457082637795275
0
LINE
8
BLACK
6
CONTINUOUS
10
11.6066929527559051
20
-5.457082637795275
11
11.6047727165354324
21
-5.4542088188976381
0
LINE
8
BLACK
6
CONTINUOUS
10
11.6047727165354324
20
-5.4542088188976381
11
11.6040984251968506
21
-5.4508188976377951
0
LINE
8
BLACK
6
CONTINUOUS
10
11.6040984251968506
20
-5.4508188976377951
11
11.6040984251968506
21
-5.4212913385826766
0
LINE
8
BLACK
6
CONTINUOUS
10
11.6040984251968506
20
-5.4212913385826766
11
11.6047727165354324
21
-5.4179014173228346
0
LINE
8
BLACK
6
CONTINUOUS
10
11.6047727165354324
20
-5.4179014173228346
11
11.6066929527559051
21
-5.4150275984251968
0
LINE
8
BLACK
6
CONTINUOUS
10
11.6066929527559051
20
-5.4150275984251968
11
11.6095667716535438
21
-5.4131073622047241
0
LINE
8
BLACK
6
CONTINUOUS
10
11.6095667716535438
20
-5.4131073622047241
11
11.6129566929133858
21
-5.4124330708661414
0
LINE
8
BLACK
6
CONTINUOUS
10
11.6129566929133858
20
-5.4124330708661414
11
11.6306732283464562
21
-5.4124330708661414
0
LINE
8
BLACK
6
CONTINUOUS
10
11.6306732283464562
20
-5.4124330708661414
11
11.6340631496062983
21
-5.4131073622047241
0
LINE
8
BLACK
6
CONTINUOUS
10
9.9312835826771657
20
-5.4172796062992123
11
9.842108070866141
21
-5.4330036614173229
0
LINE
8
BLACK
6
CONTINUOUS
10
9.842108070866141
20
-5.4330036614173229
11
9.8284349999999989
21
-5.3554597637795274
0
LINE
8
BLACK
6
CONTINUOUS
10
9.8284349999999989
20
-5.3554597637795274
11
9.9176105118110236
21
-5.3397357086614168
0
LINE
8
BLACK
6
CONTINUOUS
10
9.9176105118110236
20
-5.3397357086614168
11
9.9312835826771657
21
-5.4172796062992123
0
LINE
8
BLACK
6
CONTINUOUS
10
3.2946930708661415
20
-5.3694065748031496
11
3.2975668897637793
21
-5.3713268110236223
0
LINE
8
BLACK
6
CONTINUOUS
10
3.2975668897637793
20
-5.3713268110236223
11
3.299487125984252
21
-5.3742006299212601
0
LINE
8
BLACK
6
CONTINUOUS
10
3.299487125984252
20
-5.3742006299212601
11
3.3001614173228346
21
-5.3775905511811022
0
LINE
8
BLACK
6
CONTINUOUS
10
3.3001614173228346
20
-5.3775905511811022
11
3.3001614173228346
21
-5.4071181102362207
0
LINE
8
BLACK
6
CONTINUOUS
10
3.3001614173228346
20
-5.4071181102362207
11
3.299487125984252
21
-5.4105080314960627
0
LINE
8
BLACK
6
CONTINUOUS
10
3.299487125984252
20
-5.4105080314960627
11
3.2975668897637793
21
-5.4133818503937006
0
LINE
8
BLACK
6
CONTINUOUS
10
3.2975668897637793
20
-5.4133818503937006
11
3.2946930708661415
21
-5.4153020866141732
0
LINE
8
BLACK
6
CONTINUOUS
10
3.2946930708661415
20
-5.4153020866141732
11
3.291303149606299
21
-5.4159763779527559
0
LINE
8
BLACK
6
CONTINUOUS
10
3.291303149606299
20
-5.4159763779527559
11
3.2735866141732282
21
-5.4159763779527559
0
LINE
8
BLACK
6
CONTINUOUS
10
3.2735866141732282
20
-5.4159763779527559
11
3.2701966929133857
21
-5.4153020866141732
0
LINE
8
BLACK
6
CONTINUOUS
10
3.2701966929133857
20
-5.4153020866141732
11
3.2673228740157478
21
-5.4133818503937006
0
LINE
8
BLACK
6
CONTINUOUS
10
3.2673228740157478
20
-5.4133818503937006
11
3.2654026377952756
21
-5.4105080314960627
0
LINE
8
BLACK
6
CONTINUOUS
10
3.2654026377952756
20
-5.4105080314960627
11
3.264728346456693
21
-5.4071181102362207
0
LINE
8
BLACK
6
CONTINUOUS
10
3.264728346456693
20
-5.4071181102362207
11
3.264728346456693
21
-5.3982598425196846
0
LINE
8
BLACK
6
CONTINUOUS
10
3.264728346456693
20
-5.3982598425196846
11
3.1779173228346456
21
-5.3982598425196846
0
LINE
8
BLACK
6
CONTINUOUS
10
3.1779173228346456
20
-5.3982598425196846
11
3.1772393307086615
21
-5.3981250000000003
0
LINE
8
BLACK
6
CONTINUOUS
10
3.1772393307086615
20
-5.3981250000000003
11
3.1766645669291336
21
-5.3977409448818898
0
LINE
8
BLACK
6
CONTINUOUS
10
3.1766645669291336
20
-5.3977409448818898
11
3.1762805118110236
21
-5.3971661811023619
0
LINE
8
BLACK
6
CONTINUOUS
10
3.1762805118110236
20
-5.3971661811023619
11
3.1761456692913383
21
-5.3964881889763774
0
LINE
8
BLACK
6
CONTINUOUS
10
3.1761456692913383
20
-5.3964881889763774
11
3.1761456692913383
21
-5.3882204724409446
0
LINE
8
BLACK
6
CONTINUOUS
10
3.1761456692913383
20
-5.3882204724409446
11
3.1762805118110236
21
-5.3875424803149601
0
LINE
8
BLACK
6
CONTINUOUS
10
3.1762805118110236
20
-5.3875424803149601
11
3.1766645669291336
21
-5.386967716535433
0
LINE
8
BLACK
6
CONTINUOUS
10
3.1766645669291336
20
-5.386967716535433
11
3.1772393307086615
21
-5.3865836614173226
0
LINE
8
BLACK
6
CONTINUOUS
10
3.1772393307086615
20
-5.3865836614173226
11
3.1779173228346456
21
-5.3864488188976374
0
LINE
8
BLACK
6
CONTINUOUS
10
3.1779173228346456
20
-5.3864488188976374
11
3.264728346456693
21
-5.3864488188976374
0
LINE
8
BLACK
6
CONTINUOUS
10
3.264728346456693
20
-5.3864488188976374
11
3.264728346456693
21
-5.3775905511811022
0
LINE
8
BLACK
6
CONTINUOUS
10
3.264728346456693
20
-5.3775905511811022
11
3.2654026377952756
21
-5.3742006299212601
0
LINE
8
BLACK
6
CONTINUOUS
10
3.2654026377952756
20
-5.3742006299212601
11
3.2673228740157478
21
-5.3713268110236223
0
LINE
8
BLACK
6
CONTINUOUS
10
3.2673228740157478
20
-5.3713268110236223
11
3.2701966929133857
21
-5.3694065748031496
0
LINE
8
BLACK
6
CONTINUOUS
10
3.2701966929133857
20
-5.3694065748031496
11
3.2735866141732282
21
-5.368732283464567
0
LINE
8
BLACK
6
CONTINUOUS
10
3.2735866141732282
20
-5.368732283464567
11
3.291303149606299
21
-5.368732283464567
0
LINE
8
BLACK
6
CONTINUOUS
10
3.291303149606299
20
-5.368732283464567
11
3.2946930708661415
21
-5.3694065748031496
0
LINE
8
BLACK
6
CONTINUOUS
10
3.4246143307086614
20
-5.3694065748031496
11
3.4274881496062992
21
-5.3713268110236223
0
LINE
8
BLACK
6
CONTINUOUS
10
3.4274881496062992
20
-5.3713268110236223
11
3.4294083858267714
21
-5.3742006299212601
0
LINE
8
BLACK
6
CONTINUOUS
10
3.4294083858267714
20
-5.3742006299212601
11
3.4300826771653541
21
-5.3775905511811022
0
LINE
8
BLACK
6
CONTINUOUS
10
3.4300826771653541
20
-5.3775905511811022
11
3.4300826771653541
21
-5.3864488188976374
0
LINE
8
BLACK
6
CONTINUOUS
10
3.4300826771653541
20
-5.3864488188976374
11
3.5119724409448816
21
-5.3864488188976374
0
LINE
8
BLACK
6
CONTINUOUS
10
3.5119724409448816
20
-5.3864488188976374
11
3.5126504330708661
21
-5.3865836614173226
0
LINE
8
BLACK
6
CONTINUOUS
10
3.5126504330708661
20
-5.3865836614173226
11
3.5132251968503936
21
-5.386967716535433
0
LINE
8
BLACK
6
CONTINUOUS
10
3.5132251968503936
20
-5.386967716535433
11
3.513609251968504
21
-5.3875424803149601
0
LINE
8
BLACK
6
CONTINUOUS
10
3.513609251968504
20
-5.3875424803149601
11
3.5137440944881888
21
-5.3882204724409446
0
LINE
8
BLACK
6
CONTINUOUS
10
3.5137440944881888
20
-5.3882204724409446
11
3.5137440944881888
21
-5.3964881889763774
0
LINE
8
BLACK
6
CONTINUOUS
10
3.5137440944881888
20
-5.3964881889763774
11
3.513609251968504
21
-5.3971661811023619
0
LINE
8
BLACK
6
CONTINUOUS
10
3.513609251968504
20
-5.3971661811023619
11
3.5132251968503936
21
-5.3977409448818898
0
LINE
8
BLACK
6
CONTINUOUS
10
3.5132251968503936
20
-5.3977409448818898
11
3.5126504330708661
21
-5.3981250000000003
0
LINE
8
BLACK
6
CONTINUOUS
10
3.5126504330708661
20
-5.3981250000000003
11
3.5119724409448816
21
-5.3982598425196846
0
LINE
8
BLACK
6
CONTINUOUS
10
3.5119724409448816
20
-5.3982598425196846
11
3.4300826771653541
21
-5.3982598425196846
0
LINE
8
BLACK
6
CONTINUOUS
10
3.4300826771653541
20
-5.3982598425196846
11
3.4300826771653541
21
-5.4071181102362207
0
LINE
8
BLACK
6
CONTINUOUS
10
3.4300826771653541
20
-5.4071181102362207
11
3.4294083858267714
21
-5.4105080314960627
0
LINE
8
BLACK
6
CONTINUOUS
10
3.4294083858267714
20
-5.4105080314960627
11
3.4274881496062992
21
-5.4133818503937006
0
LINE
8
BLACK
6
CONTINUOUS
10
3.4274881496062992
20
-5.4133818503937006
11
3.4246143307086614
21
-5.4153020866141732
0
LINE
8
BLACK
6
CONTINUOUS
10
3.4246143307086614
20
-5.4153020866141732
11
3.4212244094488189
21
-5.4159763779527559
0
LINE
8
BLACK
6
CONTINUOUS
10
3.4212244094488189
20
-5.4159763779527559
11
3.4035078740157481
21
-5.4159763779527559
0
LINE
8
BLACK
6
CONTINUOUS
10
3.4035078740157481
20
-5.4159763779527559
11
3.4001179527559056
21
-5.4153020866141732
0
LINE
8
BLACK
6
CONTINUOUS
10
3.4001179527559056
20
-5.4153020866141732
11
3.3972441338582677
21
-5.4133818503937006
0
LINE
8
BLACK
6
CONTINUOUS
10
3.3972441338582677
20
-5.4133818503937006
11
3.3953238976377951
21
-5.4105080314960627
0
LINE
8
BLACK
6
CONTINUOUS
10
3.3953238976377951
20
-5.4105080314960627
11
3.3946496062992124
21
-5.4071181102362207
0
LINE
8
BLACK
6
CONTINUOUS
10
3.3946496062992124
20
-5.4071181102362207
11
3.3946496062992124
21
-5.3775905511811022
0
LINE
8
BLACK
6
CONTINUOUS
10
3.3946496062992124
20
-5.3775905511811022
11
3.3953238976377951
21
-5.3742006299212601
0
LINE
8
BLACK
6
CONTINUOUS
10
3.3953238976377951
20
-5.3742006299212601
11
3.3972441338582677
21
-5.3713268110236223
0
LINE
8
BLACK
6
CONTINUOUS
10
3.3972441338582677
20
-5.3713268110236223
11
3.4001179527559056
21
-5.3694065748031496
0
LINE
8
BLACK
6
CONTINUOUS
10
3.4001179527559056
20
-5.3694065748031496
11
3.4035078740157481
21
-5.368732283464567
0
LINE
8
BLACK
6
CONTINUOUS
10
3.4035078740157481
20
-5.368732283464567
11
3.4212244094488189
21
-5.368732283464567
0
LINE
8
BLACK
6
CONTINUOUS
10
3.4212244094488189
20
-5.368732283464567
11
3.4246143307086614
21
-5.3694065748031496
0
LINE
8
BLACK
6
CONTINUOUS
10
10.1799255905511803
20
-5.3990214566929131
11
10.0907500787401574
21
-5.4147455118110237
0
LINE
8
BLACK
6
CONTINUOUS
10
10.0907500787401574
20
-5.4147455118110237
11
10.0770770078740153
21
-5.3372016141732281
0
LINE
8
BLACK
6
CONTINUOUS
10
10.0770770078740153
20
-5.3372016141732281
11
10.16625251968504
21
-5.3214775590551175
0
LINE
8
BLACK
6
CONTINUOUS
10
10.16625251968504
20
-5.3214775590551175
11
10.1799255905511803
21
-5.3990214566929131
0
LINE
8
BLACK
6
CONTINUOUS
10
4.0446930708661419
20
-5.3438160236220469
11
4.0475668897637798
21
-5.3457362598425195
0
LINE
8
BLACK
6
CONTINUOUS
10
4.0475668897637798
20
-5.3457362598425195
11
4.0494871259842515
21
-5.3486100787401574
0
LINE
8
BLACK
6
CONTINUOUS
10
4.0494871259842515
20
-5.3486100787401574
11
4.0501614173228342
21
-5.3520000000000003
0
LINE
8
BLACK
6
CONTINUOUS
10
4.0501614173228342
20
-5.3520000000000003
11
4.0501614173228342
21
-5.3815275590551179
0
LINE
8
BLACK
6
CONTINUOUS
10
4.0501614173228342
20
-5.3815275590551179
11
4.0494871259842515
21
-5.3849174803149609
0
LINE
8
BLACK
6
CONTINUOUS
10
4.0494871259842515
20
-5.3849174803149609
11
4.0475668897637798
21
-5.3877912992125987
0
LINE
8
BLACK
6
CONTINUOUS
10
4.0475668897637798
20
-5.3877912992125987
11
4.0446930708661419
21
-5.3897115354330705
0
LINE
8
BLACK
6
CONTINUOUS
10
4.0446930708661419
20
-5.3897115354330705
11
4.041303149606299
21
-5.3903858267716531
0
LINE
8
BLACK
6
CONTINUOUS
10
4.041303149606299
20
-5.3903858267716531
11
4.0235866141732286
21
-5.3903858267716531
0
LINE
8
BLACK
6
CONTINUOUS
10
4.0235866141732286
20
-5.3903858267716531
11
4.0201966929133857
21
-5.3897115354330705
0
LINE
8
BLACK
6
CONTINUOUS
10
4.0201966929133857
20
-5.3897115354330705
11
4.0173228740157478
21
-5.3877912992125987
0
LINE
8
BLACK
6
CONTINUOUS
10
4.0173228740157478
20
-5.3877912992125987
11
4.0154026377952752
21
-5.3849174803149609
0
LINE
8
BLACK
6
CONTINUOUS
10
4.0154026377952752
20
-5.3849174803149609
11
4.0147283464566925
21
-5.3815275590551179
0
LINE
8
BLACK
6
CONTINUOUS
10
4.0147283464566925
20
-5.3815275590551179
11
4.0147283464566925
21
-5.3726692913385827
0
LINE
8
BLACK
6
CONTINUOUS
10
4.0147283464566925
20
-5.3726692913385827
11
3.9279173228346456
21
-5.3726692913385827
0
LINE
8
BLACK
6
CONTINUOUS
10
3.9279173228346456
20
-5.3726692913385827
11
3.9272393307086615
21
-5.3725344488188975
0
LINE
8
BLACK
6
CONTINUOUS
10
3.9272393307086615
20
-5.3725344488188975
11
3.9266645669291336
21
-5.3721503937007871
0
LINE
8
BLACK
6
CONTINUOUS
10
3.9266645669291336
20
-5.3721503937007871
11
3.9262805118110236
21
-5.37157562992126
0
LINE
8
BLACK
6
CONTINUOUS
10
3.9262805118110236
20
-5.37157562992126
11
3.9261456692913383
21
-5.3708976377952755
0
LINE
8
BLACK
6
CONTINUOUS
10
3.9261456692913383
20
-5.3708976377952755
11
3.9261456692913383
21
-5.3626299212598427
0
LINE
8
BLACK
6
CONTINUOUS
10
3.9261456692913383
20
-5.3626299212598427
11
3.9262805118110236
21
-5.3619519291338582
0
LINE
8
BLACK
6
CONTINUOUS
10
3.9262805118110236
20
-5.3619519291338582
11
3.9266645669291336
21
-5.3613771653543303
0
LINE
8
BLACK
6
CONTINUOUS
10
3.9266645669291336
20
-5.3613771653543303
11
3.9272393307086615
21
-5.3609931102362207
0
LINE
8
BLACK
6
CONTINUOUS
10
3.9272393307086615
20
-5.3609931102362207
11
3.9279173228346456
21
-5.3608582677165355
0
LINE
8
BLACK
6
CONTINUOUS
10
3.9279173228346456
20
-5.3608582677165355
11
4.0147283464566925
21
-5.3608582677165355
0
LINE
8
BLACK
6
CONTINUOUS
10
4.0147283464566925
20
-5.3608582677165355
11
4.0147283464566925
21
-5.3520000000000003
0
LINE
8
BLACK
6
CONTINUOUS
10
4.0147283464566925
20
-5.3520000000000003
11
4.0154026377952752
21
-5.3486100787401574
0
LINE
8
BLACK
6
CONTINUOUS
10
4.0154026377952752
20
-5.3486100787401574
11
4.0173228740157478
21
-5.3457362598425195
0
LINE
8
BLACK
6
CONTINUOUS
10
4.0173228740157478
20
-5.3457362598425195
11
4.0201966929133857
21
-5.3438160236220469
0
LINE
8
BLACK
6
CONTINUOUS
10
4.0201966929133857
20
-5.3438160236220469
11
4.0235866141732286
21
-5.3431417322834642
0
LINE
8
BLACK
6
CONTINUOUS
10
4.0235866141732286
20
-5.3431417322834642
11
4.041303149606299
21
-5.3431417322834642
0
LINE
8
BLACK
6
CONTINUOUS
10
4.041303149606299
20
-5.3431417322834642
11
4.0446930708661419
21
-5.3438160236220469
0
LINE
8
BLACK
6
CONTINUOUS
10
4.1746143307086614
20
-5.3438160236220469
11
4.1774881496062992
21
-5.3457362598425195
0
LINE
8
BLACK
6
CONTINUOUS
10
4.1774881496062992
20
-5.3457362598425195
11
4.1794083858267719
21
-5.3486100787401574
0
LINE
8
BLACK
6
CONTINUOUS
10
4.1794083858267719
20
-5.3486100787401574
11
4.1800826771653545
21
-5.3520000000000003
0
LINE
8
BLACK
6
CONTINUOUS
10
4.1800826771653545
20
-5.3520000000000003
11
4.1800826771653545
21
-5.3608582677165355
0
LINE
8
BLACK
6
CONTINUOUS
10
4.1800826771653545
20
-5.3608582677165355
11
4.2619724409448816
21
-5.3608582677165355
0
LINE
8
BLACK
6
CONTINUOUS
10
4.2619724409448816
20
-5.3608582677165355
11
4.2626504330708661
21
-5.3609931102362207
0
LINE
8
BLACK
6
CONTINUOUS
10
4.2626504330708661
20
-5.3609931102362207
11
4.263225196850394
21
-5.3613771653543303
0
LINE
8
BLACK
6
CONTINUOUS
10
4.263225196850394
20
-5.3613771653543303
11
4.2636092519685036
21
-5.3619519291338582
0
LINE
8
BLACK
6
CONTINUOUS
10
4.2636092519685036
20
-5.3619519291338582
11
4.2637440944881888
21
-5.3626299212598427
0
LINE
8
BLACK
6
CONTINUOUS
10
4.2637440944881888
20
-5.3626299212598427
11
4.2637440944881888
21
-5.3708976377952755
0
LINE
8
BLACK
6
CONTINUOUS
10
4.2637440944881888
20
-5.3708976377952755
11
4.2636092519685036
21
-5.37157562992126
0
LINE
8
BLACK
6
CONTINUOUS
10
4.2636092519685036
20
-5.37157562992126
11
4.263225196850394
21
-5.3721503937007871
0
LINE
8
BLACK
6
CONTINUOUS
10
4.263225196850394
20
-5.3721503937007871
11
4.2626504330708661
21
-5.3725344488188975
0
LINE
8
BLACK
6
CONTINUOUS
10
4.2626504330708661
20
-5.3725344488188975
11
4.2619724409448816
21
-5.3726692913385827
0
LINE
8
BLACK
6
CONTINUOUS
10
4.2619724409448816
20
-5.3726692913385827
11
4.1800826771653545
21
-5.3726692913385827
0
LINE
8
BLACK
6
CONTINUOUS
10
4.1800826771653545
20
-5.3726692913385827
11
4.1800826771653545
21
-5.3815275590551179
0
LINE
8
BLACK
6
CONTINUOUS
10
4.1800826771653545
20
-5.3815275590551179
11
4.1794083858267719
21
-5.3849174803149609
0
LINE
8
BLACK
6
CONTINUOUS
10
4.1794083858267719
20
-5.3849174803149609
11
4.1774881496062992
21
-5.3877912992125987
0
LINE
8
BLACK
6
CONTINUOUS
10
4.1774881496062992
20
-5.3877912992125987
11
4.1746143307086614
21
-5.3897115354330705
0
LINE
8
BLACK
6
CONTINUOUS
10
4.1746143307086614
20
-5.3897115354330705
11
4.1712244094488184
21
-5.3903858267716531
0
LINE
8
BLACK
6
CONTINUOUS
10
4.1712244094488184
20
-5.3903858267716531
11
4.1535078740157481
21
-5.3903858267716531
0
LINE
8
BLACK
6
CONTINUOUS
10
4.1535078740157481
20
-5.3903858267716531
11
4.1501179527559051
21
-5.3897115354330705
0
LINE
8
BLACK
6
CONTINUOUS
10
4.1501179527559051
20
-5.3897115354330705
11
4.1472441338582673
21
-5.3877912992125987
0
LINE
8
BLACK
6
CONTINUOUS
10
4.1472441338582673
20
-5.3877912992125987
11
4.1453238976377955
21
-5.3849174803149609
0
LINE
8
BLACK
6
CONTINUOUS
10
4.1453238976377955
20
-5.3849174803149609
11
4.1446496062992129
21
-5.3815275590551179
0
LINE
8
BLACK
6
CONTINUOUS
10
4.1446496062992129
20
-5.3815275590551179
11
4.1446496062992129
21
-5.3520000000000003
0
LINE
8
BLACK
6
CONTINUOUS
10
4.1446496062992129
20
-5.3520000000000003
11
4.1453238976377955
21
-5.3486100787401574
0
LINE
8
BLACK
6
CONTINUOUS
10
4.1453238976377955
20
-5.3486100787401574
11
4.1472441338582673
21
-5.3457362598425195
0
LINE
8
BLACK
6
CONTINUOUS
10
4.1472441338582673
20
-5.3457362598425195
11
4.1501179527559051
21
-5.3438160236220469
0
LINE
8
BLACK
6
CONTINUOUS
10
4.1501179527559051
20
-5.3438160236220469
11
4.1535078740157481
21
-5.3431417322834642
0
LINE
8
BLACK
6
CONTINUOUS
10
4.1535078740157481
20
-5.3431417322834642
11
4.1712244094488184
21
-5.3431417322834642
0
LINE
8
BLACK
6
CONTINUOUS
10
4.1712244094488184
20
-5.3431417322834642
11
4.1746143307086614
21
-5.3438160236220469
0
LINE
8
BLACK
6
CONTINUOUS
10
13.8757954330708664
20
-5.3103514566929135
11
13.8786692519685033
21
-5.3122716929133853
0
LINE
8
BLACK
6
CONTINUOUS
10
13.8786692519685033
20
-5.3122716929133853
11
13.880589488188976
21
-5.3151455118110231
0
LINE
8
BLACK
6
CONTINUOUS
10
13.880589488188976
20
-5.3151455118110231
11
13.8812637795275595
21
-5.3185354330708661
0
LINE
8
BLACK
6
CONTINUOUS
10
13.8812637795275595
20
-5.3185354330708661
11
13.8812637795275595
21
-5.3480629921259846
0
LINE
8
BLACK
6
CONTINUOUS
10
13.8812637795275595
20
-5.3480629921259846
11
13.880589488188976
21
-5.3514529133858266
0
LINE
8
BLACK
6
CONTINUOUS
10
13.880589488188976
20
-5.3514529133858266
11
13.8786692519685033
21
-5.3543267322834645
0
LINE
8
BLACK
6
CONTINUOUS
10
13.8786692519685033
20
-5.3543267322834645
11
13.8757954330708664
21
-5.3562469685039371
0
LINE
8
BLACK
6
CONTINUOUS
10
13.8757954330708664
20
-5.3562469685039371
11
13.8724055118110225
21
-5.3569212598425198
0
LINE
8
BLACK
6
CONTINUOUS
10
13.8724055118110225
20
-5.3569212598425198
11
13.8546889763779522
21
-5.3569212598425198
0
LINE
8
BLACK
6
CONTINUOUS
10
13.8546889763779522
20
-5.3569212598425198
11
13.8512990551181101
21
-5.3562469685039371
0
LINE
8
BLACK
6
CONTINUOUS
10
13.8512990551181101
20
-5.3562469685039371
11
13.8484252362204714
21
-5.3543267322834645
0
LINE
8
BLACK
6
CONTINUOUS
10
13.8484252362204714
20
-5.3543267322834645
11
13.8465050000000005
21
-5.3514529133858266
0
LINE
8
BLACK
6
CONTINUOUS
10
13.8465050000000005
20
-5.3514529133858266
11
13.845830708661417
21
-5.3480629921259846
0
LINE
8
BLACK
6
CONTINUOUS
10
13.845830708661417
20
-5.3480629921259846
11
13.845830708661417
21
-5.3392047244094485
0
LINE
8
BLACK
6
CONTINUOUS
10
13.845830708661417
20
-5.3392047244094485
11
13.7590196850393696
21
-5.3392047244094485
0
LINE
8
BLACK
6
CONTINUOUS
10
13.7590196850393696
20
-5.3392047244094485
11
13.758341692913385
21
-5.3390698818897633
0
LINE
8
BLACK
6
CONTINUOUS
10
13.758341692913385
20
-5.3390698818897633
11
13.757766929133858
21
-5.3386858267716537
0
LINE
8
BLACK
6
CONTINUOUS
10
13.757766929133858
20
-5.3386858267716537
11
13.7573828740157484
21
-5.3381110629921258
0
LINE
8
BLACK
6
CONTINUOUS
10
13.7573828740157484
20
-5.3381110629921258
11
13.7572480314960632
21
-5.3374330708661413
0
LINE
8
BLACK
6
CONTINUOUS
10
13.7572480314960632
20
-5.3374330708661413
11
13.7572480314960632
21
-5.3291653543307085
0
LINE
8
BLACK
6
CONTINUOUS
10
13.7572480314960632
20
-5.3291653543307085
11
13.7573828740157484
21
-5.328487362204724
0
LINE
8
BLACK
6
CONTINUOUS
10
13.7573828740157484
20
-5.328487362204724
11
13.757766929133858
21
-5.3279125984251969
0
LINE
8
BLACK
6
CONTINUOUS
10
13.757766929133858
20
-5.3279125984251969
11
13.758341692913385
21
-5.3275285433070865
0
LINE
8
BLACK
6
CONTINUOUS
10
13.758341692913385
20
-5.3275285433070865
11
13.7590196850393696
21
-5.3273937007874013
0
LINE
8
BLACK
6
CONTINUOUS
10
13.7590196850393696
20
-5.3273937007874013
11
13.845830708661417
21
-5.3273937007874013
0
LINE
8
BLACK
6
CONTINUOUS
10
13.845830708661417
20
-5.3273937007874013
11
13.845830708661417
21
-5.3185354330708661
0
LINE
8
BLACK
6
CONTINUOUS
10
13.845830708661417
20
-5.3185354330708661
11
13.8465050000000005
21
-5.3151455118110231
0
LINE
8
BLACK
6
CONTINUOUS
10
13.8465050000000005
20
-5.3151455118110231
11
13.8484252362204714
21
-5.3122716929133853
0
LINE
8
BLACK
6
CONTINUOUS
10
13.8484252362204714
20
-5.3122716929133853
11
13.8512990551181101
21
-5.3103514566929135
0
LINE
8
BLACK
6
CONTINUOUS
10
13.8512990551181101
20
-5.3103514566929135
11
13.8546889763779522
21
-5.3096771653543309
0
LINE
8
BLACK
6
CONTINUOUS
10
13.8546889763779522
20
-5.3096771653543309
11
13.8724055118110225
21
-5.3096771653543309
0
LINE
8
BLACK
6
CONTINUOUS
10
13.8724055118110225
20
-5.3096771653543309
11
13.8757954330708664
21
-5.3103514566929135
0
LINE
8
BLACK
6
CONTINUOUS
10
14.0057166929133849
20
-5.3103514566929135
11
14.0085905118110237
21
-5.3122716929133853
0
LINE
8
BLACK
6
CONTINUOUS
10
14.0085905118110237
20
-5.3122716929133853
11
14.0105107480314963
21
-5.3151455118110231
0
LINE
8
BLACK
6
CONTINUOUS
10
14.0105107480314963
20
-5.3151455118110231
11
14.0111850393700781
21
-5.3185354330708661
0
LINE
8
BLACK
6
CONTINUOUS
10
14.0111850393700781
20
-5.3185354330708661
11
14.0111850393700781
21
-5.3273937007874013
0
LINE
8
BLACK
6
CONTINUOUS
10
14.0111850393700781
20
-5.3273937007874013
11
14.0930748031496051
21
-5.3273937007874013
0
LINE
8
BLACK
6
CONTINUOUS
10
14.0930748031496051
20
-5.3273937007874013
11
14.0937527952755897
21
-5.3275285433070865
0
LINE
8
BLACK
6
CONTINUOUS
10
14.0937527952755897
20
-5.3275285433070865
11
14.0943275590551185
21
-5.3279125984251969
0
LINE
8
BLACK
6
CONTINUOUS
10
14.0943275590551185
20
-5.3279125984251969
11
14.094711614173228
21
-5.328487362204724
0
LINE
8
BLACK
6
CONTINUOUS
10
14.094711614173228
20
-5.328487362204724
11
14.0948464566929133
21
-5.3291653543307085
0
LINE
8
BLACK
6
CONTINUOUS
10
14.0948464566929133
20
-5.3291653543307085
11
14.0948464566929133
21
-5.3374330708661413
0
LINE
8
BLACK
6
CONTINUOUS
10
14.0948464566929133
20
-5.3374330708661413
11
14.094711614173228
21
-5.3381110629921258
0
LINE
8
BLACK
6
CONTINUOUS
10
14.094711614173228
20
-5.3381110629921258
11
14.0943275590551185
21
-5.3386858267716537
0
LINE
8
BLACK
6
CONTINUOUS
10
14.0943275590551185
20
-5.3386858267716537
11
14.0937527952755897
21
-5.3390698818897633
0
LINE
8
BLACK
6
CONTINUOUS
10
14.0937527952755897
20
-5.3390698818897633
11
14.0930748031496051
21
-5.3392047244094485
0
LINE
8
BLACK
6
CONTINUOUS
10
14.0930748031496051
20
-5.3392047244094485
11
14.0111850393700781
21
-5.3392047244094485
0
LINE
8
BLACK
6
CONTINUOUS
10
14.0111850393700781
20
-5.3392047244094485
11
14.0111850393700781
21
-5.3480629921259846
0
LINE
8
BLACK
6
CONTINUOUS
10
14.0111850393700781
20
-5.3480629921259846
11
14.0105107480314963
21
-5.3514529133858266
0
LINE
8
BLACK
6
CONTINUOUS
10
14.0105107480314963
20
-5.3514529133858266
11
14.0085905118110237
21
-5.3543267322834645
0
LINE
8
BLACK
6
CONTINUOUS
10
14.0085905118110237
20
-5.3543267322834645
11
14.0057166929133849
21
-5.3562469685039371
0
LINE
8
BLACK
6
CONTINUOUS
10
14.0057166929133849
20
-5.3562469685039371
11
14.0023267716535429
21
-5.3569212598425198
0
LINE
8
BLACK
6
CONTINUOUS
10
14.0023267716535429
20
-5.3569212598425198
11
13.9846102362204725
21
-5.3569212598425198
0
LINE
8
BLACK
6
CONTINUOUS
10
13.9846102362204725
20
-5.3569212598425198
11
13.9812203149606304
21
-5.3562469685039371
0
LINE
8
BLACK
6
CONTINUOUS
10
13.9812203149606304
20
-5.3562469685039371
11
13.9783464960629917
21
-5.3543267322834645
0
LINE
8
BLACK
6
CONTINUOUS
10
13.9783464960629917
20
-5.3543267322834645
11
13.9764262598425191
21
-5.3514529133858266
0
LINE
8
BLACK
6
CONTINUOUS
10
13.9764262598425191
20
-5.3514529133858266
11
13.9757519685039373
21
-5.3480629921259846
0
LINE
8
BLACK
6
CONTINUOUS
10
13.9757519685039373
20
-5.3480629921259846
11
13.9757519685039373
21
-5.3185354330708661
0
LINE
8
BLACK
6
CONTINUOUS
10
13.9757519685039373
20
-5.3185354330708661
11
13.9764262598425191
21
-5.3151455118110231
0
LINE
8
BLACK
6
CONTINUOUS
10
13.9764262598425191
20
-5.3151455118110231
11
13.9783464960629917
21
-5.3122716929133853
0
LINE
8
BLACK
6
CONTINUOUS
10
13.9783464960629917
20
-5.3122716929133853
11
13.9812203149606304
21
-5.3103514566929135
0
LINE
8
BLACK
6
CONTINUOUS
10
13.9812203149606304
20
-5.3103514566929135
11
13.9846102362204725
21
-5.3096771653543309
0
LINE
8
BLACK
6
CONTINUOUS
10
13.9846102362204725
20
-5.3096771653543309
11
14.0023267716535429
21
-5.3096771653543309
0
LINE
8
BLACK
6
CONTINUOUS
10
14.0023267716535429
20
-5.3096771653543309
11
14.0057166929133849
21
-5.3103514566929135
0
LINE
8
BLACK
6
CONTINUOUS
10
12.9718584251968494
20
-5.302477440944882
11
12.9747322440944881
21
-5.3043976771653538
0
LINE
8
BLACK
6
CONTINUOUS
10
12.9747322440944881
20
-5.3043976771653538
11
12.9766524803149608
21
-5.3072714960629916
0
LINE
8
BLACK
6
CONTINUOUS
10
12.9766524803149608
20
-5.3072714960629916
11
12.9773267716535425
21
-5.3106614173228346
0
LINE
8
BLACK
6
CONTINUOUS
10
12.9773267716535425
20
-5.3106614173228346
11
12.9773267716535425
21
-5.3401889763779522
0
LINE
8
BLACK
6
CONTINUOUS
10
12.9773267716535425
20
-5.3401889763779522
11
12.9766524803149608
21
-5.3435788976377951
0
LINE
8
BLACK
6
CONTINUOUS
10
12.9766524803149608
20
-5.3435788976377951
11
12.9747322440944881
21
-5.346452716535433
0
LINE
8
BLACK
6
CONTINUOUS
10
12.9747322440944881
20
-5.346452716535433
11
12.9718584251968494
21
-5.3483729527559056
0
LINE
8
BLACK
6
CONTINUOUS
10
12.9718584251968494
20
-5.3483729527559056
11
12.9684685039370073
21
-5.3490472440944883
0
LINE
8
BLACK
6
CONTINUOUS
10
12.9684685039370073
20
-5.3490472440944883
11
12.950751968503937
21
-5.3490472440944883
0
LINE
8
BLACK
6
CONTINUOUS
10
12.950751968503937
20
-5.3490472440944883
11
12.9473620472440949
21
-5.3483729527559056
0
LINE
8
BLACK
6
CONTINUOUS
10
12.9473620472440949
20
-5.3483729527559056
11
12.9444882283464562
21
-5.346452716535433
0
LINE
8
BLACK
6
CONTINUOUS
10
12.9444882283464562
20
-5.346452716535433
11
12.9425679921259835
21
-5.3435788976377951
0
LINE
8
BLACK
6
CONTINUOUS
10
12.9425679921259835
20
-5.3435788976377951
11
12.9418937007874018
21
-5.3401889763779522
0
LINE
8
BLACK
6
CONTINUOUS
10
12.9418937007874018
20
-5.3401889763779522
11
12.9418937007874018
21
-5.331330708661417
0
LINE
8
BLACK
6
CONTINUOUS
10
12.9418937007874018
20
-5.331330708661417
11
12.8550826771653544
21
-5.331330708661417
0
LINE
8
BLACK
6
CONTINUOUS
10
12.8550826771653544
20
-5.331330708661417
11
12.8544046850393698
21
-5.3311958661417318
0
LINE
8
BLACK
6
CONTINUOUS
10
12.8544046850393698
20
-5.3311958661417318
11
12.8538299212598428
21
-5.3308118110236222
0
LINE
8
BLACK
6
CONTINUOUS
10
12.8538299212598428
20
-5.3308118110236222
11
12.8534458661417315
21
-5.3302370472440943
0
LINE
8
BLACK
6
CONTINUOUS
10
12.8534458661417315
20
-5.3302370472440943
11
12.8533110236220462
21
-5.3295590551181098
0
LINE
8
BLACK
6
CONTINUOUS
10
12.8533110236220462
20
-5.3295590551181098
11
12.8533110236220462
21
-5.321291338582677
0
LINE
8
BLACK
6
CONTINUOUS
10
12.8533110236220462
20
-5.321291338582677
11
12.8534458661417315
21
-5.3206133464566925
0
LINE
8
BLACK
6
CONTINUOUS
10
12.8534458661417315
20
-5.3206133464566925
11
12.8538299212598428
21
-5.3200385826771655
0
LINE
8
BLACK
6
CONTINUOUS
10
12.8538299212598428
20
-5.3200385826771655
11
12.8544046850393698
21
-5.319654527559055
0
LINE
8
BLACK
6
CONTINUOUS
10
12.8544046850393698
20
-5.319654527559055
11
12.8550826771653544
21
-5.3195196850393698
0
LINE
8
BLACK
6
CONTINUOUS
10
12.8550826771653544
20
-5.3195196850393698
11
12.9418937007874018
21
-5.3195196850393698
0
LINE
8
BLACK
6
CONTINUOUS
10
12.9418937007874018
20
-5.3195196850393698
11
12.9418937007874018
21
-5.3106614173228346
0
LINE
8
BLACK
6
CONTINUOUS
10
12.9418937007874018
20
-5.3106614173228346
11
12.9425679921259835
21
-5.3072714960629916
0
LINE
8
BLACK
6
CONTINUOUS
10
12.9425679921259835
20
-5.3072714960629916
11
12.9444882283464562
21
-5.3043976771653538
0
LINE
8
BLACK
6
CONTINUOUS
10
12.9444882283464562
20
-5.3043976771653538
11
12.9473620472440949
21
-5.302477440944882
0
LINE
8
BLACK
6
CONTINUOUS
10
12.9473620472440949
20
-5.302477440944882
11
12.950751968503937
21
-5.3018031496062994
0
LINE
8
BLACK
6
CONTINUOUS
10
12.950751968503937
20
-5.3018031496062994
11
12.9684685039370073
21
-5.3018031496062994
0
LINE
8
BLACK
6
CONTINUOUS
10
12.9684685039370073
20
-5.3018031496062994
11
12.9718584251968494
21
-5.302477440944882
0
LINE
8
BLACK
6
CONTINUOUS
10
13.1017796850393697
20
-5.302477440944882
11
13.1046535039370085
21
-5.3043976771653538
0
LINE
8
BLACK
6
CONTINUOUS
10
13.1046535039370085
20
-5.3043976771653538
11
13.1065737401574793
21
-5.3072714960629916
0
LINE
8
BLACK
6
CONTINUOUS
10
13.1065737401574793
20
-5.3072714960629916
11
13.1072480314960629
21
-5.3106614173228346
0
LINE
8
BLACK
6
CONTINUOUS
10
13.1072480314960629
20
-5.3106614173228346
11
13.1072480314960629
21
-5.3195196850393698
0
LINE
8
BLACK
6
CONTINUOUS
10
13.1072480314960629
20
-5.3195196850393698
11
13.1891377952755899
21
-5.3195196850393698
0
LINE
8
BLACK
6
CONTINUOUS
10
13.1891377952755899
20
-5.3195196850393698
11
13.1898157874015745
21
-5.319654527559055
0
LINE
8
BLACK
6
CONTINUOUS
10
13.1898157874015745
20
-5.319654527559055
11
13.1903905511811015
21
-5.3200385826771655
0
LINE
8
BLACK
6
CONTINUOUS
10
13.1903905511811015
20
-5.3200385826771655
11
13.1907746062992128
21
-5.3206133464566925
0
LINE
8
BLACK
6
CONTINUOUS
10
13.1907746062992128
20
-5.3206133464566925
11
13.190909448818898
21
-5.321291338582677
0
LINE
8
BLACK
6
CONTINUOUS
10
13.190909448818898
20
-5.321291338582677
11
13.190909448818898
21
-5.3295590551181098
0
LINE
8
BLACK
6
CONTINUOUS
10
13.190909448818898
20
-5.3295590551181098
11
13.1907746062992128
21
-5.3302370472440943
0
LINE
8
BLACK
6
CONTINUOUS
10
13.1907746062992128
20
-5.3302370472440943
11
13.1903905511811015
21
-5.3308118110236222
0
LINE
8
BLACK
6
CONTINUOUS
10
13.1903905511811015
20
-5.3308118110236222
11
13.1898157874015745
21
-5.3311958661417318
0
LINE
8
BLACK
6
CONTINUOUS
10
13.1898157874015745
20
-5.3311958661417318
11
13.1891377952755899
21
-5.331330708661417
0
LINE
8
BLACK
6
CONTINUOUS
10
13.1891377952755899
20
-5.331330708661417
11
13.1072480314960629
21
-5.331330708661417
0
LINE
8
BLACK
6
CONTINUOUS
10
13.1072480314960629
20
-5.331330708661417
11
13.1072480314960629
21
-5.3401889763779522
0
LINE
8
BLACK
6
CONTINUOUS
10
13.1072480314960629
20
-5.3401889763779522
11
13.1065737401574793
21
-5.3435788976377951
0
LINE
8
BLACK
6
CONTINUOUS
10
13.1065737401574793
20
-5.3435788976377951
11
13.1046535039370085
21
-5.346452716535433
0
LINE
8
BLACK
6
CONTINUOUS
10
13.1046535039370085
20
-5.346452716535433
11
13.1017796850393697
21
-5.3483729527559056
0
LINE
8
BLACK
6
CONTINUOUS
10
13.1017796850393697
20
-5.3483729527559056
11
13.0983897637795277
21
-5.3490472440944883
0
LINE
8
BLACK
6
CONTINUOUS
10
13.0983897637795277
20
-5.3490472440944883
11
13.0806732283464555
21
-5.3490472440944883
0
LINE
8
BLACK
6
CONTINUOUS
10
13.0806732283464555
20
-5.3490472440944883
11
13.0772833070866135
21
-5.3483729527559056
0
LINE
8
BLACK
6
CONTINUOUS
10
13.0772833070866135
20
-5.3483729527559056
11
13.0744094881889765
21
-5.346452716535433
0
LINE
8
BLACK
6
CONTINUOUS
10
13.0744094881889765
20
-5.346452716535433
11
13.0724892519685039
21
-5.3435788976377951
0
LINE
8
BLACK
6
CONTINUOUS
10
13.0724892519685039
20
-5.3435788976377951
11
13.0718149606299203
21
-5.3401889763779522
0
LINE
8
BLACK
6
CONTINUOUS
10
13.0718149606299203
20
-5.3401889763779522
11
13.0718149606299203
21
-5.3106614173228346
0
LINE
8
BLACK
6
CONTINUOUS
10
13.0718149606299203
20
-5.3106614173228346
11
13.0724892519685039
21
-5.3072714960629916
0
LINE
8
BLACK
6
CONTINUOUS
10
13.0724892519685039
20
-5.3072714960629916
11
13.0744094881889765
21
-5.3043976771653538
0
LINE
8
BLACK
6
CONTINUOUS
10
13.0744094881889765
20
-5.3043976771653538
11
13.0772833070866135
21
-5.302477440944882
0
LINE
8
BLACK
6
CONTINUOUS
10
13.0772833070866135
20
-5.302477440944882
11
13.0806732283464555
21
-5.3018031496062994
0
LINE
8
BLACK
6
CONTINUOUS
10
13.0806732283464555
20
-5.3018031496062994
11
13.0983897637795277
21
-5.3018031496062994
0
LINE
8
BLACK
6
CONTINUOUS
10
13.0983897637795277
20
-5.3018031496062994
11
13.1017796850393697
21
-5.302477440944882
0
LINE
8
BLACK
6
CONTINUOUS
10
13.4171340157480312
20
-5.302477440944882
11
13.4200078346456682
21
-5.3043976771653538
0
LINE
8
BLACK
6
CONTINUOUS
10
13.4200078346456682
20
-5.3043976771653538
11
13.4219280708661408
21
-5.3072714960629916
0
LINE
8
BLACK
6
CONTINUOUS
10
13.4219280708661408
20
-5.3072714960629916
11
13.4226023622047244
21
-5.3106614173228346
0
LINE
8
BLACK
6
CONTINUOUS
10
13.4226023622047244
20
-5.3106614173228346
11
13.4226023622047244
21
-5.3401889763779522
0
LINE
8
BLACK
6
CONTINUOUS
10
13.4226023622047244
20
-5.3401889763779522
11
13.4219280708661408
21
-5.3435788976377951
0
LINE
8
BLACK
6
CONTINUOUS
10
13.4219280708661408
20
-5.3435788976377951
11
13.4200078346456682
21
-5.346452716535433
0
LINE
8
BLACK
6
CONTINUOUS
10
13.4200078346456682
20
-5.346452716535433
11
13.4171340157480312
21
-5.3483729527559056
0
LINE
8
BLACK
6
CONTINUOUS
10
13.4171340157480312
20
-5.3483729527559056
11
13.4137440944881892
21
-5.3490472440944883
0
LINE
8
BLACK
6
CONTINUOUS
10
13.4137440944881892
20
-5.3490472440944883
11
13.396027559055117
21
-5.3490472440944883
0
LINE
8
BLACK
6
CONTINUOUS
10
13.396027559055117
20
-5.3490472440944883
11
13.3926376377952749
21
-5.3483729527559056
0
LINE
8
BLACK
6
CONTINUOUS
10
13.3926376377952749
20
-5.3483729527559056
11
13.389763818897638
21
-5.346452716535433
0
LINE
8
BLACK
6
CONTINUOUS
10
13.389763818897638
20
-5.346452716535433
11
13.3878435826771653
21
-5.3435788976377951
0
LINE
8
BLACK
6
CONTINUOUS
10
13.3878435826771653
20
-5.3435788976377951
11
13.3871692913385818
21
-5.3401889763779522
0
LINE
8
BLACK
6
CONTINUOUS
10
13.3871692913385818
20
-5.3401889763779522
11
13.3871692913385818
21
-5.331330708661417
0
LINE
8
BLACK
6
CONTINUOUS
10
13.3871692913385818
20
-5.331330708661417
11
13.3003582677165344
21
-5.331330708661417
0
LINE
8
BLACK
6
CONTINUOUS
10
13.3003582677165344
20
-5.331330708661417
11
13.2996802755905517
21
-5.3311958661417318
0
LINE
8
BLACK
6
CONTINUOUS
10
13.2996802755905517
20
-5.3311958661417318
11
13.2991055118110229
21
-5.3308118110236222
0
LINE
8
BLACK
6
CONTINUOUS
10
13.2991055118110229
20
-5.3308118110236222
11
13.2987214566929133
21
-5.3302370472440943
0
LINE
8
BLACK
6
CONTINUOUS
10
13.2987214566929133
20
-5.3302370472440943
11
13.2985866141732281
21
-5.3295590551181098
0
LINE
8
BLACK
6
CONTINUOUS
10
13.2985866141732281
20
-5.3295590551181098
11
13.2985866141732281
21
-5.321291338582677
0
LINE
8
BLACK
6
CONTINUOUS
10
13.2985866141732281
20
-5.321291338582677
11
13.2987214566929133
21
-5.3206133464566925
0
LINE
8
BLACK
6
CONTINUOUS
10
13.2987214566929133
20
-5.3206133464566925
11
13.2991055118110229
21
-5.3200385826771655
0
LINE
8
BLACK
6
CONTINUOUS
10
13.2991055118110229
20
-5.3200385826771655
11
13.2996802755905517
21
-5.319654527559055
0
LINE
8
BLACK
6
CONTINUOUS
10
13.2996802755905517
20
-5.319654527559055
11
13.3003582677165344
21
-5.3195196850393698
0
LINE
8
BLACK
6
CONTINUOUS
10
13.3003582677165344
20
-5.3195196850393698
11
13.3871692913385818
21
-5.3195196850393698
0
LINE
8
BLACK
6
CONTINUOUS
10
13.3871692913385818
20
-5.3195196850393698
11
13.3871692913385818
21
-5.3106614173228346
0
LINE
8
BLACK
6
CONTINUOUS
10
13.3871692913385818
20
-5.3106614173228346
11
13.3878435826771653
21
-5.3072714960629916
0
LINE
8
BLACK
6
CONTINUOUS
10
13.3878435826771653
20
-5.3072714960629916
11
13.389763818897638
21
-5.3043976771653538
0
LINE
8
BLACK
6
CONTINUOUS
10
13.389763818897638
20
-5.3043976771653538
11
13.3926376377952749
21
-5.302477440944882
0
LINE
8
BLACK
6
CONTINUOUS
10
13.3926376377952749
20
-5.302477440944882
11
13.396027559055117
21
-5.3018031496062994
0
LINE
8
BLACK
6
CONTINUOUS
10
13.396027559055117
20
-5.3018031496062994
11
13.4137440944881892
21
-5.3018031496062994
0
LINE
8
BLACK
6
CONTINUOUS
10
13.4137440944881892
20
-5.3018031496062994
11
13.4171340157480312
21
-5.302477440944882
0
LINE
8
BLACK
6
CONTINUOUS
10
13.5470552755905516
20
-5.302477440944882
11
13.5499290944881885
21
-5.3043976771653538
0
LINE
8
BLACK
6
CONTINUOUS
10
13.5499290944881885
20
-5.3043976771653538
11
13.5518493307086612
21
-5.3072714960629916
0
LINE
8
BLACK
6
CONTINUOUS
10
13.5518493307086612
20
-5.3072714960629916
11
13.5525236220472429
21
-5.3106614173228346
0
LINE
8
BLACK
6
CONTINUOUS
10
13.5525236220472429
20
-5.3106614173228346
11
13.5525236220472429
21
-5.3195196850393698
0
LINE
8
BLACK
6
CONTINUOUS
10
13.5525236220472429
20
-5.3195196850393698
11
13.6344133858267718
21
-5.3195196850393698
0
LINE
8
BLACK
6
CONTINUOUS
10
13.6344133858267718
20
-5.3195196850393698
11
13.6350913779527563
21
-5.319654527559055
0
LINE
8
BLACK
6
CONTINUOUS
10
13.6350913779527563
20
-5.319654527559055
11
13.6356661417322833
21
-5.3200385826771655
0
LINE
8
BLACK
6
CONTINUOUS
10
13.6356661417322833
20
-5.3200385826771655
11
13.6360501968503929
21
-5.3206133464566925
0
LINE
8
BLACK
6
CONTINUOUS
10
13.6360501968503929
20
-5.3206133464566925
11
13.6361850393700781
21
-5.321291338582677
0
LINE
8
BLACK
6
CONTINUOUS
10
13.6361850393700781
20
-5.321291338582677
11
13.6361850393700781
21
-5.3295590551181098
0
LINE
8
BLACK
6
CONTINUOUS
10
13.6361850393700781
20
-5.3295590551181098
11
13.6360501968503929
21
-5.3302370472440943
0
LINE
8
BLACK
6
CONTINUOUS
10
13.6360501968503929
20
-5.3302370472440943
11
13.6356661417322833
21
-5.3308118110236222
0
LINE
8
BLACK
6
CONTINUOUS
10
13.6356661417322833
20
-5.3308118110236222
11
13.6350913779527563
21
-5.3311958661417318
0
LINE
8
BLACK
6
CONTINUOUS
10
13.6350913779527563
20
-5.3311958661417318
11
13.6344133858267718
21
-5.331330708661417
0
LINE
8
BLACK
6
CONTINUOUS
10
13.6344133858267718
20
-5.331330708661417
11
13.5525236220472429
21
-5.331330708661417
0
LINE
8
BLACK
6
CONTINUOUS
10
13.5525236220472429
20
-5.331330708661417
11
13.5525236220472429
21
-5.3401889763779522
0
LINE
8
BLACK
6
CONTINUOUS
10
13.5525236220472429
20
-5.3401889763779522
11
13.5518493307086612
21
-5.3435788976377951
0
LINE
8
BLACK
6
CONTINUOUS
10
13.5518493307086612
20
-5.3435788976377951
11
13.5499290944881885
21
-5.346452716535433
0
LINE
8
BLACK
6
CONTINUOUS
10
13.5499290944881885
20
-5.346452716535433
11
13.5470552755905516
21
-5.3483729527559056
0
LINE
8
BLACK
6
CONTINUOUS
10
13.5470552755905516
20
-5.3483729527559056
11
13.5436653543307077
21
-5.3490472440944883
0
LINE
8
BLACK
6
CONTINUOUS
10
13.5436653543307077
20
-5.3490472440944883
11
13.5259488188976373
21
-5.3490472440944883
0
LINE
8
BLACK
6
CONTINUOUS
10
13.5259488188976373
20
-5.3490472440944883
11
13.5225588976377953
21
-5.3483729527559056
0
LINE
8
BLACK
6
CONTINUOUS
10
13.5225588976377953
20
-5.3483729527559056
11
13.5196850787401566
21
-5.346452716535433
0
LINE
8
BLACK
6
CONTINUOUS
10
13.5196850787401566
20
-5.346452716535433
11
13.5177648425196839
21
-5.3435788976377951
0
LINE
8
BLACK
6
CONTINUOUS
10
13.5177648425196839
20
-5.3435788976377951
11
13.5170905511811021
21
-5.3401889763779522
0
LINE
8
BLACK
6
CONTINUOUS
10
13.5170905511811021
20
-5.3401889763779522
11
13.5170905511811021
21
-5.3106614173228346
0
LINE
8
BLACK
6
CONTINUOUS
10
13.5170905511811021
20
-5.3106614173228346
11
13.5177648425196839
21
-5.3072714960629916
0
LINE
8
BLACK
6
CONTINUOUS
10
13.5177648425196839
20
-5.3072714960629916
11
13.5196850787401566
21
-5.3043976771653538
0
LINE
8
BLACK
6
CONTINUOUS
10
13.5196850787401566
20
-5.3043976771653538
11
13.5225588976377953
21
-5.302477440944882
0
LINE
8
BLACK
6
CONTINUOUS
10
13.5225588976377953
20
-5.302477440944882
11
13.5259488188976373
21
-5.3018031496062994
0
LINE
8
BLACK
6
CONTINUOUS
10
13.5259488188976373
20
-5.3018031496062994
11
13.5436653543307077
21
-5.3018031496062994
0
LINE
8
BLACK
6
CONTINUOUS
10
13.5436653543307077
20
-5.3018031496062994
11
13.5470552755905516
21
-5.302477440944882
0
LINE
8
BLACK
6
CONTINUOUS
10
6.1089187007874015
20
-5.2414900393700785
11
6.0952456299212594
21
-5.3190339370078741
0
LINE
8
BLACK
6
CONTINUOUS
10
6.0952456299212594
20
-5.3190339370078741
11
6.0060701181102365
21
-5.3033098818897635
0
LINE
8
BLACK
6
CONTINUOUS
10
6.0060701181102365
20
-5.3033098818897635
11
6.0197431889763777
21
-5.2257659842519688
0
LINE
8
BLACK
6
CONTINUOUS
10
6.0197431889763777
20
-5.2257659842519688
11
6.1089187007874015
21
-5.2414900393700785
0
LINE
8
BLACK
6
CONTINUOUS
10
6.6186874015748032
20
-5.2298333464566928
11
6.6050143307086611
21
-5.3073772440944884
0
LINE
8
BLACK
6
CONTINUOUS
10
6.6050143307086611
20
-5.3073772440944884
11
6.5158388188976373
21
-5.2916531889763778
0
LINE
8
BLACK
6
CONTINUOUS
10
6.5158388188976373
20
-5.2916531889763778
11
6.5295118897637794
21
-5.2141092913385823
0
LINE
8
BLACK
6
CONTINUOUS
10
6.5295118897637794
20
-5.2141092913385823
11
6.6186874015748032
21
-5.2298333464566928
0
LINE
8
BLACK
6
CONTINUOUS
10
11.8298013779527551
20
-5.2858729921259844
11
11.739594763779527
21
-5.2937650393700784
0
LINE
8
BLACK
6
CONTINUOUS
10
11.739594763779527
20
-5.2937650393700784
11
11.7327320866141722
21
-5.2153244881889762
0
LINE
8
BLACK
6
CONTINUOUS
10
11.7327320866141722
20
-5.2153244881889762
11
11.8229387007874021
21
-5.2074324409448813
0
LINE
8
BLACK
6
CONTINUOUS
10
11.8229387007874021
20
-5.2074324409448813
11
11.8298013779527551
21
-5.2858729921259844
0
LINE
8
BLACK
6
CONTINUOUS
10
4.446987362204724
20
-5.1672858661417322
11
4.4401246850393701
21
-5.2457264173228344
0
LINE
8
BLACK
6
CONTINUOUS
10
4.4401246850393701
20
-5.2457264173228344
11
4.349918070866142
21
-5.2378343700787404
0
LINE
8
BLACK
6
CONTINUOUS
10
4.349918070866142
20
-5.2378343700787404
11
4.356780748031496
21
-5.1593938188976374
0
LINE
8
BLACK
6
CONTINUOUS
10
4.356780748031496
20
-5.1593938188976374
11
4.446987362204724
21
-5.1672858661417322
0
LINE
8
BLACK
6
CONTINUOUS
10
9.8242206299212604
20
-5.1863357086614172
11
9.8270944488188974
21
-5.1882559448818899
0
LINE
8
BLACK
6
CONTINUOUS
10
9.8270944488188974
20
-5.1882559448818899
11
9.82901468503937
21
-5.1911297637795277
0
LINE
8
BLACK
6
CONTINUOUS
10
9.82901468503937
20
-5.1911297637795277
11
9.8296889763779518
21
-5.1945196850393698
0
LINE
8
BLACK
6
CONTINUOUS
10
9.8296889763779518
20
-5.1945196850393698
11
9.8296889763779518
21
-5.2240472440944883
0
LINE
8
BLACK
6
CONTINUOUS
10
9.8296889763779518
20
-5.2240472440944883
11
9.82901468503937
21
-5.2274371653543303
0
LINE
8
BLACK
6
CONTINUOUS
10
9.82901468503937
20
-5.2274371653543303
11
9.8270944488188974
21
-5.2303109842519682
0
LINE
8
BLACK
6
CONTINUOUS
10
9.8270944488188974
20
-5.2303109842519682
11
9.8242206299212604
21
-5.2322312204724408
0
LINE
8
BLACK
6
CONTINUOUS
10
9.8242206299212604
20
-5.2322312204724408
11
9.8208307086614166
21
-5.2329055118110235
0
LINE
8
BLACK
6
CONTINUOUS
10
9.8208307086614166
20
-5.2329055118110235
11
9.8031141732283462
21
-5.2329055118110235
0
LINE
8
BLACK
6
CONTINUOUS
10
9.8031141732283462
20
-5.2329055118110235
11
9.7997242519685042
21
-5.2322312204724408
0
LINE
8
BLACK
6
CONTINUOUS
10
9.7997242519685042
20
-5.2322312204724408
11
9.7968504330708654
21
-5.2303109842519682
0
LINE
8
BLACK
6
CONTINUOUS
10
9.7968504330708654
20
-5.2303109842519682
11
9.7949301968503928
21
-5.2274371653543303
0
LINE
8
BLACK
6
CONTINUOUS
10
9.7949301968503928
20
-5.2274371653543303
11
9.794255905511811
21
-5.2240472440944883
0
LINE
8
BLACK
6
CONTINUOUS
10
9.794255905511811
20
-5.2240472440944883
11
9.794255905511811
21
-5.2151889763779522
0
LINE
8
BLACK
6
CONTINUOUS
10
9.794255905511811
20
-5.2151889763779522
11
9.7074448818897636
21
-5.2151889763779522
0
LINE
8
BLACK
6
CONTINUOUS
10
9.7074448818897636
20
-5.2151889763779522
11
9.7067668897637791
21
-5.2150541338582679
0
LINE
8
BLACK
6
CONTINUOUS
10
9.7067668897637791
20
-5.2150541338582679
11
9.7061921259842521
21
-5.2146700787401574
0
LINE
8
BLACK
6
CONTINUOUS
10
9.7061921259842521
20
-5.2146700787401574
11
9.7058080708661407
21
-5.2140953149606295
0
LINE
8
BLACK
6
CONTINUOUS
10
9.7058080708661407
20
-5.2140953149606295
11
9.7056732283464573
21
-5.2134173228346459
0
LINE
8
BLACK
6
CONTINUOUS
10
9.7056732283464573
20
-5.2134173228346459
11
9.7056732283464573
21
-5.2051496062992122
0
LINE
8
BLACK
6
CONTINUOUS
10
9.7056732283464573
20
-5.2051496062992122
11
9.7058080708661407
21
-5.2044716141732286
0
LINE
8
BLACK
6
CONTINUOUS
10
9.7058080708661407
20
-5.2044716141732286
11
9.7061921259842521
21
-5.2038968503937006
0
LINE
8
BLACK
6
CONTINUOUS
10
9.7061921259842521
20
-5.2038968503937006
11
9.7067668897637791
21
-5.2035127952755902
0
LINE
8
BLACK
6
CONTINUOUS
10
9.7067668897637791
20
-5.2035127952755902
11
9.7074448818897636
21
-5.203377952755905
0
LINE
8
BLACK
6
CONTINUOUS
10
9.7074448818897636
20
-5.203377952755905
11
9.794255905511811
21
-5.203377952755905
0
LINE
8
BLACK
6
CONTINUOUS
10
9.794255905511811
20
-5.203377952755905
11
9.794255905511811
21
-5.1945196850393698
0
LINE
8
BLACK
6
CONTINUOUS
10
9.794255905511811
20
-5.1945196850393698
11
9.7949301968503928
21
-5.1911297637795277
0
LINE
8
BLACK
6
CONTINUOUS
10
9.7949301968503928
20
-5.1911297637795277
11
9.7968504330708654
21
-5.1882559448818899
0
LINE
8
BLACK
6
CONTINUOUS
10
9.7968504330708654
20
-5.1882559448818899
11
9.7997242519685042
21
-5.1863357086614172
0
LINE
8
BLACK
6
CONTINUOUS
10
9.7997242519685042
20
-5.1863357086614172
11
9.8031141732283462
21
-5.1856614173228346
0
LINE
8
BLACK
6
CONTINUOUS
10
9.8031141732283462
20
-5.1856614173228346
11
9.8208307086614166
21
-5.1856614173228346
0
LINE
8
BLACK
6
CONTINUOUS
10
9.8208307086614166
20
-5.1856614173228346
11
9.8242206299212604
21
-5.1863357086614172
0
LINE
8
BLACK
6
CONTINUOUS
10
9.954141889763779
20
-5.1863357086614172
11
9.9570157086614177
21
-5.1882559448818899
0
LINE
8
BLACK
6
CONTINUOUS
10
9.9570157086614177
20
-5.1882559448818899
11
9.9589359448818904
21
-5.1911297637795277
0
LINE
8
BLACK
6
CONTINUOUS
10
9.9589359448818904
20
-5.1911297637795277
11
9.9596102362204721
21
-5.1945196850393698
0
LINE
8
BLACK
6
CONTINUOUS
10
9.9596102362204721
20
-5.1945196850393698
11
9.9596102362204721
21
-5.203377952755905
0
LINE
8
BLACK
6
CONTINUOUS
10
9.9596102362204721
20
-5.203377952755905
11
10.0414999999999992
21
-5.203377952755905
0
LINE
8
BLACK
6
CONTINUOUS
10
10.0414999999999992
20
-5.203377952755905
11
10.0421779921259837
21
-5.2035127952755902
0
LINE
8
BLACK
6
CONTINUOUS
10
10.0421779921259837
20
-5.2035127952755902
11
10.0427527559055108
21
-5.2038968503937006
0
LINE
8
BLACK
6
CONTINUOUS
10
10.0427527559055108
20
-5.2038968503937006
11
10.0431368110236221
21
-5.2044716141732286
0
LINE
8
BLACK
6
CONTINUOUS
10
10.0431368110236221
20
-5.2044716141732286
11
10.0432716535433073
21
-5.2051496062992122
0
LINE
8
BLACK
6
CONTINUOUS
10
10.0432716535433073
20
-5.2051496062992122
11
10.0432716535433073
21
-5.2134173228346459
0
LINE
8
BLACK
6
CONTINUOUS
10
10.0432716535433073
20
-5.2134173228346459
11
10.0431368110236221
21
-5.2140953149606295
0
LINE
8
BLACK
6
CONTINUOUS
10
10.0431368110236221
20
-5.2140953149606295
11
10.0427527559055108
21
-5.2146700787401574
0
LINE
8
BLACK
6
CONTINUOUS
10
10.0427527559055108
20
-5.2146700787401574
11
10.0421779921259837
21
-5.2150541338582679
0
LINE
8
BLACK
6
CONTINUOUS
10
10.0421779921259837
20
-5.2150541338582679
11
10.0414999999999992
21
-5.2151889763779522
0
LINE
8
BLACK
6
CONTINUOUS
10
10.0414999999999992
20
-5.2151889763779522
11
9.9596102362204721
21
-5.2151889763779522
0
LINE
8
BLACK
6
CONTINUOUS
10
9.9596102362204721
20
-5.2151889763779522
11
9.9596102362204721
21
-5.2240472440944883
0
LINE
8
BLACK
6
CONTINUOUS
10
9.9596102362204721
20
-5.2240472440944883
11
9.9589359448818904
21
-5.2274371653543303
0
LINE
8
BLACK
6
CONTINUOUS
10
9.9589359448818904
20
-5.2274371653543303
11
9.9570157086614177
21
-5.2303109842519682
0
LINE
8
BLACK
6
CONTINUOUS
10
9.9570157086614177
20
-5.2303109842519682
11
9.954141889763779
21
-5.2322312204724408
0
LINE
8
BLACK
6
CONTINUOUS
10
9.954141889763779
20
-5.2322312204724408
11
9.950751968503937
21
-5.2329055118110235
0
LINE
8
BLACK
6
CONTINUOUS
10
9.950751968503937
20
-5.2329055118110235
11
9.9330354330708666
21
-5.2329055118110235
0
LINE
8
BLACK
6
CONTINUOUS
10
9.9330354330708666
20
-5.2329055118110235
11
9.9296455118110227
21
-5.2322312204724408
0
LINE
8
BLACK
6
CONTINUOUS
10
9.9296455118110227
20
-5.2322312204724408
11
9.9267716929133858
21
-5.2303109842519682
0
LINE
8
BLACK
6
CONTINUOUS
10
9.9267716929133858
20
-5.2303109842519682
11
9.9248514566929131
21
-5.2274371653543303
0
LINE
8
BLACK
6
CONTINUOUS
10
9.9248514566929131
20
-5.2274371653543303
11
9.9241771653543314
21
-5.2240472440944883
0
LINE
8
BLACK
6
CONTINUOUS
10
9.9241771653543314
20
-5.2240472440944883
11
9.9241771653543314
21
-5.1945196850393698
0
LINE
8
BLACK
6
CONTINUOUS
10
9.9241771653543314
20
-5.1945196850393698
11
9.9248514566929131
21
-5.1911297637795277
0
LINE
8
BLACK
6
CONTINUOUS
10
9.9248514566929131
20
-5.1911297637795277
11
9.9267716929133858
21
-5.1882559448818899
0
LINE
8
BLACK
6
CONTINUOUS
10
9.9267716929133858
20
-5.1882559448818899
11
9.9296455118110227
21
-5.1863357086614172
0
LINE
8
BLACK
6
CONTINUOUS
10
9.9296455118110227
20
-5.1863357086614172
11
9.9330354330708666
21
-5.1856614173228346
0
LINE
8
BLACK
6
CONTINUOUS
10
9.9330354330708666
20
-5.1856614173228346
11
9.950751968503937
21
-5.1856614173228346
0
LINE
8
BLACK
6
CONTINUOUS
10
9.950751968503937
20
-5.1856614173228346
11
9.954141889763779
21
-5.1863357086614172
0
LINE
8
BLACK
6
CONTINUOUS
10
10.6549646850393707
20
-5.2137166141732285
11
10.565789173228346
21
-5.2294406692913382
0
LINE
8
BLACK
6
CONTINUOUS
10
10.565789173228346
20
-5.2294406692913382
11
10.5521161023622039
21
-5.1518967716535435
0
LINE
8
BLACK
6
CONTINUOUS
10
10.5521161023622039
20
-5.1518967716535435
11
10.6412916141732286
21
-5.1361727165354329
0
LINE
8
BLACK
6
CONTINUOUS
10
10.6412916141732286
20
-5.1361727165354329
11
10.6549646850393707
21
-5.2137166141732285
0
LINE
8
BLACK
6
CONTINUOUS
10
4.9538002755905515
20
-5.1112442913385827
11
4.9469375984251966
21
-5.1896848425196849
0
LINE
8
BLACK
6
CONTINUOUS
10
4.9469375984251966
20
-5.1896848425196849
11
4.8567309842519686
21
-5.18179279527559
0
LINE
8
BLACK
6
CONTINUOUS
10
4.8567309842519686
20
-5.18179279527559
11
4.8635936614173225
21
-5.1033522440944878
0
LINE
8
BLACK
6
CONTINUOUS
10
4.8635936614173225
20
-5.1033522440944878
11
4.9538002755905515
21
-5.1112442913385827
0
LINE
8
BLACK
6
CONTINUOUS
10
12.3191831496062996
20
-5.1426756299212597
11
12.2289765354330697
21
-5.1505676771653546
0
LINE
8
BLACK
6
CONTINUOUS
10
12.2289765354330697
20
-5.1505676771653546
11
12.2221138582677167
21
-5.0721271259842515
0
LINE
8
BLACK
6
CONTINUOUS
10
12.2221138582677167
20
-5.0721271259842515
11
12.3123204724409447
21
-5.0642350787401575
0
LINE
8
BLACK
6
CONTINUOUS
10
12.3123204724409447
20
-5.0642350787401575
11
12.3191831496062996
21
-5.1426756299212597
0
LINE
8
BLACK
6
CONTINUOUS
10
10.8865082677165343
20
-5.0985332677165349
11
10.7973327559055114
21
-5.1142573228346455
0
LINE
8
BLACK
6
CONTINUOUS
10
10.7973327559055114
20
-5.1142573228346455
11
10.7836596850393693
21
-5.0367134251968499
0
LINE
8
BLACK
6
CONTINUOUS
10
10.7836596850393693
20
-5.0367134251968499
11
10.872835196850394
21
-5.0209893700787402
0
LINE
8
BLACK
6
CONTINUOUS
10
10.872835196850394
20
-5.0209893700787402
11
10.8865082677165343
21
-5.0985332677165349
0
LINE
8
BLACK
6
CONTINUOUS
10
6.5880001574803151
20
-5.0485404330708663
11
6.5908739763779529
21
-5.0504606692913381
0
LINE
8
BLACK
6
CONTINUOUS
10
6.5908739763779529
20
-5.0504606692913381
11
6.5927942125984247
21
-5.0533344881889759
0
LINE
8
BLACK
6
CONTINUOUS
10
6.5927942125984247
20
-5.0533344881889759
11
6.5934685039370073
21
-5.0567244094488188
0
LINE
8
BLACK
6
CONTINUOUS
10
6.5934685039370073
20
-5.0567244094488188
11
6.5934685039370073
21
-5.0862519685039365
0
LINE
8
BLACK
6
CONTINUOUS
10
6.5934685039370073
20
-5.0862519685039365
11
6.5927942125984247
21
-5.0896418897637794
0
LINE
8
BLACK
6
CONTINUOUS
10
6.5927942125984247
20
-5.0896418897637794
11
6.5908739763779529
21
-5.0925157086614172
0
LINE
8
BLACK
6
CONTINUOUS
10
6.5908739763779529
20
-5.0925157086614172
11
6.5880001574803151
21
-5.0944359448818899
0
LINE
8
BLACK
6
CONTINUOUS
10
6.5880001574803151
20
-5.0944359448818899
11
6.5846102362204721
21
-5.0951102362204725
0
LINE
8
BLACK
6
CONTINUOUS
10
6.5846102362204721
20
-5.0951102362204725
11
6.5668937007874018
21
-5.0951102362204725
0
LINE
8
BLACK
6
CONTINUOUS
10
6.5668937007874018
20
-5.0951102362204725
11
6.5635037795275588
21
-5.0944359448818899
0
LINE
8
BLACK
6
CONTINUOUS
10
6.5635037795275588
20
-5.0944359448818899
11
6.560629960629921
21
-5.0925157086614172
0
LINE
8
BLACK
6
CONTINUOUS
10
6.560629960629921
20
-5.0925157086614172
11
6.5587097244094483
21
-5.0896418897637794
0
LINE
8
BLACK
6
CONTINUOUS
10
6.5587097244094483
20
-5.0896418897637794
11
6.5580354330708657
21
-5.0862519685039365
0
LINE
8
BLACK
6
CONTINUOUS
10
6.5580354330708657
20
-5.0862519685039365
11
6.5580354330708657
21
-5.0773937007874013
0
LINE
8
BLACK
6
CONTINUOUS
10
6.5580354330708657
20
-5.0773937007874013
11
6.4712244094488192
21
-5.0773937007874013
0
LINE
8
BLACK
6
CONTINUOUS
10
6.4712244094488192
20
-5.0773937007874013
11
6.4705464173228346
21
-5.0772588582677161
0
LINE
8
BLACK
6
CONTINUOUS
10
6.4705464173228346
20
-5.0772588582677161
11
6.4699716535433067
21
-5.0768748031496065
0
LINE
8
BLACK
6
CONTINUOUS
10
6.4699716535433067
20
-5.0768748031496065
11
6.4695875984251963
21
-5.0763000393700786
0
LINE
8
BLACK
6
CONTINUOUS
10
6.4695875984251963
20
-5.0763000393700786
11
6.4694527559055119
21
-5.075622047244094
0
LINE
8
BLACK
6
CONTINUOUS
10
6.4694527559055119
20
-5.075622047244094
11
6.4694527559055119
21
-5.0673543307086613
0
LINE
8
BLACK
6
CONTINUOUS
10
6.4694527559055119
20
-5.0673543307086613
11
6.4695875984251963
21
-5.0666763385826767
0
LINE
8
BLACK
6
CONTINUOUS
10
6.4695875984251963
20
-5.0666763385826767
11
6.4699716535433067
21
-5.0661015748031497
0
LINE
8
BLACK
6
CONTINUOUS
10
6.4699716535433067
20
-5.0661015748031497
11
6.4705464173228346
21
-5.0657175196850392
0
LINE
8
BLACK
6
CONTINUOUS
10
6.4705464173228346
20
-5.0657175196850392
11
6.4712244094488192
21
-5.065582677165354
0
LINE
8
BLACK
6
CONTINUOUS
10
6.4712244094488192
20
-5.065582677165354
11
6.5580354330708657
21
-5.065582677165354
0
LINE
8
BLACK
6
CONTINUOUS
10
6.5580354330708657
20
-5.065582677165354
11
6.5580354330708657
21
-5.0567244094488188
0
LINE
8
BLACK
6
CONTINUOUS
10
6.5580354330708657
20
-5.0567244094488188
11
6.5587097244094483
21
-5.0533344881889759
0
LINE
8
BLACK
6
CONTINUOUS
10
6.5587097244094483
20
-5.0533344881889759
11
6.560629960629921
21
-5.0504606692913381
0
LINE
8
BLACK
6
CONTINUOUS
10
6.560629960629921
20
-5.0504606692913381
11
6.5635037795275588
21
-5.0485404330708663
0
LINE
8
BLACK
6
CONTINUOUS
10
6.5635037795275588
20
-5.0485404330708663
11
6.5668937007874018
21
-5.0478661417322837
0
LINE
8
BLACK
6
CONTINUOUS
10
6.5668937007874018
20
-5.0478661417322837
11
6.5846102362204721
21
-5.0478661417322837
0
LINE
8
BLACK
6
CONTINUOUS
10
6.5846102362204721
20
-5.0478661417322837
11
6.5880001574803151
21
-5.0485404330708663
0
LINE
8
BLACK
6
CONTINUOUS
10
6.7179214173228345
20
-5.0485404330708663
11
6.7207952362204724
21
-5.0504606692913381
0
LINE
8
BLACK
6
CONTINUOUS
10
6.7207952362204724
20
-5.0504606692913381
11
6.722715472440945
21
-5.0533344881889759
0
LINE
8
BLACK
6
CONTINUOUS
10
6.722715472440945
20
-5.0533344881889759
11
6.7233897637795277
21
-5.0567244094488188
0
LINE
8
BLACK
6
CONTINUOUS
10
6.7233897637795277
20
-5.0567244094488188
11
6.7233897637795277
21
-5.065582677165354
0
LINE
8
BLACK
6
CONTINUOUS
10
6.7233897637795277
20
-5.065582677165354
11
6.8052795275590547
21
-5.065582677165354
0
LINE
8
BLACK
6
CONTINUOUS
10
6.8052795275590547
20
-5.065582677165354
11
6.8059575196850393
21
-5.0657175196850392
0
LINE
8
BLACK
6
CONTINUOUS
10
6.8059575196850393
20
-5.0657175196850392
11
6.8065322834645672
21
-5.0661015748031497
0
LINE
8
BLACK
6
CONTINUOUS
10
6.8065322834645672
20
-5.0661015748031497
11
6.8069163385826768
21
-5.0666763385826767
0
LINE
8
BLACK
6
CONTINUOUS
10
6.8069163385826768
20
-5.0666763385826767
11
6.807051181102362
21
-5.0673543307086613
0
LINE
8
BLACK
6
CONTINUOUS
10
6.807051181102362
20
-5.0673543307086613
11
6.807051181102362
21
-5.075622047244094
0
LINE
8
BLACK
6
CONTINUOUS
10
6.807051181102362
20
-5.075622047244094
11
6.8069163385826768
21
-5.0763000393700786
0
LINE
8
BLACK
6
CONTINUOUS
10
6.8069163385826768
20
-5.0763000393700786
11
6.8065322834645672
21
-5.0768748031496065
0
LINE
8
BLACK
6
CONTINUOUS
10
6.8065322834645672
20
-5.0768748031496065
11
6.8059575196850393
21
-5.0772588582677161
0
LINE
8
BLACK
6
CONTINUOUS
10
6.8059575196850393
20
-5.0772588582677161
11
6.8052795275590547
21
-5.0773937007874013
0
LINE
8
BLACK
6
CONTINUOUS
10
6.8052795275590547
20
-5.0773937007874013
11
6.7233897637795277
21
-5.0773937007874013
0
LINE
8
BLACK
6
CONTINUOUS
10
6.7233897637795277
20
-5.0773937007874013
11
6.7233897637795277
21
-5.0862519685039365
0
LINE
8
BLACK
6
CONTINUOUS
10
6.7233897637795277
20
-5.0862519685039365
11
6.722715472440945
21
-5.0896418897637794
0
LINE
8
BLACK
6
CONTINUOUS
10
6.722715472440945
20
-5.0896418897637794
11
6.7207952362204724
21
-5.0925157086614172
0
LINE
8
BLACK
6
CONTINUOUS
10
6.7207952362204724
20
-5.0925157086614172
11
6.7179214173228345
21
-5.0944359448818899
0
LINE
8
BLACK
6
CONTINUOUS
10
6.7179214173228345
20
-5.0944359448818899
11
6.7145314960629916
21
-5.0951102362204725
0
LINE
8
BLACK
6
CONTINUOUS
10
6.7145314960629916
20
-5.0951102362204725
11
6.6968149606299212
21
-5.0951102362204725
0
LINE
8
BLACK
6
CONTINUOUS
10
6.6968149606299212
20
-5.0951102362204725
11
6.6934250393700783
21
-5.0944359448818899
0
LINE
8
BLACK
6
CONTINUOUS
10
6.6934250393700783
20
-5.0944359448818899
11
6.6905512204724404
21
-5.0925157086614172
0
LINE
8
BLACK
6
CONTINUOUS
10
6.6905512204724404
20
-5.0925157086614172
11
6.6886309842519687
21
-5.0896418897637794
0
LINE
8
BLACK
6
CONTINUOUS
10
6.6886309842519687
20
-5.0896418897637794
11
6.687956692913386
21
-5.0862519685039365
0
LINE
8
BLACK
6
CONTINUOUS
10
6.687956692913386
20
-5.0862519685039365
11
6.687956692913386
21
-5.0567244094488188
0
LINE
8
BLACK
6
CONTINUOUS
10
6.687956692913386
20
-5.0567244094488188
11
6.6886309842519687
21
-5.0533344881889759
0
LINE
8
BLACK
6
CONTINUOUS
10
6.6886309842519687
20
-5.0533344881889759
11
6.6905512204724404
21
-5.0504606692913381
0
LINE
8
BLACK
6
CONTINUOUS
10
6.6905512204724404
20
-5.0504606692913381
11
6.6934250393700783
21
-5.0485404330708663
0
LINE
8
BLACK
6
CONTINUOUS
10
6.6934250393700783
20
-5.0485404330708663
11
6.6968149606299212
21
-5.0478661417322837
0
LINE
8
BLACK
6
CONTINUOUS
10
6.6968149606299212
20
-5.0478661417322837
11
6.7145314960629916
21
-5.0478661417322837
0
LINE
8
BLACK
6
CONTINUOUS
10
6.7145314960629916
20
-5.0478661417322837
11
6.7179214173228345
21
-5.0485404330708663
0
LINE
8
BLACK
6
CONTINUOUS
10
10.5250080314960623
20
-4.9757057874015747
11
10.5278818503937011
21
-4.9776260236220473
0
LINE
8
BLACK
6
CONTINUOUS
10
10.5278818503937011
20
-4.9776260236220473
11
10.5298020866141737
21
-4.9804998425196851
0
LINE
8
BLACK
6
CONTINUOUS
10
10.5298020866141737
20
-4.9804998425196851
11
10.5304763779527555
21
-4.9838897637795272
0
LINE
8
BLACK
6
CONTINUOUS
10
10.5304763779527555
20
-4.9838897637795272
11
10.5304763779527555
21
-5.0134173228346457
0
LINE
8
BLACK
6
CONTINUOUS
10
10.5304763779527555
20
-5.0134173228346457
11
10.5298020866141737
21
-5.0168072440944877
0
LINE
8
BLACK
6
CONTINUOUS
10
10.5298020866141737
20
-5.0168072440944877
11
10.5278818503937011
21
-5.0196810629921256
0
LINE
8
BLACK
6
CONTINUOUS
10
10.5278818503937011
20
-5.0196810629921256
11
10.5250080314960623
21
-5.0216012992125982
0
LINE
8
BLACK
6
CONTINUOUS
10
10.5250080314960623
20
-5.0216012992125982
11
10.5216181102362203
21
-5.0222755905511809
0
LINE
8
BLACK
6
CONTINUOUS
10
10.5216181102362203
20
-5.0222755905511809
11
10.5039015748031499
21
-5.0222755905511809
0
LINE
8
BLACK
6
CONTINUOUS
10
10.5039015748031499
20
-5.0222755905511809
11
10.5005116535433061
21
-5.0216012992125982
0
LINE
8
BLACK
6
CONTINUOUS
10
10.5005116535433061
20
-5.0216012992125982
11
10.4976378346456691
21
-5.0196810629921256
0
LINE
8
BLACK
6
CONTINUOUS
10
10.4976378346456691
20
-5.0196810629921256
11
10.4957175984251965
21
-5.0168072440944877
0
LINE
8
BLACK
6
CONTINUOUS
10
10.4957175984251965
20
-5.0168072440944877
11
10.4950433070866147
21
-5.0134173228346457
0
LINE
8
BLACK
6
CONTINUOUS
10
10.4950433070866147
20
-5.0134173228346457
11
10.4950433070866147
21
-5.0045590551181105
0
LINE
8
BLACK
6
CONTINUOUS
10
10.4950433070866147
20
-5.0045590551181105
11
10.4082322834645673
21
-5.0045590551181105
0
LINE
8
BLACK
6
CONTINUOUS
10
10.4082322834645673
20
-5.0045590551181105
11
10.4075542913385828
21
-5.0044242125984253
0
LINE
8
BLACK
6
CONTINUOUS
10
10.4075542913385828
20
-5.0044242125984253
11
10.4069795275590558
21
-5.0040401574803148
0
LINE
8
BLACK
6
CONTINUOUS
10
10.4069795275590558
20
-5.0040401574803148
11
10.4065954724409444
21
-5.0034653937007869
0
LINE
8
BLACK
6
CONTINUOUS
10
10.4065954724409444
20
-5.0034653937007869
11
10.4064606299212592
21
-5.0027874015748033
0
LINE
8
BLACK
6
CONTINUOUS
10
10.4064606299212592
20
-5.0027874015748033
11
10.4064606299212592
21
-4.9945196850393696
0
LINE
8
BLACK
6
CONTINUOUS
10
10.4064606299212592
20
-4.9945196850393696
11
10.4065954724409444
21
-4.993841692913386
0
LINE
8
BLACK
6
CONTINUOUS
10
10.4065954724409444
20
-4.993841692913386
11
10.4069795275590558
21
-4.9932669291338581
0
LINE
8
BLACK
6
CONTINUOUS
10
10.4069795275590558
20
-4.9932669291338581
11
10.4075542913385828
21
-4.9928828740157476
0
LINE
8
BLACK
6
CONTINUOUS
10
10.4075542913385828
20
-4.9928828740157476
11
10.4082322834645673
21
-4.9927480314960633
0
LINE
8
BLACK
6
CONTINUOUS
10
10.4082322834645673
20
-4.9927480314960633
11
10.4950433070866147
21
-4.9927480314960633
0
LINE
8
BLACK
6
CONTINUOUS
10
10.4950433070866147
20
-4.9927480314960633
11
10.4950433070866147
21
-4.9838897637795272
0
LINE
8
BLACK
6
CONTINUOUS
10
10.4950433070866147
20
-4.9838897637795272
11
10.4957175984251965
21
-4.9804998425196851
0
LINE
8
BLACK
6
CONTINUOUS
10
10.4957175984251965
20
-4.9804998425196851
11
10.4976378346456691
21
-4.9776260236220473
0
LINE
8
BLACK
6
CONTINUOUS
10
10.4976378346456691
20
-4.9776260236220473
11
10.5005116535433061
21
-4.9757057874015747
0
LINE
8
BLACK
6
CONTINUOUS
10
10.5005116535433061
20
-4.9757057874015747
11
10.5039015748031499
21
-4.975031496062992
0
LINE
8
BLACK
6
CONTINUOUS
10
10.5039015748031499
20
-4.975031496062992
11
10.5216181102362203
21
-4.975031496062992
0
LINE
8
BLACK
6
CONTINUOUS
10
10.5216181102362203
20
-4.975031496062992
11
10.5250080314960623
21
-4.9757057874015747
0
LINE
8
BLACK
6
CONTINUOUS
10
10.6549292913385827
20
-4.9757057874015747
11
10.6578031102362196
21
-4.9776260236220473
0
LINE
8
BLACK
6
CONTINUOUS
10
10.6578031102362196
20
-4.9776260236220473
11
10.6597233464566923
21
-4.9804998425196851
0
LINE
8
BLACK
6
CONTINUOUS
10
10.6597233464566923
20
-4.9804998425196851
11
10.6603976377952758
21
-4.9838897637795272
0
LINE
8
BLACK
6
CONTINUOUS
10
10.6603976377952758
20
-4.9838897637795272
11
10.6603976377952758
21
-4.9927480314960633
0
LINE
8
BLACK
6
CONTINUOUS
10
10.6603976377952758
20
-4.9927480314960633
11
10.7422874015748029
21
-4.9927480314960633
0
LINE
8
BLACK
6
CONTINUOUS
10
10.7422874015748029
20
-4.9927480314960633
11
10.7429653937007874
21
-4.9928828740157476
0
LINE
8
BLACK
6
CONTINUOUS
10
10.7429653937007874
20
-4.9928828740157476
11
10.7435401574803144
21
-4.9932669291338581
0
LINE
8
BLACK
6
CONTINUOUS
10
10.7435401574803144
20
-4.9932669291338581
11
10.7439242125984258
21
-4.993841692913386
0
LINE
8
BLACK
6
CONTINUOUS
10
10.7439242125984258
20
-4.993841692913386
11
10.7440590551181092
21
-4.9945196850393696
0
LINE
8
BLACK
6
CONTINUOUS
10
10.7440590551181092
20
-4.9945196850393696
11
10.7440590551181092
21
-5.0027874015748033
0
LINE
8
BLACK
6
CONTINUOUS
10
10.7440590551181092
20
-5.0027874015748033
11
10.7439242125984258
21
-5.0034653937007869
0
LINE
8
BLACK
6
CONTINUOUS
10
10.7439242125984258
20
-5.0034653937007869
11
10.7435401574803144
21
-5.0040401574803148
0
LINE
8
BLACK
6
CONTINUOUS
10
10.7435401574803144
20
-5.0040401574803148
11
10.7429653937007874
21
-5.0044242125984253
0
LINE
8
BLACK
6
CONTINUOUS
10
10.7429653937007874
20
-5.0044242125984253
11
10.7422874015748029
21
-5.0045590551181105
0
LINE
8
BLACK
6
CONTINUOUS
10
10.7422874015748029
20
-5.0045590551181105
11
10.6603976377952758
21
-5.0045590551181105
0
LINE
8
BLACK
6
CONTINUOUS
10
10.6603976377952758
20
-5.0045590551181105
11
10.6603976377952758
21
-5.0134173228346457
0
LINE
8
BLACK
6
CONTINUOUS
10
10.6603976377952758
20
-5.0134173228346457
11
10.6597233464566923
21
-5.0168072440944877
0
LINE
8
BLACK
6
CONTINUOUS
10
10.6597233464566923
20
-5.0168072440944877
11
10.6578031102362196
21
-5.0196810629921256
0
LINE
8
BLACK
6
CONTINUOUS
10
10.6578031102362196
20
-5.0196810629921256
11
10.6549292913385827
21
-5.0216012992125982
0
LINE
8
BLACK
6
CONTINUOUS
10
10.6549292913385827
20
-5.0216012992125982
11
10.6515393700787406
21
-5.0222755905511809
0
LINE
8
BLACK
6
CONTINUOUS
10
10.6515393700787406
20
-5.0222755905511809
11
10.6338228346456685
21
-5.0222755905511809
0
LINE
8
BLACK
6
CONTINUOUS
10
10.6338228346456685
20
-5.0222755905511809
11
10.6304329133858264
21
-5.0216012992125982
0
LINE
8
BLACK
6
CONTINUOUS
10
10.6304329133858264
20
-5.0216012992125982
11
10.6275590944881895
21
-5.0196810629921256
0
LINE
8
BLACK
6
CONTINUOUS
10
10.6275590944881895
20
-5.0196810629921256
11
10.6256388582677168
21
-5.0168072440944877
0
LINE
8
BLACK
6
CONTINUOUS
10
10.6256388582677168
20
-5.0168072440944877
11
10.6249645669291333
21
-5.0134173228346457
0
LINE
8
BLACK
6
CONTINUOUS
10
10.6249645669291333
20
-5.0134173228346457
11
10.6249645669291333
21
-4.9838897637795272
0
LINE
8
BLACK
6
CONTINUOUS
10
10.6249645669291333
20
-4.9838897637795272
11
10.6256388582677168
21
-4.9804998425196851
0
LINE
8
BLACK
6
CONTINUOUS
10
10.6256388582677168
20
-4.9804998425196851
11
10.6275590944881895
21
-4.9776260236220473
0
LINE
8
BLACK
6
CONTINUOUS
10
10.6275590944881895
20
-4.9776260236220473
11
10.6304329133858264
21
-4.9757057874015747
0
LINE
8
BLACK
6
CONTINUOUS
10
10.6304329133858264
20
-4.9757057874015747
11
10.6338228346456685
21
-4.975031496062992
0
LINE
8
BLACK
6
CONTINUOUS
10
10.6338228346456685
20
-4.975031496062992
11
10.6515393700787406
21
-4.975031496062992
0
LINE
8
BLACK
6
CONTINUOUS
10
10.6515393700787406
20
-4.975031496062992
11
10.6549292913385827
21
-4.9757057874015747
0
LINE
8
BLACK
6
CONTINUOUS
10
5.4023320866141731
20
-4.9410018503937003
11
5.388659015748031
21
-5.0185457480314959
0
LINE
8
BLACK
6
CONTINUOUS
10
5.388659015748031
20
-5.0185457480314959
11
5.2994835039370081
21
-5.0028216929133853
0
LINE
8
BLACK
6
CONTINUOUS
10
5.2994835039370081
20
-5.0028216929133853
11
5.3131565748031493
21
-4.9252777952755906
0
LINE
8
BLACK
6
CONTINUOUS
10
5.3131565748031493
20
-4.9252777952755906
11
5.4023320866141731
21
-4.9410018503937003
0
LINE
8
BLACK
6
CONTINUOUS
10
5.9121007874015747
20
-4.9293451574803147
11
5.8984277165354326
21
-5.0068890551181102
0
LINE
8
BLACK
6
CONTINUOUS
10
5.8984277165354326
20
-5.0068890551181102
11
5.8092522047244097
21
-4.9911649999999996
0
LINE
8
BLACK
6
CONTINUOUS
10
5.8092522047244097
20
-4.9911649999999996
11
5.822925275590551
21
-4.913621102362205
0
LINE
8
BLACK
6
CONTINUOUS
10
5.822925275590551
20
-4.913621102362205
11
5.9121007874015747
21
-4.9293451574803147
0
LINE
8
BLACK
6
CONTINUOUS
10
4.9761891338582673
20
-4.9343672047244089
11
4.9790629527559052
21
-4.9362874409448816
0
LINE
8
BLACK
6
CONTINUOUS
10
4.9790629527559052
20
-4.9362874409448816
11
4.9809831889763778
21
-4.9391612598425194
0
LINE
8
BLACK
6
CONTINUOUS
10
4.9809831889763778
20
-4.9391612598425194
11
4.9816574803149605
21
-4.9425511811023624
0
LINE
8
BLACK
6
CONTINUOUS
10
4.9816574803149605
20
-4.9425511811023624
11
4.9816574803149605
21
-4.97207874015748
0
LINE
8
BLACK
6
CONTINUOUS
10
4.9816574803149605
20
-4.97207874015748
11
4.9809831889763778
21
-4.9754686614173229
0
LINE
8
BLACK
6
CONTINUOUS
10
4.9809831889763778
20
-4.9754686614173229
11
4.9790629527559052
21
-4.9783424803149607
0
LINE
8
BLACK
6
CONTINUOUS
10
4.9790629527559052
20
-4.9783424803149607
11
4.9761891338582673
21
-4.9802627165354334
0
LINE
8
BLACK
6
CONTINUOUS
10
4.9761891338582673
20
-4.9802627165354334
11
4.9727992125984253
21
-4.9809370078740161
0
LINE
8
BLACK
6
CONTINUOUS
10
4.9727992125984253
20
-4.9809370078740161
11
4.955082677165354
21
-4.9809370078740161
0
LINE
8
BLACK
6
CONTINUOUS
10
4.955082677165354
20
-4.9809370078740161
11
4.9516927559055119
21
-4.9802627165354334
0
LINE
8
BLACK
6
CONTINUOUS
10
4.9516927559055119
20
-4.9802627165354334
11
4.9488189370078741
21
-4.9783424803149607
0
LINE
8
BLACK
6
CONTINUOUS
10
4.9488189370078741
20
-4.9783424803149607
11
4.9468987007874015
21
-4.9754686614173229
0
LINE
8
BLACK
6
CONTINUOUS
10
4.9468987007874015
20
-4.9754686614173229
11
4.9462244094488188
21
-4.97207874015748
0
LINE
8
BLACK
6
CONTINUOUS
10
4.9462244094488188
20
-4.97207874015748
11
4.9462244094488188
21
-4.9632204724409448
0
LINE
8
BLACK
6
CONTINUOUS
10
4.9462244094488188
20
-4.9632204724409448
11
4.8594133858267714
21
-4.9632204724409448
0
LINE
8
BLACK
6
CONTINUOUS
10
4.8594133858267714
20
-4.9632204724409448
11
4.8587353937007869
21
-4.9630856299212596
0
LINE
8
BLACK
6
CONTINUOUS
10
4.8587353937007869
20
-4.9630856299212596
11
4.8581606299212599
21
-4.9627015748031491
0
LINE
8
BLACK
6
CONTINUOUS
10
4.8581606299212599
20
-4.9627015748031491
11
4.8577765748031494
21
-4.9621268110236221
0
LINE
8
BLACK
6
CONTINUOUS
10
4.8577765748031494
20
-4.9621268110236221
11
4.8576417322834642
21
-4.9614488188976376
0
LINE
8
BLACK
6
CONTINUOUS
10
4.8576417322834642
20
-4.9614488188976376
11
4.8576417322834642
21
-4.9531811023622048
0
LINE
8
BLACK
6
CONTINUOUS
10
4.8576417322834642
20
-4.9531811023622048
11
4.8577765748031494
21
-4.9525031102362203
0
LINE
8
BLACK
6
CONTINUOUS
10
4.8577765748031494
20
-4.9525031102362203
11
4.8581606299212599
21
-4.9519283464566932
0
LINE
8
BLACK
6
CONTINUOUS
10
4.8581606299212599
20
-4.9519283464566932
11
4.8587353937007869
21
-4.9515442913385828
0
LINE
8
BLACK
6
CONTINUOUS
10
4.8587353937007869
20
-4.9515442913385828
11
4.8594133858267714
21
-4.9514094488188976
0
LINE
8
BLACK
6
CONTINUOUS
10
4.8594133858267714
20
-4.9514094488188976
11
4.9462244094488188
21
-4.9514094488188976
0
LINE
8
BLACK
6
CONTINUOUS
10
4.9462244094488188
20
-4.9514094488188976
11
4.9462244094488188
21
-4.9425511811023624
0
LINE
8
BLACK
6
CONTINUOUS
10
4.9462244094488188
20
-4.9425511811023624
11
4.9468987007874015
21
-4.9391612598425194
0
LINE
8
BLACK
6
CONTINUOUS
10
4.9468987007874015
20
-4.9391612598425194
11
4.9488189370078741
21
-4.9362874409448816
0
LINE
8
BLACK
6
CONTINUOUS
10
4.9488189370078741
20
-4.9362874409448816
11
4.9516927559055119
21
-4.9343672047244089
0
LINE
8
BLACK
6
CONTINUOUS
10
4.9516927559055119
20
-4.9343672047244089
11
4.955082677165354
21
-4.9336929133858263
0
LINE
8
BLACK
6
CONTINUOUS
10
4.955082677165354
20
-4.9336929133858263
11
4.9727992125984253
21
-4.9336929133858263
0
LINE
8
BLACK
6
CONTINUOUS
10
4.9727992125984253
20
-4.9336929133858263
11
4.9761891338582673
21
-4.9343672047244089
0
LINE
8
BLACK
6
CONTINUOUS
10
5.1061103937007877
20
-4.9343672047244089
11
5.1089842125984255
21
-4.9362874409448816
0
LINE
8
BLACK
6
CONTINUOUS
10
5.1089842125984255
20
-4.9362874409448816
11
5.1109044488188973
21
-4.9391612598425194
0
LINE
8
BLACK
6
CONTINUOUS
10
5.1109044488188973
20
-4.9391612598425194
11
5.1115787401574799
21
-4.9425511811023624
0
LINE
8
BLACK
6
CONTINUOUS
10
5.1115787401574799
20
-4.9425511811023624
11
5.1115787401574799
21
-4.9514094488188976
0
LINE
8
BLACK
6
CONTINUOUS
10
5.1115787401574799
20
-4.9514094488188976
11
5.1934685039370079
21
-4.9514094488188976
0
LINE
8
BLACK
6
CONTINUOUS
10
5.1934685039370079
20
-4.9514094488188976
11
5.1941464960629924
21
-4.9515442913385828
0
LINE
8
BLACK
6
CONTINUOUS
10
5.1941464960629924
20
-4.9515442913385828
11
5.1947212598425194
21
-4.9519283464566932
0
LINE
8
BLACK
6
CONTINUOUS
10
5.1947212598425194
20
-4.9519283464566932
11
5.1951053149606299
21
-4.9525031102362203
0
LINE
8
BLACK
6
CONTINUOUS
10
5.1951053149606299
20
-4.9525031102362203
11
5.1952401574803151
21
-4.9531811023622048
0
LINE
8
BLACK
6
CONTINUOUS
10
5.1952401574803151
20
-4.9531811023622048
11
5.1952401574803151
21
-4.9614488188976376
0
LINE
8
BLACK
6
CONTINUOUS
10
5.1952401574803151
20
-4.9614488188976376
11
5.1951053149606299
21
-4.9621268110236221
0
LINE
8
BLACK
6
CONTINUOUS
10
5.1951053149606299
20
-4.9621268110236221
11
5.1947212598425194
21
-4.9627015748031491
0
LINE
8
BLACK
6
CONTINUOUS
10
5.1947212598425194
20
-4.9627015748031491
11
5.1941464960629924
21
-4.9630856299212596
0
LINE
8
BLACK
6
CONTINUOUS
10
5.1941464960629924
20
-4.9630856299212596
11
5.1934685039370079
21
-4.9632204724409448
0
LINE
8
BLACK
6
CONTINUOUS
10
5.1934685039370079
20
-4.9632204724409448
11
5.1115787401574799
21
-4.9632204724409448
0
LINE
8
BLACK
6
CONTINUOUS
10
5.1115787401574799
20
-4.9632204724409448
11
5.1115787401574799
21
-4.97207874015748
0
LINE
8
BLACK
6
CONTINUOUS
10
5.1115787401574799
20
-4.97207874015748
11
5.1109044488188973
21
-4.9754686614173229
0
LINE
8
BLACK
6
CONTINUOUS
10
5.1109044488188973
20
-4.9754686614173229
11
5.1089842125984255
21
-4.9783424803149607
0
LINE
8
BLACK
6
CONTINUOUS
10
5.1089842125984255
20
-4.9783424803149607
11
5.1061103937007877
21
-4.9802627165354334
0
LINE
8
BLACK
6
CONTINUOUS
10
5.1061103937007877
20
-4.9802627165354334
11
5.1027204724409447
21
-4.9809370078740161
0
LINE
8
BLACK
6
CONTINUOUS
10
5.1027204724409447
20
-4.9809370078740161
11
5.0850039370078743
21
-4.9809370078740161
0
LINE
8
BLACK
6
CONTINUOUS
10
5.0850039370078743
20
-4.9809370078740161
11
5.0816140157480314
21
-4.9802627165354334
0
LINE
8
BLACK
6
CONTINUOUS
10
5.0816140157480314
20
-4.9802627165354334
11
5.0787401968503936
21
-4.9783424803149607
0
LINE
8
BLACK
6
CONTINUOUS
10
5.0787401968503936
20
-4.9783424803149607
11
5.0768199606299209
21
-4.9754686614173229
0
LINE
8
BLACK
6
CONTINUOUS
10
5.0768199606299209
20
-4.9754686614173229
11
5.0761456692913383
21
-4.97207874015748
0
LINE
8
BLACK
6
CONTINUOUS
10
5.0761456692913383
20
-4.97207874015748
11
5.0761456692913383
21
-4.9425511811023624
0
LINE
8
BLACK
6
CONTINUOUS
10
5.0761456692913383
20
-4.9425511811023624
11
5.0768199606299209
21
-4.9391612598425194
0
LINE
8
BLACK
6
CONTINUOUS
10
5.0768199606299209
20
-4.9391612598425194
11
5.0787401968503936
21
-4.9362874409448816
0
LINE
8
BLACK
6
CONTINUOUS
10
5.0787401968503936
20
-4.9362874409448816
11
5.0816140157480314
21
-4.9343672047244089
0
LINE
8
BLACK
6
CONTINUOUS
10
5.0816140157480314
20
-4.9343672047244089
11
5.0850039370078743
21
-4.9336929133858263
0
LINE
8
BLACK
6
CONTINUOUS
10
5.0850039370078743
20
-4.9336929133858263
11
5.1027204724409447
21
-4.9336929133858263
0
LINE
8
BLACK
6
CONTINUOUS
10
5.1027204724409447
20
-4.9336929133858263
11
5.1061103937007877
21
-4.9343672047244089
0
LINE
8
BLACK
6
CONTINUOUS
10
12.3738269291338572
20
-4.9127136614173228
11
12.3767007480314959
21
-4.9146338976377955
0
LINE
8
BLACK
6
CONTINUOUS
10
12.3767007480314959
20
-4.9146338976377955
11
12.3786209842519686
21
-4.9175077165354333
0
LINE
8
BLACK
6
CONTINUOUS
10
12.3786209842519686
20
-4.9175077165354333
11
12.3792952755905503
21
-4.9208976377952753
0
LINE
8
BLACK
6
CONTINUOUS
10
12.3792952755905503
20
-4.9208976377952753
11
12.3792952755905503
21
-4.9504251968503938
0
LINE
8
BLACK
6
CONTINUOUS
10
12.3792952755905503
20
-4.9504251968503938
11
12.3786209842519686
21
-4.9538151181102359
0
LINE
8
BLACK
6
CONTINUOUS
10
12.3786209842519686
20
-4.9538151181102359
11
12.3767007480314959
21
-4.9566889370078737
0
LINE
8
BLACK
6
CONTINUOUS
10
12.3767007480314959
20
-4.9566889370078737
11
12.3738269291338572
21
-4.9586091732283464
0
LINE
8
BLACK
6
CONTINUOUS
10
12.3738269291338572
20
-4.9586091732283464
11
12.3704370078740151
21
-4.959283464566929
0
LINE
8
BLACK
6
CONTINUOUS
10
12.3704370078740151
20
-4.959283464566929
11
12.3527204724409447
21
-4.959283464566929
0
LINE
8
BLACK
6
CONTINUOUS
10
12.3527204724409447
20
-4.959283464566929
11
12.3493305511811027
21
-4.9586091732283464
0
LINE
8
BLACK
6
CONTINUOUS
10
12.3493305511811027
20
-4.9586091732283464
11
12.346456732283464
21
-4.9566889370078737
0
LINE
8
BLACK
6
CONTINUOUS
10
12.346456732283464
20
-4.9566889370078737
11
12.3445364960629913
21
-4.9538151181102359
0
LINE
8
BLACK
6
CONTINUOUS
10
12.3445364960629913
20
-4.9538151181102359
11
12.3438622047244095
21
-4.9504251968503938
0
LINE
8
BLACK
6
CONTINUOUS
10
12.3438622047244095
20
-4.9504251968503938
11
12.3438622047244095
21
-4.9415669291338578
0
LINE
8
BLACK
6
CONTINUOUS
10
12.3438622047244095
20
-4.9415669291338578
11
12.2570511811023621
21
-4.9415669291338578
0
LINE
8
BLACK
6
CONTINUOUS
10
12.2570511811023621
20
-4.9415669291338578
11
12.2563731889763776
21
-4.9414320866141734
0
LINE
8
BLACK
6
CONTINUOUS
10
12.2563731889763776
20
-4.9414320866141734
11
12.2557984251968506
21
-4.941048031496063
0
LINE
8
BLACK
6
CONTINUOUS
10
12.2557984251968506
20
-4.941048031496063
11
12.2554143700787392
21
-4.9404732677165351
0
LINE
8
BLACK
6
CONTINUOUS
10
12.2554143700787392
20
-4.9404732677165351
11
12.255279527559054
21
-4.9397952755905514
0
LINE
8
BLACK
6
CONTINUOUS
10
12.255279527559054
20
-4.9397952755905514
11
12.255279527559054
21
-4.9315275590551177
0
LINE
8
BLACK
6
CONTINUOUS
10
12.255279527559054
20
-4.9315275590551177
11
12.2554143700787392
21
-4.9308495669291341
0
LINE
8
BLACK
6
CONTINUOUS
10
12.2554143700787392
20
-4.9308495669291341
11
12.2557984251968506
21
-4.9302748031496062
0
LINE
8
BLACK
6
CONTINUOUS
10
12.2557984251968506
20
-4.9302748031496062
11
12.2563731889763776
21
-4.9298907480314957
0
LINE
8
BLACK
6
CONTINUOUS
10
12.2563731889763776
20
-4.9298907480314957
11
12.2570511811023621
21
-4.9297559055118105
0
LINE
8
BLACK
6
CONTINUOUS
10
12.2570511811023621
20
-4.9297559055118105
11
12.3438622047244095
21
-4.9297559055118105
0
LINE
8
BLACK
6
CONTINUOUS
10
12.3438622047244095
20
-4.9297559055118105
11
12.3438622047244095
21
-4.9208976377952753
0
LINE
8
BLACK
6
CONTINUOUS
10
12.3438622047244095
20
-4.9208976377952753
11
12.3445364960629913
21
-4.9175077165354333
0
LINE
8
BLACK
6
CONTINUOUS
10
12.3445364960629913
20
-4.9175077165354333
11
12.346456732283464
21
-4.9146338976377955
0
LINE
8
BLACK
6
CONTINUOUS
10
12.346456732283464
20
-4.9146338976377955
11
12.3493305511811027
21
-4.9127136614173228
0
LINE
8
BLACK
6
CONTINUOUS
10
12.3493305511811027
20
-4.9127136614173228
11
12.3527204724409447
21
-4.9120393700787401
0
LINE
8
BLACK
6
CONTINUOUS
10
12.3527204724409447
20
-4.9120393700787401
11
12.3704370078740151
21
-4.9120393700787401
0
LINE
8
BLACK
6
CONTINUOUS
10
12.3704370078740151
20
-4.9120393700787401
11
12.3738269291338572
21
-4.9127136614173228
0
LINE
8
BLACK
6
CONTINUOUS
10
12.5037481889763775
20
-4.9127136614173228
11
12.5066220078740162
21
-4.9146338976377955
0
LINE
8
BLACK
6
CONTINUOUS
10
12.5066220078740162
20
-4.9146338976377955
11
12.5085422440944871
21
-4.9175077165354333
0
LINE
8
BLACK
6
CONTINUOUS
10
12.5085422440944871
20
-4.9175077165354333
11
12.5092165354330707
21
-4.9208976377952753
0
LINE
8
BLACK
6
CONTINUOUS
10
12.5092165354330707
20
-4.9208976377952753
11
12.5092165354330707
21
-4.9297559055118105
0
LINE
8
BLACK
6
CONTINUOUS
10
12.5092165354330707
20
-4.9297559055118105
11
12.5911062992125977
21
-4.9297559055118105
0
LINE
8
BLACK
6
CONTINUOUS
10
12.5911062992125977
20
-4.9297559055118105
11
12.5917842913385822
21
-4.9298907480314957
0
LINE
8
BLACK
6
CONTINUOUS
10
12.5917842913385822
20
-4.9298907480314957
11
12.5923590551181093
21
-4.9302748031496062
0
LINE
8
BLACK
6
CONTINUOUS
10
12.5923590551181093
20
-4.9302748031496062
11
12.5927431102362206
21
-4.9308495669291341
0
LINE
8
BLACK
6
CONTINUOUS
10
12.5927431102362206
20
-4.9308495669291341
11
12.5928779527559058
21
-4.9315275590551177
0
LINE
8
BLACK
6
CONTINUOUS
10
12.5928779527559058
20
-4.9315275590551177
11
12.5928779527559058
21
-4.9397952755905514
0
LINE
8
BLACK
6
CONTINUOUS
10
12.5928779527559058
20
-4.9397952755905514
11
12.5927431102362206
21
-4.9404732677165351
0
LINE
8
BLACK
6
CONTINUOUS
10
12.5927431102362206
20
-4.9404732677165351
11
12.5923590551181093
21
-4.941048031496063
0
LINE
8
BLACK
6
CONTINUOUS
10
12.5923590551181093
20
-4.941048031496063
11
12.5917842913385822
21
-4.9414320866141734
0
LINE
8
BLACK
6
CONTINUOUS
10
12.5917842913385822
20
-4.9414320866141734
11
12.5911062992125977
21
-4.9415669291338578
0
LINE
8
BLACK
6
CONTINUOUS
10
12.5911062992125977
20
-4.9415669291338578
11
12.5092165354330707
21
-4.9415669291338578
0
LINE
8
BLACK
6
CONTINUOUS
10
12.5092165354330707
20
-4.9415669291338578
11
12.5092165354330707
21
-4.9504251968503938
0
LINE
8
BLACK
6
CONTINUOUS
10
12.5092165354330707
20
-4.9504251968503938
11
12.5085422440944871
21
-4.9538151181102359
0
LINE
8
BLACK
6
CONTINUOUS
10
12.5085422440944871
20
-4.9538151181102359
11
12.5066220078740162
21
-4.9566889370078737
0
LINE
8
BLACK
6
CONTINUOUS
10
12.5066220078740162
20
-4.9566889370078737
11
12.5037481889763775
21
-4.9586091732283464
0
LINE
8
BLACK
6
CONTINUOUS
10
12.5037481889763775
20
-4.9586091732283464
11
12.5003582677165355
21
-4.959283464566929
0
LINE
8
BLACK
6
CONTINUOUS
10
12.5003582677165355
20
-4.959283464566929
11
12.4826417322834651
21
-4.959283464566929
0
LINE
8
BLACK
6
CONTINUOUS
10
12.4826417322834651
20
-4.959283464566929
11
12.4792518110236212
21
-4.9586091732283464
0
LINE
8
BLACK
6
CONTINUOUS
10
12.4792518110236212
20
-4.9586091732283464
11
12.4763779921259843
21
-4.9566889370078737
0
LINE
8
BLACK
6
CONTINUOUS
10
12.4763779921259843
20
-4.9566889370078737
11
12.4744577559055116
21
-4.9538151181102359
0
LINE
8
BLACK
6
CONTINUOUS
10
12.4744577559055116
20
-4.9538151181102359
11
12.4737834645669281
21
-4.9504251968503938
0
LINE
8
BLACK
6
CONTINUOUS
10
12.4737834645669281
20
-4.9504251968503938
11
12.4737834645669281
21
-4.9208976377952753
0
LINE
8
BLACK
6
CONTINUOUS
10
12.4737834645669281
20
-4.9208976377952753
11
12.4744577559055116
21
-4.9175077165354333
0
LINE
8
BLACK
6
CONTINUOUS
10
12.4744577559055116
20
-4.9175077165354333
11
12.4763779921259843
21
-4.9146338976377955
0
LINE
8
BLACK
6
CONTINUOUS
10
12.4763779921259843
20
-4.9146338976377955
11
12.4792518110236212
21
-4.9127136614173228
0
LINE
8
BLACK
6
CONTINUOUS
10
12.4792518110236212
20
-4.9127136614173228
11
12.4826417322834651
21
-4.9120393700787401
0
LINE
8
BLACK
6
CONTINUOUS
10
12.4826417322834651
20
-4.9120393700787401
11
12.5003582677165355
21
-4.9120393700787401
0
LINE
8
BLACK
6
CONTINUOUS
10
12.5003582677165355
20
-4.9120393700787401
11
12.5037481889763775
21
-4.9127136614173228
0
LINE
8
BLACK
6
CONTINUOUS
10
11.3615473622047247
20
-4.9132284251968503
11
11.2723718503937
21
-4.9289524803149609
0
LINE
8
BLACK
6
CONTINUOUS
10
11.2723718503937
20
-4.9289524803149609
11
11.2586987795275579
21
-4.8514085826771653
0
LINE
8
BLACK
6
CONTINUOUS
10
11.2586987795275579
20
-4.8514085826771653
11
11.3478742913385826
21
-4.8356845275590548
0
LINE
8
BLACK
6
CONTINUOUS
10
11.3478742913385826
20
-4.8356845275590548
11
11.3615473622047247
21
-4.9132284251968503
0
LINE
8
BLACK
6
CONTINUOUS
10
3.4951181102362203
20
-4.8924488188976376
11
3.4045669291338583
21
-4.8924488188976376
0
LINE
8
BLACK
6
CONTINUOUS
10
3.4045669291338583
20
-4.8924488188976376
11
3.4045669291338583
21
-4.8137086614173228
0
LINE
8
BLACK
6
CONTINUOUS
10
3.4045669291338583
20
-4.8137086614173228
11
3.4951181102362203
21
-4.8137086614173228
0
LINE
8
BLACK
6
CONTINUOUS
10
3.4951181102362203
20
-4.8137086614173228
11
3.4951181102362203
21
-4.8924488188976376
0
LINE
8
BLACK
6
CONTINUOUS
10
12.7730551181102356
20
-4.8924488188976376
11
12.6825039370078745
21
-4.8924488188976376
0
LINE
8
BLACK
6
CONTINUOUS
10
12.6825039370078745
20
-4.8924488188976376
11
12.6825039370078745
21
-4.8137086614173228
0
LINE
8
BLACK
6
CONTINUOUS
10
12.6825039370078745
20
-4.8137086614173228
11
12.7730551181102356
21
-4.8137086614173228
0
LINE
8
BLACK
6
CONTINUOUS
10
12.7730551181102356
20
-4.8137086614173228
11
12.7730551181102356
21
-4.8924488188976376
0
LINE
8
BLACK
6
CONTINUOUS
10
2.7031338582677167
20
-4.8921417322834646
11
2.6125826771653542
21
-4.8921417322834646
0
LINE
8
BLACK
6
CONTINUOUS
10
2.6125826771653542
20
-4.8921417322834646
11
2.6125826771653542
21
-4.8134015748031498
0
LINE
8
BLACK
6
CONTINUOUS
10
2.6125826771653542
20
-4.8134015748031498
11
2.7031338582677167
21
-4.8134015748031498
0
LINE
8
BLACK
6
CONTINUOUS
10
2.7031338582677167
20
-4.8134015748031498
11
2.7031338582677167
21
-4.8921417322834646
0
LINE
8
BLACK
6
CONTINUOUS
10
13.5650354330708662
20
-4.8921417322834646
11
13.4744842519685033
21
-4.8921417322834646
0
LINE
8
BLACK
6
CONTINUOUS
10
13.4744842519685033
20
-4.8921417322834646
11
13.4744842519685033
21
-4.8134015748031498
0
LINE
8
BLACK
6
CONTINUOUS
10
13.4744842519685033
20
-4.8134015748031498
11
13.5650354330708662
21
-4.8134015748031498
0
LINE
8
BLACK
6
CONTINUOUS
10
13.5650354330708662
20
-4.8134015748031498
11
13.5650354330708662
21
-4.8921417322834646
0
LINE
8
BLACK
6
CONTINUOUS
10
9.3127051181102356
20
-4.8260647637795273
11
9.2235296062992127
21
-4.8417888188976379
0
LINE
8
BLACK
6
CONTINUOUS
10
9.2235296062992127
20
-4.8417888188976379
11
9.2098565354330706
21
-4.7642449212598423
0
LINE
8
BLACK
6
CONTINUOUS
10
9.2098565354330706
20
-4.7642449212598423
11
9.2990320472440935
21
-4.7485208661417317
0
LINE
8
BLACK
6
CONTINUOUS
10
9.2990320472440935
20
-4.7485208661417317
11
9.3127051181102356
21
-4.8260647637795273
0
LINE
8
BLACK
6
CONTINUOUS
10
3.9951181102362203
20
-4.792448818897638
11
3.9045669291338583
21
-4.792448818897638
0
LINE
8
BLACK
6
CONTINUOUS
10
3.9045669291338583
20
-4.792448818897638
11
3.9045669291338583
21
-4.7137086614173231
0
LINE
8
BLACK
6
CONTINUOUS
10
3.9045669291338583
20
-4.7137086614173231
11
3.9951181102362203
21
-4.7137086614173231
0
LINE
8
BLACK
6
CONTINUOUS
10
3.9951181102362203
20
-4.7137086614173231
11
3.9951181102362203
21
-4.792448818897638
0
LINE
8
BLACK
6
CONTINUOUS
10
13.2730551181102356
20
-4.792448818897638
11
13.1825039370078745
21
-4.792448818897638
0
LINE
8
BLACK
6
CONTINUOUS
10
13.1825039370078745
20
-4.792448818897638
11
13.1825039370078745
21
-4.7137086614173231
0
LINE
8
BLACK
6
CONTINUOUS
10
13.1825039370078745
20
-4.7137086614173231
11
13.2730551181102356
21
-4.7137086614173231
0
LINE
8
BLACK
6
CONTINUOUS
10
13.2730551181102356
20
-4.7137086614173231
11
13.2730551181102356
21
-4.792448818897638
0
LINE
8
BLACK
6
CONTINUOUS
10
3.2031338582677167
20
-4.7921417322834641
11
3.1125826771653542
21
-4.7921417322834641
0
LINE
8
BLACK
6
CONTINUOUS
10
3.1125826771653542
20
-4.7921417322834641
11
3.1125826771653542
21
-4.7134015748031493
0
LINE
8
BLACK
6
CONTINUOUS
10
3.1125826771653542
20
-4.7134015748031493
11
3.2031338582677167
21
-4.7134015748031493
0
LINE
8
BLACK
6
CONTINUOUS
10
3.2031338582677167
20
-4.7134015748031493
11
3.2031338582677167
21
-4.7921417322834641
0
LINE
8
BLACK
6
CONTINUOUS
10
14.0650354330708662
20
-4.7921417322834641
11
13.9744842519685033
21
-4.7921417322834641
0
LINE
8
BLACK
6
CONTINUOUS
10
13.9744842519685033
20
-4.7921417322834641
11
13.9744842519685033
21
-4.7134015748031493
0
LINE
8
BLACK
6
CONTINUOUS
10
13.9744842519685033
20
-4.7134015748031493
11
14.0650354330708662
21
-4.7134015748031493
0
LINE
8
BLACK
6
CONTINUOUS
10
14.0650354330708662
20
-4.7134015748031493
11
14.0650354330708662
21
-4.7921417322834641
0
LINE
8
BLACK
6
CONTINUOUS
10
5.8561103937007877
20
-4.7375168110236219
11
5.8589842125984255
21
-4.7394370472440945
0
LINE
8
BLACK
6
CONTINUOUS
10
5.8589842125984255
20
-4.7394370472440945
11
5.8609044488188973
21
-4.7423108661417324
0
LINE
8
BLACK
6
CONTINUOUS
10
5.8609044488188973
20
-4.7423108661417324
11
5.8615787401574799
21
-4.7457007874015744
0
LINE
8
BLACK
6
CONTINUOUS
10
5.8615787401574799
20
-4.7457007874015744
11
5.8615787401574799
21
-4.7752283464566929
0
LINE
8
BLACK
6
CONTINUOUS
10
5.8615787401574799
20
-4.7752283464566929
11
5.8609044488188973
21
-4.778618267716535
0
LINE
8
BLACK
6
CONTINUOUS
10
5.8609044488188973
20
-4.778618267716535
11
5.8589842125984255
21
-4.7814920866141728
0
LINE
8
BLACK
6
CONTINUOUS
10
5.8589842125984255
20
-4.7814920866141728
11
5.8561103937007877
21
-4.7834123228346455
0
LINE
8
BLACK
6
CONTINUOUS
10
5.8561103937007877
20
-4.7834123228346455
11
5.8527204724409447
21
-4.7840866141732281
0
LINE
8
BLACK
6
CONTINUOUS
10
5.8527204724409447
20
-4.7840866141732281
11
5.8350039370078735
21
-4.7840866141732281
0
LINE
8
BLACK
6
CONTINUOUS
10
5.8350039370078735
20
-4.7840866141732281
11
5.8316140157480314
21
-4.7834123228346455
0
LINE
8
BLACK
6
CONTINUOUS
10
5.8316140157480314
20
-4.7834123228346455
11
5.8287401968503936
21
-4.7814920866141728
0
LINE
8
BLACK
6
CONTINUOUS
10
5.8287401968503936
20
-4.7814920866141728
11
5.8268199606299209
21
-4.778618267716535
0
LINE
8
BLACK
6
CONTINUOUS
10
5.8268199606299209
20
-4.778618267716535
11
5.8261456692913383
21
-4.7752283464566929
0
LINE
8
BLACK
6
CONTINUOUS
10
5.8261456692913383
20
-4.7752283464566929
11
5.8261456692913383
21
-4.7663700787401577
0
LINE
8
BLACK
6
CONTINUOUS
10
5.8261456692913383
20
-4.7663700787401577
11
5.7393346456692909
21
-4.7663700787401577
0
LINE
8
BLACK
6
CONTINUOUS
10
5.7393346456692909
20
-4.7663700787401577
11
5.7386566535433072
21
-4.7662352362204725
0
LINE
8
BLACK
6
CONTINUOUS
10
5.7386566535433072
20
-4.7662352362204725
11
5.7380818897637793
21
-4.7658511811023621
0
LINE
8
BLACK
6
CONTINUOUS
10
5.7380818897637793
20
-4.7658511811023621
11
5.7376978346456688
21
-4.7652764173228341
0
LINE
8
BLACK
6
CONTINUOUS
10
5.7376978346456688
20
-4.7652764173228341
11
5.7375629921259845
21
-4.7645984251968505
0
LINE
8
BLACK
6
CONTINUOUS
10
5.7375629921259845
20
-4.7645984251968505
11
5.7375629921259845
21
-4.7563307086614168
0
LINE
8
BLACK
6
CONTINUOUS
10
5.7375629921259845
20
-4.7563307086614168
11
5.7376978346456688
21
-4.7556527165354332
0
LINE
8
BLACK
6
CONTINUOUS
10
5.7376978346456688
20
-4.7556527165354332
11
5.7380818897637793
21
-4.7550779527559053
0
LINE
8
BLACK
6
CONTINUOUS
10
5.7380818897637793
20
-4.7550779527559053
11
5.7386566535433072
21
-4.7546938976377948
0
LINE
8
BLACK
6
CONTINUOUS
10
5.7386566535433072
20
-4.7546938976377948
11
5.7393346456692909
21
-4.7545590551181105
0
LINE
8
BLACK
6
CONTINUOUS
10
5.7393346456692909
20
-4.7545590551181105
11
5.8261456692913383
21
-4.7545590551181105
0
LINE
8
BLACK
6
CONTINUOUS
10
5.8261456692913383
20
-4.7545590551181105
11
5.8261456692913383
21
-4.7457007874015744
0
LINE
8
BLACK
6
CONTINUOUS
10
5.8261456692913383
20
-4.7457007874015744
11
5.8268199606299209
21
-4.7423108661417324
0
LINE
8
BLACK
6
CONTINUOUS
10
5.8268199606299209
20
-4.7423108661417324
11
5.8287401968503936
21
-4.7394370472440945
0
LINE
8
BLACK
6
CONTINUOUS
10
5.8287401968503936
20
-4.7394370472440945
11
5.8316140157480314
21
-4.7375168110236219
0
LINE
8
BLACK
6
CONTINUOUS
10
5.8316140157480314
20
-4.7375168110236219
11
5.8350039370078735
21
-4.7368425196850392
0
LINE
8
BLACK
6
CONTINUOUS
10
5.8350039370078735
20
-4.7368425196850392
11
5.8527204724409447
21
-4.7368425196850392
0
LINE
8
BLACK
6
CONTINUOUS
10
5.8527204724409447
20
-4.7368425196850392
11
5.8561103937007877
21
-4.7375168110236219
0
LINE
8
BLACK
6
CONTINUOUS
10
5.9860316535433071
20
-4.7375168110236219
11
5.988905472440945
21
-4.7394370472440945
0
LINE
8
BLACK
6
CONTINUOUS
10
5.988905472440945
20
-4.7394370472440945
11
5.9908257086614176
21
-4.7423108661417324
0
LINE
8
BLACK
6
CONTINUOUS
10
5.9908257086614176
20
-4.7423108661417324
11
5.9915000000000003
21
-4.7457007874015744
0
LINE
8
BLACK
6
CONTINUOUS
10
5.9915000000000003
20
-4.7457007874015744
11
5.9915000000000003
21
-4.7545590551181105
0
LINE
8
BLACK
6
CONTINUOUS
10
5.9915000000000003
20
-4.7545590551181105
11
6.0733897637795273
21
-4.7545590551181105
0
LINE
8
BLACK
6
CONTINUOUS
10
6.0733897637795273
20
-4.7545590551181105
11
6.0740677559055118
21
-4.7546938976377948
0
LINE
8
BLACK
6
CONTINUOUS
10
6.0740677559055118
20
-4.7546938976377948
11
6.0746425196850389
21
-4.7550779527559053
0
LINE
8
BLACK
6
CONTINUOUS
10
6.0746425196850389
20
-4.7550779527559053
11
6.0750265748031493
21
-4.7556527165354332
0
LINE
8
BLACK
6
CONTINUOUS
10
6.0750265748031493
20
-4.7556527165354332
11
6.0751614173228345
21
-4.7563307086614168
0
LINE
8
BLACK
6
CONTINUOUS
10
6.0751614173228345
20
-4.7563307086614168
11
6.0751614173228345
21
-4.7645984251968505
0
LINE
8
BLACK
6
CONTINUOUS
10
6.0751614173228345
20
-4.7645984251968505
11
6.0750265748031493
21
-4.7652764173228341
0
LINE
8
BLACK
6
CONTINUOUS
10
6.0750265748031493
20
-4.7652764173228341
11
6.0746425196850389
21
-4.7658511811023621
0
LINE
8
BLACK
6
CONTINUOUS
10
6.0746425196850389
20
-4.7658511811023621
11
6.0740677559055118
21
-4.7662352362204725
0
LINE
8
BLACK
6
CONTINUOUS
10
6.0740677559055118
20
-4.7662352362204725
11
6.0733897637795273
21
-4.7663700787401577
0
LINE
8
BLACK
6
CONTINUOUS
10
6.0733897637795273
20
-4.7663700787401577
11
5.9915000000000003
21
-4.7663700787401577
0
LINE
8
BLACK
6
CONTINUOUS
10
5.9915000000000003
20
-4.7663700787401577
11
5.9915000000000003
21
-4.7752283464566929
0
LINE
8
BLACK
6
CONTINUOUS
10
5.9915000000000003
20
-4.7752283464566929
11
5.9908257086614176
21
-4.778618267716535
0
LINE
8
BLACK
6
CONTINUOUS
10
5.9908257086614176
20
-4.778618267716535
11
5.988905472440945
21
-4.7814920866141728
0
LINE
8
BLACK
6
CONTINUOUS
10
5.988905472440945
20
-4.7814920866141728
11
5.9860316535433071
21
-4.7834123228346455
0
LINE
8
BLACK
6
CONTINUOUS
10
5.9860316535433071
20
-4.7834123228346455
11
5.9826417322834642
21
-4.7840866141732281
0
LINE
8
BLACK
6
CONTINUOUS
10
5.9826417322834642
20
-4.7840866141732281
11
5.9649251968503938
21
-4.7840866141732281
0
LINE
8
BLACK
6
CONTINUOUS
10
5.9649251968503938
20
-4.7840866141732281
11
5.9615352755905509
21
-4.7834123228346455
0
LINE
8
BLACK
6
CONTINUOUS
10
5.9615352755905509
20
-4.7834123228346455
11
5.958661456692913
21
-4.7814920866141728
0
LINE
8
BLACK
6
CONTINUOUS
10
5.958661456692913
20
-4.7814920866141728
11
5.9567412204724404
21
-4.778618267716535
0
LINE
8
BLACK
6
CONTINUOUS
10
5.9567412204724404
20
-4.778618267716535
11
5.9560669291338577
21
-4.7752283464566929
0
LINE
8
BLACK
6
CONTINUOUS
10
5.9560669291338577
20
-4.7752283464566929
11
5.9560669291338577
21
-4.7457007874015744
0
LINE
8
BLACK
6
CONTINUOUS
10
5.9560669291338577
20
-4.7457007874015744
11
5.9567412204724404
21
-4.7423108661417324
0
LINE
8
BLACK
6
CONTINUOUS
10
5.9567412204724404
20
-4.7423108661417324
11
5.958661456692913
21
-4.7394370472440945
0
LINE
8
BLACK
6
CONTINUOUS
10
5.958661456692913
20
-4.7394370472440945
11
5.9615352755905509
21
-4.7375168110236219
0
LINE
8
BLACK
6
CONTINUOUS
10
5.9615352755905509
20
-4.7375168110236219
11
5.9649251968503938
21
-4.7368425196850392
0
LINE
8
BLACK
6
CONTINUOUS
10
5.9649251968503938
20
-4.7368425196850392
11
5.9826417322834642
21
-4.7368425196850392
0
LINE
8
BLACK
6
CONTINUOUS
10
5.9826417322834642
20
-4.7368425196850392
11
5.9860316535433071
21
-4.7375168110236219
0
LINE
8
BLACK
6
CONTINUOUS
10
6.9761352362204727
20
-4.6685333464566927
11
6.9624621653543306
21
-4.7460772440944883
0
LINE
8
BLACK
6
CONTINUOUS
10
6.9624621653543306
20
-4.7460772440944883
11
6.8732866535433068
21
-4.7303531889763777
0
LINE
8
BLACK
6
CONTINUOUS
10
6.8732866535433068
20
-4.7303531889763777
11
6.8869597244094489
21
-4.652809291338583
0
LINE
8
BLACK
6
CONTINUOUS
10
6.8869597244094489
20
-4.652809291338583
11
6.9761352362204727
21
-4.6685333464566927
0
LINE
8
BLACK
6
CONTINUOUS
10
7.4859039370078735
20
-4.656876653543307
11
7.4722308661417323
21
-4.7344205511811026
0
LINE
8
BLACK
6
CONTINUOUS
10
7.4722308661417323
20
-4.7344205511811026
11
7.3830553543307085
21
-4.718696496062992
0
LINE
8
BLACK
6
CONTINUOUS
10
7.3830553543307085
20
-4.718696496062992
11
7.3967284251968506
21
-4.6411525984251965
0
LINE
8
BLACK
6
CONTINUOUS
10
7.3967284251968506
20
-4.6411525984251965
11
7.4859039370078735
21
-4.656876653543307
0
LINE
8
BLACK
6
CONTINUOUS
10
7.689968661417323
20
-4.6804301968503932
11
7.6928424803149609
21
-4.6823504330708658
0
LINE
8
BLACK
6
CONTINUOUS
10
7.6928424803149609
20
-4.6823504330708658
11
7.6947627165354326
21
-4.6852242519685037
0
LINE
8
BLACK
6
CONTINUOUS
10
7.6947627165354326
20
-4.6852242519685037
11
7.6954370078740153
21
-4.6886141732283466
0
LINE
8
BLACK
6
CONTINUOUS
10
7.6954370078740153
20
-4.6886141732283466
11
7.6954370078740153
21
-4.7181417322834642
0
LINE
8
BLACK
6
CONTINUOUS
10
7.6954370078740153
20
-4.7181417322834642
11
7.6947627165354326
21
-4.7215316535433072
0
LINE
8
BLACK
6
CONTINUOUS
10
7.6947627165354326
20
-4.7215316535433072
11
7.6928424803149609
21
-4.724405472440945
0
LINE
8
BLACK
6
CONTINUOUS
10
7.6928424803149609
20
-4.724405472440945
11
7.689968661417323
21
-4.7263257086614177
0
LINE
8
BLACK
6
CONTINUOUS
10
7.689968661417323
20
-4.7263257086614177
11
7.6865787401574801
21
-4.7270000000000003
0
LINE
8
BLACK
6
CONTINUOUS
10
7.6865787401574801
20
-4.7270000000000003
11
7.6688622047244097
21
-4.7270000000000003
0
LINE
8
BLACK
6
CONTINUOUS
10
7.6688622047244097
20
-4.7270000000000003
11
7.6654722834645668
21
-4.7263257086614177
0
LINE
8
BLACK
6
CONTINUOUS
10
7.6654722834645668
20
-4.7263257086614177
11
7.6625984645669289
21
-4.724405472440945
0
LINE
8
BLACK
6
CONTINUOUS
10
7.6625984645669289
20
-4.724405472440945
11
7.6606782283464563
21
-4.7215316535433072
0
LINE
8
BLACK
6
CONTINUOUS
10
7.6606782283464563
20
-4.7215316535433072
11
7.6600039370078736
21
-4.7181417322834642
0
LINE
8
BLACK
6
CONTINUOUS
10
7.6600039370078736
20
-4.7181417322834642
11
7.6600039370078736
21
-4.709283464566929
0
LINE
8
BLACK
6
CONTINUOUS
10
7.6600039370078736
20
-4.709283464566929
11
7.5731929133858262
21
-4.709283464566929
0
LINE
8
BLACK
6
CONTINUOUS
10
7.5731929133858262
20
-4.709283464566929
11
7.5725149212598426
21
-4.7091486220472438
0
LINE
8
BLACK
6
CONTINUOUS
10
7.5725149212598426
20
-4.7091486220472438
11
7.5719401574803147
21
-4.7087645669291334
0
LINE
8
BLACK
6
CONTINUOUS
10
7.5719401574803147
20
-4.7087645669291334
11
7.5715561023622042
21
-4.7081898031496063
0
LINE
8
BLACK
6
CONTINUOUS
10
7.5715561023622042
20
-4.7081898031496063
11
7.5714212598425199
21
-4.7075118110236218
0
LINE
8
BLACK
6
CONTINUOUS
10
7.5714212598425199
20
-4.7075118110236218
11
7.5714212598425199
21
-4.699244094488189
0
LINE
8
BLACK
6
CONTINUOUS
10
7.5714212598425199
20
-4.699244094488189
11
7.5715561023622042
21
-4.6985661023622045
0
LINE
8
BLACK
6
CONTINUOUS
10
7.5715561023622042
20
-4.6985661023622045
11
7.5719401574803147
21
-4.6979913385826775
0
LINE
8
BLACK
6
CONTINUOUS
10
7.5719401574803147
20
-4.6979913385826775
11
7.5725149212598426
21
-4.697607283464567
0
LINE
8
BLACK
6
CONTINUOUS
10
7.5725149212598426
20
-4.697607283464567
11
7.5731929133858262
21
-4.6974724409448818
0
LINE
8
BLACK
6
CONTINUOUS
10
7.5731929133858262
20
-4.6974724409448818
11
7.6600039370078736
21
-4.6974724409448818
0
LINE
8
BLACK
6
CONTINUOUS
10
7.6600039370078736
20
-4.6974724409448818
11
7.6600039370078736
21
-4.6886141732283466
0
LINE
8
BLACK
6
CONTINUOUS
10
7.6600039370078736
20
-4.6886141732283466
11
7.6606782283464563
21
-4.6852242519685037
0
LINE
8
BLACK
6
CONTINUOUS
10
7.6606782283464563
20
-4.6852242519685037
11
7.6625984645669289
21
-4.6823504330708658
0
LINE
8
BLACK
6
CONTINUOUS
10
7.6625984645669289
20
-4.6823504330708658
11
7.6654722834645668
21
-4.6804301968503932
0
LINE
8
BLACK
6
CONTINUOUS
10
7.6654722834645668
20
-4.6804301968503932
11
7.6688622047244097
21
-4.6797559055118105
0
LINE
8
BLACK
6
CONTINUOUS
10
7.6688622047244097
20
-4.6797559055118105
11
7.6865787401574801
21
-4.6797559055118105
0
LINE
8
BLACK
6
CONTINUOUS
10
7.6865787401574801
20
-4.6797559055118105
11
7.689968661417323
21
-4.6804301968503932
0
LINE
8
BLACK
6
CONTINUOUS
10
7.8198899212598425
20
-4.6804301968503932
11
7.8227637401574803
21
-4.6823504330708658
0
LINE
8
BLACK
6
CONTINUOUS
10
7.8227637401574803
20
-4.6823504330708658
11
7.824683976377953
21
-4.6852242519685037
0
LINE
8
BLACK
6
CONTINUOUS
10
7.824683976377953
20
-4.6852242519685037
11
7.8253582677165356
21
-4.6886141732283466
0
LINE
8
BLACK
6
CONTINUOUS
10
7.8253582677165356
20
-4.6886141732283466
11
7.8253582677165356
21
-4.6974724409448818
0
LINE
8
BLACK
6
CONTINUOUS
10
7.8253582677165356
20
-4.6974724409448818
11
7.9072480314960627
21
-4.6974724409448818
0
LINE
8
BLACK
6
CONTINUOUS
10
7.9072480314960627
20
-4.6974724409448818
11
7.9079260236220472
21
-4.697607283464567
0
LINE
8
BLACK
6
CONTINUOUS
10
7.9079260236220472
20
-4.697607283464567
11
7.9085007874015743
21
-4.6979913385826775
0
LINE
8
BLACK
6
CONTINUOUS
10
7.9085007874015743
20
-4.6979913385826775
11
7.9088848425196847
21
-4.6985661023622045
0
LINE
8
BLACK
6
CONTINUOUS
10
7.9088848425196847
20
-4.6985661023622045
11
7.9090196850393699
21
-4.699244094488189
0
LINE
8
BLACK
6
CONTINUOUS
10
7.9090196850393699
20
-4.699244094488189
11
7.9090196850393699
21
-4.7075118110236218
0
LINE
8
BLACK
6
CONTINUOUS
10
7.9090196850393699
20
-4.7075118110236218
11
7.9088848425196847
21
-4.7081898031496063
0
LINE
8
BLACK
6
CONTINUOUS
10
7.9088848425196847
20
-4.7081898031496063
11
7.9085007874015743
21
-4.7087645669291334
0
LINE
8
BLACK
6
CONTINUOUS
10
7.9085007874015743
20
-4.7087645669291334
11
7.9079260236220472
21
-4.7091486220472438
0
LINE
8
BLACK
6
CONTINUOUS
10
7.9079260236220472
20
-4.7091486220472438
11
7.9072480314960627
21
-4.709283464566929
0
LINE
8
BLACK
6
CONTINUOUS
10
7.9072480314960627
20
-4.709283464566929
11
7.8253582677165356
21
-4.709283464566929
0
LINE
8
BLACK
6
CONTINUOUS
10
7.8253582677165356
20
-4.709283464566929
11
7.8253582677165356
21
-4.7181417322834642
0
LINE
8
BLACK
6
CONTINUOUS
10
7.8253582677165356
20
-4.7181417322834642
11
7.824683976377953
21
-4.7215316535433072
0
LINE
8
BLACK
6
CONTINUOUS
10
7.824683976377953
20
-4.7215316535433072
11
7.8227637401574803
21
-4.724405472440945
0
LINE
8
BLACK
6
CONTINUOUS
10
7.8227637401574803
20
-4.724405472440945
11
7.8198899212598425
21
-4.7263257086614177
0
LINE
8
BLACK
6
CONTINUOUS
10
7.8198899212598425
20
-4.7263257086614177
11
7.8164999999999996
21
-4.7270000000000003
0
LINE
8
BLACK
6
CONTINUOUS
10
7.8164999999999996
20
-4.7270000000000003
11
7.7987834645669292
21
-4.7270000000000003
0
LINE
8
BLACK
6
CONTINUOUS
10
7.7987834645669292
20
-4.7270000000000003
11
7.7953935433070862
21
-4.7263257086614177
0
LINE
8
BLACK
6
CONTINUOUS
10
7.7953935433070862
20
-4.7263257086614177
11
7.7925197244094484
21
-4.724405472440945
0
LINE
8
BLACK
6
CONTINUOUS
10
7.7925197244094484
20
-4.724405472440945
11
7.7905994881889766
21
-4.7215316535433072
0
LINE
8
BLACK
6
CONTINUOUS
10
7.7905994881889766
20
-4.7215316535433072
11
7.7899251968503931
21
-4.7181417322834642
0
LINE
8
BLACK
6
CONTINUOUS
10
7.7899251968503931
20
-4.7181417322834642
11
7.7899251968503931
21
-4.6886141732283466
0
LINE
8
BLACK
6
CONTINUOUS
10
7.7899251968503931
20
-4.6886141732283466
11
7.7905994881889766
21
-4.6852242519685037
0
LINE
8
BLACK
6
CONTINUOUS
10
7.7905994881889766
20
-4.6852242519685037
11
7.7925197244094484
21
-4.6823504330708658
0
LINE
8
BLACK
6
CONTINUOUS
10
7.7925197244094484
20
-4.6823504330708658
11
7.7953935433070862
21
-4.6804301968503932
0
LINE
8
BLACK
6
CONTINUOUS
10
7.7953935433070862
20
-4.6804301968503932
11
7.7987834645669292
21
-4.6797559055118105
0
LINE
8
BLACK
6
CONTINUOUS
10
7.7987834645669292
20
-4.6797559055118105
11
7.8164999999999996
21
-4.6797559055118105
0
LINE
8
BLACK
6
CONTINUOUS
10
7.8164999999999996
20
-4.6797559055118105
11
7.8198899212598425
21
-4.6804301968503932
0
LINE
8
BLACK
6
CONTINUOUS
10
11.4206773228346457
20
-4.6489341338582673
11
11.4235511417322826
21
-4.6508543700787399
0
LINE
8
BLACK
6
CONTINUOUS
10
11.4235511417322826
20
-4.6508543700787399
11
11.4254713779527552
21
-4.6537281889763777
0
LINE
8
BLACK
6
CONTINUOUS
10
11.4254713779527552
20
-4.6537281889763777
11
11.4261456692913388
21
-4.6571181102362207
0
LINE
8
BLACK
6
CONTINUOUS
10
11.4261456692913388
20
-4.6571181102362207
11
11.4261456692913388
21
-4.6866456692913383
0
LINE
8
BLACK
6
CONTINUOUS
10
11.4261456692913388
20
-4.6866456692913383
11
11.4254713779527552
21
-4.6900355905511812
0
LINE
8
BLACK
6
CONTINUOUS
10
11.4254713779527552
20
-4.6900355905511812
11
11.4235511417322826
21
-4.6929094094488191
0
LINE
8
BLACK
6
CONTINUOUS
10
11.4235511417322826
20
-4.6929094094488191
11
11.4206773228346457
21
-4.6948296456692908
0
LINE
8
BLACK
6
CONTINUOUS
10
11.4206773228346457
20
-4.6948296456692908
11
11.4172874015748036
21
-4.6955039370078735
0
LINE
8
BLACK
6
CONTINUOUS
10
11.4172874015748036
20
-4.6955039370078735
11
11.3995708661417314
21
-4.6955039370078735
0
LINE
8
BLACK
6
CONTINUOUS
10
11.3995708661417314
20
-4.6955039370078735
11
11.3961809448818894
21
-4.6948296456692908
0
LINE
8
BLACK
6
CONTINUOUS
10
11.3961809448818894
20
-4.6948296456692908
11
11.3933071259842524
21
-4.6929094094488191
0
LINE
8
BLACK
6
CONTINUOUS
10
11.3933071259842524
20
-4.6929094094488191
11
11.3913868897637798
21
-4.6900355905511812
0
LINE
8
BLACK
6
CONTINUOUS
10
11.3913868897637798
20
-4.6900355905511812
11
11.3907125984251962
21
-4.6866456692913383
0
LINE
8
BLACK
6
CONTINUOUS
10
11.3907125984251962
20
-4.6866456692913383
11
11.3907125984251962
21
-4.6777874015748031
0
LINE
8
BLACK
6
CONTINUOUS
10
11.3907125984251962
20
-4.6777874015748031
11
11.3039015748031488
21
-4.6777874015748031
0
LINE
8
BLACK
6
CONTINUOUS
10
11.3039015748031488
20
-4.6777874015748031
11
11.3032235826771643
21
-4.6776525590551179
0
LINE
8
BLACK
6
CONTINUOUS
10
11.3032235826771643
20
-4.6776525590551179
11
11.3026488188976373
21
-4.6772685039370074
0
LINE
8
BLACK
6
CONTINUOUS
10
11.3026488188976373
20
-4.6772685039370074
11
11.3022647637795277
21
-4.6766937401574804
0
LINE
8
BLACK
6
CONTINUOUS
10
11.3022647637795277
20
-4.6766937401574804
11
11.3021299212598425
21
-4.6760157480314959
0
LINE
8
BLACK
6
CONTINUOUS
10
11.3021299212598425
20
-4.6760157480314959
11
11.3021299212598425
21
-4.6677480314960631
0
LINE
8
BLACK
6
CONTINUOUS
10
11.3021299212598425
20
-4.6677480314960631
11
11.3022647637795277
21
-4.6670700393700786
0
LINE
8
BLACK
6
CONTINUOUS
10
11.3022647637795277
20
-4.6670700393700786
11
11.3026488188976373
21
-4.6664952755905507
0
LINE
8
BLACK
6
CONTINUOUS
10
11.3026488188976373
20
-4.6664952755905507
11
11.3032235826771643
21
-4.6661112204724411
0
LINE
8
BLACK
6
CONTINUOUS
10
11.3032235826771643
20
-4.6661112204724411
11
11.3039015748031488
21
-4.6659763779527559
0
LINE
8
BLACK
6
CONTINUOUS
10
11.3039015748031488
20
-4.6659763779527559
11
11.3907125984251962
21
-4.6659763779527559
0
LINE
8
BLACK
6
CONTINUOUS
10
11.3907125984251962
20
-4.6659763779527559
11
11.3907125984251962
21
-4.6571181102362207
0
LINE
8
BLACK
6
CONTINUOUS
10
11.3907125984251962
20
-4.6571181102362207
11
11.3913868897637798
21
-4.6537281889763777
0
LINE
8
BLACK
6
CONTINUOUS
10
11.3913868897637798
20
-4.6537281889763777
11
11.3933071259842524
21
-4.6508543700787399
0
LINE
8
BLACK
6
CONTINUOUS
10
11.3933071259842524
20
-4.6508543700787399
11
11.3961809448818894
21
-4.6489341338582673
0
LINE
8
BLACK
6
CONTINUOUS
10
11.3961809448818894
20
-4.6489341338582673
11
11.3995708661417314
21
-4.6482598425196846
0
LINE
8
BLACK
6
CONTINUOUS
10
11.3995708661417314
20
-4.6482598425196846
11
11.4172874015748036
21
-4.6482598425196846
0
LINE
8
BLACK
6
CONTINUOUS
10
11.4172874015748036
20
-4.6482598425196846
11
11.4206773228346457
21
-4.6489341338582673
0
LINE
8
BLACK
6
CONTINUOUS
10
11.5505985826771642
20
-4.6489341338582673
11
11.5534724015748029
21
-4.6508543700787399
0
LINE
8
BLACK
6
CONTINUOUS
10
11.5534724015748029
20
-4.6508543700787399
11
11.5553926377952756
21
-4.6537281889763777
0
LINE
8
BLACK
6
CONTINUOUS
10
11.5553926377952756
20
-4.6537281889763777
11
11.5560669291338574
21
-4.6571181102362207
0
LINE
8
BLACK
6
CONTINUOUS
10
11.5560669291338574
20
-4.6571181102362207
11
11.5560669291338574
21
-4.6659763779527559
0
LINE
8
BLACK
6
CONTINUOUS
10
11.5560669291338574
20
-4.6659763779527559
11
11.6379566929133862
21
-4.6659763779527559
0
LINE
8
BLACK
6
CONTINUOUS
10
11.6379566929133862
20
-4.6659763779527559
11
11.6386346850393689
21
-4.6661112204724411
0
LINE
8
BLACK
6
CONTINUOUS
10
11.6386346850393689
20
-4.6661112204724411
11
11.6392094488188977
21
-4.6664952755905507
0
LINE
8
BLACK
6
CONTINUOUS
10
11.6392094488188977
20
-4.6664952755905507
11
11.6395935039370073
21
-4.6670700393700786
0
LINE
8
BLACK
6
CONTINUOUS
10
11.6395935039370073
20
-4.6670700393700786
11
11.6397283464566925
21
-4.6677480314960631
0
LINE
8
BLACK
6
CONTINUOUS
10
11.6397283464566925
20
-4.6677480314960631
11
11.6397283464566925
21
-4.6760157480314959
0
LINE
8
BLACK
6
CONTINUOUS
10
11.6397283464566925
20
-4.6760157480314959
11
11.6395935039370073
21
-4.6766937401574804
0
LINE
8
BLACK
6
CONTINUOUS
10
11.6395935039370073
20
-4.6766937401574804
11
11.6392094488188977
21
-4.6772685039370074
0
LINE
8
BLACK
6
CONTINUOUS
10
11.6392094488188977
20
-4.6772685039370074
11
11.6386346850393689
21
-4.6776525590551179
0
LINE
8
BLACK
6
CONTINUOUS
10
11.6386346850393689
20
-4.6776525590551179
11
11.6379566929133862
21
-4.6777874015748031
0
LINE
8
BLACK
6
CONTINUOUS
10
11.6379566929133862
20
-4.6777874015748031
11
11.5560669291338574
21
-4.6777874015748031
0
LINE
8
BLACK
6
CONTINUOUS
10
11.5560669291338574
20
-4.6777874015748031
11
11.5560669291338574
21
-4.6866456692913383
0
LINE
8
BLACK
6
CONTINUOUS
10
11.5560669291338574
20
-4.6866456692913383
11
11.5553926377952756
21
-4.6900355905511812
0
LINE
8
BLACK
6
CONTINUOUS
10
11.5553926377952756
20
-4.6900355905511812
11
11.5534724015748029
21
-4.6929094094488191
0
LINE
8
BLACK
6
CONTINUOUS
10
11.5534724015748029
20
-4.6929094094488191
11
11.5505985826771642
21
-4.6948296456692908
0
LINE
8
BLACK
6
CONTINUOUS
10
11.5505985826771642
20
-4.6948296456692908
11
11.5472086614173222
21
-4.6955039370078735
0
LINE
8
BLACK
6
CONTINUOUS
10
11.5472086614173222
20
-4.6955039370078735
11
11.5294921259842518
21
-4.6955039370078735
0
LINE
8
BLACK
6
CONTINUOUS
10
11.5294921259842518
20
-4.6955039370078735
11
11.5261022047244097
21
-4.6948296456692908
0
LINE
8
BLACK
6
CONTINUOUS
10
11.5261022047244097
20
-4.6948296456692908
11
11.523228385826771
21
-4.6929094094488191
0
LINE
8
BLACK
6
CONTINUOUS
10
11.523228385826771
20
-4.6929094094488191
11
11.5213081496062983
21
-4.6900355905511812
0
LINE
8
BLACK
6
CONTINUOUS
10
11.5213081496062983
20
-4.6900355905511812
11
11.5206338582677166
21
-4.6866456692913383
0
LINE
8
BLACK
6
CONTINUOUS
10
11.5206338582677166
20
-4.6866456692913383
11
11.5206338582677166
21
-4.6571181102362207
0
LINE
8
BLACK
6
CONTINUOUS
10
11.5206338582677166
20
-4.6571181102362207
11
11.5213081496062983
21
-4.6537281889763777
0
LINE
8
BLACK
6
CONTINUOUS
10
11.5213081496062983
20
-4.6537281889763777
11
11.523228385826771
21
-4.6508543700787399
0
LINE
8
BLACK
6
CONTINUOUS
10
11.523228385826771
20
-4.6508543700787399
11
11.5261022047244097
21
-4.6489341338582673
0
LINE
8
BLACK
6
CONTINUOUS
10
11.5261022047244097
20
-4.6489341338582673
11
11.5294921259842518
21
-4.6482598425196846
0
LINE
8
BLACK
6
CONTINUOUS
10
11.5294921259842518
20
-4.6482598425196846
11
11.5472086614173222
21
-4.6482598425196846
0
LINE
8
BLACK
6
CONTINUOUS
10
11.5472086614173222
20
-4.6482598425196846
11
11.5505985826771642
21
-4.6489341338582673
0
LINE
8
BLACK
6
CONTINUOUS
10
9.7877442125984242
20
-4.6407599212598427
11
9.6985687007874013
21
-4.6564839763779524
0
LINE
8
BLACK
6
CONTINUOUS
10
9.6985687007874013
20
-4.6564839763779524
11
9.6848956299212592
21
-4.5789400787401577
0
LINE
8
BLACK
6
CONTINUOUS
10
9.6848956299212592
20
-4.5789400787401577
11
9.7740711417322839
21
-4.5632160236220471
0
LINE
8
BLACK
6
CONTINUOUS
10
9.7740711417322839
20
-4.5632160236220471
11
9.7877442125984242
21
-4.6407599212598427
0
LINE
8
BLACK
6
CONTINUOUS
10
10.0400673228346449
20
-4.6262616141732282
11
9.950891811023622
21
-4.6419856692913388
0
LINE
8
BLACK
6
CONTINUOUS
10
9.950891811023622
20
-4.6419856692913388
11
9.9372187401574799
21
-4.5644417716535433
0
LINE
8
BLACK
6
CONTINUOUS
10
9.9372187401574799
20
-4.5644417716535433
11
10.0263942519685045
21
-4.5487177165354327
0
LINE
8
BLACK
6
CONTINUOUS
10
10.0263942519685045
20
-4.5487177165354327
11
10.0400673228346449
21
-4.6262616141732282
0
LINE
8
BLACK
6
CONTINUOUS
10
2.7828820472440943
20
-4.5367294094488191
11
2.7857558661417321
21
-4.5386496456692909
0
LINE
8
BLACK
6
CONTINUOUS
10
2.7857558661417321
20
-4.5386496456692909
11
2.7876761023622048
21
-4.5415234645669287
0
LINE
8
BLACK
6
CONTINUOUS
10
2.7876761023622048
20
-4.5415234645669287
11
2.7883503937007874
21
-4.5449133858267716
0
LINE
8
BLACK
6
CONTINUOUS
10
2.7883503937007874
20
-4.5449133858267716
11
2.7883503937007874
21
-4.5744409448818892
0
LINE
8
BLACK
6
CONTINUOUS
10
2.7883503937007874
20
-4.5744409448818892
11
2.7876761023622048
21
-4.5778308661417322
0
LINE
8
BLACK
6
CONTINUOUS
10
2.7876761023622048
20
-4.5778308661417322
11
2.7857558661417321
21
-4.58070468503937
0
LINE
8
BLACK
6
CONTINUOUS
10
2.7857558661417321
20
-4.58070468503937
11
2.7828820472440943
21
-4.5826249212598427
0
LINE
8
BLACK
6
CONTINUOUS
10
2.7828820472440943
20
-4.5826249212598427
11
2.7794921259842518
21
-4.5832992125984253
0
LINE
8
BLACK
6
CONTINUOUS
10
2.7794921259842518
20
-4.5832992125984253
11
2.7617755905511809
21
-4.5832992125984253
0
LINE
8
BLACK
6
CONTINUOUS
10
2.7617755905511809
20
-4.5832992125984253
11
2.7583856692913384
21
-4.5826249212598427
0
LINE
8
BLACK
6
CONTINUOUS
10
2.7583856692913384
20
-4.5826249212598427
11
2.7555118503937006
21
-4.58070468503937
0
LINE
8
BLACK
6
CONTINUOUS
10
2.7555118503937006
20
-4.58070468503937
11
2.7535916141732284
21
-4.5778308661417322
0
LINE
8
BLACK
6
CONTINUOUS
10
2.7535916141732284
20
-4.5778308661417322
11
2.7529173228346457
21
-4.5744409448818892
0
LINE
8
BLACK
6
CONTINUOUS
10
2.7529173228346457
20
-4.5744409448818892
11
2.7529173228346457
21
-4.565582677165354
0
LINE
8
BLACK
6
CONTINUOUS
10
2.7529173228346457
20
-4.565582677165354
11
2.6661062992125983
21
-4.565582677165354
0
LINE
8
BLACK
6
CONTINUOUS
10
2.6661062992125983
20
-4.565582677165354
11
2.6654283070866143
21
-4.5654478346456688
0
LINE
8
BLACK
6
CONTINUOUS
10
2.6654283070866143
20
-4.5654478346456688
11
2.6648535433070863
21
-4.5650637795275593
0
LINE
8
BLACK
6
CONTINUOUS
10
2.6648535433070863
20
-4.5650637795275593
11
2.6644694881889763
21
-4.5644890157480313
0
LINE
8
BLACK
6
CONTINUOUS
10
2.6644694881889763
20
-4.5644890157480313
11
2.6643346456692911
21
-4.5638110236220468
0
LINE
8
BLACK
6
CONTINUOUS
10
2.6643346456692911
20
-4.5638110236220468
11
2.6643346456692911
21
-4.555543307086614
0
LINE
8
BLACK
6
CONTINUOUS
10
2.6643346456692911
20
-4.555543307086614
11
2.6644694881889763
21
-4.5548653149606295
0
LINE
8
BLACK
6
CONTINUOUS
10
2.6644694881889763
20
-4.5548653149606295
11
2.6648535433070863
21
-4.5542905511811025
0
LINE
8
BLACK
6
CONTINUOUS
10
2.6648535433070863
20
-4.5542905511811025
11
2.6654283070866143
21
-4.553906496062992
0
LINE
8
BLACK
6
CONTINUOUS
10
2.6654283070866143
20
-4.553906496062992
11
2.6661062992125983
21
-4.5537716535433068
0
LINE
8
BLACK
6
CONTINUOUS
10
2.6661062992125983
20
-4.5537716535433068
11
2.7529173228346457
21
-4.5537716535433068
0
LINE
8
BLACK
6
CONTINUOUS
10
2.7529173228346457
20
-4.5537716535433068
11
2.7529173228346457
21
-4.5449133858267716
0
LINE
8
BLACK
6
CONTINUOUS
10
2.7529173228346457
20
-4.5449133858267716
11
2.7535916141732284
21
-4.5415234645669287
0
LINE
8
BLACK
6
CONTINUOUS
10
2.7535916141732284
20
-4.5415234645669287
11
2.7555118503937006
21
-4.5386496456692909
0
LINE
8
BLACK
6
CONTINUOUS
10
2.7555118503937006
20
-4.5386496456692909
11
2.7583856692913384
21
-4.5367294094488191
0
LINE
8
BLACK
6
CONTINUOUS
10
2.7583856692913384
20
-4.5367294094488191
11
2.7617755905511809
21
-4.5360551181102364
0
LINE
8
BLACK
6
CONTINUOUS
10
2.7617755905511809
20
-4.5360551181102364
11
2.7794921259842518
21
-4.5360551181102364
0
LINE
8
BLACK
6
CONTINUOUS
10
2.7794921259842518
20
-4.5360551181102364
11
2.7828820472440943
21
-4.5367294094488191
0
LINE
8
BLACK
6
CONTINUOUS
10
2.9128033070866142
20
-4.5367294094488191
11
2.915677125984252
21
-4.5386496456692909
0
LINE
8
BLACK
6
CONTINUOUS
10
2.915677125984252
20
-4.5386496456692909
11
2.9175973622047242
21
-4.5415234645669287
0
LINE
8
BLACK
6
CONTINUOUS
10
2.9175973622047242
20
-4.5415234645669287
11
2.9182716535433069
21
-4.5449133858267716
0
LINE
8
BLACK
6
CONTINUOUS
10
2.9182716535433069
20
-4.5449133858267716
11
2.9182716535433069
21
-4.5537716535433068
0
LINE
8
BLACK
6
CONTINUOUS
10
2.9182716535433069
20
-4.5537716535433068
11
3.0001614173228344
21
-4.5537716535433068
0
LINE
8
BLACK
6
CONTINUOUS
10
3.0001614173228344
20
-4.5537716535433068
11
3.0008394094488189
21
-4.553906496062992
0
LINE
8
BLACK
6
CONTINUOUS
10
3.0008394094488189
20
-4.553906496062992
11
3.0014141732283464
21
-4.5542905511811025
0
LINE
8
BLACK
6
CONTINUOUS
10
3.0014141732283464
20
-4.5542905511811025
11
3.0017982283464568
21
-4.5548653149606295
0
LINE
8
BLACK
6
CONTINUOUS
10
3.0017982283464568
20
-4.5548653149606295
11
3.0019330708661416
21
-4.555543307086614
0
LINE
8
BLACK
6
CONTINUOUS
10
3.0019330708661416
20
-4.555543307086614
11
3.0019330708661416
21
-4.5638110236220468
0
LINE
8
BLACK
6
CONTINUOUS
10
3.0019330708661416
20
-4.5638110236220468
11
3.0017982283464568
21
-4.5644890157480313
0
LINE
8
BLACK
6
CONTINUOUS
10
3.0017982283464568
20
-4.5644890157480313
11
3.0014141732283464
21
-4.5650637795275593
0
LINE
8
BLACK
6
CONTINUOUS
10
3.0014141732283464
20
-4.5650637795275593
11
3.0008394094488189
21
-4.5654478346456688
0
LINE
8
BLACK
6
CONTINUOUS
10
3.0008394094488189
20
-4.5654478346456688
11
3.0001614173228344
21
-4.565582677165354
0
LINE
8
BLACK
6
CONTINUOUS
10
3.0001614173228344
20
-4.565582677165354
11
2.9182716535433069
21
-4.565582677165354
0
LINE
8
BLACK
6
CONTINUOUS
10
2.9182716535433069
20
-4.565582677165354
11
2.9182716535433069
21
-4.5744409448818892
0
LINE
8
BLACK
6
CONTINUOUS
10
2.9182716535433069
20
-4.5744409448818892
11
2.9175973622047242
21
-4.5778308661417322
0
LINE
8
BLACK
6
CONTINUOUS
10
2.9175973622047242
20
-4.5778308661417322
11
2.915677125984252
21
-4.58070468503937
0
LINE
8
BLACK
6
CONTINUOUS
10
2.915677125984252
20
-4.58070468503937
11
2.9128033070866142
21
-4.5826249212598427
0
LINE
8
BLACK
6
CONTINUOUS
10
2.9128033070866142
20
-4.5826249212598427
11
2.9094133858267717
21
-4.5832992125984253
0
LINE
8
BLACK
6
CONTINUOUS
10
2.9094133858267717
20
-4.5832992125984253
11
2.8916968503937008
21
-4.5832992125984253
0
LINE
8
BLACK
6
CONTINUOUS
10
2.8916968503937008
20
-4.5832992125984253
11
2.8883069291338583
21
-4.5826249212598427
0
LINE
8
BLACK
6
CONTINUOUS
10
2.8883069291338583
20
-4.5826249212598427
11
2.8854331102362205
21
-4.58070468503937
0
LINE
8
BLACK
6
CONTINUOUS
10
2.8854331102362205
20
-4.58070468503937
11
2.8835128740157479
21
-4.5778308661417322
0
LINE
8
BLACK
6
CONTINUOUS
10
2.8835128740157479
20
-4.5778308661417322
11
2.8828385826771652
21
-4.5744409448818892
0
LINE
8
BLACK
6
CONTINUOUS
10
2.8828385826771652
20
-4.5744409448818892
11
2.8828385826771652
21
-4.5449133858267716
0
LINE
8
BLACK
6
CONTINUOUS
10
2.8828385826771652
20
-4.5449133858267716
11
2.8835128740157479
21
-4.5415234645669287
0
LINE
8
BLACK
6
CONTINUOUS
10
2.8835128740157479
20
-4.5415234645669287
11
2.8854331102362205
21
-4.5386496456692909
0
LINE
8
BLACK
6
CONTINUOUS
10
2.8854331102362205
20
-4.5386496456692909
11
2.8883069291338583
21
-4.5367294094488191
0
LINE
8
BLACK
6
CONTINUOUS
10
2.8883069291338583
20
-4.5367294094488191
11
2.8916968503937008
21
-4.5360551181102364
0
LINE
8
BLACK
6
CONTINUOUS
10
2.8916968503937008
20
-4.5360551181102364
11
2.9094133858267717
21
-4.5360551181102364
0
LINE
8
BLACK
6
CONTINUOUS
10
2.9094133858267717
20
-4.5360551181102364
11
2.9128033070866142
21
-4.5367294094488191
0
LINE
8
BLACK
6
CONTINUOUS
10
3.3049292913385826
20
-4.5347609055118108
11
3.3078031102362204
21
-4.5366811417322834
0
LINE
8
BLACK
6
CONTINUOUS
10
3.3078031102362204
20
-4.5366811417322834
11
3.3097233464566926
21
-4.5395549606299213
0
LINE
8
BLACK
6
CONTINUOUS
10
3.3097233464566926
20
-4.5395549606299213
11
3.3103976377952753
21
-4.5429448818897633
0
LINE
8
BLACK
6
CONTINUOUS
10
3.3103976377952753
20
-4.5429448818897633
11
3.3103976377952753
21
-4.5724724409448818
0
LINE
8
BLACK
6
CONTINUOUS
10
3.3103976377952753
20
-4.5724724409448818
11
3.3097233464566926
21
-4.5758623622047239
0
LINE
8
BLACK
6
CONTINUOUS
10
3.3097233464566926
20
-4.5758623622047239
11
3.3078031102362204
21
-4.5787361811023617
0
LINE
8
BLACK
6
CONTINUOUS
10
3.3078031102362204
20
-4.5787361811023617
11
3.3049292913385826
21
-4.5806564173228344
0
LINE
8
BLACK
6
CONTINUOUS
10
3.3049292913385826
20
-4.5806564173228344
11
3.3015393700787401
21
-4.581330708661417
0
LINE
8
BLACK
6
CONTINUOUS
10
3.3015393700787401
20
-4.581330708661417
11
3.2838228346456693
21
-4.581330708661417
0
LINE
8
BLACK
6
CONTINUOUS
10
3.2838228346456693
20
-4.581330708661417
11
3.2804329133858268
21
-4.5806564173228344
0
LINE
8
BLACK
6
CONTINUOUS
10
3.2804329133858268
20
-4.5806564173228344
11
3.2775590944881889
21
-4.5787361811023617
0
LINE
8
BLACK
6
CONTINUOUS
10
3.2775590944881889
20
-4.5787361811023617
11
3.2756388582677163
21
-4.5758623622047239
0
LINE
8
BLACK
6
CONTINUOUS
10
3.2756388582677163
20
-4.5758623622047239
11
3.2749645669291336
21
-4.5724724409448818
0
LINE
8
BLACK
6
CONTINUOUS
10
3.2749645669291336
20
-4.5724724409448818
11
3.2749645669291336
21
-4.5636141732283466
0
LINE
8
BLACK
6
CONTINUOUS
10
3.2749645669291336
20
-4.5636141732283466
11
3.1881535433070867
21
-4.5636141732283466
0
LINE
8
BLACK
6
CONTINUOUS
10
3.1881535433070867
20
-4.5636141732283466
11
3.1874755511811022
21
-4.5634793307086614
0
LINE
8
BLACK
6
CONTINUOUS
10
3.1874755511811022
20
-4.5634793307086614
11
3.1869007874015747
21
-4.5630952755905509
0
LINE
8
BLACK
6
CONTINUOUS
10
3.1869007874015747
20
-4.5630952755905509
11
3.1865167322834647
21
-4.5625205118110239
0
LINE
8
BLACK
6
CONTINUOUS
10
3.1865167322834647
20
-4.5625205118110239
11
3.1863818897637795
21
-4.5618425196850394
0
LINE
8
BLACK
6
CONTINUOUS
10
3.1863818897637795
20
-4.5618425196850394
11
3.1863818897637795
21
-4.5535748031496066
0
LINE
8
BLACK
6
CONTINUOUS
10
3.1863818897637795
20
-4.5535748031496066
11
3.1865167322834647
21
-4.5528968110236221
0
LINE
8
BLACK
6
CONTINUOUS
10
3.1865167322834647
20
-4.5528968110236221
11
3.1869007874015747
21
-4.5523220472440942
0
LINE
8
BLACK
6
CONTINUOUS
10
3.1869007874015747
20
-4.5523220472440942
11
3.1874755511811022
21
-4.5519379921259837
0
LINE
8
BLACK
6
CONTINUOUS
10
3.1874755511811022
20
-4.5519379921259837
11
3.1881535433070867
21
-4.5518031496062994
0
LINE
8
BLACK
6
CONTINUOUS
10
3.1881535433070867
20
-4.5518031496062994
11
3.2749645669291336
21
-4.5518031496062994
0
LINE
8
BLACK
6
CONTINUOUS
10
3.2749645669291336
20
-4.5518031496062994
11
3.2749645669291336
21
-4.5429448818897633
0
LINE
8
BLACK
6
CONTINUOUS
10
3.2749645669291336
20
-4.5429448818897633
11
3.2756388582677163
21
-4.5395549606299213
0
LINE
8
BLACK
6
CONTINUOUS
10
3.2756388582677163
20
-4.5395549606299213
11
3.2775590944881889
21
-4.5366811417322834
0
LINE
8
BLACK
6
CONTINUOUS
10
3.2775590944881889
20
-4.5366811417322834
11
3.2804329133858268
21
-4.5347609055118108
0
LINE
8
BLACK
6
CONTINUOUS
10
3.2804329133858268
20
-4.5347609055118108
11
3.2838228346456693
21
-4.5340866141732281
0
LINE
8
BLACK
6
CONTINUOUS
10
3.2838228346456693
20
-4.5340866141732281
11
3.3015393700787401
21
-4.5340866141732281
0
LINE
8
BLACK
6
CONTINUOUS
10
3.3015393700787401
20
-4.5340866141732281
11
3.3049292913385826
21
-4.5347609055118108
0
LINE
8
BLACK
6
CONTINUOUS
10
3.4348505511811025
20
-4.5347609055118108
11
3.4377243700787399
21
-4.5366811417322834
0
LINE
8
BLACK
6
CONTINUOUS
10
3.4377243700787399
20
-4.5366811417322834
11
3.4396446062992125
21
-4.5395549606299213
0
LINE
8
BLACK
6
CONTINUOUS
10
3.4396446062992125
20
-4.5395549606299213
11
3.4403188976377952
21
-4.5429448818897633
0
LINE
8
BLACK
6
CONTINUOUS
10
3.4403188976377952
20
-4.5429448818897633
11
3.4403188976377952
21
-4.5518031496062994
0
LINE
8
BLACK
6
CONTINUOUS
10
3.4403188976377952
20
-4.5518031496062994
11
3.5222086614173227
21
-4.5518031496062994
0
LINE
8
BLACK
6
CONTINUOUS
10
3.5222086614173227
20
-4.5518031496062994
11
3.5228866535433072
21
-4.5519379921259837
0
LINE
8
BLACK
6
CONTINUOUS
10
3.5228866535433072
20
-4.5519379921259837
11
3.5234614173228347
21
-4.5523220472440942
0
LINE
8
BLACK
6
CONTINUOUS
10
3.5234614173228347
20
-4.5523220472440942
11
3.5238454724409447
21
-4.5528968110236221
0
LINE
8
BLACK
6
CONTINUOUS
10
3.5238454724409447
20
-4.5528968110236221
11
3.5239803149606299
21
-4.5535748031496066
0
LINE
8
BLACK
6
CONTINUOUS
10
3.5239803149606299
20
-4.5535748031496066
11
3.5239803149606299
21
-4.5618425196850394
0
LINE
8
BLACK
6
CONTINUOUS
10
3.5239803149606299
20
-4.5618425196850394
11
3.5238454724409447
21
-4.5625205118110239
0
LINE
8
BLACK
6
CONTINUOUS
10
3.5238454724409447
20
-4.5625205118110239
11
3.5234614173228347
21
-4.5630952755905509
0
LINE
8
BLACK
6
CONTINUOUS
10
3.5234614173228347
20
-4.5630952755905509
11
3.5228866535433072
21
-4.5634793307086614
0
LINE
8
BLACK
6
CONTINUOUS
10
3.5228866535433072
20
-4.5634793307086614
11
3.5222086614173227
21
-4.5636141732283466
0
LINE
8
BLACK
6
CONTINUOUS
10
3.5222086614173227
20
-4.5636141732283466
11
3.4403188976377952
21
-4.5636141732283466
0
LINE
8
BLACK
6
CONTINUOUS
10
3.4403188976377952
20
-4.5636141732283466
11
3.4403188976377952
21
-4.5724724409448818
0
LINE
8
BLACK
6
CONTINUOUS
10
3.4403188976377952
20
-4.5724724409448818
11
3.4396446062992125
21
-4.5758623622047239
0
LINE
8
BLACK
6
CONTINUOUS
10
3.4396446062992125
20
-4.5758623622047239
11
3.4377243700787399
21
-4.5787361811023617
0
LINE
8
BLACK
6
CONTINUOUS
10
3.4377243700787399
20
-4.5787361811023617
11
3.4348505511811025
21
-4.5806564173228344
0
LINE
8
BLACK
6
CONTINUOUS
10
3.4348505511811025
20
-4.5806564173228344
11
3.4314606299212596
21
-4.581330708661417
0
LINE
8
BLACK
6
CONTINUOUS
10
3.4314606299212596
20
-4.581330708661417
11
3.4137440944881887
21
-4.581330708661417
0
LINE
8
BLACK
6
CONTINUOUS
10
3.4137440944881887
20
-4.581330708661417
11
3.4103541732283462
21
-4.5806564173228344
0
LINE
8
BLACK
6
CONTINUOUS
10
3.4103541732283462
20
-4.5806564173228344
11
3.4074803543307084
21
-4.5787361811023617
0
LINE
8
BLACK
6
CONTINUOUS
10
3.4074803543307084
20
-4.5787361811023617
11
3.4055601181102362
21
-4.5758623622047239
0
LINE
8
BLACK
6
CONTINUOUS
10
3.4055601181102362
20
-4.5758623622047239
11
3.4048858267716535
21
-4.5724724409448818
0
LINE
8
BLACK
6
CONTINUOUS
10
3.4048858267716535
20
-4.5724724409448818
11
3.4048858267716535
21
-4.5429448818897633
0
LINE
8
BLACK
6
CONTINUOUS
10
3.4048858267716535
20
-4.5429448818897633
11
3.4055601181102362
21
-4.5395549606299213
0
LINE
8
BLACK
6
CONTINUOUS
10
3.4055601181102362
20
-4.5395549606299213
11
3.4074803543307084
21
-4.5366811417322834
0
LINE
8
BLACK
6
CONTINUOUS
10
3.4074803543307084
20
-4.5366811417322834
11
3.4103541732283462
21
-4.5347609055118108
0
LINE
8
BLACK
6
CONTINUOUS
10
3.4103541732283462
20
-4.5347609055118108
11
3.4137440944881887
21
-4.5340866141732281
0
LINE
8
BLACK
6
CONTINUOUS
10
3.4137440944881887
20
-4.5340866141732281
11
3.4314606299212596
21
-4.5340866141732281
0
LINE
8
BLACK
6
CONTINUOUS
10
3.4314606299212596
20
-4.5340866141732281
11
3.4348505511811025
21
-4.5347609055118108
0
LINE
8
BLACK
6
CONTINUOUS
10
4.0781576377952753
20
-4.530823897637795
11
4.0810314566929131
21
-4.5327441338582677
0
LINE
8
BLACK
6
CONTINUOUS
10
4.0810314566929131
20
-4.5327441338582677
11
4.0829516929133858
21
-4.5356179527559055
0
LINE
8
BLACK
6
CONTINUOUS
10
4.0829516929133858
20
-4.5356179527559055
11
4.0836259842519684
21
-4.5390078740157476
0
LINE
8
BLACK
6
CONTINUOUS
10
4.0836259842519684
20
-4.5390078740157476
11
4.0836259842519684
21
-4.5685354330708661
0
LINE
8
BLACK
6
CONTINUOUS
10
4.0836259842519684
20
-4.5685354330708661
11
4.0829516929133858
21
-4.5719253543307081
0
LINE
8
BLACK
6
CONTINUOUS
10
4.0829516929133858
20
-4.5719253543307081
11
4.0810314566929131
21
-4.5747991732283459
0
LINE
8
BLACK
6
CONTINUOUS
10
4.0810314566929131
20
-4.5747991732283459
11
4.0781576377952753
21
-4.5767194094488186
0
LINE
8
BLACK
6
CONTINUOUS
10
4.0781576377952753
20
-4.5767194094488186
11
4.0747677165354332
21
-4.5773937007874013
0
LINE
8
BLACK
6
CONTINUOUS
10
4.0747677165354332
20
-4.5773937007874013
11
4.057051181102362
21
-4.5773937007874013
0
LINE
8
BLACK
6
CONTINUOUS
10
4.057051181102362
20
-4.5773937007874013
11
4.0536612598425199
21
-4.5767194094488186
0
LINE
8
BLACK
6
CONTINUOUS
10
4.0536612598425199
20
-4.5767194094488186
11
4.0507874409448821
21
-4.5747991732283459
0
LINE
8
BLACK
6
CONTINUOUS
10
4.0507874409448821
20
-4.5747991732283459
11
4.0488672047244094
21
-4.5719253543307081
0
LINE
8
BLACK
6
CONTINUOUS
10
4.0488672047244094
20
-4.5719253543307081
11
4.0481929133858268
21
-4.5685354330708661
0
LINE
8
BLACK
6
CONTINUOUS
10
4.0481929133858268
20
-4.5685354330708661
11
4.0481929133858268
21
-4.5596771653543309
0
LINE
8
BLACK
6
CONTINUOUS
10
4.0481929133858268
20
-4.5596771653543309
11
3.9613818897637794
21
-4.5596771653543309
0
LINE
8
BLACK
6
CONTINUOUS
10
3.9613818897637794
20
-4.5596771653543309
11
3.9607038976377953
21
-4.5595423228346457
0
LINE
8
BLACK
6
CONTINUOUS
10
3.9607038976377953
20
-4.5595423228346457
11
3.9601291338582678
21
-4.5591582677165352
0
LINE
8
BLACK
6
CONTINUOUS
10
3.9601291338582678
20
-4.5591582677165352
11
3.9597450787401574
21
-4.5585835039370082
0
LINE
8
BLACK
6
CONTINUOUS
10
3.9597450787401574
20
-4.5585835039370082
11
3.9596102362204721
21
-4.5579055118110237
0
LINE
8
BLACK
6
CONTINUOUS
10
3.9596102362204721
20
-4.5579055118110237
11
3.9596102362204721
21
-4.5496377952755909
0
LINE
8
BLACK
6
CONTINUOUS
10
3.9596102362204721
20
-4.5496377952755909
11
3.9597450787401574
21
-4.5489598031496064
0
LINE
8
BLACK
6
CONTINUOUS
10
3.9597450787401574
20
-4.5489598031496064
11
3.9601291338582678
21
-4.5483850393700784
0
LINE
8
BLACK
6
CONTINUOUS
10
3.9601291338582678
20
-4.5483850393700784
11
3.9607038976377953
21
-4.548000984251968
0
LINE
8
BLACK
6
CONTINUOUS
10
3.9607038976377953
20
-4.548000984251968
11
3.9613818897637794
21
-4.5478661417322837
0
LINE
8
BLACK
6
CONTINUOUS
10
3.9613818897637794
20
-4.5478661417322837
11
4.0481929133858268
21
-4.5478661417322837
0
LINE
8
BLACK
6
CONTINUOUS
10
4.0481929133858268
20
-4.5478661417322837
11
4.0481929133858268
21
-4.5390078740157476
0
LINE
8
BLACK
6
CONTINUOUS
10
4.0481929133858268
20
-4.5390078740157476
11
4.0488672047244094
21
-4.5356179527559055
0
LINE
8
BLACK
6
CONTINUOUS
10
4.0488672047244094
20
-4.5356179527559055
11
4.0507874409448821
21
-4.5327441338582677
0
LINE
8
BLACK
6
CONTINUOUS
10
4.0507874409448821
20
-4.5327441338582677
11
4.0536612598425199
21
-4.530823897637795
0
LINE
8
BLACK
6
CONTINUOUS
10
4.0536612598425199
20
-4.530823897637795
11
4.057051181102362
21
-4.5301496062992124
0
LINE
8
BLACK
6
CONTINUOUS
10
4.057051181102362
20
-4.5301496062992124
11
4.0747677165354332
21
-4.5301496062992124
0
LINE
8
BLACK
6
CONTINUOUS
10
4.0747677165354332
20
-4.5301496062992124
11
4.0781576377952753
21
-4.530823897637795
0
LINE
8
BLACK
6
CONTINUOUS
10
4.2080788976377947
20
-4.530823897637795
11
4.2109527165354326
21
-4.5327441338582677
0
LINE
8
BLACK
6
CONTINUOUS
10
4.2109527165354326
20
-4.5327441338582677
11
4.2128729527559052
21
-4.5356179527559055
0
LINE
8
BLACK
6
CONTINUOUS
10
4.2128729527559052
20
-4.5356179527559055
11
4.2135472440944879
21
-4.5390078740157476
0
LINE
8
BLACK
6
CONTINUOUS
10
4.2135472440944879
20
-4.5390078740157476
11
4.2135472440944879
21
-4.5478661417322837
0
LINE
8
BLACK
6
CONTINUOUS
10
4.2135472440944879
20
-4.5478661417322837
11
4.2954370078740158
21
-4.5478661417322837
0
LINE
8
BLACK
6
CONTINUOUS
10
4.2954370078740158
20
-4.5478661417322837
11
4.2961149999999995
21
-4.548000984251968
0
LINE
8
BLACK
6
CONTINUOUS
10
4.2961149999999995
20
-4.548000984251968
11
4.2966897637795274
21
-4.5483850393700784
0
LINE
8
BLACK
6
CONTINUOUS
10
4.2966897637795274
20
-4.5483850393700784
11
4.2970738188976378
21
-4.5489598031496064
0
LINE
8
BLACK
6
CONTINUOUS
10
4.2970738188976378
20
-4.5489598031496064
11
4.2972086614173231
21
-4.5496377952755909
0
LINE
8
BLACK
6
CONTINUOUS
10
4.2972086614173231
20
-4.5496377952755909
11
4.2972086614173231
21
-4.5579055118110237
0
LINE
8
BLACK
6
CONTINUOUS
10
4.2972086614173231
20
-4.5579055118110237
11
4.2970738188976378
21
-4.5585835039370082
0
LINE
8
BLACK
6
CONTINUOUS
10
4.2970738188976378
20
-4.5585835039370082
11
4.2966897637795274
21
-4.5591582677165352
0
LINE
8
BLACK
6
CONTINUOUS
10
4.2966897637795274
20
-4.5591582677165352
11
4.2961149999999995
21
-4.5595423228346457
0
LINE
8
BLACK
6
CONTINUOUS
10
4.2961149999999995
20
-4.5595423228346457
11
4.2954370078740158
21
-4.5596771653543309
0
LINE
8
BLACK
6
CONTINUOUS
10
4.2954370078740158
20
-4.5596771653543309
11
4.2135472440944879
21
-4.5596771653543309
0
LINE
8
BLACK
6
CONTINUOUS
10
4.2135472440944879
20
-4.5596771653543309
11
4.2135472440944879
21
-4.5685354330708661
0
LINE
8
BLACK
6
CONTINUOUS
10
4.2135472440944879
20
-4.5685354330708661
11
4.2128729527559052
21
-4.5719253543307081
0
LINE
8
BLACK
6
CONTINUOUS
10
4.2128729527559052
20
-4.5719253543307081
11
4.2109527165354326
21
-4.5747991732283459
0
LINE
8
BLACK
6
CONTINUOUS
10
4.2109527165354326
20
-4.5747991732283459
11
4.2080788976377947
21
-4.5767194094488186
0
LINE
8
BLACK
6
CONTINUOUS
10
4.2080788976377947
20
-4.5767194094488186
11
4.2046889763779527
21
-4.5773937007874013
0
LINE
8
BLACK
6
CONTINUOUS
10
4.2046889763779527
20
-4.5773937007874013
11
4.1869724409448814
21
-4.5773937007874013
0
LINE
8
BLACK
6
CONTINUOUS
10
4.1869724409448814
20
-4.5773937007874013
11
4.1835825196850394
21
-4.5767194094488186
0
LINE
8
BLACK
6
CONTINUOUS
10
4.1835825196850394
20
-4.5767194094488186
11
4.1807087007874015
21
-4.5747991732283459
0
LINE
8
BLACK
6
CONTINUOUS
10
4.1807087007874015
20
-4.5747991732283459
11
4.1787884645669289
21
-4.5719253543307081
0
LINE
8
BLACK
6
CONTINUOUS
10
4.1787884645669289
20
-4.5719253543307081
11
4.1781141732283462
21
-4.5685354330708661
0
LINE
8
BLACK
6
CONTINUOUS
10
4.1781141732283462
20
-4.5685354330708661
11
4.1781141732283462
21
-4.5390078740157476
0
LINE
8
BLACK
6
CONTINUOUS
10
4.1781141732283462
20
-4.5390078740157476
11
4.1787884645669289
21
-4.5356179527559055
0
LINE
8
BLACK
6
CONTINUOUS
10
4.1787884645669289
20
-4.5356179527559055
11
4.1807087007874015
21
-4.5327441338582677
0
LINE
8
BLACK
6
CONTINUOUS
10
4.1807087007874015
20
-4.5327441338582677
11
4.1835825196850394
21
-4.530823897637795
0
LINE
8
BLACK
6
CONTINUOUS
10
4.1835825196850394
20
-4.530823897637795
11
4.1869724409448814
21
-4.5301496062992124
0
LINE
8
BLACK
6
CONTINUOUS
10
4.1869724409448814
20
-4.5301496062992124
11
4.2046889763779527
21
-4.5301496062992124
0
LINE
8
BLACK
6
CONTINUOUS
10
4.2046889763779527
20
-4.5301496062992124
11
4.2080788976377947
21
-4.530823897637795
0
LINE
8
BLACK
6
CONTINUOUS
10
13.8994174803149608
20
-4.5249183858267719
11
13.9022912992125978
21
-4.5268386220472436
0
LINE
8
BLACK
6
CONTINUOUS
10
13.9022912992125978
20
-4.5268386220472436
11
13.9042115354330704
21
-4.5297124409448815
0
LINE
8
BLACK
6
CONTINUOUS
10
13.9042115354330704
20
-4.5297124409448815
11
13.904885826771654
21
-4.5331023622047244
0
LINE
8
BLACK
6
CONTINUOUS
10
13.904885826771654
20
-4.5331023622047244
11
13.904885826771654
21
-4.562629921259842
0
LINE
8
BLACK
6
CONTINUOUS
10
13.904885826771654
20
-4.562629921259842
11
13.9042115354330704
21
-4.566019842519685
0
LINE
8
BLACK
6
CONTINUOUS
10
13.9042115354330704
20
-4.566019842519685
11
13.9022912992125978
21
-4.5688936614173228
0
LINE
8
BLACK
6
CONTINUOUS
10
13.9022912992125978
20
-4.5688936614173228
11
13.8994174803149608
21
-4.5708138976377954
0
LINE
8
BLACK
6
CONTINUOUS
10
13.8994174803149608
20
-4.5708138976377954
11
13.896027559055117
21
-4.5714881889763781
0
LINE
8
BLACK
6
CONTINUOUS
10
13.896027559055117
20
-4.5714881889763781
11
13.8783110236220466
21
-4.5714881889763781
0
LINE
8
BLACK
6
CONTINUOUS
10
13.8783110236220466
20
-4.5714881889763781
11
13.8749211023622046
21
-4.5708138976377954
0
LINE
8
BLACK
6
CONTINUOUS
10
13.8749211023622046
20
-4.5708138976377954
11
13.8720472834645658
21
-4.5688936614173228
0
LINE
8
BLACK
6
CONTINUOUS
10
13.8720472834645658
20
-4.5688936614173228
11
13.870127047244095
21
-4.566019842519685
0
LINE
8
BLACK
6
CONTINUOUS
10
13.870127047244095
20
-4.566019842519685
11
13.8694527559055114
21
-4.562629921259842
0
LINE
8
BLACK
6
CONTINUOUS
10
13.8694527559055114
20
-4.562629921259842
11
13.8694527559055114
21
-4.5537716535433068
0
LINE
8
BLACK
6
CONTINUOUS
10
13.8694527559055114
20
-4.5537716535433068
11
13.782641732283464
21
-4.5537716535433068
0
LINE
8
BLACK
6
CONTINUOUS
10
13.782641732283464
20
-4.5537716535433068
11
13.7819637401574795
21
-4.5536368110236216
0
LINE
8
BLACK
6
CONTINUOUS
10
13.7819637401574795
20
-4.5536368110236216
11
13.7813889763779525
21
-4.553252755905512
0
LINE
8
BLACK
6
CONTINUOUS
10
13.7813889763779525
20
-4.553252755905512
11
13.7810049212598429
21
-4.5526779921259841
0
LINE
8
BLACK
6
CONTINUOUS
10
13.7810049212598429
20
-4.5526779921259841
11
13.7808700787401577
21
-4.5519999999999996
0
LINE
8
BLACK
6
CONTINUOUS
10
13.7808700787401577
20
-4.5519999999999996
11
13.7808700787401577
21
-4.5437322834645668
0
LINE
8
BLACK
6
CONTINUOUS
10
13.7808700787401577
20
-4.5437322834645668
11
13.7810049212598429
21
-4.5430542913385823
0
LINE
8
BLACK
6
CONTINUOUS
10
13.7810049212598429
20
-4.5430542913385823
11
13.7813889763779525
21
-4.5424795275590553
0
LINE
8
BLACK
6
CONTINUOUS
10
13.7813889763779525
20
-4.5424795275590553
11
13.7819637401574795
21
-4.5420954724409448
0
LINE
8
BLACK
6
CONTINUOUS
10
13.7819637401574795
20
-4.5420954724409448
11
13.782641732283464
21
-4.5419606299212596
0
LINE
8
BLACK
6
CONTINUOUS
10
13.782641732283464
20
-4.5419606299212596
11
13.8694527559055114
21
-4.5419606299212596
0
LINE
8
BLACK
6
CONTINUOUS
10
13.8694527559055114
20
-4.5419606299212596
11
13.8694527559055114
21
-4.5331023622047244
0
LINE
8
BLACK
6
CONTINUOUS
10
13.8694527559055114
20
-4.5331023622047244
11
13.870127047244095
21
-4.5297124409448815
0
LINE
8
BLACK
6
CONTINUOUS
10
13.870127047244095
20
-4.5297124409448815
11
13.8720472834645658
21
-4.5268386220472436
0
LINE
8
BLACK
6
CONTINUOUS
10
13.8720472834645658
20
-4.5268386220472436
11
13.8749211023622046
21
-4.5249183858267719
0
LINE
8
BLACK
6
CONTINUOUS
10
13.8749211023622046
20
-4.5249183858267719
11
13.8783110236220466
21
-4.5242440944881892
0
LINE
8
BLACK
6
CONTINUOUS
10
13.8783110236220466
20
-4.5242440944881892
11
13.896027559055117
21
-4.5242440944881892
0
LINE
8
BLACK
6
CONTINUOUS
10
13.896027559055117
20
-4.5242440944881892
11
13.8994174803149608
21
-4.5249183858267719
0
LINE
8
BLACK
6
CONTINUOUS
10
14.0293387401574794
20
-4.5249183858267719
11
14.0322125590551181
21
-4.5268386220472436
0
LINE
8
BLACK
6
CONTINUOUS
10
14.0322125590551181
20
-4.5268386220472436
11
14.0341327952755908
21
-4.5297124409448815
0
LINE
8
BLACK
6
CONTINUOUS
10
14.0341327952755908
20
-4.5297124409448815
11
14.0348070866141725
21
-4.5331023622047244
0
LINE
8
BLACK
6
CONTINUOUS
10
14.0348070866141725
20
-4.5331023622047244
11
14.0348070866141725
21
-4.5419606299212596
0
LINE
8
BLACK
6
CONTINUOUS
10
14.0348070866141725
20
-4.5419606299212596
11
14.1166968503936996
21
-4.5419606299212596
0
LINE
8
BLACK
6
CONTINUOUS
10
14.1166968503936996
20
-4.5419606299212596
11
14.1173748425196841
21
-4.5420954724409448
0
LINE
8
BLACK
6
CONTINUOUS
10
14.1173748425196841
20
-4.5420954724409448
11
14.1179496062992129
21
-4.5424795275590553
0
LINE
8
BLACK
6
CONTINUOUS
10
14.1179496062992129
20
-4.5424795275590553
11
14.1183336614173225
21
-4.5430542913385823
0
LINE
8
BLACK
6
CONTINUOUS
10
14.1183336614173225
20
-4.5430542913385823
11
14.1184685039370077
21
-4.5437322834645668
0
LINE
8
BLACK
6
CONTINUOUS
10
14.1184685039370077
20
-4.5437322834645668
11
14.1184685039370077
21
-4.5519999999999996
0
LINE
8
BLACK
6
CONTINUOUS
10
14.1184685039370077
20
-4.5519999999999996
11
14.1183336614173225
21
-4.5526779921259841
0
LINE
8
BLACK
6
CONTINUOUS
10
14.1183336614173225
20
-4.5526779921259841
11
14.1179496062992129
21
-4.553252755905512
0
LINE
8
BLACK
6
CONTINUOUS
10
14.1179496062992129
20
-4.553252755905512
11
14.1173748425196841
21
-4.5536368110236216
0
LINE
8
BLACK
6
CONTINUOUS
10
14.1173748425196841
20
-4.5536368110236216
11
14.1166968503936996
21
-4.5537716535433068
0
LINE
8
BLACK
6
CONTINUOUS
10
14.1166968503936996
20
-4.5537716535433068
11
14.0348070866141725
21
-4.5537716535433068
0
LINE
8
BLACK
6
CONTINUOUS
10
14.0348070866141725
20
-4.5537716535433068
11
14.0348070866141725
21
-4.562629921259842
0
LINE
8
BLACK
6
CONTINUOUS
10
14.0348070866141725
20
-4.562629921259842
11
14.0341327952755908
21
-4.566019842519685
0
LINE
8
BLACK
6
CONTINUOUS
10
14.0341327952755908
20
-4.566019842519685
11
14.0322125590551181
21
-4.5688936614173228
0
LINE
8
BLACK
6
CONTINUOUS
10
14.0322125590551181
20
-4.5688936614173228
11
14.0293387401574794
21
-4.5708138976377954
0
LINE
8
BLACK
6
CONTINUOUS
10
14.0293387401574794
20
-4.5708138976377954
11
14.0259488188976373
21
-4.5714881889763781
0
LINE
8
BLACK
6
CONTINUOUS
10
14.0259488188976373
20
-4.5714881889763781
11
14.0082322834645669
21
-4.5714881889763781
0
LINE
8
BLACK
6
CONTINUOUS
10
14.0082322834645669
20
-4.5714881889763781
11
14.0048423622047249
21
-4.5708138976377954
0
LINE
8
BLACK
6
CONTINUOUS
10
14.0048423622047249
20
-4.5708138976377954
11
14.0019685433070862
21
-4.5688936614173228
0
LINE
8
BLACK
6
CONTINUOUS
10
14.0019685433070862
20
-4.5688936614173228
11
14.0000483070866135
21
-4.566019842519685
0
LINE
8
BLACK
6
CONTINUOUS
10
14.0000483070866135
20
-4.566019842519685
11
13.9993740157480318
21
-4.562629921259842
0
LINE
8
BLACK
6
CONTINUOUS
10
13.9993740157480318
20
-4.562629921259842
11
13.9993740157480318
21
-4.5331023622047244
0
LINE
8
BLACK
6
CONTINUOUS
10
13.9993740157480318
20
-4.5331023622047244
11
14.0000483070866135
21
-4.5297124409448815
0
LINE
8
BLACK
6
CONTINUOUS
10
14.0000483070866135
20
-4.5297124409448815
11
14.0019685433070862
21
-4.5268386220472436
0
LINE
8
BLACK
6
CONTINUOUS
10
14.0019685433070862
20
-4.5268386220472436
11
14.0048423622047249
21
-4.5249183858267719
0
LINE
8
BLACK
6
CONTINUOUS
10
14.0048423622047249
20
-4.5249183858267719
11
14.0082322834645669
21
-4.5242440944881892
0
LINE
8
BLACK
6
CONTINUOUS
10
14.0082322834645669
20
-4.5242440944881892
11
14.0259488188976373
21
-4.5242440944881892
0
LINE
8
BLACK
6
CONTINUOUS
10
14.0259488188976373
20
-4.5242440944881892
11
14.0293387401574794
21
-4.5249183858267719
0
LINE
8
BLACK
6
CONTINUOUS
10
6.2487730314960626
20
-4.4687301968503936
11
6.2350999606299213
21
-4.5462740944881892
0
LINE
8
BLACK
6
CONTINUOUS
10
6.2350999606299213
20
-4.5462740944881892
11
6.1459244488188975
21
-4.5305500393700786
0
LINE
8
BLACK
6
CONTINUOUS
10
6.1459244488188975
20
-4.5305500393700786
11
6.1595975196850397
21
-4.453006141732283
0
LINE
8
BLACK
6
CONTINUOUS
10
6.1595975196850397
20
-4.453006141732283
11
6.2487730314960626
21
-4.4687301968503936
0
LINE
8
BLACK
6
CONTINUOUS
10
13.3143781102362198
20
-4.4973593307086617
11
13.3172519291338585
21
-4.4992795669291334
0
LINE
8
BLACK
6
CONTINUOUS
10
13.3172519291338585
20
-4.4992795669291334
11
13.3191721653543311
21
-4.5021533858267713
0
LINE
8
BLACK
6
CONTINUOUS
10
13.3191721653543311
20
-4.5021533858267713
11
13.3198464566929129
21
-4.5055433070866142
0
LINE
8
BLACK
6
CONTINUOUS
10
13.3198464566929129
20
-4.5055433070866142
11
13.3198464566929129
21
-4.5350708661417318
0
LINE
8
BLACK
6
CONTINUOUS
10
13.3198464566929129
20
-4.5350708661417318
11
13.3191721653543311
21
-4.5384607874015748
0
LINE
8
BLACK
6
CONTINUOUS
10
13.3191721653543311
20
-4.5384607874015748
11
13.3172519291338585
21
-4.5413346062992126
0
LINE
8
BLACK
6
CONTINUOUS
10
13.3172519291338585
20
-4.5413346062992126
11
13.3143781102362198
21
-4.5432548425196853
0
LINE
8
BLACK
6
CONTINUOUS
10
13.3143781102362198
20
-4.5432548425196853
11
13.3109881889763777
21
-4.5439291338582679
0
LINE
8
BLACK
6
CONTINUOUS
10
13.3109881889763777
20
-4.5439291338582679
11
13.2932716535433073
21
-4.5439291338582679
0
LINE
8
BLACK
6
CONTINUOUS
10
13.2932716535433073
20
-4.5439291338582679
11
13.2898817322834635
21
-4.5432548425196853
0
LINE
8
BLACK
6
CONTINUOUS
10
13.2898817322834635
20
-4.5432548425196853
11
13.2870079133858265
21
-4.5413346062992126
0
LINE
8
BLACK
6
CONTINUOUS
10
13.2870079133858265
20
-4.5413346062992126
11
13.2850876771653539
21
-4.5384607874015748
0
LINE
8
BLACK
6
CONTINUOUS
10
13.2850876771653539
20
-4.5384607874015748
11
13.2844133858267721
21
-4.5350708661417318
0
LINE
8
BLACK
6
CONTINUOUS
10
13.2844133858267721
20
-4.5350708661417318
11
13.2844133858267721
21
-4.5262125984251966
0
LINE
8
BLACK
6
CONTINUOUS
10
13.2844133858267721
20
-4.5262125984251966
11
13.1976023622047247
21
-4.5262125984251966
0
LINE
8
BLACK
6
CONTINUOUS
10
13.1976023622047247
20
-4.5262125984251966
11
13.1969243700787402
21
-4.5260777559055114
0
LINE
8
BLACK
6
CONTINUOUS
10
13.1969243700787402
20
-4.5260777559055114
11
13.1963496062992132
21
-4.5256937007874019
0
LINE
8
BLACK
6
CONTINUOUS
10
13.1963496062992132
20
-4.5256937007874019
11
13.1959655511811018
21
-4.5251189370078739
0
LINE
8
BLACK
6
CONTINUOUS
10
13.1959655511811018
20
-4.5251189370078739
11
13.1958307086614166
21
-4.5244409448818894
0
LINE
8
BLACK
6
CONTINUOUS
10
13.1958307086614166
20
-4.5244409448818894
11
13.1958307086614166
21
-4.5161732283464566
0
LINE
8
BLACK
6
CONTINUOUS
10
13.1958307086614166
20
-4.5161732283464566
11
13.1959655511811018
21
-4.5154952362204721
0
LINE
8
BLACK
6
CONTINUOUS
10
13.1959655511811018
20
-4.5154952362204721
11
13.1963496062992132
21
-4.5149204724409451
0
LINE
8
BLACK
6
CONTINUOUS
10
13.1963496062992132
20
-4.5149204724409451
11
13.1969243700787402
21
-4.5145364173228346
0
LINE
8
BLACK
6
CONTINUOUS
10
13.1969243700787402
20
-4.5145364173228346
11
13.1976023622047247
21
-4.5144015748031494
0
LINE
8
BLACK
6
CONTINUOUS
10
13.1976023622047247
20
-4.5144015748031494
11
13.2844133858267721
21
-4.5144015748031494
0
LINE
8
BLACK
6
CONTINUOUS
10
13.2844133858267721
20
-4.5144015748031494
11
13.2844133858267721
21
-4.5055433070866142
0
LINE
8
BLACK
6
CONTINUOUS
10
13.2844133858267721
20
-4.5055433070866142
11
13.2850876771653539
21
-4.5021533858267713
0
LINE
8
BLACK
6
CONTINUOUS
10
13.2850876771653539
20
-4.5021533858267713
11
13.2870079133858265
21
-4.4992795669291334
0
LINE
8
BLACK
6
CONTINUOUS
10
13.2870079133858265
20
-4.4992795669291334
11
13.2898817322834635
21
-4.4973593307086617
0
LINE
8
BLACK
6
CONTINUOUS
10
13.2898817322834635
20
-4.4973593307086617
11
13.2932716535433073
21
-4.496685039370079
0
LINE
8
BLACK
6
CONTINUOUS
10
13.2932716535433073
20
-4.496685039370079
11
13.3109881889763777
21
-4.496685039370079
0
LINE
8
BLACK
6
CONTINUOUS
10
13.3109881889763777
20
-4.496685039370079
11
13.3143781102362198
21
-4.4973593307086617
0
LINE
8
BLACK
6
CONTINUOUS
10
13.4442993700787401
20
-4.4973593307086617
11
13.447173188976377
21
-4.4992795669291334
0
LINE
8
BLACK
6
CONTINUOUS
10
13.447173188976377
20
-4.4992795669291334
11
13.4490934251968497
21
-4.5021533858267713
0
LINE
8
BLACK
6
CONTINUOUS
10
13.4490934251968497
20
-4.5021533858267713
11
13.4497677165354332
21
-4.5055433070866142
0
LINE
8
BLACK
6
CONTINUOUS
10
13.4497677165354332
20
-4.5055433070866142
11
13.4497677165354332
21
-4.5144015748031494
0
LINE
8
BLACK
6
CONTINUOUS
10
13.4497677165354332
20
-4.5144015748031494
11
13.5316574803149603
21
-4.5144015748031494
0
LINE
8
BLACK
6
CONTINUOUS
10
13.5316574803149603
20
-4.5144015748031494
11
13.5323354724409448
21
-4.5145364173228346
0
LINE
8
BLACK
6
CONTINUOUS
10
13.5323354724409448
20
-4.5145364173228346
11
13.5329102362204718
21
-4.5149204724409451
0
LINE
8
BLACK
6
CONTINUOUS
10
13.5329102362204718
20
-4.5149204724409451
11
13.5332942913385832
21
-4.5154952362204721
0
LINE
8
BLACK
6
CONTINUOUS
10
13.5332942913385832
20
-4.5154952362204721
11
13.5334291338582666
21
-4.5161732283464566
0
LINE
8
BLACK
6
CONTINUOUS
10
13.5334291338582666
20
-4.5161732283464566
11
13.5334291338582666
21
-4.5244409448818894
0
LINE
8
BLACK
6
CONTINUOUS
10
13.5334291338582666
20
-4.5244409448818894
11
13.5332942913385832
21
-4.5251189370078739
0
LINE
8
BLACK
6
CONTINUOUS
10
13.5332942913385832
20
-4.5251189370078739
11
13.5329102362204718
21
-4.5256937007874019
0
LINE
8
BLACK
6
CONTINUOUS
10
13.5329102362204718
20
-4.5256937007874019
11
13.5323354724409448
21
-4.5260777559055114
0
LINE
8
BLACK
6
CONTINUOUS
10
13.5323354724409448
20
-4.5260777559055114
11
13.5316574803149603
21
-4.5262125984251966
0
LINE
8
BLACK
6
CONTINUOUS
10
13.5316574803149603
20
-4.5262125984251966
11
13.4497677165354332
21
-4.5262125984251966
0
LINE
8
BLACK
6
CONTINUOUS
10
13.4497677165354332
20
-4.5262125984251966
11
13.4497677165354332
21
-4.5350708661417318
0
LINE
8
BLACK
6
CONTINUOUS
10
13.4497677165354332
20
-4.5350708661417318
11
13.4490934251968497
21
-4.5384607874015748
0
LINE
8
BLACK
6
CONTINUOUS
10
13.4490934251968497
20
-4.5384607874015748
11
13.447173188976377
21
-4.5413346062992126
0
LINE
8
BLACK
6
CONTINUOUS
10
13.447173188976377
20
-4.5413346062992126
11
13.4442993700787401
21
-4.5432548425196853
0
LINE
8
BLACK
6
CONTINUOUS
10
13.4442993700787401
20
-4.5432548425196853
11
13.440909448818898
21
-4.5439291338582679
0
LINE
8
BLACK
6
CONTINUOUS
10
13.440909448818898
20
-4.5439291338582679
11
13.4231929133858259
21
-4.5439291338582679
0
LINE
8
BLACK
6
CONTINUOUS
10
13.4231929133858259
20
-4.5439291338582679
11
13.4198029921259838
21
-4.5432548425196853
0
LINE
8
BLACK
6
CONTINUOUS
10
13.4198029921259838
20
-4.5432548425196853
11
13.4169291732283469
21
-4.5413346062992126
0
LINE
8
BLACK
6
CONTINUOUS
10
13.4169291732283469
20
-4.5413346062992126
11
13.4150089370078742
21
-4.5384607874015748
0
LINE
8
BLACK
6
CONTINUOUS
10
13.4150089370078742
20
-4.5384607874015748
11
13.4143346456692907
21
-4.5350708661417318
0
LINE
8
BLACK
6
CONTINUOUS
10
13.4143346456692907
20
-4.5350708661417318
11
13.4143346456692907
21
-4.5055433070866142
0
LINE
8
BLACK
6
CONTINUOUS
10
13.4143346456692907
20
-4.5055433070866142
11
13.4150089370078742
21
-4.5021533858267713
0
LINE
8
BLACK
6
CONTINUOUS
10
13.4150089370078742
20
-4.5021533858267713
11
13.4169291732283469
21
-4.4992795669291334
0
LINE
8
BLACK
6
CONTINUOUS
10
13.4169291732283469
20
-4.4992795669291334
11
13.4198029921259838
21
-4.4973593307086617
0
LINE
8
BLACK
6
CONTINUOUS
10
13.4198029921259838
20
-4.4973593307086617
11
13.4231929133858259
21
-4.496685039370079
0
LINE
8
BLACK
6
CONTINUOUS
10
13.4231929133858259
20
-4.496685039370079
11
13.440909448818898
21
-4.496685039370079
0
LINE
8
BLACK
6
CONTINUOUS
10
13.440909448818898
20
-4.496685039370079
11
13.4442993700787401
21
-4.4973593307086617
0
LINE
8
BLACK
6
CONTINUOUS
10
6.7585417322834642
20
-4.457073503937008
11
6.744868661417323
21
-4.5346174015748026
0
LINE
8
BLACK
6
CONTINUOUS
10
6.744868661417323
20
-4.5346174015748026
11
6.6556931496062992
21
-4.5188933464566929
0
LINE
8
BLACK
6
CONTINUOUS
10
6.6556931496062992
20
-4.5188933464566929
11
6.6693662204724404
21
-4.4413494488188974
0
LINE
8
BLACK
6
CONTINUOUS
10
6.6693662204724404
20
-4.4413494488188974
11
6.7585417322834642
21
-4.457073503937008
0
LINE
8
BLACK
6
CONTINUOUS
10
11.7583761811023617
20
-4.4973651181102365
11
11.6681695669291337
21
-4.5052571653543305
0
LINE
8
BLACK
6
CONTINUOUS
10
11.6681695669291337
20
-4.5052571653543305
11
11.6613068897637788
21
-4.4268166141732284
0
LINE
8
BLACK
6
CONTINUOUS
10
11.6613068897637788
20
-4.4268166141732284
11
11.7515135039370069
21
-4.4189245669291335
0
LINE
8
BLACK
6
CONTINUOUS
10
11.7515135039370069
20
-4.4189245669291335
11
11.7583761811023617
21
-4.4973651181102365
0
LINE
8
BLACK
6
CONTINUOUS
10
7.1539332283464567
20
-4.4336222440944884
11
7.1571545275590553
21
-4.4348749606299211
0
LINE
8
BLACK
6
CONTINUOUS
10
7.1571545275590553
20
-4.4348749606299211
11
7.1596512598425193
21
-4.4372650393700788
0
LINE
8
BLACK
6
CONTINUOUS
10
7.1596512598425193
20
-4.4372650393700788
11
7.1610433070866142
21
-4.4404286614173225
0
LINE
8
BLACK
6
CONTINUOUS
10
7.1610433070866142
20
-4.4404286614173225
11
7.1611187007874015
21
-4.4438841732283461
0
LINE
8
BLACK
6
CONTINUOUS
10
7.1611187007874015
20
-4.4438841732283461
11
7.1595804330708663
21
-4.4526078346456694
0
LINE
8
BLACK
6
CONTINUOUS
10
7.1595804330708663
20
-4.4526078346456694
11
7.2402261417322835
21
-4.4668278740157481
0
LINE
8
BLACK
6
CONTINUOUS
10
7.2402261417322835
20
-4.4668278740157481
11
7.2408703937007877
21
-4.4670783858267713
0
LINE
8
BLACK
6
CONTINUOUS
10
7.2408703937007877
20
-4.4670783858267713
11
7.2413697244094486
21
-4.4675564173228342
0
LINE
8
BLACK
6
CONTINUOUS
10
7.2413697244094486
20
-4.4675564173228342
11
7.2416481496062994
21
-4.4681891338582673
0
LINE
8
BLACK
6
CONTINUOUS
10
7.2416481496062994
20
-4.4681891338582673
11
7.2416632283464564
21
-4.468880236220472
0
LINE
8
BLACK
6
CONTINUOUS
10
7.2416632283464564
20
-4.468880236220472
11
7.2402275590551177
21
-4.4770223622047247
0
LINE
8
BLACK
6
CONTINUOUS
10
7.2402275590551177
20
-4.4770223622047247
11
7.2399770078740158
21
-4.4776666535433067
0
LINE
8
BLACK
6
CONTINUOUS
10
7.2399770078740158
20
-4.4776666535433067
11
7.2394989763779529
21
-4.4781659842519685
0
LINE
8
BLACK
6
CONTINUOUS
10
7.2394989763779529
20
-4.4781659842519685
11
7.2388662598425197
21
-4.4784444094488185
0
LINE
8
BLACK
6
CONTINUOUS
10
7.2388662598425197
20
-4.4784444094488185
11
7.238175157480315
21
-4.4784594488188976
0
LINE
8
BLACK
6
CONTINUOUS
10
7.238175157480315
20
-4.4784594488188976
11
7.1575294881889766
21
-4.4642394488188977
0
LINE
8
BLACK
6
CONTINUOUS
10
7.1575294881889766
20
-4.4642394488188977
11
7.1559912598425193
21
-4.4729631496062989
0
LINE
8
BLACK
6
CONTINUOUS
10
7.1559912598425193
20
-4.4729631496062989
11
7.1547385826771652
21
-4.4761844488188975
0
LINE
8
BLACK
6
CONTINUOUS
10
7.1547385826771652
20
-4.4761844488188975
11
7.1523484645669289
21
-4.4786811811023624
0
LINE
8
BLACK
6
CONTINUOUS
10
7.1523484645669289
20
-4.4786811811023624
11
7.1491848818897639
21
-4.4800731889763776
0
LINE
8
BLACK
6
CONTINUOUS
10
7.1491848818897639
20
-4.4800731889763776
11
7.1457293700787403
21
-4.480148582677165
0
LINE
8
BLACK
6
CONTINUOUS
10
7.1457293700787403
20
-4.480148582677165
11
7.1282819685039369
21
-4.4770721653543308
0
LINE
8
BLACK
6
CONTINUOUS
10
7.1282819685039369
20
-4.4770721653543308
11
7.1250606692913383
21
-4.4758194488188972
0
LINE
8
BLACK
6
CONTINUOUS
10
7.1250606692913383
20
-4.4758194488188972
11
7.1225639370078735
21
-4.4734293700787404
0
LINE
8
BLACK
6
CONTINUOUS
10
7.1225639370078735
20
-4.4734293700787404
11
7.1211718897637795
21
-4.4702657480314958
0
LINE
8
BLACK
6
CONTINUOUS
10
7.1211718897637795
20
-4.4702657480314958
11
7.1210964960629921
21
-4.4668102362204722
0
LINE
8
BLACK
6
CONTINUOUS
10
7.1210964960629921
20
-4.4668102362204722
11
7.1262239370078735
21
-4.4377312598425194
0
LINE
8
BLACK
6
CONTINUOUS
10
7.1262239370078735
20
-4.4377312598425194
11
7.1274766141732284
21
-4.4345099606299208
0
LINE
8
BLACK
6
CONTINUOUS
10
7.1274766141732284
20
-4.4345099606299208
11
7.1298667322834648
21
-4.4320132283464568
0
LINE
8
BLACK
6
CONTINUOUS
10
7.1298667322834648
20
-4.4320132283464568
11
7.1330303149606298
21
-4.4306212204724407
0
LINE
8
BLACK
6
CONTINUOUS
10
7.1330303149606298
20
-4.4306212204724407
11
7.1364858267716533
21
-4.4305458267716533
0
LINE
8
BLACK
6
CONTINUOUS
10
7.1364858267716533
20
-4.4305458267716533
11
7.1539332283464567
21
-4.4336222440944884
0
LINE
8
BLACK
6
CONTINUOUS
10
7.0259857480314958
20
-4.4110616929133855
11
7.0292070472440944
21
-4.4123144094488191
0
LINE
8
BLACK
6
CONTINUOUS
10
7.0292070472440944
20
-4.4123144094488191
11
7.0317037795275592
21
-4.4147044881889759
0
LINE
8
BLACK
6
CONTINUOUS
10
7.0317037795275592
20
-4.4147044881889759
11
7.0330958267716532
21
-4.4178681102362205
0
LINE
8
BLACK
6
CONTINUOUS
10
7.0330958267716532
20
-4.4178681102362205
11
7.0331712204724406
21
-4.4213236220472441
0
LINE
8
BLACK
6
CONTINUOUS
10
7.0331712204724406
20
-4.4213236220472441
11
7.0280437795275592
21
-4.4504025984251969
0
LINE
8
BLACK
6
CONTINUOUS
10
7.0280437795275592
20
-4.4504025984251969
11
7.0267911023622043
21
-4.4536238976377955
0
LINE
8
BLACK
6
CONTINUOUS
10
7.0267911023622043
20
-4.4536238976377955
11
7.0244009842519679
21
-4.4561206299212595
0
LINE
8
BLACK
6
CONTINUOUS
10
7.0244009842519679
20
-4.4561206299212595
11
7.0212374015748029
21
-4.4575126377952756
0
LINE
8
BLACK
6
CONTINUOUS
10
7.0212374015748029
20
-4.4575126377952756
11
7.0177818897637794
21
-4.457588031496063
0
LINE
8
BLACK
6
CONTINUOUS
10
7.0177818897637794
20
-4.457588031496063
11
7.000334488188976
21
-4.4545116141732279
0
LINE
8
BLACK
6
CONTINUOUS
10
7.000334488188976
20
-4.4545116141732279
11
6.9971131889763774
21
-4.4532588976377951
0
LINE
8
BLACK
6
CONTINUOUS
10
6.9971131889763774
20
-4.4532588976377951
11
6.9946164566929134
21
-4.4508688188976375
0
LINE
8
BLACK
6
CONTINUOUS
10
6.9946164566929134
20
-4.4508688188976375
11
6.9932244094488185
21
-4.4477051968503938
0
LINE
8
BLACK
6
CONTINUOUS
10
6.9932244094488185
20
-4.4477051968503938
11
6.9931490157480312
21
-4.4442496850393702
0
LINE
8
BLACK
6
CONTINUOUS
10
6.9931490157480312
20
-4.4442496850393702
11
6.9946872440944876
21
-4.4355259842519681
0
LINE
8
BLACK
6
CONTINUOUS
10
6.9946872440944876
20
-4.4355259842519681
11
6.909195078740157
21
-4.4204514173228349
0
LINE
8
BLACK
6
CONTINUOUS
10
6.909195078740157
20
-4.4204514173228349
11
6.9085508267716538
21
-4.4202009055118108
0
LINE
8
BLACK
6
CONTINUOUS
10
6.9085508267716538
20
-4.4202009055118108
11
6.908051496062992
21
-4.4197228740157479
0
LINE
8
BLACK
6
CONTINUOUS
10
6.908051496062992
20
-4.4197228740157479
11
6.907773070866142
21
-4.4190901574803148
0
LINE
8
BLACK
6
CONTINUOUS
10
6.907773070866142
20
-4.4190901574803148
11
6.9077579921259842
21
-4.41839905511811
0
LINE
8
BLACK
6
CONTINUOUS
10
6.9077579921259842
20
-4.41839905511811
11
6.9091936614173228
21
-4.4102569291338583
0
LINE
8
BLACK
6
CONTINUOUS
10
6.9091936614173228
20
-4.4102569291338583
11
6.9094442125984248
21
-4.4096126377952753
0
LINE
8
BLACK
6
CONTINUOUS
10
6.9094442125984248
20
-4.4096126377952753
11
6.9099222440944876
21
-4.4091133070866144
0
LINE
8
BLACK
6
CONTINUOUS
10
6.9099222440944876
20
-4.4091133070866144
11
6.9105549606299208
21
-4.4088348818897636
0
LINE
8
BLACK
6
CONTINUOUS
10
6.9105549606299208
20
-4.4088348818897636
11
6.9112460629921255
21
-4.4088198425196845
0
LINE
8
BLACK
6
CONTINUOUS
10
6.9112460629921255
20
-4.4088198425196845
11
6.9967381889763782
21
-4.4238943700787399
0
LINE
8
BLACK
6
CONTINUOUS
10
6.9967381889763782
20
-4.4238943700787399
11
6.9982764566929134
21
-4.4151707086614174
0
LINE
8
BLACK
6
CONTINUOUS
10
6.9982764566929134
20
-4.4151707086614174
11
6.9995291338582675
21
-4.4119494094488187
0
LINE
8
BLACK
6
CONTINUOUS
10
6.9995291338582675
20
-4.4119494094488187
11
7.0019192519685038
21
-4.4094526771653539
0
LINE
8
BLACK
6
CONTINUOUS
10
7.0019192519685038
20
-4.4094526771653539
11
7.0050828346456688
21
-4.4080606692913387
0
LINE
8
BLACK
6
CONTINUOUS
10
7.0050828346456688
20
-4.4080606692913387
11
7.0085383464566924
21
-4.4079852755905513
0
LINE
8
BLACK
6
CONTINUOUS
10
7.0085383464566924
20
-4.4079852755905513
11
7.0259857480314958
21
-4.4110616929133855
0
LINE
8
BLACK
6
CONTINUOUS
10
4.5184086220472439
20
-4.3787779921259844
11
4.51154594488189
21
-4.4572185433070866
0
LINE
8
BLACK
6
CONTINUOUS
10
4.51154594488189
20
-4.4572185433070866
11
4.421339330708661
21
-4.4493264960629917
0
LINE
8
BLACK
6
CONTINUOUS
10
4.421339330708661
20
-4.4493264960629917
11
4.4282020078740159
21
-4.3708859448818895
0
LINE
8
BLACK
6
CONTINUOUS
10
4.4282020078740159
20
-4.3708859448818895
11
4.5184086220472439
21
-4.3787779921259844
0
LINE
8
BLACK
6
CONTINUOUS
10
10.5151064173228352
20
-4.4409567716535436
11
10.4259309055118106
21
-4.4566808267716533
0
LINE
8
BLACK
6
CONTINUOUS
10
10.4259309055118106
20
-4.4566808267716533
11
10.4122578346456685
21
-4.3791369291338578
0
LINE
8
BLACK
6
CONTINUOUS
10
10.4122578346456685
20
-4.3791369291338578
11
10.5014333464566931
21
-4.3634128740157481
0
LINE
8
BLACK
6
CONTINUOUS
10
10.5014333464566931
20
-4.3634128740157481
11
10.5151064173228352
21
-4.4409567716535436
0
LINE
8
BLACK
6
CONTINUOUS
10
5.0252215354330705
20
-4.3227364173228349
11
5.0183588582677165
21
-4.401176968503937
0
LINE
8
BLACK
6
CONTINUOUS
10
5.0183588582677165
20
-4.401176968503937
11
4.9281522440944885
21
-4.3932849212598422
0
LINE
8
BLACK
6
CONTINUOUS
10
4.9281522440944885
20
-4.3932849212598422
11
4.9350149212598424
21
-4.31484437007874
0
LINE
8
BLACK
6
CONTINUOUS
10
4.9350149212598424
20
-4.31484437007874
11
5.0252215354330705
21
-4.3227364173228349
0
LINE
8
BLACK
6
CONTINUOUS
10
12.2477579527559044
20
-4.3541677559055119
11
12.1575513385826763
21
-4.3620598031496058
0
LINE
8
BLACK
6
CONTINUOUS
10
12.1575513385826763
20
-4.3620598031496058
11
12.1506886614173233
21
-4.2836192519685037
0
LINE
8
BLACK
6
CONTINUOUS
10
12.1506886614173233
20
-4.2836192519685037
11
12.2408952755905513
21
-4.2757272047244097
0
LINE
8
BLACK
6
CONTINUOUS
10
12.2408952755905513
20
-4.2757272047244097
11
12.2477579527559044
21
-4.3541677559055119
0
LINE
8
BLACK
6
CONTINUOUS
10
12.4427245669291331
20
-4.2906664173228348
11
12.4455983858267718
21
-4.2925866535433066
0
LINE
8
BLACK
6
CONTINUOUS
10
12.4455983858267718
20
-4.2925866535433066
11
12.4475186220472445
21
-4.2954604724409444
0
LINE
8
BLACK
6
CONTINUOUS
10
12.4475186220472445
20
-4.2954604724409444
11
12.4481929133858262
21
-4.2988503937007874
0
LINE
8
BLACK
6
CONTINUOUS
10
12.4481929133858262
20
-4.2988503937007874
11
12.4481929133858262
21
-4.328377952755905
0
LINE
8
BLACK
6
CONTINUOUS
10
12.4481929133858262
20
-4.328377952755905
11
12.4475186220472445
21
-4.3317678740157479
0
LINE
8
BLACK
6
CONTINUOUS
10
12.4475186220472445
20
-4.3317678740157479
11
12.4455983858267718
21
-4.3346416929133857
0
LINE
8
BLACK
6
CONTINUOUS
10
12.4455983858267718
20
-4.3346416929133857
11
12.4427245669291331
21
-4.3365619291338584
0
LINE
8
BLACK
6
CONTINUOUS
10
12.4427245669291331
20
-4.3365619291338584
11
12.439334645669291
21
-4.3372362204724411
0
LINE
8
BLACK
6
CONTINUOUS
10
12.439334645669291
20
-4.3372362204724411
11
12.4216181102362206
21
-4.3372362204724411
0
LINE
8
BLACK
6
CONTINUOUS
10
12.4216181102362206
20
-4.3372362204724411
11
12.4182281889763768
21
-4.3365619291338584
0
LINE
8
BLACK
6
CONTINUOUS
10
12.4182281889763768
20
-4.3365619291338584
11
12.4153543700787399
21
-4.3346416929133857
0
LINE
8
BLACK
6
CONTINUOUS
10
12.4153543700787399
20
-4.3346416929133857
11
12.4134341338582672
21
-4.3317678740157479
0
LINE
8
BLACK
6
CONTINUOUS
10
12.4134341338582672
20
-4.3317678740157479
11
12.4127598425196854
21
-4.328377952755905
0
LINE
8
BLACK
6
CONTINUOUS
10
12.4127598425196854
20
-4.328377952755905
11
12.4127598425196854
21
-4.3195196850393698
0
LINE
8
BLACK
6
CONTINUOUS
10
12.4127598425196854
20
-4.3195196850393698
11
12.325948818897638
21
-4.3195196850393698
0
LINE
8
BLACK
6
CONTINUOUS
10
12.325948818897638
20
-4.3195196850393698
11
12.3252708267716535
21
-4.3193848425196846
0
LINE
8
BLACK
6
CONTINUOUS
10
12.3252708267716535
20
-4.3193848425196846
11
12.3246960629921265
21
-4.319000787401575
0
LINE
8
BLACK
6
CONTINUOUS
10
12.3246960629921265
20
-4.319000787401575
11
12.3243120078740152
21
-4.3184260236220471
0
LINE
8
BLACK
6
CONTINUOUS
10
12.3243120078740152
20
-4.3184260236220471
11
12.3241771653543299
21
-4.3177480314960626
0
LINE
8
BLACK
6
CONTINUOUS
10
12.3241771653543299
20
-4.3177480314960626
11
12.3241771653543299
21
-4.3094803149606298
0
LINE
8
BLACK
6
CONTINUOUS
10
12.3241771653543299
20
-4.3094803149606298
11
12.3243120078740152
21
-4.3088023228346453
0
LINE
8
BLACK
6
CONTINUOUS
10
12.3243120078740152
20
-4.3088023228346453
11
12.3246960629921265
21
-4.3082275590551182
0
LINE
8
BLACK
6
CONTINUOUS
10
12.3246960629921265
20
-4.3082275590551182
11
12.3252708267716535
21
-4.3078435039370078
0
LINE
8
BLACK
6
CONTINUOUS
10
12.3252708267716535
20
-4.3078435039370078
11
12.325948818897638
21
-4.3077086614173226
0
LINE
8
BLACK
6
CONTINUOUS
10
12.325948818897638
20
-4.3077086614173226
11
12.4127598425196854
21
-4.3077086614173226
0
LINE
8
BLACK
6
CONTINUOUS
10
12.4127598425196854
20
-4.3077086614173226
11
12.4127598425196854
21
-4.2988503937007874
0
LINE
8
BLACK
6
CONTINUOUS
10
12.4127598425196854
20
-4.2988503937007874
11
12.4134341338582672
21
-4.2954604724409444
0
LINE
8
BLACK
6
CONTINUOUS
10
12.4134341338582672
20
-4.2954604724409444
11
12.4153543700787399
21
-4.2925866535433066
0
LINE
8
BLACK
6
CONTINUOUS
10
12.4153543700787399
20
-4.2925866535433066
11
12.4182281889763768
21
-4.2906664173228348
0
LINE
8
BLACK
6
CONTINUOUS
10
12.4182281889763768
20
-4.2906664173228348
11
12.4216181102362206
21
-4.2899921259842522
0
LINE
8
BLACK
6
CONTINUOUS
10
12.4216181102362206
20
-4.2899921259842522
11
12.439334645669291
21
-4.2899921259842522
0
LINE
8
BLACK
6
CONTINUOUS
10
12.439334645669291
20
-4.2899921259842522
11
12.4427245669291331
21
-4.2906664173228348
0
LINE
8
BLACK
6
CONTINUOUS
10
12.5726458267716534
20
-4.2906664173228348
11
12.5755196456692904
21
-4.2925866535433066
0
LINE
8
BLACK
6
CONTINUOUS
10
12.5755196456692904
20
-4.2925866535433066
11
12.577439881889763
21
-4.2954604724409444
0
LINE
8
BLACK
6
CONTINUOUS
10
12.577439881889763
20
-4.2954604724409444
11
12.5781141732283466
21
-4.2988503937007874
0
LINE
8
BLACK
6
CONTINUOUS
10
12.5781141732283466
20
-4.2988503937007874
11
12.5781141732283466
21
-4.3077086614173226
0
LINE
8
BLACK
6
CONTINUOUS
10
12.5781141732283466
20
-4.3077086614173226
11
12.6600039370078736
21
-4.3077086614173226
0
LINE
8
BLACK
6
CONTINUOUS
10
12.6600039370078736
20
-4.3077086614173226
11
12.6606819291338581
21
-4.3078435039370078
0
LINE
8
BLACK
6
CONTINUOUS
10
12.6606819291338581
20
-4.3078435039370078
11
12.6612566929133852
21
-4.3082275590551182
0
LINE
8
BLACK
6
CONTINUOUS
10
12.6612566929133852
20
-4.3082275590551182
11
12.6616407480314965
21
-4.3088023228346453
0
LINE
8
BLACK
6
CONTINUOUS
10
12.6616407480314965
20
-4.3088023228346453
11
12.66177559055118
21
-4.3094803149606298
0
LINE
8
BLACK
6
CONTINUOUS
10
12.66177559055118
20
-4.3094803149606298
11
12.66177559055118
21
-4.3177480314960626
0
LINE
8
BLACK
6
CONTINUOUS
10
12.66177559055118
20
-4.3177480314960626
11
12.6616407480314965
21
-4.3184260236220471
0
LINE
8
BLACK
6
CONTINUOUS
10
12.6616407480314965
20
-4.3184260236220471
11
12.6612566929133852
21
-4.319000787401575
0
LINE
8
BLACK
6
CONTINUOUS
10
12.6612566929133852
20
-4.319000787401575
11
12.6606819291338581
21
-4.3193848425196846
0
LINE
8
BLACK
6
CONTINUOUS
10
12.6606819291338581
20
-4.3193848425196846
11
12.6600039370078736
21
-4.3195196850393698
0
LINE
8
BLACK
6
CONTINUOUS
10
12.6600039370078736
20
-4.3195196850393698
11
12.5781141732283466
21
-4.3195196850393698
0
LINE
8
BLACK
6
CONTINUOUS
10
12.5781141732283466
20
-4.3195196850393698
11
12.5781141732283466
21
-4.328377952755905
0
LINE
8
BLACK
6
CONTINUOUS
10
12.5781141732283466
20
-4.328377952755905
11
12.577439881889763
21
-4.3317678740157479
0
LINE
8
BLACK
6
CONTINUOUS
10
12.577439881889763
20
-4.3317678740157479
11
12.5755196456692904
21
-4.3346416929133857
0
LINE
8
BLACK
6
CONTINUOUS
10
12.5755196456692904
20
-4.3346416929133857
11
12.5726458267716534
21
-4.3365619291338584
0
LINE
8
BLACK
6
CONTINUOUS
10
12.5726458267716534
20
-4.3365619291338584
11
12.5692559055118114
21
-4.3372362204724411
0
LINE
8
BLACK
6
CONTINUOUS
10
12.5692559055118114
20
-4.3372362204724411
11
12.5515393700787392
21
-4.3372362204724411
0
LINE
8
BLACK
6
CONTINUOUS
10
12.5515393700787392
20
-4.3372362204724411
11
12.5481494488188972
21
-4.3365619291338584
0
LINE
8
BLACK
6
CONTINUOUS
10
12.5481494488188972
20
-4.3365619291338584
11
12.5452756299212602
21
-4.3346416929133857
0
LINE
8
BLACK
6
CONTINUOUS
10
12.5452756299212602
20
-4.3346416929133857
11
12.5433553937007876
21
-4.3317678740157479
0
LINE
8
BLACK
6
CONTINUOUS
10
12.5433553937007876
20
-4.3317678740157479
11
12.542681102362204
21
-4.328377952755905
0
LINE
8
BLACK
6
CONTINUOUS
10
12.542681102362204
20
-4.328377952755905
11
12.542681102362204
21
-4.2988503937007874
0
LINE
8
BLACK
6
CONTINUOUS
10
12.542681102362204
20
-4.2988503937007874
11
12.5433553937007876
21
-4.2954604724409444
0
LINE
8
BLACK
6
CONTINUOUS
10
12.5433553937007876
20
-4.2954604724409444
11
12.5452756299212602
21
-4.2925866535433066
0
LINE
8
BLACK
6
CONTINUOUS
10
12.5452756299212602
20
-4.2925866535433066
11
12.5481494488188972
21
-4.2906664173228348
0
LINE
8
BLACK
6
CONTINUOUS
10
12.5481494488188972
20
-4.2906664173228348
11
12.5515393700787392
21
-4.2899921259842522
0
LINE
8
BLACK
6
CONTINUOUS
10
12.5515393700787392
20
-4.2899921259842522
11
12.5692559055118114
21
-4.2899921259842522
0
LINE
8
BLACK
6
CONTINUOUS
10
12.5692559055118114
20
-4.2899921259842522
11
12.5726458267716534
21
-4.2906664173228348
0
LINE
8
BLACK
6
CONTINUOUS
10
10.7457759842519689
20
-4.3201592519685041
11
10.6566004724409442
21
-4.3358833070866138
0
LINE
8
BLACK
6
CONTINUOUS
10
10.6566004724409442
20
-4.3358833070866138
11
10.6429274015748021
21
-4.2583394094488192
0
LINE
8
BLACK
6
CONTINUOUS
10
10.6429274015748021
20
-4.2583394094488192
11
10.7321029133858268
21
-4.2426153543307086
0
LINE
8
BLACK
6
CONTINUOUS
10
10.7321029133858268
20
-4.2426153543307086
11
10.7457759842519689
21
-4.3201592519685041
0
LINE
8
BLACK
6
CONTINUOUS
10
6.3704686614173225
20
-4.2308663385826772
11
6.3736899606299211
21
-4.23211905511811
0
LINE
8
BLACK
6
CONTINUOUS
10
6.3736899606299211
20
-4.23211905511811
11
6.3761866929133859
21
-4.2345091338582677
0
LINE
8
BLACK
6
CONTINUOUS
10
6.3761866929133859
20
-4.2345091338582677
11
6.3775787401574799
21
-4.2376727559055114
0
LINE
8
BLACK
6
CONTINUOUS
10
6.3775787401574799
20
-4.2376727559055114
11
6.3776541338582673
21
-4.2411282677165349
0
LINE
8
BLACK
6
CONTINUOUS
10
6.3776541338582673
20
-4.2411282677165349
11
6.3761158661417321
21
-4.2498519291338583
0
LINE
8
BLACK
6
CONTINUOUS
10
6.3761158661417321
20
-4.2498519291338583
11
6.4567615748031493
21
-4.264071968503937
0
LINE
8
BLACK
6
CONTINUOUS
10
6.4567615748031493
20
-4.264071968503937
11
6.4574058267716534
21
-4.2643224803149602
0
LINE
8
BLACK
6
CONTINUOUS
10
6.4574058267716534
20
-4.2643224803149602
11
6.4579051574803152
21
-4.2648005118110239
0
LINE
8
BLACK
6
CONTINUOUS
10
6.4579051574803152
20
-4.2648005118110239
11
6.4581835826771652
21
-4.2654332283464562
0
LINE
8
BLACK
6
CONTINUOUS
10
6.4581835826771652
20
-4.2654332283464562
11
6.458198661417323
21
-4.2661243307086609
0
LINE
8
BLACK
6
CONTINUOUS
10
6.458198661417323
20
-4.2661243307086609
11
6.4567629921259844
21
-4.2742664566929136
0
LINE
8
BLACK
6
CONTINUOUS
10
6.4567629921259844
20
-4.2742664566929136
11
6.4565124409448815
21
-4.2749107480314956
0
LINE
8
BLACK
6
CONTINUOUS
10
6.4565124409448815
20
-4.2749107480314956
11
6.4560344094488187
21
-4.2754100787401574
0
LINE
8
BLACK
6
CONTINUOUS
10
6.4560344094488187
20
-4.2754100787401574
11
6.4554016929133855
21
-4.2756885039370074
0
LINE
8
BLACK
6
CONTINUOUS
10
6.4554016929133855
20
-4.2756885039370074
11
6.4547105905511808
21
-4.2757035433070865
0
LINE
8
BLACK
6
CONTINUOUS
10
6.4547105905511808
20
-4.2757035433070865
11
6.3740649212598424
21
-4.2614835433070866
0
LINE
8
BLACK
6
CONTINUOUS
10
6.3740649212598424
20
-4.2614835433070866
11
6.3725266929133859
21
-4.2702072440944878
0
LINE
8
BLACK
6
CONTINUOUS
10
6.3725266929133859
20
-4.2702072440944878
11
6.371274015748031
21
-4.2734285433070864
0
LINE
8
BLACK
6
CONTINUOUS
10
6.371274015748031
20
-4.2734285433070864
11
6.3688838976377955
21
-4.2759252755905512
0
LINE
8
BLACK
6
CONTINUOUS
10
6.3688838976377955
20
-4.2759252755905512
11
6.3657203149606296
21
-4.2773172834645665
0
LINE
8
BLACK
6
CONTINUOUS
10
6.3657203149606296
20
-4.2773172834645665
11
6.3622648031496061
21
-4.2773926771653539
0
LINE
8
BLACK
6
CONTINUOUS
10
6.3622648031496061
20
-4.2773926771653539
11
6.3448174015748027
21
-4.2743162598425197
0
LINE
8
BLACK
6
CONTINUOUS
10
6.3448174015748027
20
-4.2743162598425197
11
6.3415961023622049
21
-4.2730635433070869
0
LINE
8
BLACK
6
CONTINUOUS
10
6.3415961023622049
20
-4.2730635433070869
11
6.3390993700787401
21
-4.2706734645669293
0
LINE
8
BLACK
6
CONTINUOUS
10
6.3390993700787401
20
-4.2706734645669293
11
6.3377073228346452
21
-4.2675098425196847
0
LINE
8
BLACK
6
CONTINUOUS
10
6.3377073228346452
20
-4.2675098425196847
11
6.3376319291338579
21
-4.2640543307086611
0
LINE
8
BLACK
6
CONTINUOUS
10
6.3376319291338579
20
-4.2640543307086611
11
6.3427593700787401
21
-4.2349753543307083
0
LINE
8
BLACK
6
CONTINUOUS
10
6.3427593700787401
20
-4.2349753543307083
11
6.3440120472440942
21
-4.2317540551181105
0
LINE
8
BLACK
6
CONTINUOUS
10
6.3440120472440942
20
-4.2317540551181105
11
6.3464021653543305
21
-4.2292573228346457
0
LINE
8
BLACK
6
CONTINUOUS
10
6.3464021653543305
20
-4.2292573228346457
11
6.3495657480314955
21
-4.2278653149606296
0
LINE
8
BLACK
6
CONTINUOUS
10
6.3495657480314955
20
-4.2278653149606296
11
6.35302125984252
21
-4.2277899212598422
0
LINE
8
BLACK
6
CONTINUOUS
10
6.35302125984252
20
-4.2277899212598422
11
6.3704686614173225
21
-4.2308663385826772
0
LINE
8
BLACK
6
CONTINUOUS
10
6.2425211811023624
20
-4.2083057874015743
11
6.2457424803149602
21
-4.209558503937008
0
LINE
8
BLACK
6
CONTINUOUS
10
6.2457424803149602
20
-4.209558503937008
11
6.248239212598425
21
-4.2119485826771657
0
LINE
8
BLACK
6
CONTINUOUS
10
6.248239212598425
20
-4.2119485826771657
11
6.2496312598425199
21
-4.2151122047244094
0
LINE
8
BLACK
6
CONTINUOUS
10
6.2496312598425199
20
-4.2151122047244094
11
6.2497066535433072
21
-4.2185677165354329
0
LINE
8
BLACK
6
CONTINUOUS
10
6.2497066535433072
20
-4.2185677165354329
11
6.244579212598425
21
-4.2476466929133858
0
LINE
8
BLACK
6
CONTINUOUS
10
6.244579212598425
20
-4.2476466929133858
11
6.2433265354330709
21
-4.2508679921259844
0
LINE
8
BLACK
6
CONTINUOUS
10
6.2433265354330709
20
-4.2508679921259844
11
6.2409364173228346
21
-4.2533647244094483
0
LINE
8
BLACK
6
CONTINUOUS
10
6.2409364173228346
20
-4.2533647244094483
11
6.2377728346456696
21
-4.2547567322834645
0
LINE
8
BLACK
6
CONTINUOUS
10
6.2377728346456696
20
-4.2547567322834645
11
6.2343173228346451
21
-4.2548321259842519
0
LINE
8
BLACK
6
CONTINUOUS
10
6.2343173228346451
20
-4.2548321259842519
11
6.2168699212598426
21
-4.2517557086614168
0
LINE
8
BLACK
6
CONTINUOUS
10
6.2168699212598426
20
-4.2517557086614168
11
6.213648622047244
21
-4.250502992125984
0
LINE
8
BLACK
6
CONTINUOUS
10
6.213648622047244
20
-4.250502992125984
11
6.2111518897637792
21
-4.2481129133858264
0
LINE
8
BLACK
6
CONTINUOUS
10
6.2111518897637792
20
-4.2481129133858264
11
6.2097598425196852
21
-4.2449492913385827
0
LINE
8
BLACK
6
CONTINUOUS
10
6.2097598425196852
20
-4.2449492913385827
11
6.2096844488188978
21
-4.2414937795275591
0
LINE
8
BLACK
6
CONTINUOUS
10
6.2096844488188978
20
-4.2414937795275591
11
6.2112226771653543
21
-4.232770078740157
0
LINE
8
BLACK
6
CONTINUOUS
10
6.2112226771653543
20
-4.232770078740157
11
6.1257305118110237
21
-4.2176955118110238
0
LINE
8
BLACK
6
CONTINUOUS
10
6.1257305118110237
20
-4.2176955118110238
11
6.1250862598425195
21
-4.2174449999999997
0
LINE
8
BLACK
6
CONTINUOUS
10
6.1250862598425195
20
-4.2174449999999997
11
6.1245869291338577
21
-4.2169669685039368
0
LINE
8
BLACK
6
CONTINUOUS
10
6.1245869291338577
20
-4.2169669685039368
11
6.1243085039370078
21
-4.2163342519685036
0
LINE
8
BLACK
6
CONTINUOUS
10
6.1243085039370078
20
-4.2163342519685036
11
6.1242934251968499
21
-4.2156431496062989
0
LINE
8
BLACK
6
CONTINUOUS
10
6.1242934251968499
20
-4.2156431496062989
11
6.1257290944881886
21
-4.2075010236220471
0
LINE
8
BLACK
6
CONTINUOUS
10
6.1257290944881886
20
-4.2075010236220471
11
6.1259796456692914
21
-4.2068567322834642
0
LINE
8
BLACK
6
CONTINUOUS
10
6.1259796456692914
20
-4.2068567322834642
11
6.1264576771653543
21
-4.2063574015748033
0
LINE
8
BLACK
6
CONTINUOUS
10
6.1264576771653543
20
-4.2063574015748033
11
6.1270903937007875
21
-4.2060789763779525
0
LINE
8
BLACK
6
CONTINUOUS
10
6.1270903937007875
20
-4.2060789763779525
11
6.1277814960629922
21
-4.2060639370078743
0
LINE
8
BLACK
6
CONTINUOUS
10
6.1277814960629922
20
-4.2060639370078743
11
6.213273622047244
21
-4.2211384645669288
0
LINE
8
BLACK
6
CONTINUOUS
10
6.213273622047244
20
-4.2211384645669288
11
6.2148118897637792
21
-4.2124148031496063
0
LINE
8
BLACK
6
CONTINUOUS
10
6.2148118897637792
20
-4.2124148031496063
11
6.2160645669291341
21
-4.2091935039370076
0
LINE
8
BLACK
6
CONTINUOUS
10
6.2160645669291341
20
-4.2091935039370076
11
6.2184546850393696
21
-4.2066967716535428
0
LINE
8
BLACK
6
CONTINUOUS
10
6.2184546850393696
20
-4.2066967716535428
11
6.2216182677165355
21
-4.2053047637795276
0
LINE
8
BLACK
6
CONTINUOUS
10
6.2216182677165355
20
-4.2053047637795276
11
6.225073779527559
21
-4.2052293700787402
0
LINE
8
BLACK
6
CONTINUOUS
10
6.225073779527559
20
-4.2052293700787402
11
6.2425211811023624
21
-4.2083057874015743
0
LINE
8
BLACK
6
CONTINUOUS
10
5.5430643700787403
20
-4.1626278346456695
11
5.5293912992125982
21
-4.2401717322834642
0
LINE
8
BLACK
6
CONTINUOUS
10
5.5293912992125982
20
-4.2401717322834642
11
5.4402157874015744
21
-4.2244476771653545
0
LINE
8
BLACK
6
CONTINUOUS
10
5.4402157874015744
20
-4.2244476771653545
11
5.4538888582677165
21
-4.146903779527559
0
LINE
8
BLACK
6
CONTINUOUS
10
5.4538888582677165
20
-4.146903779527559
11
5.5430643700787403
21
-4.1626278346456695
0
LINE
8
BLACK
6
CONTINUOUS
10
6.052833070866142
20
-4.150971141732283
11
6.0391599999999999
21
-4.2285150393700786
0
LINE
8
BLACK
6
CONTINUOUS
10
6.0391599999999999
20
-4.2285150393700786
11
5.9499844881889761
21
-4.2127909842519689
0
LINE
8
BLACK
6
CONTINUOUS
10
5.9499844881889761
20
-4.2127909842519689
11
5.9636575590551182
21
-4.1352470866141733
0
LINE
8
BLACK
6
CONTINUOUS
10
5.9636575590551182
20
-4.1352470866141733
11
6.052833070866142
21
-4.150971141732283
0
LINE
8
BLACK
6
CONTINUOUS
10
4.2159529133858271
20
-4.1509026377952756
11
4.2188267322834641
21
-4.1528228740157482
0
LINE
8
BLACK
6
CONTINUOUS
10
4.2188267322834641
20
-4.1528228740157482
11
4.2207469685039367
21
-4.1556966929133861
0
LINE
8
BLACK
6
CONTINUOUS
10
4.2207469685039367
20
-4.1556966929133861
11
4.2214212598425194
21
-4.1590866141732281
0
LINE
8
BLACK
6
CONTINUOUS
10
4.2214212598425194
20
-4.1590866141732281
11
4.2214212598425194
21
-4.1886141732283466
0
LINE
8
BLACK
6
CONTINUOUS
10
4.2214212598425194
20
-4.1886141732283466
11
4.2207469685039367
21
-4.1920040944881887
0
LINE
8
BLACK
6
CONTINUOUS
10
4.2207469685039367
20
-4.1920040944881887
11
4.2188267322834641
21
-4.1948779133858265
0
LINE
8
BLACK
6
CONTINUOUS
10
4.2188267322834641
20
-4.1948779133858265
11
4.2159529133858271
21
-4.1967981496062992
0
LINE
8
BLACK
6
CONTINUOUS
10
4.2159529133858271
20
-4.1967981496062992
11
4.2125629921259842
21
-4.1974724409448818
0
LINE
8
BLACK
6
CONTINUOUS
10
4.2125629921259842
20
-4.1974724409448818
11
4.1948464566929129
21
-4.1974724409448818
0
LINE
8
BLACK
6
CONTINUOUS
10
4.1948464566929129
20
-4.1974724409448818
11
4.1914565354330708
21
-4.1967981496062992
0
LINE
8
BLACK
6
CONTINUOUS
10
4.1914565354330708
20
-4.1967981496062992
11
4.188582716535433
21
-4.1948779133858265
0
LINE
8
BLACK
6
CONTINUOUS
10
4.188582716535433
20
-4.1948779133858265
11
4.1866624803149604
21
-4.1920040944881887
0
LINE
8
BLACK
6
CONTINUOUS
10
4.1866624803149604
20
-4.1920040944881887
11
4.1859881889763777
21
-4.1886141732283466
0
LINE
8
BLACK
6
CONTINUOUS
10
4.1859881889763777
20
-4.1886141732283466
11
4.1859881889763777
21
-4.1797559055118105
0
LINE
8
BLACK
6
CONTINUOUS
10
4.1859881889763777
20
-4.1797559055118105
11
4.0991771653543303
21
-4.1797559055118105
0
LINE
8
BLACK
6
CONTINUOUS
10
4.0991771653543303
20
-4.1797559055118105
11
4.0984991732283467
21
-4.1796210629921262
0
LINE
8
BLACK
6
CONTINUOUS
10
4.0984991732283467
20
-4.1796210629921262
11
4.0979244094488187
21
-4.1792370078740158
0
LINE
8
BLACK
6
CONTINUOUS
10
4.0979244094488187
20
-4.1792370078740158
11
4.0975403543307083
21
-4.1786622440944878
0
LINE
8
BLACK
6
CONTINUOUS
10
4.0975403543307083
20
-4.1786622440944878
11
4.097405511811024
21
-4.1779842519685042
0
LINE
8
BLACK
6
CONTINUOUS
10
4.097405511811024
20
-4.1779842519685042
11
4.097405511811024
21
-4.1697165354330705
0
LINE
8
BLACK
6
CONTINUOUS
10
4.097405511811024
20
-4.1697165354330705
11
4.0975403543307083
21
-4.1690385433070869
0
LINE
8
BLACK
6
CONTINUOUS
10
4.0975403543307083
20
-4.1690385433070869
11
4.0979244094488187
21
-4.168463779527559
0
LINE
8
BLACK
6
CONTINUOUS
10
4.0979244094488187
20
-4.168463779527559
11
4.0984991732283467
21
-4.1680797244094485
0
LINE
8
BLACK
6
CONTINUOUS
10
4.0984991732283467
20
-4.1680797244094485
11
4.0991771653543303
21
-4.1679448818897633
0
LINE
8
BLACK
6
CONTINUOUS
10
4.0991771653543303
20
-4.1679448818897633
11
4.1859881889763777
21
-4.1679448818897633
0
LINE
8
BLACK
6
CONTINUOUS
10
4.1859881889763777
20
-4.1679448818897633
11
4.1859881889763777
21
-4.1590866141732281
0
LINE
8
BLACK
6
CONTINUOUS
10
4.1859881889763777
20
-4.1590866141732281
11
4.1866624803149604
21
-4.1556966929133861
0
LINE
8
BLACK
6
CONTINUOUS
10
4.1866624803149604
20
-4.1556966929133861
11
4.188582716535433
21
-4.1528228740157482
0
LINE
8
BLACK
6
CONTINUOUS
10
4.188582716535433
20
-4.1528228740157482
11
4.1914565354330708
21
-4.1509026377952756
0
LINE
8
BLACK
6
CONTINUOUS
10
4.1914565354330708
20
-4.1509026377952756
11
4.1948464566929129
21
-4.1502283464566929
0
LINE
8
BLACK
6
CONTINUOUS
10
4.1948464566929129
20
-4.1502283464566929
11
4.2125629921259842
21
-4.1502283464566929
0
LINE
8
BLACK
6
CONTINUOUS
10
4.2125629921259842
20
-4.1502283464566929
11
4.2159529133858271
21
-4.1509026377952756
0
LINE
8
BLACK
6
CONTINUOUS
10
4.3458741732283466
20
-4.1509026377952756
11
4.3487479921259844
21
-4.1528228740157482
0
LINE
8
BLACK
6
CONTINUOUS
10
4.3487479921259844
20
-4.1528228740157482
11
4.3506682283464562
21
-4.1556966929133861
0
LINE
8
BLACK
6
CONTINUOUS
10
4.3506682283464562
20
-4.1556966929133861
11
4.3513425196850397
21
-4.1590866141732281
0
LINE
8
BLACK
6
CONTINUOUS
10
4.3513425196850397
20
-4.1590866141732281
11
4.3513425196850397
21
-4.1679448818897633
0
LINE
8
BLACK
6
CONTINUOUS
10
4.3513425196850397
20
-4.1679448818897633
11
4.4332322834645668
21
-4.1679448818897633
0
LINE
8
BLACK
6
CONTINUOUS
10
4.4332322834645668
20
-4.1679448818897633
11
4.4339102755905513
21
-4.1680797244094485
0
LINE
8
BLACK
6
CONTINUOUS
10
4.4339102755905513
20
-4.1680797244094485
11
4.4344850393700783
21
-4.168463779527559
0
LINE
8
BLACK
6
CONTINUOUS
10
4.4344850393700783
20
-4.168463779527559
11
4.4348690944881888
21
-4.1690385433070869
0
LINE
8
BLACK
6
CONTINUOUS
10
4.4348690944881888
20
-4.1690385433070869
11
4.435003937007874
21
-4.1697165354330705
0
LINE
8
BLACK
6
CONTINUOUS
10
4.435003937007874
20
-4.1697165354330705
11
4.435003937007874
21
-4.1779842519685042
0
LINE
8
BLACK
6
CONTINUOUS
10
4.435003937007874
20
-4.1779842519685042
11
4.4348690944881888
21
-4.1786622440944878
0
LINE
8
BLACK
6
CONTINUOUS
10
4.4348690944881888
20
-4.1786622440944878
11
4.4344850393700783
21
-4.1792370078740158
0
LINE
8
BLACK
6
CONTINUOUS
10
4.4344850393700783
20
-4.1792370078740158
11
4.4339102755905513
21
-4.1796210629921262
0
LINE
8
BLACK
6
CONTINUOUS
10
4.4339102755905513
20
-4.1796210629921262
11
4.4332322834645668
21
-4.1797559055118105
0
LINE
8
BLACK
6
CONTINUOUS
10
4.4332322834645668
20
-4.1797559055118105
11
4.3513425196850397
21
-4.1797559055118105
0
LINE
8
BLACK
6
CONTINUOUS
10
4.3513425196850397
20
-4.1797559055118105
11
4.3513425196850397
21
-4.1886141732283466
0
LINE
8
BLACK
6
CONTINUOUS
10
4.3513425196850397
20
-4.1886141732283466
11
4.3506682283464562
21
-4.1920040944881887
0
LINE
8
BLACK
6
CONTINUOUS
10
4.3506682283464562
20
-4.1920040944881887
11
4.3487479921259844
21
-4.1948779133858265
0
LINE
8
BLACK
6
CONTINUOUS
10
4.3487479921259844
20
-4.1948779133858265
11
4.3458741732283466
21
-4.1967981496062992
0
LINE
8
BLACK
6
CONTINUOUS
10
4.3458741732283466
20
-4.1967981496062992
11
4.3424842519685036
21
-4.1974724409448818
0
LINE
8
BLACK
6
CONTINUOUS
10
4.3424842519685036
20
-4.1974724409448818
11
4.3247677165354332
21
-4.1974724409448818
0
LINE
8
BLACK
6
CONTINUOUS
10
4.3247677165354332
20
-4.1974724409448818
11
4.3213777952755903
21
-4.1967981496062992
0
LINE
8
BLACK
6
CONTINUOUS
10
4.3213777952755903
20
-4.1967981496062992
11
4.3185039763779525
21
-4.1948779133858265
0
LINE
8
BLACK
6
CONTINUOUS
10
4.3185039763779525
20
-4.1948779133858265
11
4.3165837401574798
21
-4.1920040944881887
0
LINE
8
BLACK
6
CONTINUOUS
10
4.3165837401574798
20
-4.1920040944881887
11
4.3159094488188972
21
-4.1886141732283466
0
LINE
8
BLACK
6
CONTINUOUS
10
4.3159094488188972
20
-4.1886141732283466
11
4.3159094488188972
21
-4.1590866141732281
0
LINE
8
BLACK
6
CONTINUOUS
10
4.3159094488188972
20
-4.1590866141732281
11
4.3165837401574798
21
-4.1556966929133861
0
LINE
8
BLACK
6
CONTINUOUS
10
4.3165837401574798
20
-4.1556966929133861
11
4.3185039763779525
21
-4.1528228740157482
0
LINE
8
BLACK
6
CONTINUOUS
10
4.3185039763779525
20
-4.1528228740157482
11
4.3213777952755903
21
-4.1509026377952756
0
LINE
8
BLACK
6
CONTINUOUS
10
4.3213777952755903
20
-4.1509026377952756
11
4.3247677165354332
21
-4.1502283464566929
0
LINE
8
BLACK
6
CONTINUOUS
10
4.3247677165354332
20
-4.1502283464566929
11
4.3424842519685036
21
-4.1502283464566929
0
LINE
8
BLACK
6
CONTINUOUS
10
4.3424842519685036
20
-4.1502283464566929
11
4.3458741732283466
21
-4.1509026377952756
0
LINE
8
BLACK
6
CONTINUOUS
10
5.0840631496062993
20
-4.1489341338582673
11
5.0869369685039372
21
-4.1508543700787399
0
LINE
8
BLACK
6
CONTINUOUS
10
5.0869369685039372
20
-4.1508543700787399
11
5.0888572047244089
21
-4.1537281889763777
0
LINE
8
BLACK
6
CONTINUOUS
10
5.0888572047244089
20
-4.1537281889763777
11
5.0895314960629916
21
-4.1571181102362207
0
LINE
8
BLACK
6
CONTINUOUS
10
5.0895314960629916
20
-4.1571181102362207
11
5.0895314960629916
21
-4.1866456692913383
0
LINE
8
BLACK
6
CONTINUOUS
10
5.0895314960629916
20
-4.1866456692913383
11
5.0888572047244089
21
-4.1900355905511812
0
LINE
8
BLACK
6
CONTINUOUS
10
5.0888572047244089
20
-4.1900355905511812
11
5.0869369685039372
21
-4.1929094094488191
0
LINE
8
BLACK
6
CONTINUOUS
10
5.0869369685039372
20
-4.1929094094488191
11
5.0840631496062993
21
-4.1948296456692908
0
LINE
8
BLACK
6
CONTINUOUS
10
5.0840631496062993
20
-4.1948296456692908
11
5.0806732283464564
21
-4.1955039370078735
0
LINE
8
BLACK
6
CONTINUOUS
10
5.0806732283464564
20
-4.1955039370078735
11
5.062956692913386
21
-4.1955039370078735
0
LINE
8
BLACK
6
CONTINUOUS
10
5.062956692913386
20
-4.1955039370078735
11
5.0595667716535431
21
-4.1948296456692908
0
LINE
8
BLACK
6
CONTINUOUS
10
5.0595667716535431
20
-4.1948296456692908
11
5.0566929527559052
21
-4.1929094094488191
0
LINE
8
BLACK
6
CONTINUOUS
10
5.0566929527559052
20
-4.1929094094488191
11
5.0547727165354326
21
-4.1900355905511812
0
LINE
8
BLACK
6
CONTINUOUS
10
5.0547727165354326
20
-4.1900355905511812
11
5.0540984251968499
21
-4.1866456692913383
0
LINE
8
BLACK
6
CONTINUOUS
10
5.0540984251968499
20
-4.1866456692913383
11
5.0540984251968499
21
-4.1777874015748031
0
LINE
8
BLACK
6
CONTINUOUS
10
5.0540984251968499
20
-4.1777874015748031
11
4.9672874015748034
21
-4.1777874015748031
0
LINE
8
BLACK
6
CONTINUOUS
10
4.9672874015748034
20
-4.1777874015748031
11
4.9666094094488189
21
-4.1776525590551179
0
LINE
8
BLACK
6
CONTINUOUS
10
4.9666094094488189
20
-4.1776525590551179
11
4.966034645669291
21
-4.1772685039370074
0
LINE
8
BLACK
6
CONTINUOUS
10
4.966034645669291
20
-4.1772685039370074
11
4.9656505905511814
21
-4.1766937401574804
0
LINE
8
BLACK
6
CONTINUOUS
10
4.9656505905511814
20
-4.1766937401574804
11
4.9655157480314962
21
-4.1760157480314959
0
LINE
8
BLACK
6
CONTINUOUS
10
4.9655157480314962
20
-4.1760157480314959
11
4.9655157480314962
21
-4.1677480314960631
0
LINE
8
BLACK
6
CONTINUOUS
10
4.9655157480314962
20
-4.1677480314960631
11
4.9656505905511814
21
-4.1670700393700786
0
LINE
8
BLACK
6
CONTINUOUS
10
4.9656505905511814
20
-4.1670700393700786
11
4.966034645669291
21
-4.1664952755905507
0
LINE
8
BLACK
6
CONTINUOUS
10
4.966034645669291
20
-4.1664952755905507
11
4.9666094094488189
21
-4.1661112204724411
0
LINE
8
BLACK
6
CONTINUOUS
10
4.9666094094488189
20
-4.1661112204724411
11
4.9672874015748034
21
-4.1659763779527559
0
LINE
8
BLACK
6
CONTINUOUS
10
4.9672874015748034
20
-4.1659763779527559
11
5.0540984251968499
21
-4.1659763779527559
0
LINE
8
BLACK
6
CONTINUOUS
10
5.0540984251968499
20
-4.1659763779527559
11
5.0540984251968499
21
-4.1571181102362207
0
LINE
8
BLACK
6
CONTINUOUS
10
5.0540984251968499
20
-4.1571181102362207
11
5.0547727165354326
21
-4.1537281889763777
0
LINE
8
BLACK
6
CONTINUOUS
10
5.0547727165354326
20
-4.1537281889763777
11
5.0566929527559052
21
-4.1508543700787399
0
LINE
8
BLACK
6
CONTINUOUS
10
5.0566929527559052
20
-4.1508543700787399
11
5.0595667716535431
21
-4.1489341338582673
0
LINE
8
BLACK
6
CONTINUOUS
10
5.0595667716535431
20
-4.1489341338582673
11
5.062956692913386
21
-4.1482598425196846
0
LINE
8
BLACK
6
CONTINUOUS
10
5.062956692913386
20
-4.1482598425196846
11
5.0806732283464564
21
-4.1482598425196846
0
LINE
8
BLACK
6
CONTINUOUS
10
5.0806732283464564
20
-4.1482598425196846
11
5.0840631496062993
21
-4.1489341338582673
0
LINE
8
BLACK
6
CONTINUOUS
10
5.2139844094488188
20
-4.1489341338582673
11
5.2168582283464566
21
-4.1508543700787399
0
LINE
8
BLACK
6
CONTINUOUS
10
5.2168582283464566
20
-4.1508543700787399
11
5.2187784645669293
21
-4.1537281889763777
0
LINE
8
BLACK
6
CONTINUOUS
10
5.2187784645669293
20
-4.1537281889763777
11
5.2194527559055119
21
-4.1571181102362207
0
LINE
8
BLACK
6
CONTINUOUS
10
5.2194527559055119
20
-4.1571181102362207
11
5.2194527559055119
21
-4.1659763779527559
0
LINE
8
BLACK
6
CONTINUOUS
10
5.2194527559055119
20
-4.1659763779527559
11
5.301342519685039
21
-4.1659763779527559
0
LINE
8
BLACK
6
CONTINUOUS
10
5.301342519685039
20
-4.1659763779527559
11
5.3020205118110235
21
-4.1661112204724411
0
LINE
8
BLACK
6
CONTINUOUS
10
5.3020205118110235
20
-4.1661112204724411
11
5.3025952755905514
21
-4.1664952755905507
0
LINE
8
BLACK
6
CONTINUOUS
10
5.3025952755905514
20
-4.1664952755905507
11
5.302979330708661
21
-4.1670700393700786
0
LINE
8
BLACK
6
CONTINUOUS
10
5.302979330708661
20
-4.1670700393700786
11
5.3031141732283462
21
-4.1677480314960631
0
LINE
8
BLACK
6
CONTINUOUS
10
5.3031141732283462
20
-4.1677480314960631
11
5.3031141732283462
21
-4.1760157480314959
0
LINE
8
BLACK
6
CONTINUOUS
10
5.3031141732283462
20
-4.1760157480314959
11
5.302979330708661
21
-4.1766937401574804
0
LINE
8
BLACK
6
CONTINUOUS
10
5.302979330708661
20
-4.1766937401574804
11
5.3025952755905514
21
-4.1772685039370074
0
LINE
8
BLACK
6
CONTINUOUS
10
5.3025952755905514
20
-4.1772685039370074
11
5.3020205118110235
21
-4.1776525590551179
0
LINE
8
BLACK
6
CONTINUOUS
10
5.3020205118110235
20
-4.1776525590551179
11
5.301342519685039
21
-4.1777874015748031
0
LINE
8
BLACK
6
CONTINUOUS
10
5.301342519685039
20
-4.1777874015748031
11
5.2194527559055119
21
-4.1777874015748031
0
LINE
8
BLACK
6
CONTINUOUS
10
5.2194527559055119
20
-4.1777874015748031
11
5.2194527559055119
21
-4.1866456692913383
0
LINE
8
BLACK
6
CONTINUOUS
10
5.2194527559055119
20
-4.1866456692913383
11
5.2187784645669293
21
-4.1900355905511812
0
LINE
8
BLACK
6
CONTINUOUS
10
5.2187784645669293
20
-4.1900355905511812
11
5.2168582283464566
21
-4.1929094094488191
0
LINE
8
BLACK
6
CONTINUOUS
10
5.2168582283464566
20
-4.1929094094488191
11
5.2139844094488188
21
-4.1948296456692908
0
LINE
8
BLACK
6
CONTINUOUS
10
5.2139844094488188
20
-4.1948296456692908
11
5.2105944881889759
21
-4.1955039370078735
0
LINE
8
BLACK
6
CONTINUOUS
10
5.2105944881889759
20
-4.1955039370078735
11
5.1928779527559055
21
-4.1955039370078735
0
LINE
8
BLACK
6
CONTINUOUS
10
5.1928779527559055
20
-4.1955039370078735
11
5.1894880314960625
21
-4.1948296456692908
0
LINE
8
BLACK
6
CONTINUOUS
10
5.1894880314960625
20
-4.1948296456692908
11
5.1866142125984247
21
-4.1929094094488191
0
LINE
8
BLACK
6
CONTINUOUS
10
5.1866142125984247
20
-4.1929094094488191
11
5.1846939763779529
21
-4.1900355905511812
0
LINE
8
BLACK
6
CONTINUOUS
10
5.1846939763779529
20
-4.1900355905511812
11
5.1840196850393703
21
-4.1866456692913383
0
LINE
8
BLACK
6
CONTINUOUS
10
5.1840196850393703
20
-4.1866456692913383
11
5.1840196850393703
21
-4.1571181102362207
0
LINE
8
BLACK
6
CONTINUOUS
10
5.1840196850393703
20
-4.1571181102362207
11
5.1846939763779529
21
-4.1537281889763777
0
LINE
8
BLACK
6
CONTINUOUS
10
5.1846939763779529
20
-4.1537281889763777
11
5.1866142125984247
21
-4.1508543700787399
0
LINE
8
BLACK
6
CONTINUOUS
10
5.1866142125984247
20
-4.1508543700787399
11
5.1894880314960625
21
-4.1489341338582673
0
LINE
8
BLACK
6
CONTINUOUS
10
5.1894880314960625
20
-4.1489341338582673
11
5.1928779527559055
21
-4.1482598425196846
0
LINE
8
BLACK
6
CONTINUOUS
10
5.1928779527559055
20
-4.1482598425196846
11
5.2105944881889759
21
-4.1482598425196846
0
LINE
8
BLACK
6
CONTINUOUS
10
5.2105944881889759
20
-4.1482598425196846
11
5.2139844094488188
21
-4.1489341338582673
0
LINE
8
BLACK
6
CONTINUOUS
10
11.2208150787401575
20
-4.1348544094488187
11
11.1316395669291328
21
-4.1505784645669292
0
LINE
8
BLACK
6
CONTINUOUS
10
11.1316395669291328
20
-4.1505784645669292
11
11.1179664960629925
21
-4.0730345669291337
0
LINE
8
BLACK
6
CONTINUOUS
10
11.1179664960629925
20
-4.0730345669291337
11
11.2071420078740154
21
-4.0573105118110231
0
LINE
8
BLACK
6
CONTINUOUS
10
11.2071420078740154
20
-4.0573105118110231
11
11.2208150787401575
21
-4.1348544094488187
0
LINE
8
BLACK
6
CONTINUOUS
10
3.4989015748031496
20
-4.0948976377952757
11
3.4083503937007875
21
-4.0948976377952757
0
LINE
8
BLACK
6
CONTINUOUS
10
3.4083503937007875
20
-4.0948976377952757
11
3.4083503937007875
21
-4.0161574803149609
0
LINE
8
BLACK
6
CONTINUOUS
10
3.4083503937007875
20
-4.0161574803149609
11
3.4989015748031496
21
-4.0161574803149609
0
LINE
8
BLACK
6
CONTINUOUS
10
3.4989015748031496
20
-4.0161574803149609
11
3.4989015748031496
21
-4.0948976377952757
0
LINE
8
BLACK
6
CONTINUOUS
10
12.7692716535433064
20
-4.0948976377952757
11
12.6787204724409452
21
-4.0948976377952757
0
LINE
8
BLACK
6
CONTINUOUS
10
12.6787204724409452
20
-4.0948976377952757
11
12.6787204724409452
21
-4.0161574803149609
0
LINE
8
BLACK
6
CONTINUOUS
10
12.6787204724409452
20
-4.0161574803149609
11
12.7692716535433064
21
-4.0161574803149609
0
LINE
8
BLACK
6
CONTINUOUS
10
12.7692716535433064
20
-4.0161574803149609
11
12.7692716535433064
21
-4.0948976377952757
0
LINE
8
BLACK
6
CONTINUOUS
10
2.7069173228346455
20
-4.0945944881889762
11
2.6163661417322834
21
-4.0945944881889762
0
LINE
8
BLACK
6
CONTINUOUS
10
2.6163661417322834
20
-4.0945944881889762
11
2.6163661417322834
21
-4.0158543307086614
0
LINE
8
BLACK
6
CONTINUOUS
10
2.6163661417322834
20
-4.0158543307086614
11
2.7069173228346455
21
-4.0158543307086614
0
LINE
8
BLACK
6
CONTINUOUS
10
2.7069173228346455
20
-4.0158543307086614
11
2.7069173228346455
21
-4.0945944881889762
0
LINE
8
BLACK
6
CONTINUOUS
10
13.561251968503937
20
-4.0945944881889762
11
13.4707007874015741
21
-4.0945944881889762
0
LINE
8
BLACK
6
CONTINUOUS
10
13.4707007874015741
20
-4.0945944881889762
11
13.4707007874015741
21
-4.0158543307086614
0
LINE
8
BLACK
6
CONTINUOUS
10
13.4707007874015741
20
-4.0158543307086614
11
13.561251968503937
21
-4.0158543307086614
0
LINE
8
BLACK
6
CONTINUOUS
10
13.561251968503937
20
-4.0158543307086614
11
13.561251968503937
21
-4.0945944881889762
0
LINE
8
BLACK
6
CONTINUOUS
10
3.9989015748031496
20
-3.9948976377952756
11
3.9083503937007875
21
-3.9948976377952756
0
LINE
8
BLACK
6
CONTINUOUS
10
3.9083503937007875
20
-3.9948976377952756
11
3.9083503937007875
21
-3.9161574803149604
0
LINE
8
BLACK
6
CONTINUOUS
10
3.9083503937007875
20
-3.9161574803149604
11
3.9989015748031496
21
-3.9161574803149604
0
LINE
8
BLACK
6
CONTINUOUS
10
3.9989015748031496
20
-3.9161574803149604
11
3.9989015748031496
21
-3.9948976377952756
0
LINE
8
BLACK
6
CONTINUOUS
10
13.2692716535433064
20
-3.9948976377952756
11
13.1787204724409452
21
-3.9948976377952756
0
LINE
8
BLACK
6
CONTINUOUS
10
13.1787204724409452
20
-3.9948976377952756
11
13.1787204724409452
21
-3.9161574803149604
0
LINE
8
BLACK
6
CONTINUOUS
10
13.1787204724409452
20
-3.9161574803149604
11
13.2692716535433064
21
-3.9161574803149604
0
LINE
8
BLACK
6
CONTINUOUS
10
13.2692716535433064
20
-3.9161574803149604
11
13.2692716535433064
21
-3.9948976377952756
0
LINE
8
BLACK
6
CONTINUOUS
10
3.2069173228346455
20
-3.9945944881889761
11
3.1163661417322834
21
-3.9945944881889761
0
LINE
8
BLACK
6
CONTINUOUS
10
3.1163661417322834
20
-3.9945944881889761
11
3.1163661417322834
21
-3.9158543307086613
0
LINE
8
BLACK
6
CONTINUOUS
10
3.1163661417322834
20
-3.9158543307086613
11
3.2069173228346455
21
-3.9158543307086613
0
LINE
8
BLACK
6
CONTINUOUS
10
3.2069173228346455
20
-3.9158543307086613
11
3.2069173228346455
21
-3.9945944881889761
0
LINE
8
BLACK
6
CONTINUOUS
10
14.061251968503937
20
-3.9945944881889761
11
13.9707007874015741
21
-3.9945944881889761
0
LINE
8
BLACK
6
CONTINUOUS
10
13.9707007874015741
20
-3.9945944881889761
11
13.9707007874015741
21
-3.9158543307086613
0
LINE
8
BLACK
6
CONTINUOUS
10
13.9707007874015741
20
-3.9158543307086613
11
14.061251968503937
21
-3.9158543307086613
0
LINE
8
BLACK
6
CONTINUOUS
10
14.061251968503937
20
-3.9158543307086613
11
14.061251968503937
21
-3.9945944881889761
  0
ENDSEC
  0
EOF
