  0
SECTION
  2
HEADER
  9
$ANGBASE
  50
0.0
  9
$ANGDIR
  70
1
  9
$MEASUREMENT
  70
0
  0
ENDSEC
  0
SECTION
  2
TABLES
  0
TABLE
  2
LTYPE
  70
4
  0
LTYPE
  5
40F
  2
CONTINUOUS
  70
0
  3
Solid line
  72
65
  73
0
  40
0.0
  0
LTYPE
  5
410
  2
DASHDOT
 70
0
  3
Dash Dot ____ _ ____ _
 72
65
 73
4
 40
2.0
 49
1.25
 49
-0.25
 49
0.25
 49
-0.25
  0
LTYPE
  5
411
  2
DASHED
 70
0
  3
Dashed __ __ __ __ __
 72
65
 73
2
 40
0.75
 49
0.5
 49
-0.25
  0
LTYPE
  5
43B
  2
DOTTED
 70
0
  3
Dotted .  .  .  .
 72
65
 73
2
 40
0.2
 49
0.0
 49
-0.2
  0
ENDTAB
  0
TABLE
  2
STYLE
  70
4
  0
STYLE
  2
KICAD
  70
0
  40
0
  41
1
  42
1
  50
0
  71
0
  3
isocp.shx
  0
STYLE
  2
KICADB
  70
0
  40
0
  41
1
  42
1
  50
0
  71
0
  3
isocp.shx
  0
STYLE
  2
KICADI
  70
0
  40
0
  41
1
  42
1
  50
15
  71
0
  3
isocp.shx
  0
STYLE
  2
KICADBI
  70
0
  40
0
  41
1
  42
1
  50
15
  71
0
  3
isocp.shx
  0
ENDTAB
  0
TABLE
  2
LAYER
  70
1
  0
LAYER
  2
BLACK
  70
0
  62
7
  6
CONTINUOUS
  0
ENDTAB
  0
ENDSEC
  0
SECTION
  2
ENTITIES
0
LINE
8
BLACK
6
CONTINUOUS
10
8.3669435433070856
20
-5.5569553543307082
11
8.367093385826772
21
-5.5577086614173226
0
LINE
8
BLACK
6
CONTINUOUS
10
8.367093385826772
20
-5.5577086614173226
11
8.367093385826772
21
-10.0277086614173232
0
LINE
8
BLACK
6
CONTINUOUS
10
8.367093385826772
20
-10.0277086614173232
11
8.3669435433070856
21
-10.0284619685039367
0
LINE
8
BLACK
6
CONTINUOUS
10
8.3669435433070856
20
-10.0284619685039367
11
8.365878188976378
21
-10.029527322834646
0
LINE
8
BLACK
6
CONTINUOUS
10
8.365878188976378
20
-10.029527322834646
11
8.3643715748031493
21
-10.029527322834646
0
LINE
8
BLACK
6
CONTINUOUS
10
8.3643715748031493
20
-10.029527322834646
11
8.36330622047244
21
-10.0284619685039367
0
LINE
8
BLACK
6
CONTINUOUS
10
8.36330622047244
20
-10.0284619685039367
11
8.3631563779527553
21
-10.0277086614173232
0
LINE
8
BLACK
6
CONTINUOUS
10
8.3631563779527553
20
-10.0277086614173232
11
8.3631563779527553
21
-5.5577086614173226
0
LINE
8
BLACK
6
CONTINUOUS
10
8.3631563779527553
20
-5.5577086614173226
11
8.36330622047244
21
-5.5569553543307082
0
LINE
8
BLACK
6
CONTINUOUS
10
8.36330622047244
20
-5.5569553543307082
11
8.3643715748031493
21
-5.5558899999999998
0
LINE
8
BLACK
6
CONTINUOUS
10
8.3643715748031493
20
-5.5558899999999998
11
8.365878188976378
21
-5.5558899999999998
0
LINE
8
BLACK
6
CONTINUOUS
10
8.365878188976378
20
-5.5558899999999998
11
8.3669435433070856
21
-5.5569553543307082
0
LINE
8
BLACK
6
CONTINUOUS
10
3.6957344881889762
20
-9.0455147637795275
11
3.6957666141732282
21
-9.045504094488189
0
LINE
8
BLACK
6
CONTINUOUS
10
3.6957666141732282
20
-9.045504094488189
11
3.6959947637795274
21
-9.0455665354330712
0
LINE
8
BLACK
6
CONTINUOUS
10
3.6959947637795274
20
-9.0455665354330712
11
3.6962269685039368
21
-9.0456127559055108
0
LINE
8
BLACK
6
CONTINUOUS
10
3.6962269685039368
20
-9.0456127559055108
11
3.6962508661417321
21
-9.0456366535433066
0
LINE
8
BLACK
6
CONTINUOUS
10
3.6962508661417321
20
-9.0456366535433066
11
3.6963222440944881
21
-9.0456562204724413
0
LINE
8
BLACK
6
CONTINUOUS
10
3.6963222440944881
20
-9.0456562204724413
11
3.6981970078740156
21
-9.0465936220472436
0
LINE
8
BLACK
6
CONTINUOUS
10
3.6981970078740156
20
-9.0465936220472436
11
3.6983838582677167
21
-9.0467386220472434
0
LINE
8
BLACK
6
CONTINUOUS
10
3.6983838582677167
20
-9.0467386220472434
11
3.6985807086614173
21
-9.0468701574803152
0
LINE
8
BLACK
6
CONTINUOUS
10
3.6985807086614173
20
-9.0468701574803152
11
3.7004554330708661
21
-9.0487449212598428
0
LINE
8
BLACK
6
CONTINUOUS
10
3.7004554330708661
20
-9.0487449212598428
11
3.7005442519685037
21
-9.0488778740157478
0
LINE
8
BLACK
6
CONTINUOUS
10
3.7005442519685037
20
-9.0488778740157478
11
3.7005977165354329
21
-9.0489099606299206
0
LINE
8
BLACK
6
CONTINUOUS
10
3.7005977165354329
20
-9.0489099606299206
11
3.7006749999999999
21
-9.0490735433070864
0
LINE
8
BLACK
6
CONTINUOUS
10
3.7006749999999999
20
-9.0490735433070864
11
3.7007754724409447
21
-9.0492239370078735
0
LINE
8
BLACK
6
CONTINUOUS
10
3.7007754724409447
20
-9.0492239370078735
11
3.7007754724409447
21
-9.0492862204724407
0
LINE
8
BLACK
6
CONTINUOUS
10
3.7007754724409447
20
-9.0492862204724407
11
3.7008437795275588
21
-9.049430826771653
0
LINE
8
BLACK
6
CONTINUOUS
10
3.7008437795275588
20
-9.049430826771653
11
3.7017811417322832
21
-9.0531803543307081
0
LINE
8
BLACK
6
CONTINUOUS
10
3.7017811417322832
20
-9.0531803543307081
11
3.7017899212598424
21
-9.0533609055118109
0
LINE
8
BLACK
6
CONTINUOUS
10
3.7017899212598424
20
-9.0533609055118109
11
3.7018252362204724
21
-9.0535384251968498
0
LINE
8
BLACK
6
CONTINUOUS
10
3.7018252362204724
20
-9.0535384251968498
11
3.7018252362204724
21
-9.0601000787401578
0
LINE
8
BLACK
6
CONTINUOUS
10
3.7018252362204724
20
-9.0601000787401578
11
3.7017899212598424
21
-9.0602775590551179
0
LINE
8
BLACK
6
CONTINUOUS
10
3.7017899212598424
20
-9.0602775590551179
11
3.7017811417322832
21
-9.0604581496062995
0
LINE
8
BLACK
6
CONTINUOUS
10
3.7017811417322832
20
-9.0604581496062995
11
3.7008437795275588
21
-9.0642076771653546
0
LINE
8
BLACK
6
CONTINUOUS
10
3.7008437795275588
20
-9.0642076771653546
11
3.7007754724409447
21
-9.0643522440944881
0
LINE
8
BLACK
6
CONTINUOUS
10
3.7007754724409447
20
-9.0643522440944881
11
3.7007754724409447
21
-9.0644145669291341
0
LINE
8
BLACK
6
CONTINUOUS
10
3.7007754724409447
20
-9.0644145669291341
11
3.7006749606299212
21
-9.0645649606299212
0
LINE
8
BLACK
6
CONTINUOUS
10
3.7006749606299212
20
-9.0645649606299212
11
3.7005977165354329
21
-9.064728543307087
0
LINE
8
BLACK
6
CONTINUOUS
10
3.7005977165354329
20
-9.064728543307087
11
3.7005442913385824
21
-9.064760590551181
0
LINE
8
BLACK
6
CONTINUOUS
10
3.7005442913385824
20
-9.064760590551181
11
3.7004554724409449
21
-9.0648935433070861
0
LINE
8
BLACK
6
CONTINUOUS
10
3.7004554724409449
20
-9.0648935433070861
11
3.6985807086614173
21
-9.0667683464566924
0
LINE
8
BLACK
6
CONTINUOUS
10
3.6985807086614173
20
-9.0667683464566924
11
3.6983839370078737
21
-9.0668998031496066
0
LINE
8
BLACK
6
CONTINUOUS
10
3.6983839370078737
20
-9.0668998031496066
11
3.6981969685039369
21
-9.0670449212598427
0
LINE
8
BLACK
6
CONTINUOUS
10
3.6981969685039369
20
-9.0670449212598427
11
3.6963222047244093
21
-9.0679822834645663
0
LINE
8
BLACK
6
CONTINUOUS
10
3.6963222047244093
20
-9.0679822834645663
11
3.6962509055118109
21
-9.0680017716535435
0
LINE
8
BLACK
6
CONTINUOUS
10
3.6962509055118109
20
-9.0680017716535435
11
3.6962269685039368
21
-9.068025748031495
0
LINE
8
BLACK
6
CONTINUOUS
10
3.6962269685039368
20
-9.068025748031495
11
3.6959946062992124
21
-9.0680719291338576
0
LINE
8
BLACK
6
CONTINUOUS
10
3.6959946062992124
20
-9.0680719291338576
11
3.6957665748031494
21
-9.0681344094488185
0
LINE
8
BLACK
6
CONTINUOUS
10
3.6957665748031494
20
-9.0681344094488185
11
3.6957344881889762
21
-9.0681237007874014
0
LINE
8
BLACK
6
CONTINUOUS
10
3.6957344881889762
20
-9.0681237007874014
11
3.6956619685039369
21
-9.0681381496062983
0
LINE
8
BLACK
6
CONTINUOUS
10
3.6956619685039369
20
-9.0681381496062983
11
3.6919124409448818
21
-9.0681381496062983
0
LINE
8
BLACK
6
CONTINUOUS
10
3.6919124409448818
20
-9.0681381496062983
11
3.691839842519685
21
-9.0681237007874014
0
LINE
8
BLACK
6
CONTINUOUS
10
3.691839842519685
20
-9.0681237007874014
11
3.6918077952755906
21
-9.0681344094488185
0
LINE
8
BLACK
6
CONTINUOUS
10
3.6918077952755906
20
-9.0681344094488185
11
3.6915796062992126
21
-9.0680719291338576
0
LINE
8
BLACK
6
CONTINUOUS
10
3.6915796062992126
20
-9.0680719291338576
11
3.6913474409448819
21
-9.068025748031495
0
LINE
8
BLACK
6
CONTINUOUS
10
3.6913474409448819
20
-9.068025748031495
11
3.6913235039370078
21
-9.0680018110236222
0
LINE
8
BLACK
6
CONTINUOUS
10
3.6913235039370078
20
-9.0680018110236222
11
3.6912521653543306
21
-9.0679822834645663
0
LINE
8
BLACK
6
CONTINUOUS
10
3.6912521653543306
20
-9.0679822834645663
11
3.6903291732283465
21
-9.0675207874015751
0
LINE
8
BLACK
6
CONTINUOUS
10
3.6903291732283465
20
-9.0675207874015751
11
3.6892068897637795
21
-9.0686431496062987
0
LINE
8
BLACK
6
CONTINUOUS
10
3.6892068897637795
20
-9.0686431496062987
11
3.6890098818897639
21
-9.0687747244094492
0
LINE
8
BLACK
6
CONTINUOUS
10
3.6890098818897639
20
-9.0687747244094492
11
3.6888231496062991
21
-9.0689196850393703
0
LINE
8
BLACK
6
CONTINUOUS
10
3.6888231496062991
20
-9.0689196850393703
11
3.6869483858267715
21
-9.0698570472440938
0
LINE
8
BLACK
6
CONTINUOUS
10
3.6869483858267715
20
-9.0698570472440938
11
3.6863927559055116
21
-9.0700091732283461
0
LINE
8
BLACK
6
CONTINUOUS
10
3.6863927559055116
20
-9.0700091732283461
11
3.6853208267716533
21
-9.0696518503937007
0
LINE
8
BLACK
6
CONTINUOUS
10
3.6853208267716533
20
-9.0696518503937007
11
3.6848155118110237
21
-9.0686411417322841
0
LINE
8
BLACK
6
CONTINUOUS
10
3.6848155118110237
20
-9.0686411417322841
11
3.6851728346456691
21
-9.0675692125984249
0
LINE
8
BLACK
6
CONTINUOUS
10
3.6851728346456691
20
-9.0675692125984249
11
3.6856279133858267
21
-9.0672160236220467
0
LINE
8
BLACK
6
CONTINUOUS
10
3.6856279133858267
20
-9.0672160236220467
11
3.687288307086614
21
-9.0663857874015754
0
LINE
8
BLACK
6
CONTINUOUS
10
3.687288307086614
20
-9.0663857874015754
11
3.6879497637795273
21
-9.0657243700787404
0
LINE
8
BLACK
6
CONTINUOUS
10
3.6879497637795273
20
-9.0657243700787404
11
3.6871189370078739
21
-9.0648935433070861
0
LINE
8
BLACK
6
CONTINUOUS
10
3.6871189370078739
20
-9.0648935433070861
11
3.6870300787401575
21
-9.0647605511811022
0
LINE
8
BLACK
6
CONTINUOUS
10
3.6870300787401575
20
-9.0647605511811022
11
3.6869766929133858
21
-9.064728543307087
0
LINE
8
BLACK
6
CONTINUOUS
10
3.6869766929133858
20
-9.064728543307087
11
3.6868994488188975
21
-9.0645650787401575
0
LINE
8
BLACK
6
CONTINUOUS
10
3.6868994488188975
20
-9.0645650787401575
11
3.6867988976377952
21
-9.0644145669291341
0
LINE
8
BLACK
6
CONTINUOUS
10
3.6867988976377952
20
-9.0644145669291341
11
3.6867988976377952
21
-9.0643521653543306
0
LINE
8
BLACK
6
CONTINUOUS
10
3.6867988976377952
20
-9.0643521653543306
11
3.6867306299212599
21
-9.0642076771653546
0
LINE
8
BLACK
6
CONTINUOUS
10
3.6867306299212599
20
-9.0642076771653546
11
3.6857932283464567
21
-9.0604581496062995
0
LINE
8
BLACK
6
CONTINUOUS
10
3.6857932283464567
20
-9.0604581496062995
11
3.6857844094488188
21
-9.0602775590551179
0
LINE
8
BLACK
6
CONTINUOUS
10
3.6857844094488188
20
-9.0602775590551179
11
3.6857491338582675
21
-9.0601000787401578
0
LINE
8
BLACK
6
CONTINUOUS
10
3.6857491338582675
20
-9.0601000787401578
11
3.6857491338582675
21
-9.0535384251968498
0
LINE
8
BLACK
6
CONTINUOUS
10
3.6857491338582675
20
-9.0535384251968498
11
3.6857844094488188
21
-9.0533609055118109
0
LINE
8
BLACK
6
CONTINUOUS
10
3.6857844094488188
20
-9.0533609055118109
11
3.6857932283464567
21
-9.0531803543307081
0
LINE
8
BLACK
6
CONTINUOUS
10
3.6857932283464567
20
-9.0531803543307081
11
3.6867306299212599
21
-9.049430826771653
0
LINE
8
BLACK
6
CONTINUOUS
10
3.6867306299212599
20
-9.049430826771653
11
3.686798937007874
21
-9.0492862204724407
0
LINE
8
BLACK
6
CONTINUOUS
10
3.686798937007874
20
-9.0492862204724407
11
3.686798937007874
21
-9.0492239370078735
0
LINE
8
BLACK
6
CONTINUOUS
10
3.686798937007874
20
-9.0492239370078735
11
3.6868994094488188
21
-9.0490734645669288
0
LINE
8
BLACK
6
CONTINUOUS
10
3.6868994094488188
20
-9.0490734645669288
11
3.6869766929133858
21
-9.0489099606299206
0
LINE
8
BLACK
6
CONTINUOUS
10
3.6869766929133858
20
-9.0489099606299206
11
3.6870300787401575
21
-9.0488779133858266
0
LINE
8
BLACK
6
CONTINUOUS
10
3.6870300787401575
20
-9.0488779133858266
11
3.6871189370078739
21
-9.0487449212598428
0
LINE
8
BLACK
6
CONTINUOUS
10
3.6871189370078739
20
-9.0487449212598428
11
3.6889937007874014
21
-9.046870196850394
0
LINE
8
BLACK
6
CONTINUOUS
10
3.6889937007874014
20
-9.046870196850394
11
3.68919031496063
21
-9.0467388188976372
0
LINE
8
BLACK
6
CONTINUOUS
10
3.68919031496063
20
-9.0467388188976372
11
3.6893774015748031
21
-9.0465936220472436
0
LINE
8
BLACK
6
CONTINUOUS
10
3.6893774015748031
20
-9.0465936220472436
11
3.6912521653543306
21
-9.0456562204724413
0
LINE
8
BLACK
6
CONTINUOUS
10
3.6912521653543306
20
-9.0456562204724413
11
3.6913235039370078
21
-9.0456366535433066
0
LINE
8
BLACK
6
CONTINUOUS
10
3.6913235039370078
20
-9.0456366535433066
11
3.6913474409448819
21
-9.0456127559055108
0
LINE
8
BLACK
6
CONTINUOUS
10
3.6913474409448819
20
-9.0456127559055108
11
3.6915796062992126
21
-9.0455665354330712
0
LINE
8
BLACK
6
CONTINUOUS
10
3.6915796062992126
20
-9.0455665354330712
11
3.6918077952755906
21
-9.045504094488189
0
LINE
8
BLACK
6
CONTINUOUS
10
3.6918077952755906
20
-9.045504094488189
11
3.6918398818897638
21
-9.0455147637795275
0
LINE
8
BLACK
6
CONTINUOUS
10
3.6918398818897638
20
-9.0455147637795275
11
3.6919124409448818
21
-9.0455003543307093
0
LINE
8
BLACK
6
CONTINUOUS
10
3.6919124409448818
20
-9.0455003543307093
11
3.6956619685039369
21
-9.0455003543307093
0
LINE
8
BLACK
6
CONTINUOUS
10
3.6956619685039369
20
-9.0455003543307093
11
3.6957344881889762
21
-9.0455147637795275
0
LINE
8
BLACK
6
CONTINUOUS
10
3.6909122047244094
20
-9.0491274803149597
11
3.6894959842519683
21
-9.0505437401574795
0
LINE
8
BLACK
6
CONTINUOUS
10
3.6894959842519683
20
-9.0505437401574795
11
3.6887018897637796
21
-9.0537201181102365
0
LINE
8
BLACK
6
CONTINUOUS
10
3.6887018897637796
20
-9.0537201181102365
11
3.6887018897637796
21
-9.0599183464566924
0
LINE
8
BLACK
6
CONTINUOUS
10
3.6887018897637796
20
-9.0599183464566924
11
3.6894959842519683
21
-9.0630947637795281
0
LINE
8
BLACK
6
CONTINUOUS
10
3.6894959842519683
20
-9.0630947637795281
11
3.6900376771653542
21
-9.0636364566929135
0
LINE
8
BLACK
6
CONTINUOUS
10
3.6900376771653542
20
-9.0636364566929135
11
3.6918058267716534
21
-9.0618683070866144
0
LINE
8
BLACK
6
CONTINUOUS
10
3.6918058267716534
20
-9.0618683070866144
11
3.6920024409448819
21
-9.0617369291338576
0
LINE
8
BLACK
6
CONTINUOUS
10
3.6920024409448819
20
-9.0617369291338576
11
3.6921895275590551
21
-9.061591732283464
0
LINE
8
BLACK
6
CONTINUOUS
10
3.6921895275590551
20
-9.061591732283464
11
3.6940642913385826
21
-9.0606543307086618
0
LINE
8
BLACK
6
CONTINUOUS
10
3.6940642913385826
20
-9.0606543307086618
11
3.6941356299212598
21
-9.060634763779527
0
LINE
8
BLACK
6
CONTINUOUS
10
3.6941356299212598
20
-9.060634763779527
11
3.6941595669291338
21
-9.0606108661417313
0
LINE
8
BLACK
6
CONTINUOUS
10
3.6941595669291338
20
-9.0606108661417313
11
3.6943917322834645
21
-9.0605646456692917
0
LINE
8
BLACK
6
CONTINUOUS
10
3.6943917322834645
20
-9.0605646456692917
11
3.6946199212598425
21
-9.0605022047244095
0
LINE
8
BLACK
6
CONTINUOUS
10
3.6946199212598425
20
-9.0605022047244095
11
3.6946520078740157
21
-9.0605128740157479
0
LINE
8
BLACK
6
CONTINUOUS
10
3.6946520078740157
20
-9.0605128740157479
11
3.6947245669291338
21
-9.0604984645669298
0
LINE
8
BLACK
6
CONTINUOUS
10
3.6947245669291338
20
-9.0604984645669298
11
3.6965993307086613
21
-9.0604984645669298
0
LINE
8
BLACK
6
CONTINUOUS
10
3.6965993307086613
20
-9.0604984645669298
11
3.6971643307086612
21
-9.0606108661417313
0
LINE
8
BLACK
6
CONTINUOUS
10
3.6971643307086612
20
-9.0606108661417313
11
3.697963307086614
21
-9.0614098425196854
0
LINE
8
BLACK
6
CONTINUOUS
10
3.697963307086614
20
-9.0614098425196854
11
3.697963307086614
21
-9.0625398425196853
0
LINE
8
BLACK
6
CONTINUOUS
10
3.697963307086614
20
-9.0625398425196853
11
3.6971643307086612
21
-9.0633388188976376
0
LINE
8
BLACK
6
CONTINUOUS
10
3.6971643307086612
20
-9.0633388188976376
11
3.6965993307086613
21
-9.0634512204724409
0
LINE
8
BLACK
6
CONTINUOUS
10
3.6965993307086613
20
-9.0634512204724409
11
3.6950731102362204
21
-9.0634512204724409
0
LINE
8
BLACK
6
CONTINUOUS
10
3.6950731102362204
20
-9.0634512204724409
11
3.6937243307086614
21
-9.0641255905511802
0
LINE
8
BLACK
6
CONTINUOUS
10
3.6937243307086614
20
-9.0641255905511802
11
3.6926645669291336
21
-9.0651853937007871
0
LINE
8
BLACK
6
CONTINUOUS
10
3.6926645669291336
20
-9.0651853937007871
11
3.695313464566929
21
-9.0651853937007871
0
LINE
8
BLACK
6
CONTINUOUS
10
3.695313464566929
20
-9.0651853937007871
11
3.6966621653543306
21
-9.0645110236220479
0
LINE
8
BLACK
6
CONTINUOUS
10
3.6966621653543306
20
-9.0645110236220479
11
3.6980783858267716
21
-9.0630947637795281
0
LINE
8
BLACK
6
CONTINUOUS
10
3.6980783858267716
20
-9.0630947637795281
11
3.6988724803149604
21
-9.0599183858267711
0
LINE
8
BLACK
6
CONTINUOUS
10
3.6988724803149604
20
-9.0599183858267711
11
3.6988724803149604
21
-9.0537200787401577
0
LINE
8
BLACK
6
CONTINUOUS
10
3.6988724803149604
20
-9.0537200787401577
11
3.6980783858267716
21
-9.0505437007874008
0
LINE
8
BLACK
6
CONTINUOUS
10
3.6980783858267716
20
-9.0505437007874008
11
3.6966621259842518
21
-9.049127440944881
0
LINE
8
BLACK
6
CONTINUOUS
10
3.6966621259842518
20
-9.049127440944881
11
3.6953134251968502
21
-9.0484531102362205
0
LINE
8
BLACK
6
CONTINUOUS
10
3.6953134251968502
20
-9.0484531102362205
11
3.6922609842519685
21
-9.0484531102362205
0
LINE
8
BLACK
6
CONTINUOUS
10
3.6922609842519685
20
-9.0484531102362205
11
3.6909122047244094
21
-9.0491274803149597
0
LINE
8
BLACK
6
CONTINUOUS
10
3.6769868110236219
20
-9.0455147637795275
11
3.6770189370078739
21
-9.045504094488189
0
LINE
8
BLACK
6
CONTINUOUS
10
3.6770189370078739
20
-9.045504094488189
11
3.6772470866141731
21
-9.0455665354330712
0
LINE
8
BLACK
6
CONTINUOUS
10
3.6772470866141731
20
-9.0455665354330712
11
3.6774792913385825
21
-9.0456127559055108
0
LINE
8
BLACK
6
CONTINUOUS
10
3.6774792913385825
20
-9.0456127559055108
11
3.6775031889763778
21
-9.0456366535433066
0
LINE
8
BLACK
6
CONTINUOUS
10
3.6775031889763778
20
-9.0456366535433066
11
3.6775745669291338
21
-9.0456562204724413
0
LINE
8
BLACK
6
CONTINUOUS
10
3.6775745669291338
20
-9.0456562204724413
11
3.6794493307086613
21
-9.0465936220472436
0
LINE
8
BLACK
6
CONTINUOUS
10
3.6794493307086613
20
-9.0465936220472436
11
3.6796361811023619
21
-9.0467386220472434
0
LINE
8
BLACK
6
CONTINUOUS
10
3.6796361811023619
20
-9.0467386220472434
11
3.679833031496063
21
-9.0468701574803152
0
LINE
8
BLACK
6
CONTINUOUS
10
3.679833031496063
20
-9.0468701574803152
11
3.6807703543307086
21
-9.0478075196850387
0
LINE
8
BLACK
6
CONTINUOUS
10
3.6807703543307086
20
-9.0478075196850387
11
3.6810903937007873
21
-9.0482865354330713
0
LINE
8
BLACK
6
CONTINUOUS
10
3.6810903937007873
20
-9.0482865354330713
11
3.6810903937007873
21
-9.0494164566929136
0
LINE
8
BLACK
6
CONTINUOUS
10
3.6810903937007873
20
-9.0494164566929136
11
3.6802913779527557
21
-9.0502154724409447
0
LINE
8
BLACK
6
CONTINUOUS
10
3.6802913779527557
20
-9.0502154724409447
11
3.6791614566929134
21
-9.0502154724409447
0
LINE
8
BLACK
6
CONTINUOUS
10
3.6791614566929134
20
-9.0502154724409447
11
3.6786824409448817
21
-9.0498954330708656
0
LINE
8
BLACK
6
CONTINUOUS
10
3.6786824409448817
20
-9.0498954330708656
11
3.6779144488188975
21
-9.0491274803149597
0
LINE
8
BLACK
6
CONTINUOUS
10
3.6779144488188975
20
-9.0491274803149597
11
3.6765657480314959
21
-9.0484531102362205
0
LINE
8
BLACK
6
CONTINUOUS
10
3.6765657480314959
20
-9.0484531102362205
11
3.672575905511811
21
-9.0484531102362205
0
LINE
8
BLACK
6
CONTINUOUS
10
3.672575905511811
20
-9.0484531102362205
11
3.6712271259842519
21
-9.0491274803149597
0
LINE
8
BLACK
6
CONTINUOUS
10
3.6712271259842519
20
-9.0491274803149597
11
3.6706285826771654
21
-9.049726062992125
0
LINE
8
BLACK
6
CONTINUOUS
10
3.6706285826771654
20
-9.049726062992125
11
3.6699542125984252
21
-9.0510748031496053
0
LINE
8
BLACK
6
CONTINUOUS
10
3.6699542125984252
20
-9.0510748031496053
11
3.6699542125984252
21
-9.0523613385826778
0
LINE
8
BLACK
6
CONTINUOUS
10
3.6699542125984252
20
-9.0523613385826778
11
3.6707056299212599
21
-9.0546156299212601
0
LINE
8
BLACK
6
CONTINUOUS
10
3.6707056299212599
20
-9.0546156299212601
11
3.6817077952755906
21
-9.0656178346456695
0
LINE
8
BLACK
6
CONTINUOUS
10
3.6817077952755906
20
-9.0656178346456695
11
3.6820278346456692
21
-9.0660968110236215
0
LINE
8
BLACK
6
CONTINUOUS
10
3.6820278346456692
20
-9.0660968110236215
11
3.6820278346456692
21
-9.0672267322834639
0
LINE
8
BLACK
6
CONTINUOUS
10
3.6820278346456692
20
-9.0672267322834639
11
3.6812287795275589
21
-9.0680257874015737
0
LINE
8
BLACK
6
CONTINUOUS
10
3.6812287795275589
20
-9.0680257874015737
11
3.6812286220472439
21
-9.0680257874015737
0
LINE
8
BLACK
6
CONTINUOUS
10
3.6812286220472439
20
-9.0680257874015737
11
3.6806638188976377
21
-9.0681381496062983
0
LINE
8
BLACK
6
CONTINUOUS
10
3.6806638188976377
20
-9.0681381496062983
11
3.6684778346456692
21
-9.0681381496062983
0
LINE
8
BLACK
6
CONTINUOUS
10
3.6684778346456692
20
-9.0681381496062983
11
3.6679128346456693
21
-9.068025748031495
0
LINE
8
BLACK
6
CONTINUOUS
10
3.6679128346456693
20
-9.068025748031495
11
3.6671138582677165
21
-9.0672267716535426
0
LINE
8
BLACK
6
CONTINUOUS
10
3.6671138582677165
20
-9.0672267716535426
11
3.6671138582677165
21
-9.0660967716535428
0
LINE
8
BLACK
6
CONTINUOUS
10
3.6671138582677165
20
-9.0660967716535428
11
3.6679128346456693
21
-9.0652977952755904
0
LINE
8
BLACK
6
CONTINUOUS
10
3.6679128346456693
20
-9.0652977952755904
11
3.6684778346456692
21
-9.0651853937007871
0
LINE
8
BLACK
6
CONTINUOUS
10
3.6684778346456692
20
-9.0651853937007871
11
3.6770995275590552
21
-9.0651853937007871
0
LINE
8
BLACK
6
CONTINUOUS
10
3.6770995275590552
20
-9.0651853937007871
11
3.6683712598425195
21
-9.0564571653543311
0
LINE
8
BLACK
6
CONTINUOUS
10
3.6683712598425195
20
-9.0564571653543311
11
3.6683301181102363
21
-9.0563955905511815
0
LINE
8
BLACK
6
CONTINUOUS
10
3.6683301181102363
20
-9.0563955905511815
11
3.6682999212598424
21
-9.0563805118110228
0
LINE
8
BLACK
6
CONTINUOUS
10
3.6682999212598424
20
-9.0563805118110228
11
3.6681826771653543
21
-9.0561748818897634
0
LINE
8
BLACK
6
CONTINUOUS
10
3.6681826771653543
20
-9.0561748818897634
11
3.6680512598425197
21
-9.0559781496062985
0
LINE
8
BLACK
6
CONTINUOUS
10
3.6680512598425197
20
-9.0559781496062985
11
3.6680512598425197
21
-9.0559443307086607
0
LINE
8
BLACK
6
CONTINUOUS
10
3.6680512598425197
20
-9.0559443307086607
11
3.6680146062992125
21
-9.0558800787401577
0
LINE
8
BLACK
6
CONTINUOUS
10
3.6680146062992125
20
-9.0558800787401577
11
3.6670772047244093
21
-9.0530679133858261
0
LINE
8
BLACK
6
CONTINUOUS
10
3.6670772047244093
20
-9.0530679133858261
11
3.6670475984251967
21
-9.0528330314960623
0
LINE
8
BLACK
6
CONTINUOUS
10
3.6670475984251967
20
-9.0528330314960623
11
3.6670014566929132
21
-9.0526010236220475
0
LINE
8
BLACK
6
CONTINUOUS
10
3.6670014566929132
20
-9.0526010236220475
11
3.6670014566929132
21
-9.05072625984252
0
LINE
8
BLACK
6
CONTINUOUS
10
3.6670014566929132
20
-9.05072625984252
11
3.6670158661417322
21
-9.0506537007874019
0
LINE
8
BLACK
6
CONTINUOUS
10
3.6670158661417322
20
-9.0506537007874019
11
3.6670051968503938
21
-9.0506216141732274
0
LINE
8
BLACK
6
CONTINUOUS
10
3.6670051968503938
20
-9.0506216141732274
11
3.6670676377952756
21
-9.0503934251968499
0
LINE
8
BLACK
6
CONTINUOUS
10
3.6670676377952756
20
-9.0503934251968499
11
3.6671138582677165
21
-9.0501612598425201
0
LINE
8
BLACK
6
CONTINUOUS
10
3.6671138582677165
20
-9.0501612598425201
11
3.6671377559055118
21
-9.0501373228346456
0
LINE
8
BLACK
6
CONTINUOUS
10
3.6671377559055118
20
-9.0501373228346456
11
3.6671573228346457
21
-9.0500659842519688
0
LINE
8
BLACK
6
CONTINUOUS
10
3.6671573228346457
20
-9.0500659842519688
11
3.6680947244094488
21
-9.0481912204724413
0
LINE
8
BLACK
6
CONTINUOUS
10
3.6680947244094488
20
-9.0481912204724413
11
3.6682397244094487
21
-9.0480043307086611
0
LINE
8
BLACK
6
CONTINUOUS
10
3.6682397244094487
20
-9.0480043307086611
11
3.6683712598425195
21
-9.0478075196850387
0
LINE
8
BLACK
6
CONTINUOUS
10
3.6683712598425195
20
-9.0478075196850387
11
3.669308622047244
21
-9.046870196850394
0
LINE
8
BLACK
6
CONTINUOUS
10
3.669308622047244
20
-9.046870196850394
11
3.6695052362204725
21
-9.0467388188976372
0
LINE
8
BLACK
6
CONTINUOUS
10
3.6695052362204725
20
-9.0467388188976372
11
3.6696923228346456
21
-9.0465936220472436
0
LINE
8
BLACK
6
CONTINUOUS
10
3.6696923228346456
20
-9.0465936220472436
11
3.6715670866141732
21
-9.0456562204724413
0
LINE
8
BLACK
6
CONTINUOUS
10
3.6715670866141732
20
-9.0456562204724413
11
3.6716384251968504
21
-9.0456366535433066
0
LINE
8
BLACK
6
CONTINUOUS
10
3.6716384251968504
20
-9.0456366535433066
11
3.6716623622047244
21
-9.0456127559055108
0
LINE
8
BLACK
6
CONTINUOUS
10
3.6716623622047244
20
-9.0456127559055108
11
3.6718945275590551
21
-9.0455665354330712
0
LINE
8
BLACK
6
CONTINUOUS
10
3.6718945275590551
20
-9.0455665354330712
11
3.6721227165354331
21
-9.045504094488189
0
LINE
8
BLACK
6
CONTINUOUS
10
3.6721227165354331
20
-9.045504094488189
11
3.6721548031496063
21
-9.0455147637795275
0
LINE
8
BLACK
6
CONTINUOUS
10
3.6721548031496063
20
-9.0455147637795275
11
3.6722273622047243
21
-9.0455003543307093
0
LINE
8
BLACK
6
CONTINUOUS
10
3.6722273622047243
20
-9.0455003543307093
11
3.6769142913385826
21
-9.0455003543307093
0
LINE
8
BLACK
6
CONTINUOUS
10
3.6769142913385826
20
-9.0455003543307093
11
3.6769868110236219
21
-9.0455147637795275
0
LINE
8
BLACK
6
CONTINUOUS
10
3.6950092125984253
20
-9.0047088976377943
11
3.6960745669291337
21
-9.0057742519685036
0
LINE
8
BLACK
6
CONTINUOUS
10
3.6960745669291337
20
-9.0057742519685036
11
3.6962244094488188
21
-9.006527559055117
0
LINE
8
BLACK
6
CONTINUOUS
10
3.6962244094488188
20
-9.006527559055117
11
3.6962244094488188
21
-9.0281811023622041
0
LINE
8
BLACK
6
CONTINUOUS
10
3.6962244094488188
20
-9.0281811023622041
11
3.7442559055118108
21
-9.0281811023622041
0
LINE
8
BLACK
6
CONTINUOUS
10
3.7442559055118108
20
-9.0281811023622041
11
3.7450092125984251
21
-9.0283309448818887
0
LINE
8
BLACK
6
CONTINUOUS
10
3.7450092125984251
20
-9.0283309448818887
11
3.746074566929134
21
-9.029396299212598
0
LINE
8
BLACK
6
CONTINUOUS
10
3.746074566929134
20
-9.029396299212598
11
3.7462244094488186
21
-9.0301496062992133
0
LINE
8
BLACK
6
CONTINUOUS
10
3.7462244094488186
20
-9.0301496062992133
11
3.7462244094488186
21
-9.0852677165354336
0
LINE
8
BLACK
6
CONTINUOUS
10
3.7462244094488186
20
-9.0852677165354336
11
3.746074566929134
21
-9.0860210236220471
0
LINE
8
BLACK
6
CONTINUOUS
10
3.746074566929134
20
-9.0860210236220471
11
3.7450092125984251
21
-9.0870863779527564
0
LINE
8
BLACK
6
CONTINUOUS
10
3.7450092125984251
20
-9.0870863779527564
11
3.7442559055118108
21
-9.0872362204724411
0
LINE
8
BLACK
6
CONTINUOUS
10
3.7442559055118108
20
-9.0872362204724411
11
3.7336259842519683
21
-9.0872362204724411
0
LINE
8
BLACK
6
CONTINUOUS
10
3.7336259842519683
20
-9.0872362204724411
11
3.7336259842519683
21
-9.1088897637795281
0
LINE
8
BLACK
6
CONTINUOUS
10
3.7336259842519683
20
-9.1088897637795281
11
3.7334761417322833
21
-9.1096430708661416
0
LINE
8
BLACK
6
CONTINUOUS
10
3.7334761417322833
20
-9.1096430708661416
11
3.7324107874015748
21
-9.1107084251968509
0
LINE
8
BLACK
6
CONTINUOUS
10
3.7324107874015748
20
-9.1107084251968509
11
3.7316574803149605
21
-9.1108582677165355
0
LINE
8
BLACK
6
CONTINUOUS
10
3.7316574803149605
20
-9.1108582677165355
11
3.7119724409448818
21
-9.1108582677165355
0
LINE
8
BLACK
6
CONTINUOUS
10
3.7119724409448818
20
-9.1108582677165355
11
3.7112191338582678
21
-9.1107084251968509
0
LINE
8
BLACK
6
CONTINUOUS
10
3.7112191338582678
20
-9.1107084251968509
11
3.710153779527559
21
-9.1096430708661416
0
LINE
8
BLACK
6
CONTINUOUS
10
3.710153779527559
20
-9.1096430708661416
11
3.7100039370078739
21
-9.1088897637795281
0
LINE
8
BLACK
6
CONTINUOUS
10
3.7100039370078739
20
-9.1088897637795281
11
3.7100039370078739
21
-9.0872362204724411
0
LINE
8
BLACK
6
CONTINUOUS
10
3.7100039370078739
20
-9.0872362204724411
11
3.6588228346456693
21
-9.0872362204724411
0
LINE
8
BLACK
6
CONTINUOUS
10
3.6588228346456693
20
-9.0872362204724411
11
3.6588228346456693
21
-9.1088897637795281
0
LINE
8
BLACK
6
CONTINUOUS
10
3.6588228346456693
20
-9.1088897637795281
11
3.6586729921259842
21
-9.1096430708661416
0
LINE
8
BLACK
6
CONTINUOUS
10
3.6586729921259842
20
-9.1096430708661416
11
3.6576076377952753
21
-9.1107084251968509
0
LINE
8
BLACK
6
CONTINUOUS
10
3.6576076377952753
20
-9.1107084251968509
11
3.6568543307086614
21
-9.1108582677165355
0
LINE
8
BLACK
6
CONTINUOUS
10
3.6568543307086614
20
-9.1108582677165355
11
3.6371692913385827
21
-9.1108582677165355
0
LINE
8
BLACK
6
CONTINUOUS
10
3.6371692913385827
20
-9.1108582677165355
11
3.6364159842519683
21
-9.1107084251968509
0
LINE
8
BLACK
6
CONTINUOUS
10
3.6364159842519683
20
-9.1107084251968509
11
3.6353506299212599
21
-9.1096430708661416
0
LINE
8
BLACK
6
CONTINUOUS
10
3.6353506299212599
20
-9.1096430708661416
11
3.6352007874015748
21
-9.1088897637795281
0
LINE
8
BLACK
6
CONTINUOUS
10
3.6352007874015748
20
-9.1088897637795281
11
3.6352007874015748
21
-9.0872362204724411
0
LINE
8
BLACK
6
CONTINUOUS
10
3.6352007874015748
20
-9.0872362204724411
11
3.6253582677165355
21
-9.0872362204724411
0
LINE
8
BLACK
6
CONTINUOUS
10
3.6253582677165355
20
-9.0872362204724411
11
3.6246049606299211
21
-9.0870863779527564
0
LINE
8
BLACK
6
CONTINUOUS
10
3.6246049606299211
20
-9.0870863779527564
11
3.623817559055118
21
-9.0870863779527564
0
LINE
8
BLACK
6
CONTINUOUS
10
3.623817559055118
20
-9.0870863779527564
11
3.6227522047244092
21
-9.0860210236220471
0
LINE
8
BLACK
6
CONTINUOUS
10
3.6227522047244092
20
-9.0860210236220471
11
3.6226023622047245
21
-9.0852677165354336
0
LINE
8
BLACK
6
CONTINUOUS
10
3.6226023622047245
20
-9.0852677165354336
11
3.6226023622047245
21
-9.0301496062992133
0
LINE
8
BLACK
6
CONTINUOUS
10
3.6226023622047245
20
-9.0301496062992133
11
3.6227522047244092
21
-9.029396299212598
0
LINE
8
BLACK
6
CONTINUOUS
10
3.6227522047244092
20
-9.029396299212598
11
3.623817559055118
21
-9.0283309448818887
0
LINE
8
BLACK
6
CONTINUOUS
10
3.623817559055118
20
-9.0283309448818887
11
3.6245708661417324
21
-9.0281811023622041
0
LINE
8
BLACK
6
CONTINUOUS
10
3.6245708661417324
20
-9.0281811023622041
11
3.6726023622047244
21
-9.0281811023622041
0
LINE
8
BLACK
6
CONTINUOUS
10
3.6726023622047244
20
-9.0281811023622041
11
3.6726023622047244
21
-9.006527559055117
0
LINE
8
BLACK
6
CONTINUOUS
10
3.6726023622047244
20
-9.006527559055117
11
3.6727522047244094
21
-9.0057742519685036
0
LINE
8
BLACK
6
CONTINUOUS
10
3.6727522047244094
20
-9.0057742519685036
11
3.6738175590551179
21
-9.0047088976377943
0
LINE
8
BLACK
6
CONTINUOUS
10
3.6738175590551179
20
-9.0047088976377943
11
3.6745708661417322
21
-9.0045590551181096
0
LINE
8
BLACK
6
CONTINUOUS
10
3.6745708661417322
20
-9.0045590551181096
11
3.6942559055118109
21
-9.0045590551181096
0
LINE
8
BLACK
6
CONTINUOUS
10
3.6942559055118109
20
-9.0045590551181096
11
3.6950092125984253
21
-9.0047088976377943
0
LINE
8
BLACK
6
CONTINUOUS
10
3.7139409448818896
20
-9.0872362204724411
11
3.7139409448818896
21
-9.1069212598425189
0
LINE
8
BLACK
6
CONTINUOUS
10
3.7139409448818896
20
-9.1069212598425189
11
3.7296889763779526
21
-9.1069212598425189
0
LINE
8
BLACK
6
CONTINUOUS
10
3.7296889763779526
20
-9.1069212598425189
11
3.7296889763779526
21
-9.0872362204724411
0
LINE
8
BLACK
6
CONTINUOUS
10
3.7296889763779526
20
-9.0872362204724411
11
3.7139409448818896
21
-9.0872362204724411
0
LINE
8
BLACK
6
CONTINUOUS
10
3.6391377952755906
20
-9.0872362204724411
11
3.6391377952755906
21
-9.1069212598425189
0
LINE
8
BLACK
6
CONTINUOUS
10
3.6391377952755906
20
-9.1069212598425189
11
3.6548858267716535
21
-9.1069212598425189
0
LINE
8
BLACK
6
CONTINUOUS
10
3.6548858267716535
20
-9.1069212598425189
11
3.6548858267716535
21
-9.0872362204724411
0
LINE
8
BLACK
6
CONTINUOUS
10
3.6548858267716535
20
-9.0872362204724411
11
3.6391377952755906
21
-9.0872362204724411
0
LINE
8
BLACK
6
CONTINUOUS
10
3.6265393700787403
20
-9.0321181102362207
11
3.6265393700787403
21
-9.0832992125984244
0
LINE
8
BLACK
6
CONTINUOUS
10
3.6265393700787403
20
-9.0832992125984244
11
3.7422874015748029
21
-9.0832992125984244
0
LINE
8
BLACK
6
CONTINUOUS
10
3.7422874015748029
20
-9.0832992125984244
11
3.7422874015748029
21
-9.0321181102362207
0
LINE
8
BLACK
6
CONTINUOUS
10
3.7422874015748029
20
-9.0321181102362207
11
3.6265393700787403
21
-9.0321181102362207
0
LINE
8
BLACK
6
CONTINUOUS
10
3.6765393700787401
20
-9.0084960629921262
11
3.6765393700787401
21
-9.0281811023622041
0
LINE
8
BLACK
6
CONTINUOUS
10
3.6765393700787401
20
-9.0281811023622041
11
3.6922874015748031
21
-9.0281811023622041
0
LINE
8
BLACK
6
CONTINUOUS
10
3.6922874015748031
20
-9.0281811023622041
11
3.6922874015748031
21
-9.0084960629921262
0
LINE
8
BLACK
6
CONTINUOUS
10
3.6922874015748031
20
-9.0084960629921262
11
3.6765393700787401
21
-9.0084960629921262
0
LINE
8
BLACK
6
CONTINUOUS
10
3.8748683464566929
20
-9.0455147637795275
11
3.8749004724409448
21
-9.045504094488189
0
LINE
8
BLACK
6
CONTINUOUS
10
3.8749004724409448
20
-9.045504094488189
11
3.8751286220472441
21
-9.0455665354330712
0
LINE
8
BLACK
6
CONTINUOUS
10
3.8751286220472441
20
-9.0455665354330712
11
3.8753608267716535
21
-9.0456127559055108
0
LINE
8
BLACK
6
CONTINUOUS
10
3.8753608267716535
20
-9.0456127559055108
11
3.8753847244094488
21
-9.0456366535433066
0
LINE
8
BLACK
6
CONTINUOUS
10
3.8753847244094488
20
-9.0456366535433066
11
3.8754561023622047
21
-9.0456562204724413
0
LINE
8
BLACK
6
CONTINUOUS
10
3.8754561023622047
20
-9.0456562204724413
11
3.8773308661417323
21
-9.0465936220472436
0
LINE
8
BLACK
6
CONTINUOUS
10
3.8773308661417323
20
-9.0465936220472436
11
3.8775177165354329
21
-9.0467386220472434
0
LINE
8
BLACK
6
CONTINUOUS
10
3.8775177165354329
20
-9.0467386220472434
11
3.877714566929134
21
-9.0468701574803152
0
LINE
8
BLACK
6
CONTINUOUS
10
3.877714566929134
20
-9.0468701574803152
11
3.8795892913385828
21
-9.0487449212598428
0
LINE
8
BLACK
6
CONTINUOUS
10
3.8795892913385828
20
-9.0487449212598428
11
3.8796781102362203
21
-9.0488778740157478
0
LINE
8
BLACK
6
CONTINUOUS
10
3.8796781102362203
20
-9.0488778740157478
11
3.8797315748031496
21
-9.0489099606299206
0
LINE
8
BLACK
6
CONTINUOUS
10
3.8797315748031496
20
-9.0489099606299206
11
3.8798088582677166
21
-9.0490735433070864
0
LINE
8
BLACK
6
CONTINUOUS
10
3.8798088582677166
20
-9.0490735433070864
11
3.8799093307086614
21
-9.0492239370078735
0
LINE
8
BLACK
6
CONTINUOUS
10
3.8799093307086614
20
-9.0492239370078735
11
3.8799093307086614
21
-9.0492862204724407
0
LINE
8
BLACK
6
CONTINUOUS
10
3.8799093307086614
20
-9.0492862204724407
11
3.8799776377952755
21
-9.049430826771653
0
LINE
8
BLACK
6
CONTINUOUS
10
3.8799776377952755
20
-9.049430826771653
11
3.8809149999999999
21
-9.0531803543307081
0
LINE
8
BLACK
6
CONTINUOUS
10
3.8809149999999999
20
-9.0531803543307081
11
3.8809237795275591
21
-9.0533609055118109
0
LINE
8
BLACK
6
CONTINUOUS
10
3.8809237795275591
20
-9.0533609055118109
11
3.8809590944881891
21
-9.0535384251968498
0
LINE
8
BLACK
6
CONTINUOUS
10
3.8809590944881891
20
-9.0535384251968498
11
3.8809590944881891
21
-9.0601000787401578
0
LINE
8
BLACK
6
CONTINUOUS
10
3.8809590944881891
20
-9.0601000787401578
11
3.8809237795275591
21
-9.0602775590551179
0
LINE
8
BLACK
6
CONTINUOUS
10
3.8809237795275591
20
-9.0602775590551179
11
3.8809149999999999
21
-9.0604581496062995
0
LINE
8
BLACK
6
CONTINUOUS
10
3.8809149999999999
20
-9.0604581496062995
11
3.8799776377952755
21
-9.0642076771653546
0
LINE
8
BLACK
6
CONTINUOUS
10
3.8799776377952755
20
-9.0642076771653546
11
3.8799093307086614
21
-9.0643522440944881
0
LINE
8
BLACK
6
CONTINUOUS
10
3.8799093307086614
20
-9.0643522440944881
11
3.8799093307086614
21
-9.0644145669291341
0
LINE
8
BLACK
6
CONTINUOUS
10
3.8799093307086614
20
-9.0644145669291341
11
3.8798088188976378
21
-9.0645649606299212
0
LINE
8
BLACK
6
CONTINUOUS
10
3.8798088188976378
20
-9.0645649606299212
11
3.8797315748031496
21
-9.064728543307087
0
LINE
8
BLACK
6
CONTINUOUS
10
3.8797315748031496
20
-9.064728543307087
11
3.8796781496062991
21
-9.064760590551181
0
LINE
8
BLACK
6
CONTINUOUS
10
3.8796781496062991
20
-9.064760590551181
11
3.8795893307086615
21
-9.0648935433070861
0
LINE
8
BLACK
6
CONTINUOUS
10
3.8795893307086615
20
-9.0648935433070861
11
3.877714566929134
21
-9.0667683464566924
0
LINE
8
BLACK
6
CONTINUOUS
10
3.877714566929134
20
-9.0667683464566924
11
3.8775177952755904
21
-9.0668998031496066
0
LINE
8
BLACK
6
CONTINUOUS
10
3.8775177952755904
20
-9.0668998031496066
11
3.8773308267716535
21
-9.0670449212598427
0
LINE
8
BLACK
6
CONTINUOUS
10
3.8773308267716535
20
-9.0670449212598427
11
3.875456062992126
21
-9.0679822834645663
0
LINE
8
BLACK
6
CONTINUOUS
10
3.875456062992126
20
-9.0679822834645663
11
3.8753847637795276
21
-9.0680017716535435
0
LINE
8
BLACK
6
CONTINUOUS
10
3.8753847637795276
20
-9.0680017716535435
11
3.8753608267716535
21
-9.068025748031495
0
LINE
8
BLACK
6
CONTINUOUS
10
3.8753608267716535
20
-9.068025748031495
11
3.8751284645669291
21
-9.0680719291338576
0
LINE
8
BLACK
6
CONTINUOUS
10
3.8751284645669291
20
-9.0680719291338576
11
3.8749004330708661
21
-9.0681344094488185
0
LINE
8
BLACK
6
CONTINUOUS
10
3.8749004330708661
20
-9.0681344094488185
11
3.8748683464566929
21
-9.0681237007874014
0
LINE
8
BLACK
6
CONTINUOUS
10
3.8748683464566929
20
-9.0681237007874014
11
3.8747958267716536
21
-9.0681381496062983
0
LINE
8
BLACK
6
CONTINUOUS
10
3.8747958267716536
20
-9.0681381496062983
11
3.8710462992125985
21
-9.0681381496062983
0
LINE
8
BLACK
6
CONTINUOUS
10
3.8710462992125985
20
-9.0681381496062983
11
3.8709737007874017
21
-9.0681237007874014
0
LINE
8
BLACK
6
CONTINUOUS
10
3.8709737007874017
20
-9.0681237007874014
11
3.8709416535433072
21
-9.0681344094488185
0
LINE
8
BLACK
6
CONTINUOUS
10
3.8709416535433072
20
-9.0681344094488185
11
3.8707134645669292
21
-9.0680719291338576
0
LINE
8
BLACK
6
CONTINUOUS
10
3.8707134645669292
20
-9.0680719291338576
11
3.8704812992125985
21
-9.068025748031495
0
LINE
8
BLACK
6
CONTINUOUS
10
3.8704812992125985
20
-9.068025748031495
11
3.8704573622047245
21
-9.0680018110236222
0
LINE
8
BLACK
6
CONTINUOUS
10
3.8704573622047245
20
-9.0680018110236222
11
3.8703860236220473
21
-9.0679822834645663
0
LINE
8
BLACK
6
CONTINUOUS
10
3.8703860236220473
20
-9.0679822834645663
11
3.8694630314960627
21
-9.0675207874015751
0
LINE
8
BLACK
6
CONTINUOUS
10
3.8694630314960627
20
-9.0675207874015751
11
3.8683407480314962
21
-9.0686431496062987
0
LINE
8
BLACK
6
CONTINUOUS
10
3.8683407480314962
20
-9.0686431496062987
11
3.8681437401574801
21
-9.0687747244094492
0
LINE
8
BLACK
6
CONTINUOUS
10
3.8681437401574801
20
-9.0687747244094492
11
3.8679570078740158
21
-9.0689196850393703
0
LINE
8
BLACK
6
CONTINUOUS
10
3.8679570078740158
20
-9.0689196850393703
11
3.8660822440944882
21
-9.0698570472440938
0
LINE
8
BLACK
6
CONTINUOUS
10
3.8660822440944882
20
-9.0698570472440938
11
3.8655266141732283
21
-9.0700091732283461
0
LINE
8
BLACK
6
CONTINUOUS
10
3.8655266141732283
20
-9.0700091732283461
11
3.86445468503937
21
-9.0696518503937007
0
LINE
8
BLACK
6
CONTINUOUS
10
3.86445468503937
20
-9.0696518503937007
11
3.86394937007874
21
-9.0686411417322841
0
LINE
8
BLACK
6
CONTINUOUS
10
3.86394937007874
20
-9.0686411417322841
11
3.8643066929133858
21
-9.0675692125984249
0
LINE
8
BLACK
6
CONTINUOUS
10
3.8643066929133858
20
-9.0675692125984249
11
3.8647617716535434
21
-9.0672160236220467
0
LINE
8
BLACK
6
CONTINUOUS
10
3.8647617716535434
20
-9.0672160236220467
11
3.8664221653543307
21
-9.0663857874015754
0
LINE
8
BLACK
6
CONTINUOUS
10
3.8664221653543307
20
-9.0663857874015754
11
3.867083622047244
21
-9.0657243700787404
0
LINE
8
BLACK
6
CONTINUOUS
10
3.867083622047244
20
-9.0657243700787404
11
3.8662527952755905
21
-9.0648935433070861
0
LINE
8
BLACK
6
CONTINUOUS
10
3.8662527952755905
20
-9.0648935433070861
11
3.8661639370078738
21
-9.0647605511811022
0
LINE
8
BLACK
6
CONTINUOUS
10
3.8661639370078738
20
-9.0647605511811022
11
3.8661105511811025
21
-9.064728543307087
0
LINE
8
BLACK
6
CONTINUOUS
10
3.8661105511811025
20
-9.064728543307087
11
3.8660333070866142
21
-9.0645650787401575
0
LINE
8
BLACK
6
CONTINUOUS
10
3.8660333070866142
20
-9.0645650787401575
11
3.8659327559055119
21
-9.0644145669291341
0
LINE
8
BLACK
6
CONTINUOUS
10
3.8659327559055119
20
-9.0644145669291341
11
3.8659327559055119
21
-9.0643521653543306
0
LINE
8
BLACK
6
CONTINUOUS
10
3.8659327559055119
20
-9.0643521653543306
11
3.8658644881889761
21
-9.0642076771653546
0
LINE
8
BLACK
6
CONTINUOUS
10
3.8658644881889761
20
-9.0642076771653546
11
3.8649270866141729
21
-9.0604581496062995
0
LINE
8
BLACK
6
CONTINUOUS
10
3.8649270866141729
20
-9.0604581496062995
11
3.8649182677165355
21
-9.0602775590551179
0
LINE
8
BLACK
6
CONTINUOUS
10
3.8649182677165355
20
-9.0602775590551179
11
3.8648829921259842
21
-9.0601000787401578
0
LINE
8
BLACK
6
CONTINUOUS
10
3.8648829921259842
20
-9.0601000787401578
11
3.8648829921259842
21
-9.0535384251968498
0
LINE
8
BLACK
6
CONTINUOUS
10
3.8648829921259842
20
-9.0535384251968498
11
3.8649182677165355
21
-9.0533609055118109
0
LINE
8
BLACK
6
CONTINUOUS
10
3.8649182677165355
20
-9.0533609055118109
11
3.8649270866141729
21
-9.0531803543307081
0
LINE
8
BLACK
6
CONTINUOUS
10
3.8649270866141729
20
-9.0531803543307081
11
3.8658644881889761
21
-9.049430826771653
0
LINE
8
BLACK
6
CONTINUOUS
10
3.8658644881889761
20
-9.049430826771653
11
3.8659327952755906
21
-9.0492862204724407
0
LINE
8
BLACK
6
CONTINUOUS
10
3.8659327952755906
20
-9.0492862204724407
11
3.8659327952755906
21
-9.0492239370078735
0
LINE
8
BLACK
6
CONTINUOUS
10
3.8659327952755906
20
-9.0492239370078735
11
3.8660332677165354
21
-9.0490734645669288
0
LINE
8
BLACK
6
CONTINUOUS
10
3.8660332677165354
20
-9.0490734645669288
11
3.8661105511811025
21
-9.0489099606299206
0
LINE
8
BLACK
6
CONTINUOUS
10
3.8661105511811025
20
-9.0489099606299206
11
3.8661639370078738
21
-9.0488779133858266
0
LINE
8
BLACK
6
CONTINUOUS
10
3.8661639370078738
20
-9.0488779133858266
11
3.8662527952755905
21
-9.0487449212598428
0
LINE
8
BLACK
6
CONTINUOUS
10
3.8662527952755905
20
-9.0487449212598428
11
3.8681275590551181
21
-9.046870196850394
0
LINE
8
BLACK
6
CONTINUOUS
10
3.8681275590551181
20
-9.046870196850394
11
3.8683241732283462
21
-9.0467388188976372
0
LINE
8
BLACK
6
CONTINUOUS
10
3.8683241732283462
20
-9.0467388188976372
11
3.8685112598425198
21
-9.0465936220472436
0
LINE
8
BLACK
6
CONTINUOUS
10
3.8685112598425198
20
-9.0465936220472436
11
3.8703860236220473
21
-9.0456562204724413
0
LINE
8
BLACK
6
CONTINUOUS
10
3.8703860236220473
20
-9.0456562204724413
11
3.8704573622047245
21
-9.0456366535433066
0
LINE
8
BLACK
6
CONTINUOUS
10
3.8704573622047245
20
-9.0456366535433066
11
3.8704812992125985
21
-9.0456127559055108
0
LINE
8
BLACK
6
CONTINUOUS
10
3.8704812992125985
20
-9.0456127559055108
11
3.8707134645669292
21
-9.0455665354330712
0
LINE
8
BLACK
6
CONTINUOUS
10
3.8707134645669292
20
-9.0455665354330712
11
3.8709416535433072
21
-9.045504094488189
0
LINE
8
BLACK
6
CONTINUOUS
10
3.8709416535433072
20
-9.045504094488189
11
3.8709737401574804
21
-9.0455147637795275
0
LINE
8
BLACK
6
CONTINUOUS
10
3.8709737401574804
20
-9.0455147637795275
11
3.8710462992125985
21
-9.0455003543307093
0
LINE
8
BLACK
6
CONTINUOUS
10
3.8710462992125985
20
-9.0455003543307093
11
3.8747958267716536
21
-9.0455003543307093
0
LINE
8
BLACK
6
CONTINUOUS
10
3.8747958267716536
20
-9.0455003543307093
11
3.8748683464566929
21
-9.0455147637795275
0
LINE
8
BLACK
6
CONTINUOUS
10
3.8700460629921261
20
-9.0491274803149597
11
3.868629842519685
21
-9.0505437401574795
0
LINE
8
BLACK
6
CONTINUOUS
10
3.868629842519685
20
-9.0505437401574795
11
3.8678357480314958
21
-9.0537201181102365
0
LINE
8
BLACK
6
CONTINUOUS
10
3.8678357480314958
20
-9.0537201181102365
11
3.8678357480314958
21
-9.0599183464566924
0
LINE
8
BLACK
6
CONTINUOUS
10
3.8678357480314958
20
-9.0599183464566924
11
3.868629842519685
21
-9.0630947637795281
0
LINE
8
BLACK
6
CONTINUOUS
10
3.868629842519685
20
-9.0630947637795281
11
3.8691715354330709
21
-9.0636364566929135
0
LINE
8
BLACK
6
CONTINUOUS
10
3.8691715354330709
20
-9.0636364566929135
11
3.87093968503937
21
-9.0618683070866144
0
LINE
8
BLACK
6
CONTINUOUS
10
3.87093968503937
20
-9.0618683070866144
11
3.8711362992125982
21
-9.0617369291338576
0
LINE
8
BLACK
6
CONTINUOUS
10
3.8711362992125982
20
-9.0617369291338576
11
3.8713233858267717
21
-9.061591732283464
0
LINE
8
BLACK
6
CONTINUOUS
10
3.8713233858267717
20
-9.061591732283464
11
3.8731981496062993
21
-9.0606543307086618
0
LINE
8
BLACK
6
CONTINUOUS
10
3.8731981496062993
20
-9.0606543307086618
11
3.8732694881889764
21
-9.060634763779527
0
LINE
8
BLACK
6
CONTINUOUS
10
3.8732694881889764
20
-9.060634763779527
11
3.8732934251968505
21
-9.0606108661417313
0
LINE
8
BLACK
6
CONTINUOUS
10
3.8732934251968505
20
-9.0606108661417313
11
3.8735255905511812
21
-9.0605646456692917
0
LINE
8
BLACK
6
CONTINUOUS
10
3.8735255905511812
20
-9.0605646456692917
11
3.8737537795275592
21
-9.0605022047244095
0
LINE
8
BLACK
6
CONTINUOUS
10
3.8737537795275592
20
-9.0605022047244095
11
3.8737858661417324
21
-9.0605128740157479
0
LINE
8
BLACK
6
CONTINUOUS
10
3.8737858661417324
20
-9.0605128740157479
11
3.8738584251968504
21
-9.0604984645669298
0
LINE
8
BLACK
6
CONTINUOUS
10
3.8738584251968504
20
-9.0604984645669298
11
3.875733188976378
21
-9.0604984645669298
0
LINE
8
BLACK
6
CONTINUOUS
10
3.875733188976378
20
-9.0604984645669298
11
3.8762981889763779
21
-9.0606108661417313
0
LINE
8
BLACK
6
CONTINUOUS
10
3.8762981889763779
20
-9.0606108661417313
11
3.8770971653543307
21
-9.0614098425196854
0
LINE
8
BLACK
6
CONTINUOUS
10
3.8770971653543307
20
-9.0614098425196854
11
3.8770971653543307
21
-9.0625398425196853
0
LINE
8
BLACK
6
CONTINUOUS
10
3.8770971653543307
20
-9.0625398425196853
11
3.8762981889763779
21
-9.0633388188976376
0
LINE
8
BLACK
6
CONTINUOUS
10
3.8762981889763779
20
-9.0633388188976376
11
3.875733188976378
21
-9.0634512204724409
0
LINE
8
BLACK
6
CONTINUOUS
10
3.875733188976378
20
-9.0634512204724409
11
3.8742069685039371
21
-9.0634512204724409
0
LINE
8
BLACK
6
CONTINUOUS
10
3.8742069685039371
20
-9.0634512204724409
11
3.872858188976378
21
-9.0641255905511802
0
LINE
8
BLACK
6
CONTINUOUS
10
3.872858188976378
20
-9.0641255905511802
11
3.8717984251968502
21
-9.0651853937007871
0
LINE
8
BLACK
6
CONTINUOUS
10
3.8717984251968502
20
-9.0651853937007871
11
3.8744473228346457
21
-9.0651853937007871
0
LINE
8
BLACK
6
CONTINUOUS
10
3.8744473228346457
20
-9.0651853937007871
11
3.8757960236220472
21
-9.0645110236220479
0
LINE
8
BLACK
6
CONTINUOUS
10
3.8757960236220472
20
-9.0645110236220479
11
3.8772122440944883
21
-9.0630947637795281
0
LINE
8
BLACK
6
CONTINUOUS
10
3.8772122440944883
20
-9.0630947637795281
11
3.8780063385826771
21
-9.0599183858267711
0
LINE
8
BLACK
6
CONTINUOUS
10
3.8780063385826771
20
-9.0599183858267711
11
3.8780063385826771
21
-9.0537200787401577
0
LINE
8
BLACK
6
CONTINUOUS
10
3.8780063385826771
20
-9.0537200787401577
11
3.8772122440944883
21
-9.0505437007874008
0
LINE
8
BLACK
6
CONTINUOUS
10
3.8772122440944883
20
-9.0505437007874008
11
3.8757959842519685
21
-9.049127440944881
0
LINE
8
BLACK
6
CONTINUOUS
10
3.8757959842519685
20
-9.049127440944881
11
3.8744472834645669
21
-9.0484531102362205
0
LINE
8
BLACK
6
CONTINUOUS
10
3.8744472834645669
20
-9.0484531102362205
11
3.8713948425196851
21
-9.0484531102362205
0
LINE
8
BLACK
6
CONTINUOUS
10
3.8713948425196851
20
-9.0484531102362205
11
3.8700460629921261
21
-9.0491274803149597
0
LINE
8
BLACK
6
CONTINUOUS
10
3.8533711023622046
20
-9.0456127559055108
11
3.8538009842519685
21
-9.0456127559055108
0
LINE
8
BLACK
6
CONTINUOUS
10
3.8538009842519685
20
-9.0456127559055108
11
3.8539084251968503
21
-9.0457201968503931
0
LINE
8
BLACK
6
CONTINUOUS
10
3.8539084251968503
20
-9.0457201968503931
11
3.8540574803149608
21
-9.0457500393700787
0
LINE
8
BLACK
6
CONTINUOUS
10
3.8540574803149608
20
-9.0457500393700787
11
3.854464409448819
21
-9.0461577952755903
0
LINE
8
BLACK
6
CONTINUOUS
10
3.854464409448819
20
-9.0461577952755903
11
3.8562579921259843
21
-9.0488481889763772
0
LINE
8
BLACK
6
CONTINUOUS
10
3.8562579921259843
20
-9.0488481889763772
11
3.8578600787401576
21
-9.0504502755905509
0
LINE
8
BLACK
6
CONTINUOUS
10
3.8578600787401576
20
-9.0504502755905509
11
3.8595205118110236
21
-9.051280511811024
0
LINE
8
BLACK
6
CONTINUOUS
10
3.8595205118110236
20
-9.051280511811024
11
3.8599755905511812
21
-9.0516337007874021
0
LINE
8
BLACK
6
CONTINUOUS
10
3.8599755905511812
20
-9.0516337007874021
11
3.8603329133858266
21
-9.0527056299212596
0
LINE
8
BLACK
6
CONTINUOUS
10
3.8603329133858266
20
-9.0527056299212596
11
3.8598275590551179
21
-9.0537163385826762
0
LINE
8
BLACK
6
CONTINUOUS
10
3.8598275590551179
20
-9.0537163385826762
11
3.8587556299212595
21
-9.0540736614173234
0
LINE
8
BLACK
6
CONTINUOUS
10
3.8587556299212595
20
-9.0540736614173234
11
3.8582000000000001
21
-9.0539215354330711
0
LINE
8
BLACK
6
CONTINUOUS
10
3.8582000000000001
20
-9.0539215354330711
11
3.8563252755905513
21
-9.0529841732283458
0
LINE
8
BLACK
6
CONTINUOUS
10
3.8563252755905513
20
-9.0529841732283458
11
3.8561382677165352
21
-9.0528390551181097
0
LINE
8
BLACK
6
CONTINUOUS
10
3.8561382677165352
20
-9.0528390551181097
11
3.8559415354330708
21
-9.0527075984251972
0
LINE
8
BLACK
6
CONTINUOUS
10
3.8559415354330708
20
-9.0527075984251972
11
3.8547123622047241
21
-9.0514784251968496
0
LINE
8
BLACK
6
CONTINUOUS
10
3.8547123622047241
20
-9.0514784251968496
11
3.8547123622047241
21
-9.0651853937007871
0
LINE
8
BLACK
6
CONTINUOUS
10
3.8547123622047241
20
-9.0651853937007871
11
3.8588602755905512
21
-9.0651853937007871
0
LINE
8
BLACK
6
CONTINUOUS
10
3.8588602755905512
20
-9.0651853937007871
11
3.8594252755905512
21
-9.0652977952755904
0
LINE
8
BLACK
6
CONTINUOUS
10
3.8594252755905512
20
-9.0652977952755904
11
3.8602242519685039
21
-9.0660967716535428
0
LINE
8
BLACK
6
CONTINUOUS
10
3.8602242519685039
20
-9.0660967716535428
11
3.8602242519685039
21
-9.0672267716535426
0
LINE
8
BLACK
6
CONTINUOUS
10
3.8602242519685039
20
-9.0672267716535426
11
3.8594252755905512
21
-9.068025748031495
0
LINE
8
BLACK
6
CONTINUOUS
10
3.8594252755905512
20
-9.068025748031495
11
3.8588602755905512
21
-9.0681381496062983
0
LINE
8
BLACK
6
CONTINUOUS
10
3.8588602755905512
20
-9.0681381496062983
11
3.8476116929133859
21
-9.0681381496062983
0
LINE
8
BLACK
6
CONTINUOUS
10
3.8476116929133859
20
-9.0681381496062983
11
3.8470466929133855
21
-9.068025748031495
0
LINE
8
BLACK
6
CONTINUOUS
10
3.8470466929133855
20
-9.068025748031495
11
3.8462477165354332
21
-9.0672267716535426
0
LINE
8
BLACK
6
CONTINUOUS
10
3.8462477165354332
20
-9.0672267716535426
11
3.8462477165354332
21
-9.0660967716535428
0
LINE
8
BLACK
6
CONTINUOUS
10
3.8462477165354332
20
-9.0660967716535428
11
3.8470466929133855
21
-9.0652977952755904
0
LINE
8
BLACK
6
CONTINUOUS
10
3.8470466929133855
20
-9.0652977952755904
11
3.8476116929133859
21
-9.0651853937007871
0
LINE
8
BLACK
6
CONTINUOUS
10
3.8476116929133859
20
-9.0651853937007871
11
3.8517596062992125
21
-9.0651853937007871
0
LINE
8
BLACK
6
CONTINUOUS
10
3.8517596062992125
20
-9.0651853937007871
11
3.8517596062992125
21
-9.0469767322834649
0
LINE
8
BLACK
6
CONTINUOUS
10
3.8517596062992125
20
-9.0469767322834649
11
3.8518720078740158
21
-9.046411732283465
0
LINE
8
BLACK
6
CONTINUOUS
10
3.8518720078740158
20
-9.046411732283465
11
3.8519794488188976
21
-9.046304251968504
0
LINE
8
BLACK
6
CONTINUOUS
10
3.8519794488188976
20
-9.046304251968504
11
3.8520092913385824
21
-9.0461552362204714
0
LINE
8
BLACK
6
CONTINUOUS
10
3.8520092913385824
20
-9.0461552362204714
11
3.8523669291338583
21
-9.0459167716535429
0
LINE
8
BLACK
6
CONTINUOUS
10
3.8523669291338583
20
-9.0459167716535429
11
3.8526709842519686
21
-9.0456127559055108
0
LINE
8
BLACK
6
CONTINUOUS
10
3.8526709842519686
20
-9.0456127559055108
11
3.8528229921259842
21
-9.0456127559055108
0
LINE
8
BLACK
6
CONTINUOUS
10
3.8528229921259842
20
-9.0456127559055108
11
3.8529494881889761
21
-9.0455284251968511
0
LINE
8
BLACK
6
CONTINUOUS
10
3.8529494881889761
20
-9.0455284251968511
11
3.8533711023622046
21
-9.0456127559055108
0
LINE
8
BLACK
6
CONTINUOUS
10
3.8741430708661415
20
-9.0047088976377943
11
3.8752084251968504
21
-9.0057742519685036
0
LINE
8
BLACK
6
CONTINUOUS
10
3.8752084251968504
20
-9.0057742519685036
11
3.8753582677165355
21
-9.006527559055117
0
LINE
8
BLACK
6
CONTINUOUS
10
3.8753582677165355
20
-9.006527559055117
11
3.8753582677165355
21
-9.0281811023622041
0
LINE
8
BLACK
6
CONTINUOUS
10
3.8753582677165355
20
-9.0281811023622041
11
3.9233897637795274
21
-9.0281811023622041
0
LINE
8
BLACK
6
CONTINUOUS
10
3.9233897637795274
20
-9.0281811023622041
11
3.9241430708661418
21
-9.0283309448818887
0
LINE
8
BLACK
6
CONTINUOUS
10
3.9241430708661418
20
-9.0283309448818887
11
3.9252084251968502
21
-9.029396299212598
0
LINE
8
BLACK
6
CONTINUOUS
10
3.9252084251968502
20
-9.029396299212598
11
3.9253582677165353
21
-9.0301496062992133
0
LINE
8
BLACK
6
CONTINUOUS
10
3.9253582677165353
20
-9.0301496062992133
11
3.9253582677165353
21
-9.0852677165354336
0
LINE
8
BLACK
6
CONTINUOUS
10
3.9253582677165353
20
-9.0852677165354336
11
3.9252084251968502
21
-9.0860210236220471
0
LINE
8
BLACK
6
CONTINUOUS
10
3.9252084251968502
20
-9.0860210236220471
11
3.9241430708661418
21
-9.0870863779527564
0
LINE
8
BLACK
6
CONTINUOUS
10
3.9241430708661418
20
-9.0870863779527564
11
3.9233897637795274
21
-9.0872362204724411
0
LINE
8
BLACK
6
CONTINUOUS
10
3.9233897637795274
20
-9.0872362204724411
11
3.912759842519685
21
-9.0872362204724411
0
LINE
8
BLACK
6
CONTINUOUS
10
3.912759842519685
20
-9.0872362204724411
11
3.912759842519685
21
-9.1088897637795281
0
LINE
8
BLACK
6
CONTINUOUS
10
3.912759842519685
20
-9.1088897637795281
11
3.9126099999999999
21
-9.1096430708661416
0
LINE
8
BLACK
6
CONTINUOUS
10
3.9126099999999999
20
-9.1096430708661416
11
3.9115446456692911
21
-9.1107084251968509
0
LINE
8
BLACK
6
CONTINUOUS
10
3.9115446456692911
20
-9.1107084251968509
11
3.9107913385826771
21
-9.1108582677165355
0
LINE
8
BLACK
6
CONTINUOUS
10
3.9107913385826771
20
-9.1108582677165355
11
3.8911062992125984
21
-9.1108582677165355
0
LINE
8
BLACK
6
CONTINUOUS
10
3.8911062992125984
20
-9.1108582677165355
11
3.8903529921259841
21
-9.1107084251968509
0
LINE
8
BLACK
6
CONTINUOUS
10
3.8903529921259841
20
-9.1107084251968509
11
3.8892876377952756
21
-9.1096430708661416
0
LINE
8
BLACK
6
CONTINUOUS
10
3.8892876377952756
20
-9.1096430708661416
11
3.8891377952755906
21
-9.1088897637795281
0
LINE
8
BLACK
6
CONTINUOUS
10
3.8891377952755906
20
-9.1088897637795281
11
3.8891377952755906
21
-9.0872362204724411
0
LINE
8
BLACK
6
CONTINUOUS
10
3.8891377952755906
20
-9.0872362204724411
11
3.8379566929133859
21
-9.0872362204724411
0
LINE
8
BLACK
6
CONTINUOUS
10
3.8379566929133859
20
-9.0872362204724411
11
3.8379566929133859
21
-9.1088897637795281
0
LINE
8
BLACK
6
CONTINUOUS
10
3.8379566929133859
20
-9.1088897637795281
11
3.8378068503937008
21
-9.1096430708661416
0
LINE
8
BLACK
6
CONTINUOUS
10
3.8378068503937008
20
-9.1096430708661416
11
3.836741496062992
21
-9.1107084251968509
0
LINE
8
BLACK
6
CONTINUOUS
10
3.836741496062992
20
-9.1107084251968509
11
3.8359881889763781
21
-9.1108582677165355
0
LINE
8
BLACK
6
CONTINUOUS
10
3.8359881889763781
20
-9.1108582677165355
11
3.8163031496062989
21
-9.1108582677165355
0
LINE
8
BLACK
6
CONTINUOUS
10
3.8163031496062989
20
-9.1108582677165355
11
3.815549842519685
21
-9.1107084251968509
0
LINE
8
BLACK
6
CONTINUOUS
10
3.815549842519685
20
-9.1107084251968509
11
3.8144844881889761
21
-9.1096430708661416
0
LINE
8
BLACK
6
CONTINUOUS
10
3.8144844881889761
20
-9.1096430708661416
11
3.814334645669291
21
-9.1088897637795281
0
LINE
8
BLACK
6
CONTINUOUS
10
3.814334645669291
20
-9.1088897637795281
11
3.814334645669291
21
-9.0872362204724411
0
LINE
8
BLACK
6
CONTINUOUS
10
3.814334645669291
20
-9.0872362204724411
11
3.8044921259842517
21
-9.0872362204724411
0
LINE
8
BLACK
6
CONTINUOUS
10
3.8044921259842517
20
-9.0872362204724411
11
3.8037388188976378
21
-9.0870863779527564
0
LINE
8
BLACK
6
CONTINUOUS
10
3.8037388188976378
20
-9.0870863779527564
11
3.8029514173228347
21
-9.0870863779527564
0
LINE
8
BLACK
6
CONTINUOUS
10
3.8029514173228347
20
-9.0870863779527564
11
3.8018860629921258
21
-9.0860210236220471
0
LINE
8
BLACK
6
CONTINUOUS
10
3.8018860629921258
20
-9.0860210236220471
11
3.8017362204724408
21
-9.0852677165354336
0
LINE
8
BLACK
6
CONTINUOUS
10
3.8017362204724408
20
-9.0852677165354336
11
3.8017362204724408
21
-9.0301496062992133
0
LINE
8
BLACK
6
CONTINUOUS
10
3.8017362204724408
20
-9.0301496062992133
11
3.8018860629921258
21
-9.029396299212598
0
LINE
8
BLACK
6
CONTINUOUS
10
3.8018860629921258
20
-9.029396299212598
11
3.8029514173228347
21
-9.0283309448818887
0
LINE
8
BLACK
6
CONTINUOUS
10
3.8029514173228347
20
-9.0283309448818887
11
3.8037047244094486
21
-9.0281811023622041
0
LINE
8
BLACK
6
CONTINUOUS
10
3.8037047244094486
20
-9.0281811023622041
11
3.851736220472441
21
-9.0281811023622041
0
LINE
8
BLACK
6
CONTINUOUS
10
3.851736220472441
20
-9.0281811023622041
11
3.851736220472441
21
-9.006527559055117
0
LINE
8
BLACK
6
CONTINUOUS
10
3.851736220472441
20
-9.006527559055117
11
3.8518860629921261
21
-9.0057742519685036
0
LINE
8
BLACK
6
CONTINUOUS
10
3.8518860629921261
20
-9.0057742519685036
11
3.8529514173228345
21
-9.0047088976377943
0
LINE
8
BLACK
6
CONTINUOUS
10
3.8529514173228345
20
-9.0047088976377943
11
3.8537047244094489
21
-9.0045590551181096
0
LINE
8
BLACK
6
CONTINUOUS
10
3.8537047244094489
20
-9.0045590551181096
11
3.8733897637795276
21
-9.0045590551181096
0
LINE
8
BLACK
6
CONTINUOUS
10
3.8733897637795276
20
-9.0045590551181096
11
3.8741430708661415
21
-9.0047088976377943
0
LINE
8
BLACK
6
CONTINUOUS
10
3.8930748031496063
20
-9.0872362204724411
11
3.8930748031496063
21
-9.1069212598425189
0
LINE
8
BLACK
6
CONTINUOUS
10
3.8930748031496063
20
-9.1069212598425189
11
3.9088228346456693
21
-9.1069212598425189
0
LINE
8
BLACK
6
CONTINUOUS
10
3.9088228346456693
20
-9.1069212598425189
11
3.9088228346456693
21
-9.0872362204724411
0
LINE
8
BLACK
6
CONTINUOUS
10
3.9088228346456693
20
-9.0872362204724411
11
3.8930748031496063
21
-9.0872362204724411
0
LINE
8
BLACK
6
CONTINUOUS
10
3.8182716535433072
20
-9.0872362204724411
11
3.8182716535433072
21
-9.1069212598425189
0
LINE
8
BLACK
6
CONTINUOUS
10
3.8182716535433072
20
-9.1069212598425189
11
3.8340196850393702
21
-9.1069212598425189
0
LINE
8
BLACK
6
CONTINUOUS
10
3.8340196850393702
20
-9.1069212598425189
11
3.8340196850393702
21
-9.0872362204724411
0
LINE
8
BLACK
6
CONTINUOUS
10
3.8340196850393702
20
-9.0872362204724411
11
3.8182716535433072
21
-9.0872362204724411
0
LINE
8
BLACK
6
CONTINUOUS
10
3.8056732283464565
20
-9.0321181102362207
11
3.8056732283464565
21
-9.0832992125984244
0
LINE
8
BLACK
6
CONTINUOUS
10
3.8056732283464565
20
-9.0832992125984244
11
3.9214212598425195
21
-9.0832992125984244
0
LINE
8
BLACK
6
CONTINUOUS
10
3.9214212598425195
20
-9.0832992125984244
11
3.9214212598425195
21
-9.0321181102362207
0
LINE
8
BLACK
6
CONTINUOUS
10
3.9214212598425195
20
-9.0321181102362207
11
3.8056732283464565
21
-9.0321181102362207
0
LINE
8
BLACK
6
CONTINUOUS
10
3.8556732283464568
20
-9.0084960629921262
11
3.8556732283464568
21
-9.0281811023622041
0
LINE
8
BLACK
6
CONTINUOUS
10
3.8556732283464568
20
-9.0281811023622041
11
3.8714212598425197
21
-9.0281811023622041
0
LINE
8
BLACK
6
CONTINUOUS
10
3.8714212598425197
20
-9.0281811023622041
11
3.8714212598425197
21
-9.0084960629921262
0
LINE
8
BLACK
6
CONTINUOUS
10
3.8714212598425197
20
-9.0084960629921262
11
3.8556732283464568
21
-9.0084960629921262
0
LINE
8
BLACK
6
CONTINUOUS
10
11.0285486614173234
20
-8.6085257480314965
11
11.0679187401574808
21
-8.6216490944881894
0
LINE
8
BLACK
6
CONTINUOUS
10
11.0679187401574808
20
-8.6216490944881894
11
11.0684472834645664
21
-8.6218850787401564
0
LINE
8
BLACK
6
CONTINUOUS
10
11.0684472834645664
20
-8.6218850787401564
11
11.0686066141732287
21
-8.6220232677165356
0
LINE
8
BLACK
6
CONTINUOUS
10
11.0686066141732287
20
-8.6220232677165356
11
11.0687953543307085
21
-8.6221176377952755
0
LINE
8
BLACK
6
CONTINUOUS
10
11.0687953543307085
20
-8.6221176377952755
11
11.0690380314960635
21
-8.6223974409448818
0
LINE
8
BLACK
6
CONTINUOUS
10
11.0690380314960635
20
-8.6223974409448818
11
11.069317637795276
21
-8.6226399606299218
0
LINE
8
BLACK
6
CONTINUOUS
10
11.069317637795276
20
-8.6226399606299218
11
11.0694119291338584
21
-8.6228285826771653
0
LINE
8
BLACK
6
CONTINUOUS
10
11.0694119291338584
20
-8.6228285826771653
11
11.0695502362204721
21
-8.6229880314960621
0
LINE
8
BLACK
6
CONTINUOUS
10
11.0695502362204721
20
-8.6229880314960621
11
11.0696673228346452
21
-8.6233392913385831
0
LINE
8
BLACK
6
CONTINUOUS
10
11.0696673228346452
20
-8.6233392913385831
11
11.0698328740157486
21
-8.6236703937007864
0
LINE
8
BLACK
6
CONTINUOUS
10
11.0698328740157486
20
-8.6236703937007864
11
11.0698477952755905
21
-8.6238807874015748
0
LINE
8
BLACK
6
CONTINUOUS
10
11.0698477952755905
20
-8.6238807874015748
11
11.0699145669291337
21
-8.6240810236220469
0
LINE
8
BLACK
6
CONTINUOUS
10
11.0699145669291337
20
-8.6240810236220469
11
11.0698883070866145
21
-8.6244503149606295
0
LINE
8
BLACK
6
CONTINUOUS
10
11.0698883070866145
20
-8.6244503149606295
11
11.0699145669291337
21
-8.6248196062992122
0
LINE
8
BLACK
6
CONTINUOUS
10
11.0699145669291337
20
-8.6248196062992122
11
11.0698477952755905
21
-8.6250198031496055
0
LINE
8
BLACK
6
CONTINUOUS
10
11.0698477952755905
20
-8.6250198031496055
11
11.0698328740157486
21
-8.6252302362204727
0
LINE
8
BLACK
6
CONTINUOUS
10
11.0698328740157486
20
-8.6252302362204727
11
11.0696673228346452
21
-8.625561299212599
0
LINE
8
BLACK
6
CONTINUOUS
10
11.0696673228346452
20
-8.625561299212599
11
11.0695502362204721
21
-8.625912598425197
0
LINE
8
BLACK
6
CONTINUOUS
10
11.0695502362204721
20
-8.625912598425197
11
11.0694119291338584
21
-8.626072007874015
0
LINE
8
BLACK
6
CONTINUOUS
10
11.0694119291338584
20
-8.626072007874015
11
11.069317637795276
21
-8.6262606692913391
0
LINE
8
BLACK
6
CONTINUOUS
10
11.069317637795276
20
-8.6262606692913391
11
11.0690380314960635
21
-8.6265031496062985
0
LINE
8
BLACK
6
CONTINUOUS
10
11.0690380314960635
20
-8.6265031496062985
11
11.0687953543307085
21
-8.6267829921259835
0
LINE
8
BLACK
6
CONTINUOUS
10
11.0687953543307085
20
-8.6267829921259835
11
11.0686066141732287
21
-8.6268773228346447
0
LINE
8
BLACK
6
CONTINUOUS
10
11.0686066141732287
20
-8.6268773228346447
11
11.0684472834645664
21
-8.6270155511811026
0
LINE
8
BLACK
6
CONTINUOUS
10
11.0684472834645664
20
-8.6270155511811026
11
11.0679187401574808
21
-8.6272515354330714
0
LINE
8
BLACK
6
CONTINUOUS
10
11.0679187401574808
20
-8.6272515354330714
11
11.0285486614173234
21
-8.6403748818897643
0
LINE
8
BLACK
6
CONTINUOUS
10
11.0285486614173234
20
-8.6403748818897643
11
11.0279842125984242
21
-8.6405032283464571
0
LINE
8
BLACK
6
CONTINUOUS
10
11.0279842125984242
20
-8.6405032283464571
11
11.0268350000000002
21
-8.6404215354330702
0
LINE
8
BLACK
6
CONTINUOUS
10
11.0268350000000002
20
-8.6404215354330702
11
11.0258045669291338
21
-8.6399063385826764
0
LINE
8
BLACK
6
CONTINUOUS
10
11.0258045669291338
20
-8.6399063385826764
11
11.0250496850393702
21
-8.6390359842519686
0
LINE
8
BLACK
6
CONTINUOUS
10
11.0250496850393702
20
-8.6390359842519686
11
11.0246853543307086
21
-8.6379429527559051
0
LINE
8
BLACK
6
CONTINUOUS
10
11.0246853543307086
20
-8.6379429527559051
11
11.0247670472440937
21
-8.6367937401574792
0
LINE
8
BLACK
6
CONTINUOUS
10
11.0247670472440937
20
-8.6367937401574792
11
11.0252822440944875
21
-8.6357633070866147
0
LINE
8
BLACK
6
CONTINUOUS
10
11.0252822440944875
20
-8.6357633070866147
11
11.0261525984251971
21
-8.6350084251968511
0
LINE
8
BLACK
6
CONTINUOUS
10
11.0261525984251971
20
-8.6350084251968511
11
11.0266811811023615
21
-8.6347724409448823
0
LINE
8
BLACK
6
CONTINUOUS
10
11.0266811811023615
20
-8.6347724409448823
11
11.057647559055118
21
-8.6244503149606295
0
LINE
8
BLACK
6
CONTINUOUS
10
11.057647559055118
20
-8.6244503149606295
11
11.0266811811023615
21
-8.6141281889763786
0
LINE
8
BLACK
6
CONTINUOUS
10
11.0266811811023615
20
-8.6141281889763786
11
11.0261525984251971
21
-8.6138922047244098
0
LINE
8
BLACK
6
CONTINUOUS
10
11.0261525984251971
20
-8.6138922047244098
11
11.0252822440944875
21
-8.6131373228346462
0
LINE
8
BLACK
6
CONTINUOUS
10
11.0252822440944875
20
-8.6131373228346462
11
11.0247670472440937
21
-8.6121068897637798
0
LINE
8
BLACK
6
CONTINUOUS
10
11.0247670472440937
20
-8.6121068897637798
11
11.0246853543307086
21
-8.610957677165354
0
LINE
8
BLACK
6
CONTINUOUS
10
11.0246853543307086
20
-8.610957677165354
11
11.0250496850393702
21
-8.6098646456692904
0
LINE
8
BLACK
6
CONTINUOUS
10
11.0250496850393702
20
-8.6098646456692904
11
11.0258045669291338
21
-8.6089942913385826
0
LINE
8
BLACK
6
CONTINUOUS
10
11.0258045669291338
20
-8.6089942913385826
11
11.0268350000000002
21
-8.6084790944881888
0
LINE
8
BLACK
6
CONTINUOUS
10
11.0268350000000002
20
-8.6084790944881888
11
11.0279842125984242
21
-8.6083974015748037
0
LINE
8
BLACK
6
CONTINUOUS
10
11.0279842125984242
20
-8.6083974015748037
11
11.0285486614173234
21
-8.6085257480314965
0
LINE
8
BLACK
6
CONTINUOUS
10
11.0675610629921266
20
-8.5746851574803156
11
11.0686254724409441
21
-8.5751260629921262
0
LINE
8
BLACK
6
CONTINUOUS
10
11.0686254724409441
20
-8.5751260629921262
11
11.0694401181102364
21
-8.5759407086614168
0
LINE
8
BLACK
6
CONTINUOUS
10
11.0694401181102364
20
-8.5759407086614168
11
11.0698810236220471
21
-8.577005118110236
0
LINE
8
BLACK
6
CONTINUOUS
10
11.0698810236220471
20
-8.577005118110236
11
11.0699377559055119
21
-8.5775811811023619
0
LINE
8
BLACK
6
CONTINUOUS
10
11.0699377559055119
20
-8.5775811811023619
11
11.0699377559055119
21
-8.5925792913385823
0
LINE
8
BLACK
6
CONTINUOUS
10
11.0699377559055119
20
-8.5925792913385823
11
11.0698810236220471
21
-8.5931553543307082
0
LINE
8
BLACK
6
CONTINUOUS
10
11.0698810236220471
20
-8.5931553543307082
11
11.0698404330708655
21
-8.5932533070866146
0
LINE
8
BLACK
6
CONTINUOUS
10
11.0698404330708655
20
-8.5932533070866146
11
11.0698329133858273
21
-8.5933592125984255
0
LINE
8
BLACK
6
CONTINUOUS
10
11.0698329133858273
20
-8.5933592125984255
11
11.0696260236220478
21
-8.5938998031496059
0
LINE
8
BLACK
6
CONTINUOUS
10
11.0696260236220478
20
-8.5938998031496059
11
11.0677512598425203
21
-8.597649330708661
0
LINE
8
BLACK
6
CONTINUOUS
10
11.0677512598425203
20
-8.597649330708661
11
11.067595157480314
21
-8.5978973228346458
0
LINE
8
BLACK
6
CONTINUOUS
10
11.067595157480314
20
-8.5978973228346458
11
11.0675653543307089
21
-8.5979692913385826
0
LINE
8
BLACK
6
CONTINUOUS
10
11.0675653543307089
20
-8.5979692913385826
11
11.0674988976377957
21
-8.5980502362204714
0
LINE
8
BLACK
6
CONTINUOUS
10
11.0674988976377957
20
-8.5980502362204714
11
11.0674429133858272
21
-8.5981392125984257
0
LINE
8
BLACK
6
CONTINUOUS
10
11.0674429133858272
20
-8.5981392125984257
11
11.067383858267716
21
-8.5981903937007864
0
LINE
8
BLACK
6
CONTINUOUS
10
11.067383858267716
20
-8.5981903937007864
11
11.0671981102362196
21
-8.5984167716535431
0
LINE
8
BLACK
6
CONTINUOUS
10
11.0671981102362196
20
-8.5984167716535431
11
11.0653233070866133
21
-8.6002915354330707
0
LINE
8
BLACK
6
CONTINUOUS
10
11.0653233070866133
20
-8.6002915354330707
11
11.0650969685039371
21
-8.6004772440944883
0
LINE
8
BLACK
6
CONTINUOUS
10
11.0650969685039371
20
-8.6004772440944883
11
11.0650458267716534
21
-8.600536259842519
0
LINE
8
BLACK
6
CONTINUOUS
10
11.0650458267716534
20
-8.600536259842519
11
11.0649568897637796
21
-8.6005922047244088
0
LINE
8
BLACK
6
CONTINUOUS
10
11.0649568897637796
20
-8.6005922047244088
11
11.0648758661417315
21
-8.6006587401574794
0
LINE
8
BLACK
6
CONTINUOUS
10
11.0648758661417315
20
-8.6006587401574794
11
11.0648038188976372
21
-8.6006885433070863
0
LINE
8
BLACK
6
CONTINUOUS
10
11.0648038188976372
20
-8.6006885433070863
11
11.0645559448818886
21
-8.6008446062992121
0
LINE
8
BLACK
6
CONTINUOUS
10
11.0645559448818886
20
-8.6008446062992121
11
11.0608064173228335
21
-8.6027193700787397
0
LINE
8
BLACK
6
CONTINUOUS
10
11.0608064173228335
20
-8.6027193700787397
11
11.0602657874015744
21
-8.6029262598425191
0
LINE
8
BLACK
6
CONTINUOUS
10
11.0602657874015744
20
-8.6029262598425191
11
11.060159960629921
21
-8.6029337401574804
0
LINE
8
BLACK
6
CONTINUOUS
10
11.060159960629921
20
-8.6029337401574804
11
11.0600619685039376
21
-8.6029743700787407
0
LINE
8
BLACK
6
CONTINUOUS
10
11.0600619685039376
20
-8.6029743700787407
11
11.05948590551181
21
-8.6030311023622037
0
LINE
8
BLACK
6
CONTINUOUS
10
11.05948590551181
20
-8.6030311023622037
11
11.0538616141732273
21
-8.6030311023622037
0
LINE
8
BLACK
6
CONTINUOUS
10
11.0538616141732273
20
-8.6030311023622037
11
11.0532855511811015
21
-8.6029743700787407
0
LINE
8
BLACK
6
CONTINUOUS
10
11.0532855511811015
20
-8.6029743700787407
11
11.0531875590551181
21
-8.6029337795275591
0
LINE
8
BLACK
6
CONTINUOUS
10
11.0531875590551181
20
-8.6029337795275591
11
11.0530816929133859
21
-8.6029262598425191
0
LINE
8
BLACK
6
CONTINUOUS
10
11.0530816929133859
20
-8.6029262598425191
11
11.0525411023622038
21
-8.6027193700787397
0
LINE
8
BLACK
6
CONTINUOUS
10
11.0525411023622038
20
-8.6027193700787397
11
11.0487915748031487
21
-8.6008446062992121
0
LINE
8
BLACK
6
CONTINUOUS
10
11.0487915748031487
20
-8.6008446062992121
11
11.0485435433070869
21
-8.6006885039370076
0
LINE
8
BLACK
6
CONTINUOUS
10
11.0485435433070869
20
-8.6006885039370076
11
11.0484716141732289
21
-8.6006587007874007
0
LINE
8
BLACK
6
CONTINUOUS
10
11.0484716141732289
20
-8.6006587007874007
11
11.0483906299212595
21
-8.6005922047244088
0
LINE
8
BLACK
6
CONTINUOUS
10
11.0483906299212595
20
-8.6005922047244088
11
11.0483016929133857
21
-8.600536259842519
0
LINE
8
BLACK
6
CONTINUOUS
10
11.0483016929133857
20
-8.600536259842519
11
11.0482505118110232
21
-8.6004772440944883
0
LINE
8
BLACK
6
CONTINUOUS
10
11.0482505118110232
20
-8.6004772440944883
11
11.0480241732283471
21
-8.6002914960629919
0
LINE
8
BLACK
6
CONTINUOUS
10
11.0480241732283471
20
-8.6002914960629919
11
11.0461494094488195
21
-8.5984167322834644
0
LINE
8
BLACK
6
CONTINUOUS
10
11.0461494094488195
20
-8.5984167322834644
11
11.045782204724409
21
-8.5979692913385826
0
LINE
8
BLACK
6
CONTINUOUS
10
11.045782204724409
20
-8.5979692913385826
11
11.0457415748031487
21
-8.5978712204724399
0
LINE
8
BLACK
6
CONTINUOUS
10
11.0457415748031487
20
-8.5978712204724399
11
11.0456720866141733
21
-8.5977911023622049
0
LINE
8
BLACK
6
CONTINUOUS
10
11.0456720866141733
20
-8.5977911023622049
11
11.0455654330708661
21
-8.5975522047244084
0
LINE
8
BLACK
6
CONTINUOUS
10
11.0455654330708661
20
-8.5975522047244084
11
11.0447009448818889
21
-8.5984167322834644
0
LINE
8
BLACK
6
CONTINUOUS
10
11.0447009448818889
20
-8.5984167322834644
11
11.044474566929134
21
-8.5986024803149608
0
LINE
8
BLACK
6
CONTINUOUS
10
11.044474566929134
20
-8.5986024803149608
11
11.0444234251968503
21
-8.5986614960629915
0
LINE
8
BLACK
6
CONTINUOUS
10
11.0444234251968503
20
-8.5986614960629915
11
11.0443344488188977
21
-8.5987174409448812
0
LINE
8
BLACK
6
CONTINUOUS
10
11.0443344488188977
20
-8.5987174409448812
11
11.0442535039370071
21
-8.5987839370078731
0
LINE
8
BLACK
6
CONTINUOUS
10
11.0442535039370071
20
-8.5987839370078731
11
11.0441815354330704
21
-8.59881374015748
0
LINE
8
BLACK
6
CONTINUOUS
10
11.0441815354330704
20
-8.59881374015748
11
11.0439335433070855
21
-8.5989698425196845
0
LINE
8
BLACK
6
CONTINUOUS
10
11.0439335433070855
20
-8.5989698425196845
11
11.0401840157480304
21
-8.6008446062992121
0
LINE
8
BLACK
6
CONTINUOUS
10
11.0401840157480304
20
-8.6008446062992121
11
11.0396433858267713
21
-8.6010514960629916
0
LINE
8
BLACK
6
CONTINUOUS
10
11.0396433858267713
20
-8.6010514960629916
11
11.0395375590551179
21
-8.6010589763779528
0
LINE
8
BLACK
6
CONTINUOUS
10
11.0395375590551179
20
-8.6010589763779528
11
11.0394395669291328
21
-8.6010996062992131
0
LINE
8
BLACK
6
CONTINUOUS
10
11.0394395669291328
20
-8.6010996062992131
11
11.0388635039370069
21
-8.6011563385826761
0
LINE
8
BLACK
6
CONTINUOUS
10
11.0388635039370069
20
-8.6011563385826761
11
11.0351139763779518
21
-8.6011563385826761
0
LINE
8
BLACK
6
CONTINUOUS
10
11.0351139763779518
20
-8.6011563385826761
11
11.0345379133858259
21
-8.6010996062992131
0
LINE
8
BLACK
6
CONTINUOUS
10
11.0345379133858259
20
-8.6010996062992131
11
11.0344399212598425
21
-8.6010590157480316
0
LINE
8
BLACK
6
CONTINUOUS
10
11.0344399212598425
20
-8.6010590157480316
11
11.0343340551181104
21
-8.6010514960629916
0
LINE
8
BLACK
6
CONTINUOUS
10
11.0343340551181104
20
-8.6010514960629916
11
11.0337934645669282
21
-8.6008446062992121
0
LINE
8
BLACK
6
CONTINUOUS
10
11.0337934645669282
20
-8.6008446062992121
11
11.0300439370078731
21
-8.5989698425196845
0
LINE
8
BLACK
6
CONTINUOUS
10
11.0300439370078731
20
-8.5989698425196845
11
11.0297959055118113
21
-8.59881374015748
0
LINE
8
BLACK
6
CONTINUOUS
10
11.0297959055118113
20
-8.59881374015748
11
11.0297239763779533
21
-8.5987839370078731
0
LINE
8
BLACK
6
CONTINUOUS
10
11.0297239763779533
20
-8.5987839370078731
11
11.029642992125984
21
-8.5987174409448812
0
LINE
8
BLACK
6
CONTINUOUS
10
11.029642992125984
20
-8.5987174409448812
11
11.0295540551181102
21
-8.5986614960629915
0
LINE
8
BLACK
6
CONTINUOUS
10
11.0295540551181102
20
-8.5986614960629915
11
11.0295028740157477
21
-8.5986024803149608
0
LINE
8
BLACK
6
CONTINUOUS
10
11.0295028740157477
20
-8.5986024803149608
11
11.0292765354330697
21
-8.5984167322834644
0
LINE
8
BLACK
6
CONTINUOUS
10
11.0292765354330697
20
-8.5984167322834644
11
11.0274017716535422
21
-8.5965419685039368
0
LINE
8
BLACK
6
CONTINUOUS
10
11.0274017716535422
20
-8.5965419685039368
11
11.0272159842519688
21
-8.5963155905511801
0
LINE
8
BLACK
6
CONTINUOUS
10
11.0272159842519688
20
-8.5963155905511801
11
11.0271570078740151
21
-8.5962644488188982
0
LINE
8
BLACK
6
CONTINUOUS
10
11.0271570078740151
20
-8.5962644488188982
11
11.0271010236220466
21
-8.5961754724409438
0
LINE
8
BLACK
6
CONTINUOUS
10
11.0271010236220466
20
-8.5961754724409438
11
11.0270345669291334
21
-8.596094527559055
0
LINE
8
BLACK
6
CONTINUOUS
10
11.0270345669291334
20
-8.596094527559055
11
11.0270047244094478
21
-8.5960225590551183
0
LINE
8
BLACK
6
CONTINUOUS
10
11.0270047244094478
20
-8.5960225590551183
11
11.026848661417322
21
-8.5957745669291334
0
LINE
8
BLACK
6
CONTINUOUS
10
11.026848661417322
20
-8.5957745669291334
11
11.0249738976377945
21
-8.5920250393700783
0
LINE
8
BLACK
6
CONTINUOUS
10
11.0249738976377945
20
-8.5920250393700783
11
11.024767007874015
21
-8.5914844094488192
0
LINE
8
BLACK
6
CONTINUOUS
10
11.024767007874015
20
-8.5914844094488192
11
11.0247594881889768
21
-8.5913785826771658
0
LINE
8
BLACK
6
CONTINUOUS
10
11.0247594881889768
20
-8.5913785826771658
11
11.0247188976377952
21
-8.5912805905511807
0
LINE
8
BLACK
6
CONTINUOUS
10
11.0247188976377952
20
-8.5912805905511807
11
11.0246621653543304
21
-8.5907045275590548
0
LINE
8
BLACK
6
CONTINUOUS
10
11.0246621653543304
20
-8.5907045275590548
11
11.0246621653543304
21
-8.5775811811023619
0
LINE
8
BLACK
6
CONTINUOUS
10
11.0246621653543304
20
-8.5775811811023619
11
11.0247188976377952
21
-8.577005118110236
0
LINE
8
BLACK
6
CONTINUOUS
10
11.0247188976377952
20
-8.577005118110236
11
11.0251598031496059
21
-8.5759407086614168
0
LINE
8
BLACK
6
CONTINUOUS
10
11.0251598031496059
20
-8.5759407086614168
11
11.0259744488188982
21
-8.5751260629921262
0
LINE
8
BLACK
6
CONTINUOUS
10
11.0259744488188982
20
-8.5751260629921262
11
11.0270388582677157
21
-8.5746851574803156
0
LINE
8
BLACK
6
CONTINUOUS
10
11.0270388582677157
20
-8.5746851574803156
11
11.0276149212598416
21
-8.5746284251968508
0
LINE
8
BLACK
6
CONTINUOUS
10
11.0276149212598416
20
-8.5746284251968508
11
11.066984999999999
21
-8.5746284251968508
0
LINE
8
BLACK
6
CONTINUOUS
10
11.066984999999999
20
-8.5746284251968508
11
11.0675610629921266
21
-8.5746851574803156
0
LINE
8
BLACK
6
CONTINUOUS
10
11.04931531496063
20
-8.590225354330709
11
11.0508181102362197
21
-8.5947337795275587
0
LINE
8
BLACK
6
CONTINUOUS
10
11.0508181102362197
20
-8.5947337795275587
11
11.0518611811023622
21
-8.5957768503937011
0
LINE
8
BLACK
6
CONTINUOUS
10
11.0518611811023622
20
-8.5957768503937011
11
11.0545586614173228
21
-8.5971255905511814
0
LINE
8
BLACK
6
CONTINUOUS
10
11.0545586614173228
20
-8.5971255905511814
11
11.0587888582677163
21
-8.5971255905511814
0
LINE
8
BLACK
6
CONTINUOUS
10
11.0587888582677163
20
-8.5971255905511814
11
11.0614863385826769
21
-8.5957768110236223
0
LINE
8
BLACK
6
CONTINUOUS
10
11.0614863385826769
20
-8.5957768110236223
11
11.0626835039370075
21
-8.5945796850393705
0
LINE
8
BLACK
6
CONTINUOUS
10
11.0626835039370075
20
-8.5945796850393705
11
11.0640322440944878
21
-8.5918822440944886
0
LINE
8
BLACK
6
CONTINUOUS
10
11.0640322440944878
20
-8.5918822440944886
11
11.0640322440944878
21
-8.580533937007873
0
LINE
8
BLACK
6
CONTINUOUS
10
11.0640322440944878
20
-8.580533937007873
11
11.04931531496063
21
-8.580533937007873
0
LINE
8
BLACK
6
CONTINUOUS
10
11.04931531496063
20
-8.580533937007873
11
11.04931531496063
21
-8.590225354330709
0
LINE
8
BLACK
6
CONTINUOUS
10
11.0305676771653545
20
-8.5900074803149611
11
11.0319164173228348
21
-8.5927049606299217
0
LINE
8
BLACK
6
CONTINUOUS
10
11.0319164173228348
20
-8.5927049606299217
11
11.0331135433070866
21
-8.5939020866141735
0
LINE
8
BLACK
6
CONTINUOUS
10
11.0331135433070866
20
-8.5939020866141735
11
11.0358110236220472
21
-8.5952508267716539
0
LINE
8
BLACK
6
CONTINUOUS
10
11.0358110236220472
20
-8.5952508267716539
11
11.0381664566929132
21
-8.5952508267716539
0
LINE
8
BLACK
6
CONTINUOUS
10
11.0381664566929132
20
-8.5952508267716539
11
11.0408639370078738
21
-8.5939020866141735
0
LINE
8
BLACK
6
CONTINUOUS
10
11.0408639370078738
20
-8.5939020866141735
11
11.0420610629921256
21
-8.5927049606299217
0
LINE
8
BLACK
6
CONTINUOUS
10
11.0420610629921256
20
-8.5927049606299217
11
11.043409803149606
21
-8.5900074803149611
0
LINE
8
BLACK
6
CONTINUOUS
10
11.043409803149606
20
-8.5900074803149611
11
11.043409803149606
21
-8.580533937007873
0
LINE
8
BLACK
6
CONTINUOUS
10
11.043409803149606
20
-8.580533937007873
11
11.0305676771653545
21
-8.580533937007873
0
LINE
8
BLACK
6
CONTINUOUS
10
11.0305676771653545
20
-8.580533937007873
11
11.0305676771653545
21
-8.5900074803149611
0
LINE
8
BLACK
6
CONTINUOUS
10
11.0675610629921266
20
-8.5353150787401582
11
11.0686254724409441
21
-8.5357559842519688
0
LINE
8
BLACK
6
CONTINUOUS
10
11.0686254724409441
20
-8.5357559842519688
11
11.0694401181102364
21
-8.5365706299212594
0
LINE
8
BLACK
6
CONTINUOUS
10
11.0694401181102364
20
-8.5365706299212594
11
11.0698810236220471
21
-8.5376350393700786
0
LINE
8
BLACK
6
CONTINUOUS
10
11.0698810236220471
20
-8.5376350393700786
11
11.0699377559055119
21
-8.5382111023622045
0
LINE
8
BLACK
6
CONTINUOUS
10
11.0699377559055119
20
-8.5382111023622045
11
11.0699377559055119
21
-8.5475849212598423
0
LINE
8
BLACK
6
CONTINUOUS
10
11.0699377559055119
20
-8.5475849212598423
11
11.0699090157480313
21
-8.547876496062992
0
LINE
8
BLACK
6
CONTINUOUS
10
11.0699090157480313
20
-8.547876496062992
11
11.0699145669291337
21
-8.5479542519685037
0
LINE
8
BLACK
6
CONTINUOUS
10
11.0699145669291337
20
-8.5479542519685037
11
11.069891299212598
21
-8.5480564960629923
0
LINE
8
BLACK
6
CONTINUOUS
10
11.069891299212598
20
-8.5480564960629923
11
11.0698810236220471
21
-8.5481609842519681
0
LINE
8
BLACK
6
CONTINUOUS
10
11.0698810236220471
20
-8.5481609842519681
11
11.0698511417322827
21
-8.5482330314960624
0
LINE
8
BLACK
6
CONTINUOUS
10
11.0698511417322827
20
-8.5482330314960624
11
11.0697862204724409
21
-8.5485187007874011
0
LINE
8
BLACK
6
CONTINUOUS
10
11.0697862204724409
20
-8.5485187007874011
11
11.0679114566929133
21
-8.554142952755905
0
LINE
8
BLACK
6
CONTINUOUS
10
11.0679114566929133
20
-8.554142952755905
11
11.0676754724409445
21
-8.5546715354330711
0
LINE
8
BLACK
6
CONTINUOUS
10
11.0676754724409445
20
-8.5546715354330711
11
11.0676059842519674
21
-8.5547516141732274
0
LINE
8
BLACK
6
CONTINUOUS
10
11.0676059842519674
20
-8.5547516141732274
11
11.0675653937007876
21
-8.55484968503937
0
LINE
8
BLACK
6
CONTINUOUS
10
11.0675653937007876
20
-8.55484968503937
11
11.0671981496062983
21
-8.5552971259842518
0
LINE
8
BLACK
6
CONTINUOUS
10
11.0671981496062983
20
-8.5552971259842518
11
11.0634485826771645
21
-8.559046653543307
0
LINE
8
BLACK
6
CONTINUOUS
10
11.0634485826771645
20
-8.559046653543307
11
11.0632222047244095
21
-8.5592324015748034
0
LINE
8
BLACK
6
CONTINUOUS
10
11.0632222047244095
20
-8.5592324015748034
11
11.0631710629921258
21
-8.5592914173228341
0
LINE
8
BLACK
6
CONTINUOUS
10
11.0631710629921258
20
-8.5592914173228341
11
11.063082125984252
21
-8.5593473622047238
0
LINE
8
BLACK
6
CONTINUOUS
10
11.063082125984252
20
-8.5593473622047238
11
11.0630011023622039
21
-8.5594138976377945
0
LINE
8
BLACK
6
CONTINUOUS
10
11.0630011023622039
20
-8.5594138976377945
11
11.0629290551181096
21
-8.5594437007874014
0
LINE
8
BLACK
6
CONTINUOUS
10
11.0629290551181096
20
-8.5594437007874014
11
11.0626811811023611
21
-8.5595997637795271
0
LINE
8
BLACK
6
CONTINUOUS
10
11.0626811811023611
20
-8.5595997637795271
11
11.058931653543306
21
-8.5614745275590547
0
LINE
8
BLACK
6
CONTINUOUS
10
11.058931653543306
20
-8.5614745275590547
11
11.0588895275590549
21
-8.5614906299212592
0
LINE
8
BLACK
6
CONTINUOUS
10
11.0588895275590549
20
-8.5614906299212592
11
11.0588724015748028
21
-8.5615033464566928
0
LINE
8
BLACK
6
CONTINUOUS
10
11.0588724015748028
20
-8.5615033464566928
11
11.0586304330708654
21
-8.5615897637795282
0
LINE
8
BLACK
6
CONTINUOUS
10
11.0586304330708654
20
-8.5615897637795282
11
11.0583910236220468
21
-8.5616814173228342
0
LINE
8
BLACK
6
CONTINUOUS
10
11.0583910236220468
20
-8.5616814173228342
11
11.0583697637795275
21
-8.5616829133858268
0
LINE
8
BLACK
6
CONTINUOUS
10
11.0583697637795275
20
-8.5616829133858268
11
11.0583272834645658
21
-8.56169811023622
0
LINE
8
BLACK
6
CONTINUOUS
10
11.0583272834645658
20
-8.56169811023622
11
11.0508282283464556
21
-8.5635728740157475
0
LINE
8
BLACK
6
CONTINUOUS
10
11.0508282283464556
20
-8.5635728740157475
11
11.0507283464566921
21
-8.5635876377952762
0
LINE
8
BLACK
6
CONTINUOUS
10
11.0507283464566921
20
-8.5635876377952762
11
11.0506881496062981
21
-8.5636042913385833
0
LINE
8
BLACK
6
CONTINUOUS
10
11.0506881496062981
20
-8.5636042913385833
11
11.050471102362204
21
-8.5636256299212601
0
LINE
8
BLACK
6
CONTINUOUS
10
11.050471102362204
20
-8.5636256299212601
11
11.05025562992126
21
-8.5636575196850391
0
LINE
8
BLACK
6
CONTINUOUS
10
11.05025562992126
20
-8.5636575196850391
11
11.0502125984251958
21
-8.5636511023622042
0
LINE
8
BLACK
6
CONTINUOUS
10
11.0502125984251958
20
-8.5636511023622042
11
11.0501120866141722
21
-8.5636610236220463
0
LINE
8
BLACK
6
CONTINUOUS
10
11.0501120866141722
20
-8.5636610236220463
11
11.0444877952755895
21
-8.5636610236220463
0
LINE
8
BLACK
6
CONTINUOUS
10
11.0444877952755895
20
-8.5636610236220463
11
11.0443872440944872
21
-8.5636511023622042
0
LINE
8
BLACK
6
CONTINUOUS
10
11.0443872440944872
20
-8.5636511023622042
11
11.0443442519685036
21
-8.5636575196850391
0
LINE
8
BLACK
6
CONTINUOUS
10
11.0443442519685036
20
-8.5636575196850391
11
11.0441287401574808
21
-8.5636256299212601
0
LINE
8
BLACK
6
CONTINUOUS
10
11.0441287401574808
20
-8.5636256299212601
11
11.0439117322834637
21
-8.5636042913385833
0
LINE
8
BLACK
6
CONTINUOUS
10
11.0439117322834637
20
-8.5636042913385833
11
11.0438714960629927
21
-8.5635876377952762
0
LINE
8
BLACK
6
CONTINUOUS
10
11.0438714960629927
20
-8.5635876377952762
11
11.0437716535433061
21
-8.5635728740157475
0
LINE
8
BLACK
6
CONTINUOUS
10
11.0437716535433061
20
-8.5635728740157475
11
11.0362725984251959
21
-8.56169811023622
0
LINE
8
BLACK
6
CONTINUOUS
10
11.0362725984251959
20
-8.56169811023622
11
11.0362300787401573
21
-8.5616829133858268
0
LINE
8
BLACK
6
CONTINUOUS
10
11.0362300787401573
20
-8.5616829133858268
11
11.0362088188976379
21
-8.5616814173228342
0
LINE
8
BLACK
6
CONTINUOUS
10
11.0362088188976379
20
-8.5616814173228342
11
11.0359690551181107
21
-8.5615896456692919
0
LINE
8
BLACK
6
CONTINUOUS
10
11.0359690551181107
20
-8.5615896456692919
11
11.0357274803149608
21
-8.5615033464566928
0
LINE
8
BLACK
6
CONTINUOUS
10
11.0357274803149608
20
-8.5615033464566928
11
11.0357103149606299
21
-8.5614906299212592
0
LINE
8
BLACK
6
CONTINUOUS
10
11.0357103149606299
20
-8.5614906299212592
11
11.0356682283464558
21
-8.5614745275590547
0
LINE
8
BLACK
6
CONTINUOUS
10
11.0356682283464558
20
-8.5614745275590547
11
11.0319187007874007
21
-8.5595997637795271
0
LINE
8
BLACK
6
CONTINUOUS
10
11.0319187007874007
20
-8.5595997637795271
11
11.0316708661417326
21
-8.5594437401574801
0
LINE
8
BLACK
6
CONTINUOUS
10
11.0316708661417326
20
-8.5594437401574801
11
11.0315987401574809
21
-8.5594138976377945
0
LINE
8
BLACK
6
CONTINUOUS
10
11.0315987401574809
20
-8.5594138976377945
11
11.0315175590551178
21
-8.5593472834645663
0
LINE
8
BLACK
6
CONTINUOUS
10
11.0315175590551178
20
-8.5593472834645663
11
11.0314288188976377
21
-8.5592914173228341
0
LINE
8
BLACK
6
CONTINUOUS
10
11.0314288188976377
20
-8.5592914173228341
11
11.031377677165354
21
-8.5592324803149609
0
LINE
8
BLACK
6
CONTINUOUS
10
11.031377677165354
20
-8.5592324803149609
11
11.0311512992125973
21
-8.559046653543307
0
LINE
8
BLACK
6
CONTINUOUS
10
11.0311512992125973
20
-8.559046653543307
11
11.0274017716535422
21
-8.5552971259842518
0
LINE
8
BLACK
6
CONTINUOUS
10
11.0274017716535422
20
-8.5552971259842518
11
11.0270345669291334
21
-8.55484968503937
0
LINE
8
BLACK
6
CONTINUOUS
10
11.0270345669291334
20
-8.55484968503937
11
11.0269939370078731
21
-8.5547516141732274
0
LINE
8
BLACK
6
CONTINUOUS
10
11.0269939370078731
20
-8.5547516141732274
11
11.0269244488188978
21
-8.5546714960629924
0
LINE
8
BLACK
6
CONTINUOUS
10
11.0269244488188978
20
-8.5546714960629924
11
11.026688464566929
21
-8.554142952755905
0
LINE
8
BLACK
6
CONTINUOUS
10
11.026688464566929
20
-8.554142952755905
11
11.0248137007874014
21
-8.5485186614173223
0
LINE
8
BLACK
6
CONTINUOUS
10
11.0248137007874014
20
-8.5485186614173223
11
11.0247487401574809
21
-8.5482330708661411
0
LINE
8
BLACK
6
CONTINUOUS
10
11.0247487401574809
20
-8.5482330708661411
11
11.0247188976377952
21
-8.5481609842519681
0
LINE
8
BLACK
6
CONTINUOUS
10
11.0247188976377952
20
-8.5481609842519681
11
11.0247085826771656
21
-8.5480564566929136
0
LINE
8
BLACK
6
CONTINUOUS
10
11.0247085826771656
20
-8.5480564566929136
11
11.0246853543307086
21
-8.5479542125984249
0
LINE
8
BLACK
6
CONTINUOUS
10
11.0246853543307086
20
-8.5479542125984249
11
11.0246908661417322
21
-8.5478764566929133
0
LINE
8
BLACK
6
CONTINUOUS
10
11.0246908661417322
20
-8.5478764566929133
11
11.0246621653543304
21
-8.5475849212598423
0
LINE
8
BLACK
6
CONTINUOUS
10
11.0246621653543304
20
-8.5475849212598423
11
11.0246621653543304
21
-8.5382111023622045
0
LINE
8
BLACK
6
CONTINUOUS
10
11.0246621653543304
20
-8.5382111023622045
11
11.0247188976377952
21
-8.5376350393700786
0
LINE
8
BLACK
6
CONTINUOUS
10
11.0247188976377952
20
-8.5376350393700786
11
11.0251598031496059
21
-8.5365706299212594
0
LINE
8
BLACK
6
CONTINUOUS
10
11.0251598031496059
20
-8.5365706299212594
11
11.0259744488188982
21
-8.5357559842519688
0
LINE
8
BLACK
6
CONTINUOUS
10
11.0259744488188982
20
-8.5357559842519688
11
11.0270388582677157
21
-8.5353150787401582
0
LINE
8
BLACK
6
CONTINUOUS
10
11.0270388582677157
20
-8.5353150787401582
11
11.0276149212598416
21
-8.5352583464566933
0
LINE
8
BLACK
6
CONTINUOUS
10
11.0276149212598416
20
-8.5352583464566933
11
11.066984999999999
21
-8.5352583464566933
0
LINE
8
BLACK
6
CONTINUOUS
10
11.066984999999999
20
-8.5352583464566933
11
11.0675610629921266
21
-8.5353150787401582
0
LINE
8
BLACK
6
CONTINUOUS
10
11.0305676771653545
20
-8.5471057480314965
11
11.0320704724409442
21
-8.5516141732283462
0
LINE
8
BLACK
6
CONTINUOUS
10
11.0320704724409442
20
-8.5516141732283462
11
11.0349883070866142
21
-8.5545320078740161
0
LINE
8
BLACK
6
CONTINUOUS
10
11.0349883070866142
20
-8.5545320078740161
11
11.038019291338582
21
-8.5560474803149607
0
LINE
8
BLACK
6
CONTINUOUS
10
11.038019291338582
20
-8.5560474803149607
11
11.0448513385826761
21
-8.557755511811024
0
LINE
8
BLACK
6
CONTINUOUS
10
11.0448513385826761
20
-8.557755511811024
11
11.0497485433070857
21
-8.557755511811024
0
LINE
8
BLACK
6
CONTINUOUS
10
11.0497485433070857
20
-8.557755511811024
11
11.0565805905511816
21
-8.5560474803149607
0
LINE
8
BLACK
6
CONTINUOUS
10
11.0565805905511816
20
-8.5560474803149607
11
11.0596115748031494
21
-8.5545319685039374
0
LINE
8
BLACK
6
CONTINUOUS
10
11.0596115748031494
20
-8.5545319685039374
11
11.0625294488188981
21
-8.5516141338582674
0
LINE
8
BLACK
6
CONTINUOUS
10
11.0625294488188981
20
-8.5516141338582674
11
11.0640322440944878
21
-8.5471057874015752
0
LINE
8
BLACK
6
CONTINUOUS
10
11.0640322440944878
20
-8.5471057874015752
11
11.0640322440944878
21
-8.5411638582677156
0
LINE
8
BLACK
6
CONTINUOUS
10
11.0640322440944878
20
-8.5411638582677156
11
11.0305676771653545
21
-8.5411638582677156
0
LINE
8
BLACK
6
CONTINUOUS
10
11.0305676771653545
20
-8.5411638582677156
11
11.0305676771653545
21
-8.5471057480314965
0
LINE
8
BLACK
6
CONTINUOUS
10
11.0675610629921266
20
-8.495944999999999
11
11.0686254724409441
21
-8.4963859055118114
0
LINE
8
BLACK
6
CONTINUOUS
10
11.0686254724409441
20
-8.4963859055118114
11
11.0694401181102364
21
-8.497200551181102
0
LINE
8
BLACK
6
CONTINUOUS
10
11.0694401181102364
20
-8.497200551181102
11
11.0698810236220471
21
-8.4982649606299212
0
LINE
8
BLACK
6
CONTINUOUS
10
11.0698810236220471
20
-8.4982649606299212
11
11.0698810236220471
21
-8.4994170866141729
0
LINE
8
BLACK
6
CONTINUOUS
10
11.0698810236220471
20
-8.4994170866141729
11
11.0694401181102364
21
-8.5004814960629922
0
LINE
8
BLACK
6
CONTINUOUS
10
11.0694401181102364
20
-8.5004814960629922
11
11.0686254724409441
21
-8.5012961417322828
0
LINE
8
BLACK
6
CONTINUOUS
10
11.0686254724409441
20
-8.5012961417322828
11
11.0675610629921266
21
-8.5017370472440952
0
LINE
8
BLACK
6
CONTINUOUS
10
11.0675610629921266
20
-8.5017370472440952
11
11.066984999999999
21
-8.5017937795275582
0
LINE
8
BLACK
6
CONTINUOUS
10
11.066984999999999
20
-8.5017937795275582
11
11.0511900787401576
21
-8.5017937795275582
0
LINE
8
BLACK
6
CONTINUOUS
10
11.0511900787401576
20
-8.5017937795275582
11
11.0511900787401576
21
-8.5138391338582675
0
LINE
8
BLACK
6
CONTINUOUS
10
11.0511900787401576
20
-8.5138391338582675
11
11.0511333464566928
21
-8.5144151968503934
0
LINE
8
BLACK
6
CONTINUOUS
10
11.0511333464566928
20
-8.5144151968503934
11
11.0510927559055112
21
-8.5145131496062998
0
LINE
8
BLACK
6
CONTINUOUS
10
11.0510927559055112
20
-8.5145131496062998
11
11.051085236220473
21
-8.5146190551181107
0
LINE
8
BLACK
6
CONTINUOUS
10
11.051085236220473
20
-8.5146190551181107
11
11.0508783464566935
21
-8.5151596456692911
0
LINE
8
BLACK
6
CONTINUOUS
10
11.0508783464566935
20
-8.5151596456692911
11
11.049003582677166
21
-8.5189091732283462
0
LINE
8
BLACK
6
CONTINUOUS
10
11.049003582677166
20
-8.5189091732283462
11
11.0488474803149597
21
-8.519157165354331
0
LINE
8
BLACK
6
CONTINUOUS
10
11.0488474803149597
20
-8.519157165354331
11
11.0488176771653546
21
-8.5192291338582677
0
LINE
8
BLACK
6
CONTINUOUS
10
11.0488176771653546
20
-8.5192291338582677
11
11.0487511811023627
21
-8.5193100787401566
0
LINE
8
BLACK
6
CONTINUOUS
10
11.0487511811023627
20
-8.5193100787401566
11
11.0486952362204729
21
-8.5193990551181109
0
LINE
8
BLACK
6
CONTINUOUS
10
11.0486952362204729
20
-8.5193990551181109
11
11.0486362204724404
21
-8.5194501968503928
0
LINE
8
BLACK
6
CONTINUOUS
10
11.0486362204724404
20
-8.5194501968503928
11
11.048450472440944
21
-8.5196765748031495
0
LINE
8
BLACK
6
CONTINUOUS
10
11.048450472440944
20
-8.5196765748031495
11
11.0465757086614165
21
-8.5215513385826771
0
LINE
8
BLACK
6
CONTINUOUS
10
11.0465757086614165
20
-8.5215513385826771
11
11.0463493307086615
21
-8.5217370866141735
0
LINE
8
BLACK
6
CONTINUOUS
10
11.0463493307086615
20
-8.5217370866141735
11
11.0462981889763778
21
-8.5217961023622042
0
LINE
8
BLACK
6
CONTINUOUS
10
11.0462981889763778
20
-8.5217961023622042
11
11.0462092125984253
21
-8.521852047244094
0
LINE
8
BLACK
6
CONTINUOUS
10
11.0462092125984253
20
-8.521852047244094
11
11.0461282677165347
21
-8.5219185433070859
0
LINE
8
BLACK
6
CONTINUOUS
10
11.0461282677165347
20
-8.5219185433070859
11
11.0460562992125979
21
-8.5219483464566927
0
LINE
8
BLACK
6
CONTINUOUS
10
11.0460562992125979
20
-8.5219483464566927
11
11.0458083070866131
21
-8.5221044488188973
0
LINE
8
BLACK
6
CONTINUOUS
10
11.0458083070866131
20
-8.5221044488188973
11
11.042058779527558
21
-8.5239792125984248
0
LINE
8
BLACK
6
CONTINUOUS
10
11.042058779527558
20
-8.5239792125984248
11
11.0415181496062988
21
-8.5241861023622043
0
LINE
8
BLACK
6
CONTINUOUS
10
11.0415181496062988
20
-8.5241861023622043
11
11.0414123228346455
21
-8.5241935826771655
0
LINE
8
BLACK
6
CONTINUOUS
10
11.0414123228346455
20
-8.5241935826771655
11
11.0413143307086603
21
-8.5242342125984258
0
LINE
8
BLACK
6
CONTINUOUS
10
11.0413143307086603
20
-8.5242342125984258
11
11.0407382677165344
21
-8.5242909448818889
0
LINE
8
BLACK
6
CONTINUOUS
10
11.0407382677165344
20
-8.5242909448818889
11
11.0351139763779518
21
-8.5242909448818889
0
LINE
8
BLACK
6
CONTINUOUS
10
11.0351139763779518
20
-8.5242909448818889
11
11.0345379133858259
21
-8.5242342125984258
0
LINE
8
BLACK
6
CONTINUOUS
10
11.0345379133858259
20
-8.5242342125984258
11
11.0344399212598425
21
-8.5241936220472443
0
LINE
8
BLACK
6
CONTINUOUS
10
11.0344399212598425
20
-8.5241936220472443
11
11.0343340551181104
21
-8.5241861023622043
0
LINE
8
BLACK
6
CONTINUOUS
10
11.0343340551181104
20
-8.5241861023622043
11
11.0337934645669282
21
-8.5239792125984248
0
LINE
8
BLACK
6
CONTINUOUS
10
11.0337934645669282
20
-8.5239792125984248
11
11.0300439370078731
21
-8.5221044488188973
0
LINE
8
BLACK
6
CONTINUOUS
10
11.0300439370078731
20
-8.5221044488188973
11
11.0297959055118113
21
-8.5219483464566927
0
LINE
8
BLACK
6
CONTINUOUS
10
11.0297959055118113
20
-8.5219483464566927
11
11.0297239763779533
21
-8.5219185433070859
0
LINE
8
BLACK
6
CONTINUOUS
10
11.0297239763779533
20
-8.5219185433070859
11
11.029642992125984
21
-8.521852047244094
0
LINE
8
BLACK
6
CONTINUOUS
10
11.029642992125984
20
-8.521852047244094
11
11.0295540551181102
21
-8.5217961023622042
0
LINE
8
BLACK
6
CONTINUOUS
10
11.0295540551181102
20
-8.5217961023622042
11
11.0295028740157477
21
-8.5217370866141735
0
LINE
8
BLACK
6
CONTINUOUS
10
11.0295028740157477
20
-8.5217370866141735
11
11.0292765354330697
21
-8.5215513385826771
0
LINE
8
BLACK
6
CONTINUOUS
10
11.0292765354330697
20
-8.5215513385826771
11
11.0274017716535422
21
-8.5196765748031495
0
LINE
8
BLACK
6
CONTINUOUS
10
11.0274017716535422
20
-8.5196765748031495
11
11.0272159842519688
21
-8.5194501968503928
0
LINE
8
BLACK
6
CONTINUOUS
10
11.0272159842519688
20
-8.5194501968503928
11
11.0271570078740151
21
-8.5193990551181109
0
LINE
8
BLACK
6
CONTINUOUS
10
11.0271570078740151
20
-8.5193990551181109
11
11.0271010236220466
21
-8.5193100787401566
0
LINE
8
BLACK
6
CONTINUOUS
10
11.0271010236220466
20
-8.5193100787401566
11
11.0270345669291334
21
-8.5192291338582677
0
LINE
8
BLACK
6
CONTINUOUS
10
11.0270345669291334
20
-8.5192291338582677
11
11.0270047244094478
21
-8.519157165354331
0
LINE
8
BLACK
6
CONTINUOUS
10
11.0270047244094478
20
-8.519157165354331
11
11.026848661417322
21
-8.5189091732283462
0
LINE
8
BLACK
6
CONTINUOUS
10
11.026848661417322
20
-8.5189091732283462
11
11.0249738976377945
21
-8.5151596456692911
0
LINE
8
BLACK
6
CONTINUOUS
10
11.0249738976377945
20
-8.5151596456692911
11
11.024767007874015
21
-8.5146190157480319
0
LINE
8
BLACK
6
CONTINUOUS
10
11.024767007874015
20
-8.5146190157480319
11
11.0247594881889768
21
-8.5145131889763785
0
LINE
8
BLACK
6
CONTINUOUS
10
11.0247594881889768
20
-8.5145131889763785
11
11.0247188976377952
21
-8.5144151968503934
0
LINE
8
BLACK
6
CONTINUOUS
10
11.0247188976377952
20
-8.5144151968503934
11
11.0246621653543304
21
-8.5138391338582675
0
LINE
8
BLACK
6
CONTINUOUS
10
11.0246621653543304
20
-8.5138391338582675
11
11.0246621653543304
21
-8.4988410236220471
0
LINE
8
BLACK
6
CONTINUOUS
10
11.0246621653543304
20
-8.4988410236220471
11
11.0247188976377952
21
-8.4982649606299212
0
LINE
8
BLACK
6
CONTINUOUS
10
11.0247188976377952
20
-8.4982649606299212
11
11.0251598031496059
21
-8.497200551181102
0
LINE
8
BLACK
6
CONTINUOUS
10
11.0251598031496059
20
-8.497200551181102
11
11.0259744488188982
21
-8.4963859055118114
0
LINE
8
BLACK
6
CONTINUOUS
10
11.0259744488188982
20
-8.4963859055118114
11
11.0270388582677157
21
-8.495944999999999
0
LINE
8
BLACK
6
CONTINUOUS
10
11.0270388582677157
20
-8.495944999999999
11
11.0276149212598416
21
-8.4958882677165359
0
LINE
8
BLACK
6
CONTINUOUS
10
11.0276149212598416
20
-8.4958882677165359
11
11.066984999999999
21
-8.4958882677165359
0
LINE
8
BLACK
6
CONTINUOUS
10
11.066984999999999
20
-8.4958882677165359
11
11.0675610629921266
21
-8.495944999999999
0
LINE
8
BLACK
6
CONTINUOUS
10
11.0305676771653545
20
-8.5131420866141738
11
11.0319164173228348
21
-8.5158395669291345
0
LINE
8
BLACK
6
CONTINUOUS
10
11.0319164173228348
20
-8.5158395669291345
11
11.0331135433070866
21
-8.5170366929133863
0
LINE
8
BLACK
6
CONTINUOUS
10
11.0331135433070866
20
-8.5170366929133863
11
11.0358110236220472
21
-8.5183854330708666
0
LINE
8
BLACK
6
CONTINUOUS
10
11.0358110236220472
20
-8.5183854330708666
11
11.0400412204724407
21
-8.5183854330708666
0
LINE
8
BLACK
6
CONTINUOUS
10
11.0400412204724407
20
-8.5183854330708666
11
11.0427387007874014
21
-8.5170366929133863
0
LINE
8
BLACK
6
CONTINUOUS
10
11.0427387007874014
20
-8.5170366929133863
11
11.0439358267716532
21
-8.5158395669291345
0
LINE
8
BLACK
6
CONTINUOUS
10
11.0439358267716532
20
-8.5158395669291345
11
11.0452845669291335
21
-8.5131420866141738
0
LINE
8
BLACK
6
CONTINUOUS
10
11.0452845669291335
20
-8.5131420866141738
11
11.0452845669291335
21
-8.5017937795275582
0
LINE
8
BLACK
6
CONTINUOUS
10
11.0452845669291335
20
-8.5017937795275582
11
11.0305676771653545
21
-8.5017937795275582
0
LINE
8
BLACK
6
CONTINUOUS
10
11.0305676771653545
20
-8.5017937795275582
11
11.0305676771653545
21
-8.5131420866141738
0
LINE
8
BLACK
6
CONTINUOUS
10
11.0292553937007867
20
-8.4551410629921264
11
11.030070039370079
21
-8.455955708661417
0
LINE
8
BLACK
6
CONTINUOUS
10
11.030070039370079
20
-8.455955708661417
11
11.0305109448818897
21
-8.4570201181102362
0
LINE
8
BLACK
6
CONTINUOUS
10
11.0305109448818897
20
-8.4570201181102362
11
11.0305676771653545
21
-8.4575961811023621
0
LINE
8
BLACK
6
CONTINUOUS
10
11.0305676771653545
20
-8.4575961811023621
11
11.0305676771653545
21
-8.4754609055118113
0
LINE
8
BLACK
6
CONTINUOUS
10
11.0305676771653545
20
-8.4754609055118113
11
11.0406686220472441
21
-8.4666225984251966
0
LINE
8
BLACK
6
CONTINUOUS
10
11.0406686220472441
20
-8.4666225984251966
11
11.0409175984251959
21
-8.4664445669291339
0
LINE
8
BLACK
6
CONTINUOUS
10
11.0409175984251959
20
-8.4664445669291339
11
11.0409725590551187
21
-8.4663896456692918
0
LINE
8
BLACK
6
CONTINUOUS
10
11.0409725590551187
20
-8.4663896456692918
11
11.0410246456692906
21
-8.4663680314960637
0
LINE
8
BLACK
6
CONTINUOUS
10
11.0410246456692906
20
-8.4663680314960637
11
11.0411395275590554
21
-8.4662859448818892
0
LINE
8
BLACK
6
CONTINUOUS
10
11.0411395275590554
20
-8.4662859448818892
11
11.0415937401574809
21
-8.4661323228346461
0
LINE
8
BLACK
6
CONTINUOUS
10
11.0415937401574809
20
-8.4661323228346461
11
11.0420369685039361
21
-8.4659487401574793
0
LINE
8
BLACK
6
CONTINUOUS
10
11.0420369685039361
20
-8.4659487401574793
11
11.0421366141732289
21
-8.4659487401574793
0
LINE
8
BLACK
6
CONTINUOUS
10
11.0421366141732289
20
-8.4659487401574793
11
11.0422309055118113
21
-8.4659168503937003
0
LINE
8
BLACK
6
CONTINUOUS
10
11.0422309055118113
20
-8.4659168503937003
11
11.0427093700787395
21
-8.4659487401574793
0
LINE
8
BLACK
6
CONTINUOUS
10
11.0427093700787395
20
-8.4659487401574793
11
11.0431890944881879
21
-8.4659487401574793
0
LINE
8
BLACK
6
CONTINUOUS
10
11.0431890944881879
20
-8.4659487401574793
11
11.0432810629921256
21
-8.4659868110236225
0
LINE
8
BLACK
6
CONTINUOUS
10
11.0432810629921256
20
-8.4659868110236225
11
11.0433804330708654
21
-8.4659934645669281
0
LINE
8
BLACK
6
CONTINUOUS
10
11.0433804330708654
20
-8.4659934645669281
11
11.0438105511811013
21
-8.4662061417322825
0
LINE
8
BLACK
6
CONTINUOUS
10
11.0438105511811013
20
-8.4662061417322825
11
11.0442535039370071
21
-8.4663896456692918
0
LINE
8
BLACK
6
CONTINUOUS
10
11.0442535039370071
20
-8.4663896456692918
11
11.044323818897638
21
-8.4664599606299209
0
LINE
8
BLACK
6
CONTINUOUS
10
11.044323818897638
20
-8.4664599606299209
11
11.0444131889763781
21
-8.4665041732283459
0
LINE
8
BLACK
6
CONTINUOUS
10
11.0444131889763781
20
-8.4665041732283459
11
11.0447291338582669
21
-8.4668652755905516
0
LINE
8
BLACK
6
CONTINUOUS
10
11.0447291338582669
20
-8.4668652755905516
11
11.0450681496062995
21
-8.4672042913385823
0
LINE
8
BLACK
6
CONTINUOUS
10
11.0450681496062995
20
-8.4672042913385823
11
11.0451062598425196
21
-8.4672962598425201
0
LINE
8
BLACK
6
CONTINUOUS
10
11.0451062598425196
20
-8.4672962598425201
11
11.0451718503937002
21
-8.467371259842519
0
LINE
8
BLACK
6
CONTINUOUS
10
11.0451718503937002
20
-8.467371259842519
11
11.0453254330708663
21
-8.4678254724409445
0
LINE
8
BLACK
6
CONTINUOUS
10
11.0453254330708663
20
-8.4678254724409445
11
11.0455090551181101
21
-8.4682687007874016
0
LINE
8
BLACK
6
CONTINUOUS
10
11.0455090551181101
20
-8.4682687007874016
11
11.045522874015747
21
-8.4684092519685041
0
LINE
8
BLACK
6
CONTINUOUS
10
11.045522874015747
20
-8.4684092519685041
11
11.0455409448818891
21
-8.468462637795275
0
LINE
8
BLACK
6
CONTINUOUS
10
11.0455409448818891
20
-8.468462637795275
11
11.0455357480314955
21
-8.4685400787401566
0
LINE
8
BLACK
6
CONTINUOUS
10
11.0455357480314955
20
-8.4685400787401566
11
11.0455657874015749
21
-8.4688447637795274
0
LINE
8
BLACK
6
CONTINUOUS
10
11.0455657874015749
20
-8.4688447637795274
11
11.0455657874015749
21
-8.4737720078740164
0
LINE
8
BLACK
6
CONTINUOUS
10
11.0455657874015749
20
-8.4737720078740164
11
11.0469145275590552
21
-8.4764694881889771
0
LINE
8
BLACK
6
CONTINUOUS
10
11.0469145275590552
20
-8.4764694881889771
11
11.048111653543307
21
-8.4776666141732289
0
LINE
8
BLACK
6
CONTINUOUS
10
11.048111653543307
20
-8.4776666141732289
11
11.0508091338582677
21
-8.4790153543307092
0
LINE
8
BLACK
6
CONTINUOUS
10
11.0508091338582677
20
-8.4790153543307092
11
11.0587888582677163
21
-8.4790153543307092
0
LINE
8
BLACK
6
CONTINUOUS
10
11.0587888582677163
20
-8.4790153543307092
11
11.0614863385826769
21
-8.4776665748031501
0
LINE
8
BLACK
6
CONTINUOUS
10
11.0614863385826769
20
-8.4776665748031501
11
11.0626835039370075
21
-8.4764694488188983
0
LINE
8
BLACK
6
CONTINUOUS
10
11.0626835039370075
20
-8.4764694488188983
11
11.0640322440944878
21
-8.4737720078740164
0
LINE
8
BLACK
6
CONTINUOUS
10
11.0640322440944878
20
-8.4737720078740164
11
11.0640322440944878
21
-8.4639175196850385
0
LINE
8
BLACK
6
CONTINUOUS
10
11.0640322440944878
20
-8.4639175196850385
11
11.0626835039370075
21
-8.4612200393700778
0
LINE
8
BLACK
6
CONTINUOUS
10
11.0626835039370075
20
-8.4612200393700778
11
11.0611475590551187
21
-8.4596841338582678
0
LINE
8
BLACK
6
CONTINUOUS
10
11.0611475590551187
20
-8.4596841338582678
11
11.0607803149606294
21
-8.4592366535433072
0
LINE
8
BLACK
6
CONTINUOUS
10
11.0607803149606294
20
-8.4592366535433072
11
11.0603394094488188
21
-8.458172244094488
0
LINE
8
BLACK
6
CONTINUOUS
10
11.0603394094488188
20
-8.458172244094488
11
11.0603394094488188
21
-8.457020157480315
0
LINE
8
BLACK
6
CONTINUOUS
10
11.0603394094488188
20
-8.457020157480315
11
11.0607802755905507
21
-8.4559557480314957
0
LINE
8
BLACK
6
CONTINUOUS
10
11.0607802755905507
20
-8.4559557480314957
11
11.0615949606299218
21
-8.4551410629921264
0
LINE
8
BLACK
6
CONTINUOUS
10
11.0615949606299218
20
-8.4551410629921264
11
11.0626593700787392
21
-8.454700157480314
0
LINE
8
BLACK
6
CONTINUOUS
10
11.0626593700787392
20
-8.454700157480314
11
11.063811456692914
21
-8.454700157480314
0
LINE
8
BLACK
6
CONTINUOUS
10
11.063811456692914
20
-8.454700157480314
11
11.0648758661417315
21
-8.4551410236220477
0
LINE
8
BLACK
6
CONTINUOUS
10
11.0648758661417315
20
-8.4551410236220477
11
11.0653233070866133
21
-8.4555082283464564
0
LINE
8
BLACK
6
CONTINUOUS
10
11.0653233070866133
20
-8.4555082283464564
11
11.0671981102362196
21
-8.457382992125984
0
LINE
8
BLACK
6
CONTINUOUS
10
11.0671981102362196
20
-8.457382992125984
11
11.067383858267716
21
-8.4576093307086619
0
LINE
8
BLACK
6
CONTINUOUS
10
11.067383858267716
20
-8.4576093307086619
11
11.0674429133858272
21
-8.4576605511811014
0
LINE
8
BLACK
6
CONTINUOUS
10
11.0674429133858272
20
-8.4576605511811014
11
11.0674988976377957
21
-8.457749488188977
0
LINE
8
BLACK
6
CONTINUOUS
10
11.0674988976377957
20
-8.457749488188977
11
11.0675653543307089
21
-8.4578304724409445
0
LINE
8
BLACK
6
CONTINUOUS
10
11.0675653543307089
20
-8.4578304724409445
11
11.067595157480314
21
-8.4579024015748026
0
LINE
8
BLACK
6
CONTINUOUS
10
11.067595157480314
20
-8.4579024015748026
11
11.0677512598425203
21
-8.4581504330708661
0
LINE
8
BLACK
6
CONTINUOUS
10
11.0677512598425203
20
-8.4581504330708661
11
11.0696260236220478
21
-8.4618999606299212
0
LINE
8
BLACK
6
CONTINUOUS
10
11.0696260236220478
20
-8.4618999606299212
11
11.0698329133858273
21
-8.4624405511811016
0
LINE
8
BLACK
6
CONTINUOUS
10
11.0698329133858273
20
-8.4624405511811016
11
11.0698404330708655
21
-8.4625464173228337
0
LINE
8
BLACK
6
CONTINUOUS
10
11.0698404330708655
20
-8.4625464173228337
11
11.0698810236220471
21
-8.4626444094488189
0
LINE
8
BLACK
6
CONTINUOUS
10
11.0698810236220471
20
-8.4626444094488189
11
11.0699377559055119
21
-8.4632204724409448
0
LINE
8
BLACK
6
CONTINUOUS
10
11.0699377559055119
20
-8.4632204724409448
11
11.0699377559055119
21
-8.4744690551181101
0
LINE
8
BLACK
6
CONTINUOUS
10
11.0699377559055119
20
-8.4744690551181101
11
11.0698810236220471
21
-8.475045118110236
0
LINE
8
BLACK
6
CONTINUOUS
10
11.0698810236220471
20
-8.475045118110236
11
11.0698404330708655
21
-8.4751430708661424
0
LINE
8
BLACK
6
CONTINUOUS
10
11.0698404330708655
20
-8.4751430708661424
11
11.0698329133858273
21
-8.4752489763779533
0
LINE
8
BLACK
6
CONTINUOUS
10
11.0698329133858273
20
-8.4752489763779533
11
11.0696260236220478
21
-8.4757895669291337
0
LINE
8
BLACK
6
CONTINUOUS
10
11.0696260236220478
20
-8.4757895669291337
11
11.0677512598425203
21
-8.4795390944881888
0
LINE
8
BLACK
6
CONTINUOUS
10
11.0677512598425203
20
-8.4795390944881888
11
11.067595157480314
21
-8.4797870866141736
0
LINE
8
BLACK
6
CONTINUOUS
10
11.067595157480314
20
-8.4797870866141736
11
11.0675653543307089
21
-8.4798590551181103
0
LINE
8
BLACK
6
CONTINUOUS
10
11.0675653543307089
20
-8.4798590551181103
11
11.0674988976377957
21
-8.4799399999999991
0
LINE
8
BLACK
6
CONTINUOUS
10
11.0674988976377957
20
-8.4799399999999991
11
11.0674429133858272
21
-8.4800289763779517
0
LINE
8
BLACK
6
CONTINUOUS
10
11.0674429133858272
20
-8.4800289763779517
11
11.067383858267716
21
-8.4800801574803142
0
LINE
8
BLACK
6
CONTINUOUS
10
11.067383858267716
20
-8.4800801574803142
11
11.0671981102362196
21
-8.4803065354330709
0
LINE
8
BLACK
6
CONTINUOUS
10
11.0671981102362196
20
-8.4803065354330709
11
11.0653233070866133
21
-8.4821812992125984
0
LINE
8
BLACK
6
CONTINUOUS
10
11.0653233070866133
20
-8.4821812992125984
11
11.0650969685039371
21
-8.4823670078740161
0
LINE
8
BLACK
6
CONTINUOUS
10
11.0650969685039371
20
-8.4823670078740161
11
11.0650458267716534
21
-8.4824260236220468
0
LINE
8
BLACK
6
CONTINUOUS
10
11.0650458267716534
20
-8.4824260236220468
11
11.0649568897637796
21
-8.4824819685039365
0
LINE
8
BLACK
6
CONTINUOUS
10
11.0649568897637796
20
-8.4824819685039365
11
11.0648758661417315
21
-8.4825485039370072
0
LINE
8
BLACK
6
CONTINUOUS
10
11.0648758661417315
20
-8.4825485039370072
11
11.0648038188976372
21
-8.4825783070866141
0
LINE
8
BLACK
6
CONTINUOUS
10
11.0648038188976372
20
-8.4825783070866141
11
11.0645559448818886
21
-8.4827343700787399
0
LINE
8
BLACK
6
CONTINUOUS
10
11.0645559448818886
20
-8.4827343700787399
11
11.0608064173228335
21
-8.4846091338582674
0
LINE
8
BLACK
6
CONTINUOUS
10
11.0608064173228335
20
-8.4846091338582674
11
11.0602657874015744
21
-8.4848160236220469
0
LINE
8
BLACK
6
CONTINUOUS
10
11.0602657874015744
20
-8.4848160236220469
11
11.060159960629921
21
-8.4848235039370081
0
LINE
8
BLACK
6
CONTINUOUS
10
11.060159960629921
20
-8.4848235039370081
11
11.0600619685039376
21
-8.4848641338582667
0
LINE
8
BLACK
6
CONTINUOUS
10
11.0600619685039376
20
-8.4848641338582667
11
11.05948590551181
21
-8.4849208661417315
0
LINE
8
BLACK
6
CONTINUOUS
10
11.05948590551181
20
-8.4849208661417315
11
11.0501120866141722
21
-8.4849208661417315
0
LINE
8
BLACK
6
CONTINUOUS
10
11.0501120866141722
20
-8.4849208661417315
11
11.0495360236220463
21
-8.4848641338582667
0
LINE
8
BLACK
6
CONTINUOUS
10
11.0495360236220463
20
-8.4848641338582667
11
11.049438031496063
21
-8.4848235433070869
0
LINE
8
BLACK
6
CONTINUOUS
10
11.049438031496063
20
-8.4848235433070869
11
11.0493321653543308
21
-8.4848160236220469
0
LINE
8
BLACK
6
CONTINUOUS
10
11.0493321653543308
20
-8.4848160236220469
11
11.0487915748031487
21
-8.4846091338582674
0
LINE
8
BLACK
6
CONTINUOUS
10
11.0487915748031487
20
-8.4846091338582674
11
11.0450420472440936
21
-8.4827343700787399
0
LINE
8
BLACK
6
CONTINUOUS
10
11.0450420472440936
20
-8.4827343700787399
11
11.0447940157480318
21
-8.4825782677165353
0
LINE
8
BLACK
6
CONTINUOUS
10
11.0447940157480318
20
-8.4825782677165353
11
11.0447220866141738
21
-8.4825484645669285
0
LINE
8
BLACK
6
CONTINUOUS
10
11.0447220866141738
20
-8.4825484645669285
11
11.0446411023622044
21
-8.4824819685039365
0
LINE
8
BLACK
6
CONTINUOUS
10
11.0446411023622044
20
-8.4824819685039365
11
11.0445521653543306
21
-8.4824260236220468
0
LINE
8
BLACK
6
CONTINUOUS
10
11.0445521653543306
20
-8.4824260236220468
11
11.0445009842519681
21
-8.4823670078740161
0
LINE
8
BLACK
6
CONTINUOUS
10
11.0445009842519681
20
-8.4823670078740161
11
11.044274645669292
21
-8.4821812598425197
0
LINE
8
BLACK
6
CONTINUOUS
10
11.044274645669292
20
-8.4821812598425197
11
11.0423998818897644
21
-8.4803064960629921
0
LINE
8
BLACK
6
CONTINUOUS
10
11.0423998818897644
20
-8.4803064960629921
11
11.0422140944881892
21
-8.4800801181102354
0
LINE
8
BLACK
6
CONTINUOUS
10
11.0422140944881892
20
-8.4800801181102354
11
11.0421551181102355
21
-8.4800289763779517
0
LINE
8
BLACK
6
CONTINUOUS
10
11.0421551181102355
20
-8.4800289763779517
11
11.042099133858267
21
-8.4799399999999991
0
LINE
8
BLACK
6
CONTINUOUS
10
11.042099133858267
20
-8.4799399999999991
11
11.0420326771653539
21
-8.4798590551181103
0
LINE
8
BLACK
6
CONTINUOUS
10
11.0420326771653539
20
-8.4798590551181103
11
11.0420028346456682
21
-8.4797870866141736
0
LINE
8
BLACK
6
CONTINUOUS
10
11.0420028346456682
20
-8.4797870866141736
11
11.0418467716535424
21
-8.4795390944881888
0
LINE
8
BLACK
6
CONTINUOUS
10
11.0418467716535424
20
-8.4795390944881888
11
11.0399720078740149
21
-8.4757895669291337
0
LINE
8
BLACK
6
CONTINUOUS
10
11.0399720078740149
20
-8.4757895669291337
11
11.0397683464566931
21
-8.475257362204724
0
LINE
8
BLACK
6
CONTINUOUS
10
11.0397683464566931
20
-8.475257362204724
11
11.0295593307086612
21
-8.4841902755905512
0
LINE
8
BLACK
6
CONTINUOUS
10
11.0295593307086612
20
-8.4841902755905512
11
11.0293103149606289
21
-8.4843682677165351
0
LINE
8
BLACK
6
CONTINUOUS
10
11.0293103149606289
20
-8.4843682677165351
11
11.0292553937007867
21
-8.484423228346456
0
LINE
8
BLACK
6
CONTINUOUS
10
11.0292553937007867
20
-8.484423228346456
11
11.0292032677165359
21
-8.4844448031496054
0
LINE
8
BLACK
6
CONTINUOUS
10
11.0292032677165359
20
-8.4844448031496054
11
11.02908842519685
21
-8.4845269291338585
0
LINE
8
BLACK
6
CONTINUOUS
10
11.02908842519685
20
-8.4845269291338585
11
11.0286341732283457
21
-8.4846805118110229
0
LINE
8
BLACK
6
CONTINUOUS
10
11.0286341732283457
20
-8.4846805118110229
11
11.0281909842519674
21
-8.4848641338582667
0
LINE
8
BLACK
6
CONTINUOUS
10
11.0281909842519674
20
-8.4848641338582667
11
11.0280913385826764
21
-8.4848641338582667
0
LINE
8
BLACK
6
CONTINUOUS
10
11.0280913385826764
20
-8.4848641338582667
11
11.027997047244094
21
-8.4848960236220474
0
LINE
8
BLACK
6
CONTINUOUS
10
11.027997047244094
20
-8.4848960236220474
11
11.0275185826771658
21
-8.4848641338582667
0
LINE
8
BLACK
6
CONTINUOUS
10
11.0275185826771658
20
-8.4848641338582667
11
11.0270388582677157
21
-8.4848641338582667
0
LINE
8
BLACK
6
CONTINUOUS
10
11.0270388582677157
20
-8.4848641338582667
11
11.0269468503937009
21
-8.4848260236220465
0
LINE
8
BLACK
6
CONTINUOUS
10
11.0269468503937009
20
-8.4848260236220465
11
11.02684751968504
21
-8.4848194094488179
0
LINE
8
BLACK
6
CONTINUOUS
10
11.02684751968504
20
-8.4848194094488179
11
11.0264173622047235
21
-8.4846066929133848
0
LINE
8
BLACK
6
CONTINUOUS
10
11.0264173622047235
20
-8.4846066929133848
11
11.0259744488188982
21
-8.484423228346456
0
LINE
8
BLACK
6
CONTINUOUS
10
11.0259744488188982
20
-8.484423228346456
11
11.0259040944881885
21
-8.4843528740157481
0
LINE
8
BLACK
6
CONTINUOUS
10
11.0259040944881885
20
-8.4843528740157481
11
11.0258147637795272
21
-8.4843087007874018
0
LINE
8
BLACK
6
CONTINUOUS
10
11.0258147637795272
20
-8.4843087007874018
11
11.0254987795275596
21
-8.4839475590551174
0
LINE
8
BLACK
6
CONTINUOUS
10
11.0254987795275596
20
-8.4839475590551174
11
11.0251598031496059
21
-8.4836085826771654
0
LINE
8
BLACK
6
CONTINUOUS
10
11.0251598031496059
20
-8.4836085826771654
11
11.025121653543307
21
-8.4835165748031489
0
LINE
8
BLACK
6
CONTINUOUS
10
11.025121653543307
20
-8.4835165748031489
11
11.0250561023622051
21
-8.4834416141732287
0
LINE
8
BLACK
6
CONTINUOUS
10
11.0250561023622051
20
-8.4834416141732287
11
11.0249024803149602
21
-8.4829873622047245
0
LINE
8
BLACK
6
CONTINUOUS
10
11.0249024803149602
20
-8.4829873622047245
11
11.0247188976377952
21
-8.4825441732283462
0
LINE
8
BLACK
6
CONTINUOUS
10
11.0247188976377952
20
-8.4825441732283462
11
11.0247050393700778
21
-8.4824035826771649
0
LINE
8
BLACK
6
CONTINUOUS
10
11.0247050393700778
20
-8.4824035826771649
11
11.0246870078740162
21
-8.4823502362204728
0
LINE
8
BLACK
6
CONTINUOUS
10
11.0246870078740162
20
-8.4823502362204728
11
11.0246921653543311
21
-8.4822727559055124
0
LINE
8
BLACK
6
CONTINUOUS
10
11.0246921653543311
20
-8.4822727559055124
11
11.0246621653543304
21
-8.4819681102362203
0
LINE
8
BLACK
6
CONTINUOUS
10
11.0246621653543304
20
-8.4819681102362203
11
11.0246621653543304
21
-8.4575961811023621
0
LINE
8
BLACK
6
CONTINUOUS
10
11.0246621653543304
20
-8.4575961811023621
11
11.0247188976377952
21
-8.4570201181102362
0
LINE
8
BLACK
6
CONTINUOUS
10
11.0247188976377952
20
-8.4570201181102362
11
11.0251598031496059
21
-8.455955708661417
0
LINE
8
BLACK
6
CONTINUOUS
10
11.0251598031496059
20
-8.455955708661417
11
11.0259744488188982
21
-8.4551410629921264
0
LINE
8
BLACK
6
CONTINUOUS
10
11.0259744488188982
20
-8.4551410629921264
11
11.0270388582677157
21
-8.454700157480314
0
LINE
8
BLACK
6
CONTINUOUS
10
11.0270388582677157
20
-8.454700157480314
11
11.0281909842519674
21
-8.454700157480314
0
LINE
8
BLACK
6
CONTINUOUS
10
11.0281909842519674
20
-8.454700157480314
11
11.0292553937007867
21
-8.4551410629921264
0
LINE
8
BLACK
6
CONTINUOUS
10
11.2676458267716537
20
-8.4304655905511812
11
11.2677657086614165
21
-8.4310682283464562
0
LINE
8
BLACK
6
CONTINUOUS
10
11.2677657086614165
20
-8.4310682283464562
11
11.2677657086614165
21
-8.4397837007874017
0
LINE
8
BLACK
6
CONTINUOUS
10
11.2677657086614165
20
-8.4397837007874017
11
11.2726529527559052
21
-8.4355073622047243
0
LINE
8
BLACK
6
CONTINUOUS
10
11.2726529527559052
20
-8.4355073622047243
11
11.2730409842519688
21
-8.4352838976377953
0
LINE
8
BLACK
6
CONTINUOUS
10
11.2730409842519688
20
-8.4352838976377953
11
11.2730873228346447
21
-8.4352375984251964
0
LINE
8
BLACK
6
CONTINUOUS
10
11.2730873228346447
20
-8.4352375984251964
11
11.2731214173228338
21
-8.4352375984251964
0
LINE
8
BLACK
6
CONTINUOUS
10
11.2731214173228338
20
-8.4352375984251964
11
11.2731854330708661
21
-8.4352007480314963
0
LINE
8
BLACK
6
CONTINUOUS
10
11.2731854330708661
20
-8.4352007480314963
11
11.2737383070866137
21
-8.4352375984251964
0
LINE
8
BLACK
6
CONTINUOUS
10
11.2737383070866137
20
-8.4352375984251964
11
11.2742925984251965
21
-8.4352375984251964
0
LINE
8
BLACK
6
CONTINUOUS
10
11.2742925984251965
20
-8.4352375984251964
11
11.2743321653543305
21
-8.4352771653543304
0
LINE
8
BLACK
6
CONTINUOUS
10
11.2743321653543305
20
-8.4352771653543304
11
11.2743880708661415
21
-8.4352809055118101
0
LINE
8
BLACK
6
CONTINUOUS
10
11.2743880708661415
20
-8.4352809055118101
11
11.2747531889763781
21
-8.435698188976378
0
LINE
8
BLACK
6
CONTINUOUS
10
11.2747531889763781
20
-8.435698188976378
11
11.2751448818897639
21
-8.4360898818897638
0
LINE
8
BLACK
6
CONTINUOUS
10
11.2751448818897639
20
-8.4360898818897638
11
11.2751592519685033
21
-8.4361622834645669
0
LINE
8
BLACK
6
CONTINUOUS
10
11.2751592519685033
20
-8.4361622834645669
11
11.275181732283464
21
-8.4361879527559047
0
LINE
8
BLACK
6
CONTINUOUS
10
11.275181732283464
20
-8.4361879527559047
11
11.2751773622047242
21
-8.4362532283464571
0
LINE
8
BLACK
6
CONTINUOUS
10
11.2751773622047242
20
-8.4362532283464571
11
11.2752647637795267
21
-8.4366925196850389
0
LINE
8
BLACK
6
CONTINUOUS
10
11.2752647637795267
20
-8.4366925196850389
11
11.2752647637795267
21
-8.4391328740157476
0
LINE
8
BLACK
6
CONTINUOUS
10
11.2752647637795267
20
-8.4391328740157476
11
11.2759216141732281
21
-8.4404466141732275
0
LINE
8
BLACK
6
CONTINUOUS
10
11.2759216141732281
20
-8.4404466141732275
11
11.276497519685039
21
-8.4410225196850384
0
LINE
8
BLACK
6
CONTINUOUS
10
11.276497519685039
20
-8.4410225196850384
11
11.2778112598425189
21
-8.4416794094488186
0
LINE
8
BLACK
6
CONTINUOUS
10
11.2778112598425189
20
-8.4416794094488186
11
11.2817546456692916
21
-8.4416794094488186
0
LINE
8
BLACK
6
CONTINUOUS
10
11.2817546456692916
20
-8.4416794094488186
11
11.283068307086614
21
-8.4410225196850384
0
LINE
8
BLACK
6
CONTINUOUS
10
11.283068307086614
20
-8.4410225196850384
11
11.2836443307086611
21
-8.4404465748031487
0
LINE
8
BLACK
6
CONTINUOUS
10
11.2836443307086611
20
-8.4404465748031487
11
11.2843011417322838
21
-8.4391329527559051
0
LINE
8
BLACK
6
CONTINUOUS
10
11.2843011417322838
20
-8.4391329527559051
11
11.2843011417322838
21
-8.4342520866141726
0
LINE
8
BLACK
6
CONTINUOUS
10
11.2843011417322838
20
-8.4342520866141726
11
11.2836443307086611
21
-8.4329385039370077
0
LINE
8
BLACK
6
CONTINUOUS
10
11.2836443307086611
20
-8.4329385039370077
11
11.2828876377952749
21
-8.4321817716535428
0
LINE
8
BLACK
6
CONTINUOUS
10
11.2828876377952749
20
-8.4321817716535428
11
11.282546259842519
21
-8.4316708661417312
0
LINE
8
BLACK
6
CONTINUOUS
10
11.282546259842519
20
-8.4316708661417312
11
11.282546259842519
21
-8.4304655905511812
0
LINE
8
BLACK
6
CONTINUOUS
10
11.282546259842519
20
-8.4304655905511812
11
11.2833985433070865
21
-8.4296133070866137
0
LINE
8
BLACK
6
CONTINUOUS
10
11.2833985433070865
20
-8.4296133070866137
11
11.2846038188976383
21
-8.4296133070866137
0
LINE
8
BLACK
6
CONTINUOUS
10
11.2846038188976383
20
-8.4296133070866137
11
11.2851147244094481
21
-8.4299546850393696
0
LINE
8
BLACK
6
CONTINUOUS
10
11.2851147244094481
20
-8.4299546850393696
11
11.2860521259842521
21
-8.4308920472440949
0
LINE
8
BLACK
6
CONTINUOUS
10
11.2860521259842521
20
-8.4308920472440949
11
11.2861925196850397
21
-8.4311021653543303
0
LINE
8
BLACK
6
CONTINUOUS
10
11.2861925196850397
20
-8.4311021653543303
11
11.2863471259842516
21
-8.4313013779527566
0
LINE
8
BLACK
6
CONTINUOUS
10
11.2863471259842516
20
-8.4313013779527566
11
11.2872844881889769
21
-8.4331761023622054
0
LINE
8
BLACK
6
CONTINUOUS
10
11.2872844881889769
20
-8.4331761023622054
11
11.2873053149606299
21
-8.4332522047244094
0
LINE
8
BLACK
6
CONTINUOUS
10
11.2873053149606299
20
-8.4332522047244094
11
11.2873308661417315
21
-8.433277755905511
0
LINE
8
BLACK
6
CONTINUOUS
10
11.2873308661417315
20
-8.433277755905511
11
11.2873800787401564
21
-8.4335252755905508
0
LINE
8
BLACK
6
CONTINUOUS
10
11.2873800787401564
20
-8.4335252755905508
11
11.2874467716535438
21
-8.4337687401574808
0
LINE
8
BLACK
6
CONTINUOUS
10
11.2874467716535438
20
-8.4337687401574808
11
11.2874353149606304
21
-8.4338029921259849
0
LINE
8
BLACK
6
CONTINUOUS
10
11.2874353149606304
20
-8.4338029921259849
11
11.2874507480314961
21
-8.4338803937007878
0
LINE
8
BLACK
6
CONTINUOUS
10
11.2874507480314961
20
-8.4338803937007878
11
11.2874507480314961
21
-8.4395046850393705
0
LINE
8
BLACK
6
CONTINUOUS
10
11.2874507480314961
20
-8.4395046850393705
11
11.2874353149606304
21
-8.4395820472440946
0
LINE
8
BLACK
6
CONTINUOUS
10
11.2874353149606304
20
-8.4395820472440946
11
11.2874467716535438
21
-8.4396163385826775
0
LINE
8
BLACK
6
CONTINUOUS
10
11.2874467716535438
20
-8.4396163385826775
11
11.2873800787401564
21
-8.439859763779527
0
LINE
8
BLACK
6
CONTINUOUS
10
11.2873800787401564
20
-8.439859763779527
11
11.2873308661417315
21
-8.4401073228346455
0
LINE
8
BLACK
6
CONTINUOUS
10
11.2873308661417315
20
-8.4401073228346455
11
11.2873053149606299
21
-8.4401328346456683
0
LINE
8
BLACK
6
CONTINUOUS
10
11.2873053149606299
20
-8.4401328346456683
11
11.2872844881889769
21
-8.4402089763779529
0
LINE
8
BLACK
6
CONTINUOUS
10
11.2872844881889769
20
-8.4402089763779529
11
11.2863471259842516
21
-8.4420837007874017
0
LINE
8
BLACK
6
CONTINUOUS
10
11.2863471259842516
20
-8.4420837007874017
11
11.2861925196850397
21
-8.4422828740157474
0
LINE
8
BLACK
6
CONTINUOUS
10
11.2861925196850397
20
-8.4422828740157474
11
11.2860521259842521
21
-8.4424930314960633
0
LINE
8
BLACK
6
CONTINUOUS
10
11.2860521259842521
20
-8.4424930314960633
11
11.2851147244094481
21
-8.4434303937007869
0
LINE
8
BLACK
6
CONTINUOUS
10
11.2851147244094481
20
-8.4434303937007869
11
11.2849048031496064
21
-8.4435705905511806
0
LINE
8
BLACK
6
CONTINUOUS
10
11.2849048031496064
20
-8.4435705905511806
11
11.2847054724409439
21
-8.4437253543307076
0
LINE
8
BLACK
6
CONTINUOUS
10
11.2847054724409439
20
-8.4437253543307076
11
11.2828307086614164
21
-8.4446627559055116
0
LINE
8
BLACK
6
CONTINUOUS
10
11.2828307086614164
20
-8.4446627559055116
11
11.2827545669291336
21
-8.4446835826771647
0
LINE
8
BLACK
6
CONTINUOUS
10
11.2827545669291336
20
-8.4446835826771647
11
11.2827290551181108
21
-8.444709133858268
0
LINE
8
BLACK
6
CONTINUOUS
10
11.2827290551181108
20
-8.444709133858268
11
11.2824814960629922
21
-8.4447583464566929
0
LINE
8
BLACK
6
CONTINUOUS
10
11.2824814960629922
20
-8.4447583464566929
11
11.2822380708661409
21
-8.4448250393700786
0
LINE
8
BLACK
6
CONTINUOUS
10
11.2822380708661409
20
-8.4448250393700786
11
11.282203779527558
21
-8.4448135826771651
0
LINE
8
BLACK
6
CONTINUOUS
10
11.282203779527558
20
-8.4448135826771651
11
11.2821264173228339
21
-8.4448290157480308
0
LINE
8
BLACK
6
CONTINUOUS
10
11.2821264173228339
20
-8.4448290157480308
11
11.2774394881889766
21
-8.4448290157480308
0
LINE
8
BLACK
6
CONTINUOUS
10
11.2774394881889766
20
-8.4448290157480308
11
11.2773620866141737
21
-8.4448135826771651
0
LINE
8
BLACK
6
CONTINUOUS
10
11.2773620866141737
20
-8.4448135826771651
11
11.2773278346456696
21
-8.4448250393700786
0
LINE
8
BLACK
6
CONTINUOUS
10
11.2773278346456696
20
-8.4448250393700786
11
11.2770843700787395
21
-8.4447583464566929
0
LINE
8
BLACK
6
CONTINUOUS
10
11.2770843700787395
20
-8.4447583464566929
11
11.2768368503936998
21
-8.444709133858268
0
LINE
8
BLACK
6
CONTINUOUS
10
11.2768368503936998
20
-8.444709133858268
11
11.2768112992125982
21
-8.4446835826771647
0
LINE
8
BLACK
6
CONTINUOUS
10
11.2768112992125982
20
-8.4446835826771647
11
11.2767351968503942
21
-8.4446627559055116
0
LINE
8
BLACK
6
CONTINUOUS
10
11.2767351968503942
20
-8.4446627559055116
11
11.2748604330708666
21
-8.4437253543307076
0
LINE
8
BLACK
6
CONTINUOUS
10
11.2748604330708666
20
-8.4437253543307076
11
11.2746608267716528
21
-8.4435704330708656
0
LINE
8
BLACK
6
CONTINUOUS
10
11.2746608267716528
20
-8.4435704330708656
11
11.2744511811023624
21
-8.4434303543307081
0
LINE
8
BLACK
6
CONTINUOUS
10
11.2744511811023624
20
-8.4434303543307081
11
11.2735138188976372
21
-8.4424929921259846
0
LINE
8
BLACK
6
CONTINUOUS
10
11.2735138188976372
20
-8.4424929921259846
11
11.2733737007874009
21
-8.4422833070866137
0
LINE
8
BLACK
6
CONTINUOUS
10
11.2733737007874009
20
-8.4422833070866137
11
11.2732188188976377
21
-8.4420837401574804
0
LINE
8
BLACK
6
CONTINUOUS
10
11.2732188188976377
20
-8.4420837401574804
11
11.2722814173228336
21
-8.4402089763779529
0
LINE
8
BLACK
6
CONTINUOUS
10
11.2722814173228336
20
-8.4402089763779529
11
11.2722605511811018
21
-8.4401328346456683
0
LINE
8
BLACK
6
CONTINUOUS
10
11.2722605511811018
20
-8.4401328346456683
11
11.272235039370079
21
-8.4401073228346455
0
LINE
8
BLACK
6
CONTINUOUS
10
11.272235039370079
20
-8.4401073228346455
11
11.2722266929133852
21
-8.4400653937007863
0
LINE
8
BLACK
6
CONTINUOUS
10
11.2722266929133852
20
-8.4400653937007863
11
11.2672279133858257
21
-8.4444393700787401
0
LINE
8
BLACK
6
CONTINUOUS
10
11.2672279133858257
20
-8.4444393700787401
11
11.2668398425196852
21
-8.4446627952755904
0
LINE
8
BLACK
6
CONTINUOUS
10
11.2668398425196852
20
-8.4446627952755904
11
11.2667935433070863
21
-8.444709133858268
0
LINE
8
BLACK
6
CONTINUOUS
10
11.2667935433070863
20
-8.444709133858268
11
11.2667594488188971
21
-8.444709133858268
0
LINE
8
BLACK
6
CONTINUOUS
10
11.2667594488188971
20
-8.444709133858268
11
11.2666954330708666
21
-8.4447459842519681
0
LINE
8
BLACK
6
CONTINUOUS
10
11.2666954330708666
20
-8.4447459842519681
11
11.2661425590551172
21
-8.444709133858268
0
LINE
8
BLACK
6
CONTINUOUS
10
11.2661425590551172
20
-8.444709133858268
11
11.2655882677165344
21
-8.444709133858268
0
LINE
8
BLACK
6
CONTINUOUS
10
11.2655882677165344
20
-8.444709133858268
11
11.2655486614173217
21
-8.4446695275590553
0
LINE
8
BLACK
6
CONTINUOUS
10
11.2655486614173217
20
-8.4446695275590553
11
11.2654927952755894
21
-8.4446658267716526
0
LINE
8
BLACK
6
CONTINUOUS
10
11.2654927952755894
20
-8.4446658267716526
11
11.2651277559055121
21
-8.4442486220472439
0
LINE
8
BLACK
6
CONTINUOUS
10
11.2651277559055121
20
-8.4442486220472439
11
11.2647359842519688
21
-8.4438568503937006
0
LINE
8
BLACK
6
CONTINUOUS
10
11.2647359842519688
20
-8.4438568503937006
11
11.2647215354330701
21
-8.4437843700787401
0
LINE
8
BLACK
6
CONTINUOUS
10
11.2647215354330701
20
-8.4437843700787401
11
11.2646991338582669
21
-8.443758740157481
0
LINE
8
BLACK
6
CONTINUOUS
10
11.2646991338582669
20
-8.443758740157481
11
11.2647034645669297
21
-8.4436934645669286
0
LINE
8
BLACK
6
CONTINUOUS
10
11.2647034645669297
20
-8.4436934645669286
11
11.2646161023622042
21
-8.4432542125984256
0
LINE
8
BLACK
6
CONTINUOUS
10
11.2646161023622042
20
-8.4432542125984256
11
11.2646161023622042
21
-8.4310682283464562
0
LINE
8
BLACK
6
CONTINUOUS
10
11.2646161023622042
20
-8.4310682283464562
11
11.2647359842519688
21
-8.4304655905511812
0
LINE
8
BLACK
6
CONTINUOUS
10
11.2647359842519688
20
-8.4304655905511812
11
11.2655882677165344
21
-8.4296133070866137
0
LINE
8
BLACK
6
CONTINUOUS
10
11.2655882677165344
20
-8.4296133070866137
11
11.2667935433070863
21
-8.4296133070866137
0
LINE
8
BLACK
6
CONTINUOUS
10
11.2667935433070863
20
-8.4296133070866137
11
11.2676458267716537
21
-8.4304655905511812
0
LINE
8
BLACK
6
CONTINUOUS
10
11.2776286614173227
20
-8.4107833858267718
11
11.2778214173228353
21
-8.4107927952755901
0
LINE
8
BLACK
6
CONTINUOUS
10
11.2778214173228353
20
-8.4107927952755901
11
11.2815709448818904
21
-8.4117301574803154
0
LINE
8
BLACK
6
CONTINUOUS
10
11.2815709448818904
20
-8.4117301574803154
11
11.2817268897637799
21
-8.4118038188976367
0
LINE
8
BLACK
6
CONTINUOUS
10
11.2817268897637799
20
-8.4118038188976367
11
11.2818933070866141
21
-8.4118494094488181
0
LINE
8
BLACK
6
CONTINUOUS
10
11.2818933070866141
20
-8.4118494094488181
11
11.2837680708661416
21
-8.4127868110236221
0
LINE
8
BLACK
6
CONTINUOUS
10
11.2837680708661416
20
-8.4127868110236221
11
11.2839674015748024
21
-8.4129415354330703
0
LINE
8
BLACK
6
CONTINUOUS
10
11.2839674015748024
20
-8.4129415354330703
11
11.2841773228346458
21
-8.4130817716535429
0
LINE
8
BLACK
6
CONTINUOUS
10
11.2841773228346458
20
-8.4130817716535429
11
11.2860521259842521
21
-8.4149565354330704
0
LINE
8
BLACK
6
CONTINUOUS
10
11.2860521259842521
20
-8.4149565354330704
11
11.2860959448818896
21
-8.415022125984251
0
LINE
8
BLACK
6
CONTINUOUS
10
11.2860959448818896
20
-8.415022125984251
11
11.2861282677165349
21
-8.4150383070866148
0
LINE
8
BLACK
6
CONTINUOUS
10
11.2861282677165349
20
-8.4150383070866148
11
11.2862531102362205
21
-8.4152573622047235
0
LINE
8
BLACK
6
CONTINUOUS
10
11.2862531102362205
20
-8.4152573622047235
11
11.286393503937008
21
-8.415467440944882
0
LINE
8
BLACK
6
CONTINUOUS
10
11.286393503937008
20
-8.415467440944882
11
11.286393503937008
21
-8.4155035826771645
0
LINE
8
BLACK
6
CONTINUOUS
10
11.286393503937008
20
-8.4155035826771645
11
11.2864325590551182
21
-8.4155721259842515
0
LINE
8
BLACK
6
CONTINUOUS
10
11.2864325590551182
20
-8.4155721259842515
11
11.2873699606299205
21
-8.4183842519685044
0
LINE
8
BLACK
6
CONTINUOUS
10
11.2873699606299205
20
-8.4183842519685044
11
11.2874014960629925
21
-8.4186348425196851
0
LINE
8
BLACK
6
CONTINUOUS
10
11.2874014960629925
20
-8.4186348425196851
11
11.2874507480314961
21
-8.4188822440944886
0
LINE
8
BLACK
6
CONTINUOUS
10
11.2874507480314961
20
-8.4188822440944886
11
11.2874507480314961
21
-8.4207570078740162
0
LINE
8
BLACK
6
CONTINUOUS
10
11.2874507480314961
20
-8.4207570078740162
11
11.2874014960629925
21
-8.4210044094488179
0
LINE
8
BLACK
6
CONTINUOUS
10
11.2874014960629925
20
-8.4210044094488179
11
11.2873699606299205
21
-8.4212549606299216
0
LINE
8
BLACK
6
CONTINUOUS
10
11.2873699606299205
20
-8.4212549606299216
11
11.2864325590551182
21
-8.4240671653543302
0
LINE
8
BLACK
6
CONTINUOUS
10
11.2864325590551182
20
-8.4240671653543302
11
11.286393503937008
21
-8.4241356692913385
0
LINE
8
BLACK
6
CONTINUOUS
10
11.286393503937008
20
-8.4241356692913385
11
11.286393503937008
21
-8.4241718503936998
0
LINE
8
BLACK
6
CONTINUOUS
10
11.286393503937008
20
-8.4241718503936998
11
11.286253031496063
21
-8.4243820078740157
0
LINE
8
BLACK
6
CONTINUOUS
10
11.286253031496063
20
-8.4243820078740157
11
11.2861282677165349
21
-8.4246009448818899
0
LINE
8
BLACK
6
CONTINUOUS
10
11.2861282677165349
20
-8.4246009448818899
11
11.2860959842519684
21
-8.4246170472440944
0
LINE
8
BLACK
6
CONTINUOUS
10
11.2860959842519684
20
-8.4246170472440944
11
11.2860521259842521
21
-8.4246827559055113
0
LINE
8
BLACK
6
CONTINUOUS
10
11.2860521259842521
20
-8.4246827559055113
11
11.2851147244094481
21
-8.4256201181102366
0
LINE
8
BLACK
6
CONTINUOUS
10
11.2851147244094481
20
-8.4256201181102366
11
11.2846038188976383
21
-8.4259614566929137
0
LINE
8
BLACK
6
CONTINUOUS
10
11.2846038188976383
20
-8.4259614566929137
11
11.2833985039370077
21
-8.425961417322835
0
LINE
8
BLACK
6
CONTINUOUS
10
11.2833985039370077
20
-8.425961417322835
11
11.282546259842519
21
-8.4251091732283463
0
LINE
8
BLACK
6
CONTINUOUS
10
11.282546259842519
20
-8.4251091732283463
11
11.2825462992125978
21
-8.4239038582677157
0
LINE
8
BLACK
6
CONTINUOUS
10
11.2825462992125978
20
-8.4239038582677157
11
11.2828876377952749
21
-8.4233929527559059
0
LINE
8
BLACK
6
CONTINUOUS
10
11.2828876377952749
20
-8.4233929527559059
11
11.283562165354331
21
-8.4227184645669286
0
LINE
8
BLACK
6
CONTINUOUS
10
11.283562165354331
20
-8.4227184645669286
11
11.2843011417322838
21
-8.4205014960629914
0
LINE
8
BLACK
6
CONTINUOUS
10
11.2843011417322838
20
-8.4205014960629914
11
11.2843011417322838
21
-8.4191377165354329
0
LINE
8
BLACK
6
CONTINUOUS
10
11.2843011417322838
20
-8.4191377165354329
11
11.283562165354331
21
-8.4169207874015743
0
LINE
8
BLACK
6
CONTINUOUS
10
11.283562165354331
20
-8.4169207874015743
11
11.28213090551181
21
-8.4154896062992126
0
LINE
8
BLACK
6
CONTINUOUS
10
11.28213090551181
20
-8.4154896062992126
11
11.2806393307086612
21
-8.4147438188976373
0
LINE
8
BLACK
6
CONTINUOUS
10
11.2806393307086612
20
-8.4147438188976373
11
11.2772455905511801
21
-8.4138953937007877
0
LINE
8
BLACK
6
CONTINUOUS
10
11.2772455905511801
20
-8.4138953937007877
11
11.2748212598425201
21
-8.4138953937007877
0
LINE
8
BLACK
6
CONTINUOUS
10
11.2748212598425201
20
-8.4138953937007877
11
11.2714274803149603
21
-8.4147438188976373
0
LINE
8
BLACK
6
CONTINUOUS
10
11.2714274803149603
20
-8.4147438188976373
11
11.2699359055118116
21
-8.4154895669291339
0
LINE
8
BLACK
6
CONTINUOUS
10
11.2699359055118116
20
-8.4154895669291339
11
11.2685046850393693
21
-8.4169207874015743
0
LINE
8
BLACK
6
CONTINUOUS
10
11.2685046850393693
20
-8.4169207874015743
11
11.2677657086614165
21
-8.4191377559055116
0
LINE
8
BLACK
6
CONTINUOUS
10
11.2677657086614165
20
-8.4191377559055116
11
11.2677657086614165
21
-8.4205014566929126
0
LINE
8
BLACK
6
CONTINUOUS
10
11.2677657086614165
20
-8.4205014566929126
11
11.2685046850393693
21
-8.4227184645669286
0
LINE
8
BLACK
6
CONTINUOUS
10
11.2685046850393693
20
-8.4227184645669286
11
11.2691792125984254
21
-8.4233929921259847
0
LINE
8
BLACK
6
CONTINUOUS
10
11.2691792125984254
20
-8.4233929921259847
11
11.2695205905511813
21
-8.4239038976377945
0
LINE
8
BLACK
6
CONTINUOUS
10
11.2695205905511813
20
-8.4239038976377945
11
11.2695205905511813
21
-8.4251091732283463
0
LINE
8
BLACK
6
CONTINUOUS
10
11.2695205905511813
20
-8.4251091732283463
11
11.2686683070866138
21
-8.4259614566929137
0
LINE
8
BLACK
6
CONTINUOUS
10
11.2686683070866138
20
-8.4259614566929137
11
11.267463031496062
21
-8.4259614566929137
0
LINE
8
BLACK
6
CONTINUOUS
10
11.267463031496062
20
-8.4259614566929137
11
11.2669521259842522
21
-8.4256200787401578
0
LINE
8
BLACK
6
CONTINUOUS
10
11.2669521259842522
20
-8.4256200787401578
11
11.2660147637795269
21
-8.4246827165354325
0
LINE
8
BLACK
6
CONTINUOUS
10
11.2660147637795269
20
-8.4246827165354325
11
11.2659709448818894
21
-8.4246171259842519
0
LINE
8
BLACK
6
CONTINUOUS
10
11.2659709448818894
20
-8.4246171259842519
11
11.2659386220472442
21
-8.4246009842519687
0
LINE
8
BLACK
6
CONTINUOUS
10
11.2659386220472442
20
-8.4246009842519687
11
11.2658135826771648
21
-8.4243816141732282
0
LINE
8
BLACK
6
CONTINUOUS
10
11.2658135826771648
20
-8.4243816141732282
11
11.265673385826771
21
-8.424171811023621
0
LINE
8
BLACK
6
CONTINUOUS
10
11.265673385826771
20
-8.424171811023621
11
11.265673385826771
21
-8.4241356692913385
0
LINE
8
BLACK
6
CONTINUOUS
10
11.265673385826771
20
-8.4241356692913385
11
11.2656343307086608
21
-8.4240671653543302
0
LINE
8
BLACK
6
CONTINUOUS
10
11.2656343307086608
20
-8.4240671653543302
11
11.2646969291338586
21
-8.4212550000000004
0
LINE
8
BLACK
6
CONTINUOUS
10
11.2646969291338586
20
-8.4212550000000004
11
11.2646653543307078
21
-8.4210046850393692
0
LINE
8
BLACK
6
CONTINUOUS
10
11.2646653543307078
20
-8.4210046850393692
11
11.2646161023622042
21
-8.4207570078740162
0
LINE
8
BLACK
6
CONTINUOUS
10
11.2646161023622042
20
-8.4207570078740162
11
11.2646161023622042
21
-8.4188822440944886
0
LINE
8
BLACK
6
CONTINUOUS
10
11.2646161023622042
20
-8.4188822440944886
11
11.2646653543307078
21
-8.4186345275590551
0
LINE
8
BLACK
6
CONTINUOUS
10
11.2646653543307078
20
-8.4186345275590551
11
11.2646969291338586
21
-8.4183842519685044
0
LINE
8
BLACK
6
CONTINUOUS
10
11.2646969291338586
20
-8.4183842519685044
11
11.2656343307086608
21
-8.4155721259842515
0
LINE
8
BLACK
6
CONTINUOUS
10
11.2656343307086608
20
-8.4155721259842515
11
11.265673385826771
21
-8.4155035826771645
0
LINE
8
BLACK
6
CONTINUOUS
10
11.265673385826771
20
-8.4155035826771645
11
11.265673385826771
21
-8.4154674803149607
0
LINE
8
BLACK
6
CONTINUOUS
10
11.265673385826771
20
-8.4154674803149607
11
11.2658135826771648
21
-8.4152576377952748
0
LINE
8
BLACK
6
CONTINUOUS
10
11.2658135826771648
20
-8.4152576377952748
11
11.2659386220472442
21
-8.4150383070866148
0
LINE
8
BLACK
6
CONTINUOUS
10
11.2659386220472442
20
-8.4150383070866148
11
11.2659709448818894
21
-8.415022125984251
0
LINE
8
BLACK
6
CONTINUOUS
10
11.2659709448818894
20
-8.415022125984251
11
11.2660147637795269
21
-8.4149565748031492
0
LINE
8
BLACK
6
CONTINUOUS
10
11.2660147637795269
20
-8.4149565748031492
11
11.2678894881889757
21
-8.4130818110236216
0
LINE
8
BLACK
6
CONTINUOUS
10
11.2678894881889757
20
-8.4130818110236216
11
11.2680994094488192
21
-8.4129414960629916
0
LINE
8
BLACK
6
CONTINUOUS
10
11.2680994094488192
20
-8.4129414960629916
11
11.2682987795275587
21
-8.4127868110236221
0
LINE
8
BLACK
6
CONTINUOUS
10
11.2682987795275587
20
-8.4127868110236221
11
11.2701735433070862
21
-8.4118494094488181
0
LINE
8
BLACK
6
CONTINUOUS
10
11.2701735433070862
20
-8.4118494094488181
11
11.2703399212598416
21
-8.4118038188976367
0
LINE
8
BLACK
6
CONTINUOUS
10
11.2703399212598416
20
-8.4118038188976367
11
11.2704959055118099
21
-8.4117301574803154
0
LINE
8
BLACK
6
CONTINUOUS
10
11.2704959055118099
20
-8.4117301574803154
11
11.274245433070865
21
-8.4107927952755901
0
LINE
8
BLACK
6
CONTINUOUS
10
11.274245433070865
20
-8.4107927952755901
11
11.2744381496062989
21
-8.4107833858267718
0
LINE
8
BLACK
6
CONTINUOUS
10
11.2744381496062989
20
-8.4107833858267718
11
11.2746273622047237
21
-8.4107457874015754
0
LINE
8
BLACK
6
CONTINUOUS
10
11.2746273622047237
20
-8.4107457874015754
11
11.2774394881889766
21
-8.4107457874015754
0
LINE
8
BLACK
6
CONTINUOUS
10
11.2774394881889766
20
-8.4107457874015754
11
11.2776286614173227
21
-8.4107833858267718
0
LINE
8
BLACK
6
CONTINUOUS
10
11.3022926771653545
20
-8.386598661417322
11
11.303358031496062
21
-8.3876640157480313
0
LINE
8
BLACK
6
CONTINUOUS
10
11.303358031496062
20
-8.3876640157480313
11
11.3035078740157484
21
-8.3884173228346448
0
LINE
8
BLACK
6
CONTINUOUS
10
11.3035078740157484
20
-8.3884173228346448
11
11.3035078740157484
21
-8.4671574803149596
0
LINE
8
BLACK
6
CONTINUOUS
10
11.3035078740157484
20
-8.4671574803149596
11
11.303358031496062
21
-8.4679107874015749
0
LINE
8
BLACK
6
CONTINUOUS
10
11.303358031496062
20
-8.4679107874015749
11
11.3022926771653545
21
-8.4689761417322824
0
LINE
8
BLACK
6
CONTINUOUS
10
11.3022926771653545
20
-8.4689761417322824
11
11.3015393700787392
21
-8.4691259842519688
0
LINE
8
BLACK
6
CONTINUOUS
10
11.3015393700787392
20
-8.4691259842519688
11
11.2523267716535429
21
-8.4691259842519688
0
LINE
8
BLACK
6
CONTINUOUS
10
11.2523267716535429
20
-8.4691259842519688
11
11.2515734645669294
21
-8.4689761417322824
0
LINE
8
BLACK
6
CONTINUOUS
10
11.2515734645669294
20
-8.4689761417322824
11
11.2505081102362201
21
-8.4679107874015749
0
LINE
8
BLACK
6
CONTINUOUS
10
11.2505081102362201
20
-8.4679107874015749
11
11.2503582677165355
21
-8.4671574803149596
0
LINE
8
BLACK
6
CONTINUOUS
10
11.2503582677165355
20
-8.4671574803149596
11
11.2503582677165355
21
-8.3884173228346448
0
LINE
8
BLACK
6
CONTINUOUS
10
11.2503582677165355
20
-8.3884173228346448
11
11.2505081102362201
21
-8.3876640157480313
0
LINE
8
BLACK
6
CONTINUOUS
10
11.2505081102362201
20
-8.3876640157480313
11
11.2515734645669294
21
-8.386598661417322
0
LINE
8
BLACK
6
CONTINUOUS
10
11.2515734645669294
20
-8.386598661417322
11
11.2523267716535429
21
-8.3864488188976374
0
LINE
8
BLACK
6
CONTINUOUS
10
11.2523267716535429
20
-8.3864488188976374
11
11.3015393700787392
21
-8.3864488188976374
0
LINE
8
BLACK
6
CONTINUOUS
10
11.3015393700787392
20
-8.3864488188976374
11
11.3022926771653545
21
-8.386598661417322
0
LINE
8
BLACK
6
CONTINUOUS
10
11.2542952755905503
20
-8.390385826771654
11
11.2542952755905503
21
-8.4651889763779522
0
LINE
8
BLACK
6
CONTINUOUS
10
11.2542952755905503
20
-8.4651889763779522
11
11.2995708661417318
21
-8.4651889763779522
0
LINE
8
BLACK
6
CONTINUOUS
10
11.2995708661417318
20
-8.4651889763779522
11
11.2995708661417318
21
-8.390385826771654
0
LINE
8
BLACK
6
CONTINUOUS
10
11.2995708661417318
20
-8.390385826771654
11
11.2542952755905503
21
-8.390385826771654
0
LINE
8
BLACK
6
CONTINUOUS
10
11.1457376771653536
20
-8.4265087401574803
11
11.1459320866141738
21
-8.4265087401574803
0
LINE
8
BLACK
6
CONTINUOUS
10
11.1459320866141738
20
-8.4265087401574803
11
11.1461264960629922
21
-8.4267031496062987
0
LINE
8
BLACK
6
CONTINUOUS
10
11.1461264960629922
20
-8.4267031496062987
11
11.1463723228346456
21
-8.4268260629921254
0
LINE
8
BLACK
6
CONTINUOUS
10
11.1463723228346456
20
-8.4268260629921254
11
11.146433779527559
21
-8.4270104330708655
0
LINE
8
BLACK
6
CONTINUOUS
10
11.146433779527559
20
-8.4270104330708655
11
11.1465712598425188
21
-8.4271479133858271
0
LINE
8
BLACK
6
CONTINUOUS
10
11.1465712598425188
20
-8.4271479133858271
11
11.1466611811023615
21
-8.4275999212598425
0
LINE
8
BLACK
6
CONTINUOUS
10
11.1466611811023615
20
-8.4275999212598425
11
11.1466611811023615
21
-8.4339178740157479
0
LINE
8
BLACK
6
CONTINUOUS
10
11.1466611811023615
20
-8.4339178740157479
11
11.1507294094488181
21
-8.4339178740157479
0
LINE
8
BLACK
6
CONTINUOUS
10
11.1507294094488181
20
-8.4339178740157479
11
11.1511814173228352
21
-8.4340077952755905
0
LINE
8
BLACK
6
CONTINUOUS
10
11.1511814173228352
20
-8.4340077952755905
11
11.1518205905511802
21
-8.4346469685039374
0
LINE
8
BLACK
6
CONTINUOUS
10
11.1518205905511802
20
-8.4346469685039374
11
11.1518205905511802
21
-8.435550984251968
0
LINE
8
BLACK
6
CONTINUOUS
10
11.1518205905511802
20
-8.435550984251968
11
11.1511814173228352
21
-8.4361901574803149
0
LINE
8
BLACK
6
CONTINUOUS
10
11.1511814173228352
20
-8.4361901574803149
11
11.1507294094488181
21
-8.4362800787401575
0
LINE
8
BLACK
6
CONTINUOUS
10
11.1507294094488181
20
-8.4362800787401575
11
11.1466611811023615
21
-8.4362800787401575
0
LINE
8
BLACK
6
CONTINUOUS
10
11.1466611811023615
20
-8.4362800787401575
11
11.1466611811023615
21
-8.4373487007874015
0
LINE
8
BLACK
6
CONTINUOUS
10
11.1466611811023615
20
-8.4373487007874015
11
11.1465712598425188
21
-8.4378007086614168
0
LINE
8
BLACK
6
CONTINUOUS
10
11.1465712598425188
20
-8.4378007086614168
11
11.1459320866141738
21
-8.4384398818897637
0
LINE
8
BLACK
6
CONTINUOUS
10
11.1459320866141738
20
-8.4384398818897637
11
11.1450280708661413
21
-8.4384398818897637
0
LINE
8
BLACK
6
CONTINUOUS
10
11.1450280708661413
20
-8.4384398818897637
11
11.1443888976377945
21
-8.4378007086614168
0
LINE
8
BLACK
6
CONTINUOUS
10
11.1443888976377945
20
-8.4378007086614168
11
11.1442989763779519
21
-8.4373487007874015
0
LINE
8
BLACK
6
CONTINUOUS
10
11.1442989763779519
20
-8.4373487007874015
11
11.1442989763779519
21
-8.4362800787401575
0
LINE
8
BLACK
6
CONTINUOUS
10
11.1442989763779519
20
-8.4362800787401575
11
11.1402307086614165
21
-8.4362800787401575
0
LINE
8
BLACK
6
CONTINUOUS
10
11.1402307086614165
20
-8.4362800787401575
11
11.1397787007874012
21
-8.4361901574803149
0
LINE
8
BLACK
6
CONTINUOUS
10
11.1397787007874012
20
-8.4361901574803149
11
11.1391395275590543
21
-8.435550984251968
0
LINE
8
BLACK
6
CONTINUOUS
10
11.1391395275590543
20
-8.435550984251968
11
11.1391395275590543
21
-8.4346469685039374
0
LINE
8
BLACK
6
CONTINUOUS
10
11.1391395275590543
20
-8.4346469685039374
11
11.1397787007874012
21
-8.4340077952755905
0
LINE
8
BLACK
6
CONTINUOUS
10
11.1397787007874012
20
-8.4340077952755905
11
11.1402307086614165
21
-8.4339178740157479
0
LINE
8
BLACK
6
CONTINUOUS
10
11.1402307086614165
20
-8.4339178740157479
11
11.1442989763779519
21
-8.4339178740157479
0
LINE
8
BLACK
6
CONTINUOUS
10
11.1442989763779519
20
-8.4339178740157479
11
11.1442989763779519
21
-8.429238582677165
0
LINE
8
BLACK
6
CONTINUOUS
10
11.1442989763779519
20
-8.429238582677165
11
11.1346050000000005
21
-8.4324699212598428
0
LINE
8
BLACK
6
CONTINUOUS
10
11.1346050000000005
20
-8.4324699212598428
11
11.1341477559055111
21
-8.4325275590551172
0
LINE
8
BLACK
6
CONTINUOUS
10
11.1341477559055111
20
-8.4325275590551172
11
11.1333392519685042
21
-8.4321233070866146
0
LINE
8
BLACK
6
CONTINUOUS
10
11.1333392519685042
20
-8.4321233070866146
11
11.1330533858267717
21
-8.4312657086614173
0
LINE
8
BLACK
6
CONTINUOUS
10
11.1330533858267717
20
-8.4312657086614173
11
11.1334576377952761
21
-8.4304572047244086
0
LINE
8
BLACK
6
CONTINUOUS
10
11.1334576377952761
20
-8.4304572047244086
11
11.1338579921259839
21
-8.4302289763779523
0
LINE
8
BLACK
6
CONTINUOUS
10
11.1338579921259839
20
-8.4302289763779523
11
11.1451065748031493
21
-8.4264794488188972
0
LINE
8
BLACK
6
CONTINUOUS
10
11.1451065748031493
20
-8.4264794488188972
11
11.1455638188976369
21
-8.4264218110236211
0
LINE
8
BLACK
6
CONTINUOUS
10
11.1455638188976369
20
-8.4264218110236211
11
11.1457376771653536
21
-8.4265087401574803
0
LINE
8
BLACK
6
CONTINUOUS
10
11.1477878346456691
20
-8.4106823228346457
11
11.147813503937007
21
-8.4106737795275581
0
LINE
8
BLACK
6
CONTINUOUS
10
11.147813503937007
20
-8.4106737795275581
11
11.1479959842519687
21
-8.4107237401574793
0
LINE
8
BLACK
6
CONTINUOUS
10
11.1479959842519687
20
-8.4107237401574793
11
11.1481818110236226
21
-8.4107607086614173
0
LINE
8
BLACK
6
CONTINUOUS
10
11.1481818110236226
20
-8.4107607086614173
11
11.1482009448818893
21
-8.410779842519684
0
LINE
8
BLACK
6
CONTINUOUS
10
11.1482009448818893
20
-8.410779842519684
11
11.1482579921259841
21
-8.4107954724409453
0
LINE
8
BLACK
6
CONTINUOUS
10
11.1482579921259841
20
-8.4107954724409453
11
11.1497577952755904
21
-8.411545354330709
0
LINE
8
BLACK
6
CONTINUOUS
10
11.1497577952755904
20
-8.411545354330709
11
11.1499074015748025
21
-8.4116614960629921
0
LINE
8
BLACK
6
CONTINUOUS
10
11.1499074015748025
20
-8.4116614960629921
11
11.1500647637795272
21
-8.4117666141732279
0
LINE
8
BLACK
6
CONTINUOUS
10
11.1500647637795272
20
-8.4117666141732279
11
11.1508146850393697
21
-8.4125165354330704
0
LINE
8
BLACK
6
CONTINUOUS
10
11.1508146850393697
20
-8.4125165354330704
11
11.1509198031496055
21
-8.4126738582677163
0
LINE
8
BLACK
6
CONTINUOUS
10
11.1509198031496055
20
-8.4126738582677163
11
11.1510359448818903
21
-8.4128235039370072
0
LINE
8
BLACK
6
CONTINUOUS
10
11.1510359448818903
20
-8.4128235039370072
11
11.1517858267716541
21
-8.4143233070866135
0
LINE
8
BLACK
6
CONTINUOUS
10
11.1517858267716541
20
-8.4143233070866135
11
11.1518014173228348
21
-8.4143803149606295
0
LINE
8
BLACK
6
CONTINUOUS
10
11.1518014173228348
20
-8.4143803149606295
11
11.1518205905511802
21
-8.4143994881889768
0
LINE
8
BLACK
6
CONTINUOUS
10
11.1518205905511802
20
-8.4143994881889768
11
11.1518575196850396
21
-8.4145852755905501
0
LINE
8
BLACK
6
CONTINUOUS
10
11.1518575196850396
20
-8.4145852755905501
11
11.1519075196850395
21
-8.4147677952755906
0
LINE
8
BLACK
6
CONTINUOUS
10
11.1519075196850395
20
-8.4147677952755906
11
11.1518989370078732
21
-8.4147934251968497
0
LINE
8
BLACK
6
CONTINUOUS
10
11.1518989370078732
20
-8.4147934251968497
11
11.1519105118110229
21
-8.4148514960629921
0
LINE
8
BLACK
6
CONTINUOUS
10
11.1519105118110229
20
-8.4148514960629921
11
11.1519105118110229
21
-8.4178511417322834
0
LINE
8
BLACK
6
CONTINUOUS
10
11.1519105118110229
20
-8.4178511417322834
11
11.1518989370078732
21
-8.4179091732283471
0
LINE
8
BLACK
6
CONTINUOUS
10
11.1518989370078732
20
-8.4179091732283471
11
11.1519075196850395
21
-8.4179348425196849
0
LINE
8
BLACK
6
CONTINUOUS
10
11.1519075196850395
20
-8.4179348425196849
11
11.1518575196850396
21
-8.4181173228346449
0
LINE
8
BLACK
6
CONTINUOUS
10
11.1518575196850396
20
-8.4181173228346449
11
11.1518205905511802
21
-8.4183031496062988
0
LINE
8
BLACK
6
CONTINUOUS
10
11.1518205905511802
20
-8.4183031496062988
11
11.1518014173228348
21
-8.4183222834645672
0
LINE
8
BLACK
6
CONTINUOUS
10
11.1518014173228348
20
-8.4183222834645672
11
11.1517858267716541
21
-8.4183793307086621
0
LINE
8
BLACK
6
CONTINUOUS
10
11.1517858267716541
20
-8.4183793307086621
11
11.1510359448818903
21
-8.4198791338582684
0
LINE
8
BLACK
6
CONTINUOUS
10
11.1510359448818903
20
-8.4198791338582684
11
11.150919724409448
21
-8.4200288582677167
0
LINE
8
BLACK
6
CONTINUOUS
10
11.150919724409448
20
-8.4200288582677167
11
11.1508146456692909
21
-8.4201861417322839
0
LINE
8
BLACK
6
CONTINUOUS
10
11.1508146456692909
20
-8.4201861417322839
11
11.1500647637795272
21
-8.4209360236220476
0
LINE
8
BLACK
6
CONTINUOUS
10
11.1500647637795272
20
-8.4209360236220476
11
11.1499072834645663
21
-8.4210411811023622
0
LINE
8
BLACK
6
CONTINUOUS
10
11.1499072834645663
20
-8.4210411811023622
11
11.1497578346456692
21
-8.4211572440944877
0
LINE
8
BLACK
6
CONTINUOUS
10
11.1497578346456692
20
-8.4211572440944877
11
11.1482580314960629
21
-8.4219071653543303
0
LINE
8
BLACK
6
CONTINUOUS
10
11.1482580314960629
20
-8.4219071653543303
11
11.1482009448818893
21
-8.421922755905511
0
LINE
8
BLACK
6
CONTINUOUS
10
11.1482009448818893
20
-8.421922755905511
11
11.1481818110236226
21
-8.4219419291338582
0
LINE
8
BLACK
6
CONTINUOUS
10
11.1481818110236226
20
-8.4219419291338582
11
11.1479960236220474
21
-8.4219788582677158
0
LINE
8
BLACK
6
CONTINUOUS
10
11.1479960236220474
20
-8.4219788582677158
11
11.147813503937007
21
-8.4220288582677156
0
LINE
8
BLACK
6
CONTINUOUS
10
11.147813503937007
20
-8.4220288582677156
11
11.1477878346456691
21
-8.4220202755905511
0
LINE
8
BLACK
6
CONTINUOUS
10
11.1477878346456691
20
-8.4220202755905511
11
11.1477298031496055
21
-8.4220318503937008
0
LINE
8
BLACK
6
CONTINUOUS
10
11.1477298031496055
20
-8.4220318503937008
11
11.1349813779527551
21
-8.4220318503937008
0
LINE
8
BLACK
6
CONTINUOUS
10
11.1349813779527551
20
-8.4220318503937008
11
11.1345293700787398
21
-8.4219419291338582
0
LINE
8
BLACK
6
CONTINUOUS
10
11.1345293700787398
20
-8.4219419291338582
11
11.1338901968503929
21
-8.4213027559055114
0
LINE
8
BLACK
6
CONTINUOUS
10
11.1338901968503929
20
-8.4213027559055114
11
11.1338901968503929
21
-8.4203987401574807
0
LINE
8
BLACK
6
CONTINUOUS
10
11.1338901968503929
20
-8.4203987401574807
11
11.1345293700787398
21
-8.4197595669291339
0
LINE
8
BLACK
6
CONTINUOUS
10
11.1345293700787398
20
-8.4197595669291339
11
11.1349813779527551
21
-8.4196696456692912
0
LINE
8
BLACK
6
CONTINUOUS
10
11.1349813779527551
20
-8.4196696456692912
11
11.1474509448818893
21
-8.4196696456692912
0
LINE
8
BLACK
6
CONTINUOUS
10
11.1474509448818893
20
-8.4196696456692912
11
11.1485299212598417
21
-8.4191301181102354
0
LINE
8
BLACK
6
CONTINUOUS
10
11.1485299212598417
20
-8.4191301181102354
11
11.1490088582677167
21
-8.4186512204724409
0
LINE
8
BLACK
6
CONTINUOUS
10
11.1490088582677167
20
-8.4186512204724409
11
11.1495483070866133
21
-8.417572322834646
0
LINE
8
BLACK
6
CONTINUOUS
10
11.1495483070866133
20
-8.417572322834646
11
11.1495483070866133
21
-8.4151302755905508
0
LINE
8
BLACK
6
CONTINUOUS
10
11.1495483070866133
20
-8.4151302755905508
11
11.1490087795275592
21
-8.4140512598425197
0
LINE
8
BLACK
6
CONTINUOUS
10
11.1490087795275592
20
-8.4140512598425197
11
11.1485299999999992
21
-8.4135724803149596
0
LINE
8
BLACK
6
CONTINUOUS
10
11.1485299999999992
20
-8.4135724803149596
11
11.147450984251968
21
-8.4130329921259843
0
LINE
8
BLACK
6
CONTINUOUS
10
11.147450984251968
20
-8.4130329921259843
11
11.1349813779527551
21
-8.4130329921259843
0
LINE
8
BLACK
6
CONTINUOUS
10
11.1349813779527551
20
-8.4130329921259843
11
11.1345293700787398
21
-8.4129430708661417
0
LINE
8
BLACK
6
CONTINUOUS
10
11.1345293700787398
20
-8.4129430708661417
11
11.1338901968503929
21
-8.4123038976377948
0
LINE
8
BLACK
6
CONTINUOUS
10
11.1338901968503929
20
-8.4123038976377948
11
11.1338901968503929
21
-8.4113998818897642
0
LINE
8
BLACK
6
CONTINUOUS
10
11.1338901968503929
20
-8.4113998818897642
11
11.1345293700787398
21
-8.4107607086614173
0
LINE
8
BLACK
6
CONTINUOUS
10
11.1345293700787398
20
-8.4107607086614173
11
11.1349813779527551
21
-8.4106707874015747
0
LINE
8
BLACK
6
CONTINUOUS
10
11.1349813779527551
20
-8.4106707874015747
11
11.1477298031496055
21
-8.4106707874015747
0
LINE
8
BLACK
6
CONTINUOUS
10
11.1477298031496055
20
-8.4106707874015747
11
11.1477878346456691
21
-8.4106823228346457
0
LINE
8
BLACK
6
CONTINUOUS
10
11.2014068503937008
20
-8.3905356692913386
11
11.2024722047244101
21
-8.3916010236220462
0
LINE
8
BLACK
6
CONTINUOUS
10
11.2024722047244101
20
-8.3916010236220462
11
11.2026220472440947
21
-8.3923543307086614
0
LINE
8
BLACK
6
CONTINUOUS
10
11.2026220472440947
20
-8.3923543307086614
11
11.2026220472440947
21
-8.3966674803149601
0
LINE
8
BLACK
6
CONTINUOUS
10
11.2026220472440947
20
-8.3966674803149601
11
11.203141338582677
21
-8.3972662598425192
0
LINE
8
BLACK
6
CONTINUOUS
10
11.203141338582677
20
-8.3972662598425192
11
11.2035056692913386
21
-8.398359251968504
0
LINE
8
BLACK
6
CONTINUOUS
10
11.2035056692913386
20
-8.398359251968504
11
11.2034240157480305
21
-8.3995084645669298
0
LINE
8
BLACK
6
CONTINUOUS
10
11.2034240157480305
20
-8.3995084645669298
11
11.203217125984251
21
-8.4000490551181102
0
LINE
8
BLACK
6
CONTINUOUS
10
11.203217125984251
20
-8.4000490551181102
11
11.2026220472440947
21
-8.4012392125984245
0
LINE
8
BLACK
6
CONTINUOUS
10
11.2026220472440947
20
-8.4012392125984245
11
11.2026220472440947
21
-8.4070243700787408
0
LINE
8
BLACK
6
CONTINUOUS
10
11.2026220472440947
20
-8.4070243700787408
11
11.2257448425196849
21
-8.4070243700787408
0
LINE
8
BLACK
6
CONTINUOUS
10
11.2257448425196849
20
-8.4070243700787408
11
11.2257448425196849
21
-8.3987285433070866
0
LINE
8
BLACK
6
CONTINUOUS
10
11.2257448425196849
20
-8.3987285433070866
11
11.2258015748031497
21
-8.3981524803149608
0
LINE
8
BLACK
6
CONTINUOUS
10
11.2258015748031497
20
-8.3981524803149608
11
11.2262424803149603
21
-8.3970880708661415
0
LINE
8
BLACK
6
CONTINUOUS
10
11.2262424803149603
20
-8.3970880708661415
11
11.2270571259842509
21
-8.3962734251968509
0
LINE
8
BLACK
6
CONTINUOUS
10
11.2270571259842509
20
-8.3962734251968509
11
11.2281215354330701
21
-8.3958325196850385
0
LINE
8
BLACK
6
CONTINUOUS
10
11.2281215354330701
20
-8.3958325196850385
11
11.2292736614173219
21
-8.3958325196850385
0
LINE
8
BLACK
6
CONTINUOUS
10
11.2292736614173219
20
-8.3958325196850385
11
11.2303380708661411
21
-8.3962734251968509
0
LINE
8
BLACK
6
CONTINUOUS
10
11.2303380708661411
20
-8.3962734251968509
11
11.2311527165354335
21
-8.3970880708661415
0
LINE
8
BLACK
6
CONTINUOUS
10
11.2311527165354335
20
-8.3970880708661415
11
11.2315936220472441
21
-8.3981524803149608
0
LINE
8
BLACK
6
CONTINUOUS
10
11.2315936220472441
20
-8.3981524803149608
11
11.2316503543307089
21
-8.3987285433070866
0
LINE
8
BLACK
6
CONTINUOUS
10
11.2316503543307089
20
-8.3987285433070866
11
11.2316503543307089
21
-8.4212257086614173
0
LINE
8
BLACK
6
CONTINUOUS
10
11.2316503543307089
20
-8.4212257086614173
11
11.2315936220472441
21
-8.4218017716535432
0
LINE
8
BLACK
6
CONTINUOUS
10
11.2315936220472441
20
-8.4218017716535432
11
11.2311527165354335
21
-8.4228661811023624
0
LINE
8
BLACK
6
CONTINUOUS
10
11.2311527165354335
20
-8.4228661811023624
11
11.2303380708661411
21
-8.423680826771653
0
LINE
8
BLACK
6
CONTINUOUS
10
11.2303380708661411
20
-8.423680826771653
11
11.2292736614173219
21
-8.4241217322834636
0
LINE
8
BLACK
6
CONTINUOUS
10
11.2292736614173219
20
-8.4241217322834636
11
11.2281215354330701
21
-8.4241217322834636
0
LINE
8
BLACK
6
CONTINUOUS
10
11.2281215354330701
20
-8.4241217322834636
11
11.2270571259842509
21
-8.423680826771653
0
LINE
8
BLACK
6
CONTINUOUS
10
11.2270571259842509
20
-8.423680826771653
11
11.2262424803149603
21
-8.4228661811023624
0
LINE
8
BLACK
6
CONTINUOUS
10
11.2262424803149603
20
-8.4228661811023624
11
11.2258015748031497
21
-8.4218017716535432
0
LINE
8
BLACK
6
CONTINUOUS
10
11.2258015748031497
20
-8.4218017716535432
11
11.2257448425196849
21
-8.4212257086614173
0
LINE
8
BLACK
6
CONTINUOUS
10
11.2257448425196849
20
-8.4212257086614173
11
11.2257448425196849
21
-8.4129298818897631
0
LINE
8
BLACK
6
CONTINUOUS
10
11.2257448425196849
20
-8.4129298818897631
11
11.2026220472440947
21
-8.4129298818897631
0
LINE
8
BLACK
6
CONTINUOUS
10
11.2026220472440947
20
-8.4129298818897631
11
11.2026220472440947
21
-8.4351458661417329
0
LINE
8
BLACK
6
CONTINUOUS
10
11.2026220472440947
20
-8.4351458661417329
11
11.2230732677165346
21
-8.4351458661417329
0
LINE
8
BLACK
6
CONTINUOUS
10
11.2230732677165346
20
-8.4351458661417329
11
11.2236493307086604
21
-8.4352025984251959
0
LINE
8
BLACK
6
CONTINUOUS
10
11.2236493307086604
20
-8.4352025984251959
11
11.2237473228346456
21
-8.4352431889763775
0
LINE
8
BLACK
6
CONTINUOUS
10
11.2237473228346456
20
-8.4352431889763775
11
11.223853149606299
21
-8.4352507086614175
0
LINE
8
BLACK
6
CONTINUOUS
10
11.223853149606299
20
-8.4352507086614175
11
11.2243937795275581
21
-8.4354575984251969
0
LINE
8
BLACK
6
CONTINUOUS
10
11.2243937795275581
20
-8.4354575984251969
11
11.228143346456692
21
-8.4373323622047245
0
LINE
8
BLACK
6
CONTINUOUS
10
11.228143346456692
20
-8.4373323622047245
11
11.2282396456692908
21
-8.437392992125984
0
LINE
8
BLACK
6
CONTINUOUS
10
11.2282396456692908
20
-8.437392992125984
11
11.2282851181102359
21
-8.4374081496062985
0
LINE
8
BLACK
6
CONTINUOUS
10
11.2282851181102359
20
-8.4374081496062985
11
11.2283416929133857
21
-8.4374572047244101
0
LINE
8
BLACK
6
CONTINUOUS
10
11.2283416929133857
20
-8.4374572047244101
11
11.228633188976378
21
-8.4376407086614176
0
LINE
8
BLACK
6
CONTINUOUS
10
11.228633188976378
20
-8.4376407086614176
11
11.2288756692913392
21
-8.4379203149606301
0
LINE
8
BLACK
6
CONTINUOUS
10
11.2288756692913392
20
-8.4379203149606301
11
11.2291555118110242
21
-8.4381629921259833
0
LINE
8
BLACK
6
CONTINUOUS
10
11.2291555118110242
20
-8.4381629921259833
11
11.2293390157480317
21
-8.4384545275590543
0
LINE
8
BLACK
6
CONTINUOUS
10
11.2293390157480317
20
-8.4384545275590543
11
11.2293880708661415
21
-8.4385111023622041
0
LINE
8
BLACK
6
CONTINUOUS
10
11.2293880708661415
20
-8.4385111023622041
11
11.2294031889763772
21
-8.4385564960629917
0
LINE
8
BLACK
6
CONTINUOUS
10
11.2294031889763772
20
-8.4385564960629917
11
11.2294638582677155
21
-8.438652874015748
0
LINE
8
BLACK
6
CONTINUOUS
10
11.2294638582677155
20
-8.438652874015748
11
11.2313386220472431
21
-8.4424024015748032
0
LINE
8
BLACK
6
CONTINUOUS
10
11.2313386220472431
20
-8.4424024015748032
11
11.2315455118110226
21
-8.4429429921259835
0
LINE
8
BLACK
6
CONTINUOUS
10
11.2315455118110226
20
-8.4429429921259835
11
11.2315530314960625
21
-8.4430488582677157
0
LINE
8
BLACK
6
CONTINUOUS
10
11.2315530314960625
20
-8.4430488582677157
11
11.2315936220472441
21
-8.4431468503937008
0
LINE
8
BLACK
6
CONTINUOUS
10
11.2315936220472441
20
-8.4431468503937008
11
11.2316503543307089
21
-8.4437229133858267
0
LINE
8
BLACK
6
CONTINUOUS
10
11.2316503543307089
20
-8.4437229133858267
11
11.2316503543307089
21
-8.4493472047244094
0
LINE
8
BLACK
6
CONTINUOUS
10
11.2316503543307089
20
-8.4493472047244094
11
11.2315936220472441
21
-8.4499232677165352
0
LINE
8
BLACK
6
CONTINUOUS
10
11.2315936220472441
20
-8.4499232677165352
11
11.2315530314960625
21
-8.4500212204724399
0
LINE
8
BLACK
6
CONTINUOUS
10
11.2315530314960625
20
-8.4500212204724399
11
11.2315455118110226
21
-8.4501271259842525
0
LINE
8
BLACK
6
CONTINUOUS
10
11.2315455118110226
20
-8.4501271259842525
11
11.2313386220472431
21
-8.4506677165354329
0
LINE
8
BLACK
6
CONTINUOUS
10
11.2313386220472431
20
-8.4506677165354329
11
11.230388858267716
21
-8.4525671653543313
0
LINE
8
BLACK
6
CONTINUOUS
10
11.230388858267716
20
-8.4525671653543313
11
11.2311527165354335
21
-8.4533310236220469
0
LINE
8
BLACK
6
CONTINUOUS
10
11.2311527165354335
20
-8.4533310236220469
11
11.2315936220472441
21
-8.4543954330708662
0
LINE
8
BLACK
6
CONTINUOUS
10
11.2315936220472441
20
-8.4543954330708662
11
11.2315936220472441
21
-8.4555475590551179
0
LINE
8
BLACK
6
CONTINUOUS
10
11.2315936220472441
20
-8.4555475590551179
11
11.2311527165354335
21
-8.4566119685039371
0
LINE
8
BLACK
6
CONTINUOUS
10
11.2311527165354335
20
-8.4566119685039371
11
11.2303380708661411
21
-8.4574266141732277
0
LINE
8
BLACK
6
CONTINUOUS
10
11.2303380708661411
20
-8.4574266141732277
11
11.2292736614173219
21
-8.4578675196850384
0
LINE
8
BLACK
6
CONTINUOUS
10
11.2292736614173219
20
-8.4578675196850384
11
11.228697598425196
21
-8.4579242519685032
0
LINE
8
BLACK
6
CONTINUOUS
10
11.228697598425196
20
-8.4579242519685032
11
11.2024508661417315
21
-8.4579242519685032
0
LINE
8
BLACK
6
CONTINUOUS
10
11.2024508661417315
20
-8.4579242519685032
11
11.2018748031496056
21
-8.4578675196850384
0
LINE
8
BLACK
6
CONTINUOUS
10
11.2018748031496056
20
-8.4578675196850384
11
11.2008103937007863
21
-8.4574266141732277
0
LINE
8
BLACK
6
CONTINUOUS
10
11.2008103937007863
20
-8.4574266141732277
11
11.1999957480314958
21
-8.4566119685039371
0
LINE
8
BLACK
6
CONTINUOUS
10
11.1999957480314958
20
-8.4566119685039371
11
11.1995548425196851
21
-8.4555475590551179
0
LINE
8
BLACK
6
CONTINUOUS
10
11.1995548425196851
20
-8.4555475590551179
11
11.1995548425196851
21
-8.4543954330708662
0
LINE
8
BLACK
6
CONTINUOUS
10
11.1995548425196851
20
-8.4543954330708662
11
11.1999957480314958
21
-8.4533310236220469
0
LINE
8
BLACK
6
CONTINUOUS
10
11.1999957480314958
20
-8.4533310236220469
11
11.2008103937007863
21
-8.4525163779527563
0
LINE
8
BLACK
6
CONTINUOUS
10
11.2008103937007863
20
-8.4525163779527563
11
11.2018748031496056
21
-8.4520754724409439
0
LINE
8
BLACK
6
CONTINUOUS
10
11.2018748031496056
20
-8.4520754724409439
11
11.2024508661417315
21
-8.4520187401574809
0
LINE
8
BLACK
6
CONTINUOUS
10
11.2024508661417315
20
-8.4520187401574809
11
11.2237249606299212
21
-8.4520187401574809
0
LINE
8
BLACK
6
CONTINUOUS
10
11.2237249606299212
20
-8.4520187401574809
11
11.2243961023622045
21
-8.4513475984251958
0
LINE
8
BLACK
6
CONTINUOUS
10
11.2243961023622045
20
-8.4513475984251958
11
11.2257448425196849
21
-8.4486501574803139
0
LINE
8
BLACK
6
CONTINUOUS
10
11.2257448425196849
20
-8.4486501574803139
11
11.2257448425196849
21
-8.4444199606299204
0
LINE
8
BLACK
6
CONTINUOUS
10
11.2257448425196849
20
-8.4444199606299204
11
11.2246219685039375
21
-8.4421742125984256
0
LINE
8
BLACK
6
CONTINUOUS
10
11.2246219685039375
20
-8.4421742125984256
11
11.2223762204724409
21
-8.4410513779527552
0
LINE
8
BLACK
6
CONTINUOUS
10
11.2223762204724409
20
-8.4410513779527552
11
11.2024508661417315
21
-8.4410513779527552
0
LINE
8
BLACK
6
CONTINUOUS
10
11.2024508661417315
20
-8.4410513779527552
11
11.2020262992125978
21
-8.4410095275590553
0
LINE
8
BLACK
6
CONTINUOUS
10
11.2020262992125978
20
-8.4410095275590553
11
11.1862974409448821
21
-8.4567383858267711
0
LINE
8
BLACK
6
CONTINUOUS
10
11.1862974409448821
20
-8.4567383858267711
11
11.1856588188976378
21
-8.4571651181102361
0
LINE
8
BLACK
6
CONTINUOUS
10
11.1856588188976378
20
-8.4571651181102361
11
11.1849055118110225
21
-8.4573149606299207
0
LINE
8
BLACK
6
CONTINUOUS
10
11.1849055118110225
20
-8.4573149606299207
11
11.0864803149606299
21
-8.4573149606299207
0
LINE
8
BLACK
6
CONTINUOUS
10
11.0864803149606299
20
-8.4573149606299207
11
11.0857270078740147
21
-8.4571651181102361
0
LINE
8
BLACK
6
CONTINUOUS
10
11.0857270078740147
20
-8.4571651181102361
11
11.0846616535433071
21
-8.4560997637795268
0
LINE
8
BLACK
6
CONTINUOUS
10
11.0846616535433071
20
-8.4560997637795268
11
11.0845118110236225
21
-8.4553464566929133
0
LINE
8
BLACK
6
CONTINUOUS
10
11.0845118110236225
20
-8.4553464566929133
11
11.0845118110236225
21
-8.3923543307086614
0
LINE
8
BLACK
6
CONTINUOUS
10
11.0845118110236225
20
-8.3923543307086614
11
11.0846616535433071
21
-8.3916010236220462
0
LINE
8
BLACK
6
CONTINUOUS
10
11.0846616535433071
20
-8.3916010236220462
11
11.0857270078740147
21
-8.3905356692913386
0
LINE
8
BLACK
6
CONTINUOUS
10
11.0857270078740147
20
-8.3905356692913386
11
11.0864803149606299
21
-8.390385826771654
0
LINE
8
BLACK
6
CONTINUOUS
10
11.0864803149606299
20
-8.390385826771654
11
11.2006535433070855
21
-8.390385826771654
0
LINE
8
BLACK
6
CONTINUOUS
10
11.2006535433070855
20
-8.390385826771654
11
11.2014068503937008
21
-8.3905356692913386
0
LINE
8
BLACK
6
CONTINUOUS
10
11.0884488188976373
20
-8.3943228346456689
11
11.0884488188976373
21
-8.4533779527559059
0
LINE
8
BLACK
6
CONTINUOUS
10
11.0884488188976373
20
-8.4533779527559059
11
11.1840901574803144
21
-8.4533779527559059
0
LINE
8
BLACK
6
CONTINUOUS
10
11.1840901574803144
20
-8.4533779527559059
11
11.1986850393700781
21
-8.4387830314960635
0
LINE
8
BLACK
6
CONTINUOUS
10
11.1986850393700781
20
-8.4387830314960635
11
11.1986850393700781
21
-8.4129298818897631
0
LINE
8
BLACK
6
CONTINUOUS
10
11.1986850393700781
20
-8.4129298818897631
11
11.1893275196850386
21
-8.4129298818897631
0
LINE
8
BLACK
6
CONTINUOUS
10
11.1893275196850386
20
-8.4129298818897631
11
11.1893254330708665
21
-8.4129296456692906
0
LINE
8
BLACK
6
CONTINUOUS
10
11.1893254330708665
20
-8.4129296456692906
11
11.1893244094488189
21
-8.4129298818897631
0
LINE
8
BLACK
6
CONTINUOUS
10
11.1893244094488189
20
-8.4129298818897631
11
11.1893213779527549
21
-8.4129292519685031
0
LINE
8
BLACK
6
CONTINUOUS
10
11.1893213779527549
20
-8.4129292519685031
11
11.1887514566929127
21
-8.4128731496062983
0
LINE
8
BLACK
6
CONTINUOUS
10
11.1887514566929127
20
-8.4128731496062983
11
11.1884813385826778
21
-8.4127612598425188
0
LINE
8
BLACK
6
CONTINUOUS
10
11.1884813385826778
20
-8.4127612598425188
11
11.1881947244094491
21
-8.4127039370078744
0
LINE
8
BLACK
6
CONTINUOUS
10
11.1881947244094491
20
-8.4127039370078744
11
11.1879543307086617
21
-8.4125429527559046
0
LINE
8
BLACK
6
CONTINUOUS
10
11.1879543307086617
20
-8.4125429527559046
11
11.1876870472440935
21
-8.4124322440944876
0
LINE
8
BLACK
6
CONTINUOUS
10
11.1876870472440935
20
-8.4124322440944876
11
11.187480314960629
21
-8.4122255118110232
0
LINE
8
BLACK
6
CONTINUOUS
10
11.187480314960629
20
-8.4122255118110232
11
11.187237440944882
21
-8.4120628740157475
0
LINE
8
BLACK
6
CONTINUOUS
10
11.187237440944882
20
-8.4120628740157475
11
11.1870769291338572
21
-8.4118221259842514
0
LINE
8
BLACK
6
CONTINUOUS
10
11.1870769291338572
20
-8.4118221259842514
11
11.1868724015748029
21
-8.4116175984251971
0
LINE
8
BLACK
6
CONTINUOUS
10
11.1868724015748029
20
-8.4116175984251971
11
11.1867605118110234
21
-8.4113474803149604
0
LINE
8
BLACK
6
CONTINUOUS
10
11.1867605118110234
20
-8.4113474803149604
11
11.1865983464566927
21
-8.4111042519685029
0
LINE
8
BLACK
6
CONTINUOUS
10
11.1865983464566927
20
-8.4111042519685029
11
11.1865422047244092
21
-8.4108204330708656
0
LINE
8
BLACK
6
CONTINUOUS
10
11.1865422047244092
20
-8.4108204330708656
11
11.1864314960629923
21
-8.4105531889763778
0
LINE
8
BLACK
6
CONTINUOUS
10
11.1864314960629923
20
-8.4105531889763778
11
11.1864314960629923
21
-8.4102607874015742
0
LINE
8
BLACK
6
CONTINUOUS
10
11.1864314960629923
20
-8.4102607874015742
11
11.1863747637795274
21
-8.4099740157480305
0
LINE
8
BLACK
6
CONTINUOUS
10
11.1863747637795274
20
-8.4099740157480305
11
11.1864314960629923
21
-8.4096903543307082
0
LINE
8
BLACK
6
CONTINUOUS
10
11.1864314960629923
20
-8.4096903543307082
11
11.1864314960629923
21
-8.4094010629921261
0
LINE
8
BLACK
6
CONTINUOUS
10
11.1864314960629923
20
-8.4094010629921261
11
11.186543346456693
21
-8.4091309448818894
0
LINE
8
BLACK
6
CONTINUOUS
10
11.186543346456693
20
-8.4091309448818894
11
11.1866007086614179
21
-8.4088443307086607
0
LINE
8
BLACK
6
CONTINUOUS
10
11.1866007086614179
20
-8.4088443307086607
11
11.1867616535433072
21
-8.4086039370078733
0
LINE
8
BLACK
6
CONTINUOUS
10
11.1867616535433072
20
-8.4086039370078733
11
11.1868724015748029
21
-8.4083366535433068
0
LINE
8
BLACK
6
CONTINUOUS
10
11.1868724015748029
20
-8.4083366535433068
11
11.1870790944881886
21
-8.4081299212598424
0
LINE
8
BLACK
6
CONTINUOUS
10
11.1870790944881886
20
-8.4081299212598424
11
11.1872417716535431
21
-8.4078870472440936
0
LINE
8
BLACK
6
CONTINUOUS
10
11.1872417716535431
20
-8.4078870472440936
11
11.1876850000000001
21
-8.4075240157480309
0
LINE
8
BLACK
6
CONTINUOUS
10
11.1876850000000001
20
-8.4075240157480309
11
11.1876870472440935
21
-8.4075220078740163
0
LINE
8
BLACK
6
CONTINUOUS
10
11.1876870472440935
20
-8.4075220078740163
11
11.187687913385826
21
-8.4075216141732287
0
LINE
8
BLACK
6
CONTINUOUS
10
11.187687913385826
20
-8.4075216141732287
11
11.1876896062992124
21
-8.4075202755905512
0
LINE
8
BLACK
6
CONTINUOUS
10
11.1876896062992124
20
-8.4075202755905512
11
11.1930706299212588
21
-8.4039329133858267
0
LINE
8
BLACK
6
CONTINUOUS
10
11.1930706299212588
20
-8.4039329133858267
11
11.1962746062992125
21
-8.4007289763779518
0
LINE
8
BLACK
6
CONTINUOUS
10
11.1962746062992125
20
-8.4007289763779518
11
11.1979350787401568
21
-8.3974080314960631
0
LINE
8
BLACK
6
CONTINUOUS
10
11.1979350787401568
20
-8.3974080314960631
11
11.1982434251968499
21
-8.3969181496062983
0
LINE
8
BLACK
6
CONTINUOUS
10
11.1982434251968499
20
-8.3969181496062983
11
11.1986850393700781
21
-8.3965351574803151
0
LINE
8
BLACK
6
CONTINUOUS
10
11.1986850393700781
20
-8.3965351574803151
11
11.1986850393700781
21
-8.3943228346456689
0
LINE
8
BLACK
6
CONTINUOUS
10
11.1986850393700781
20
-8.3943228346456689
11
11.0884488188976373
21
-8.3943228346456689
0
LINE
8
BLACK
6
CONTINUOUS
10
11.1983308661417329
20
-8.4070243700787408
11
11.1986850393700781
21
-8.4070243700787408
0
LINE
8
BLACK
6
CONTINUOUS
10
11.1986850393700781
20
-8.4070243700787408
11
11.1986850393700781
21
-8.4066701968503939
0
LINE
8
BLACK
6
CONTINUOUS
10
11.1986850393700781
20
-8.4066701968503939
11
11.1983308661417329
21
-8.4070243700787408
0
LINE
8
BLACK
6
CONTINUOUS
10
11.0292553937007867
20
-8.4176457480314966
11
11.030070039370079
21
-8.4184603937007871
0
LINE
8
BLACK
6
CONTINUOUS
10
11.030070039370079
20
-8.4184603937007871
11
11.0305109448818897
21
-8.4195248031496064
0
LINE
8
BLACK
6
CONTINUOUS
10
11.0305109448818897
20
-8.4195248031496064
11
11.0305676771653545
21
-8.4201008661417323
0
LINE
8
BLACK
6
CONTINUOUS
10
11.0305676771653545
20
-8.4201008661417323
11
11.0305676771653545
21
-8.4379655905511814
0
LINE
8
BLACK
6
CONTINUOUS
10
11.0305676771653545
20
-8.4379655905511814
11
11.0406686220472441
21
-8.4291272834645667
0
LINE
8
BLACK
6
CONTINUOUS
10
11.0406686220472441
20
-8.4291272834645667
11
11.0409175984251959
21
-8.4289492519685041
0
LINE
8
BLACK
6
CONTINUOUS
10
11.0409175984251959
20
-8.4289492519685041
11
11.0409725590551187
21
-8.4288943307086619
0
LINE
8
BLACK
6
CONTINUOUS
10
11.0409725590551187
20
-8.4288943307086619
11
11.0410246456692906
21
-8.428872716535432
0
LINE
8
BLACK
6
CONTINUOUS
10
11.0410246456692906
20
-8.428872716535432
11
11.0411395275590554
21
-8.4287906299212594
0
LINE
8
BLACK
6
CONTINUOUS
10
11.0411395275590554
20
-8.4287906299212594
11
11.0415937401574809
21
-8.4286370078740163
0
LINE
8
BLACK
6
CONTINUOUS
10
11.0415937401574809
20
-8.4286370078740163
11
11.0420369685039361
21
-8.4284534251968495
0
LINE
8
BLACK
6
CONTINUOUS
10
11.0420369685039361
20
-8.4284534251968495
11
11.0421366141732289
21
-8.4284534251968495
0
LINE
8
BLACK
6
CONTINUOUS
10
11.0421366141732289
20
-8.4284534251968495
11
11.0422309055118113
21
-8.4284215354330705
0
LINE
8
BLACK
6
CONTINUOUS
10
11.0422309055118113
20
-8.4284215354330705
11
11.0427093700787395
21
-8.4284534251968495
0
LINE
8
BLACK
6
CONTINUOUS
10
11.0427093700787395
20
-8.4284534251968495
11
11.0431890944881879
21
-8.4284534251968495
0
LINE
8
BLACK
6
CONTINUOUS
10
11.0431890944881879
20
-8.4284534251968495
11
11.0432810629921256
21
-8.4284914960629926
0
LINE
8
BLACK
6
CONTINUOUS
10
11.0432810629921256
20
-8.4284914960629926
11
11.0433804330708654
21
-8.4284981496062983
0
LINE
8
BLACK
6
CONTINUOUS
10
11.0433804330708654
20
-8.4284981496062983
11
11.0438105511811013
21
-8.4287108267716526
0
LINE
8
BLACK
6
CONTINUOUS
10
11.0438105511811013
20
-8.4287108267716526
11
11.0442535039370071
21
-8.4288943307086619
0
LINE
8
BLACK
6
CONTINUOUS
10
11.0442535039370071
20
-8.4288943307086619
11
11.044323818897638
21
-8.428964645669291
0
LINE
8
BLACK
6
CONTINUOUS
10
11.044323818897638
20
-8.428964645669291
11
11.0444131889763781
21
-8.4290088582677161
0
LINE
8
BLACK
6
CONTINUOUS
10
11.0444131889763781
20
-8.4290088582677161
11
11.0447291338582669
21
-8.4293699606299217
0
LINE
8
BLACK
6
CONTINUOUS
10
11.0447291338582669
20
-8.4293699606299217
11
11.0450681496062995
21
-8.4297089763779525
0
LINE
8
BLACK
6
CONTINUOUS
10
11.0450681496062995
20
-8.4297089763779525
11
11.0451062598425196
21
-8.4298009448818902
0
LINE
8
BLACK
6
CONTINUOUS
10
11.0451062598425196
20
-8.4298009448818902
11
11.0451718503937002
21
-8.4298759448818892
0
LINE
8
BLACK
6
CONTINUOUS
10
11.0451718503937002
20
-8.4298759448818892
11
11.0453254330708663
21
-8.4303301574803147
0
LINE
8
BLACK
6
CONTINUOUS
10
11.0453254330708663
20
-8.4303301574803147
11
11.0455090551181101
21
-8.4307733858267717
0
LINE
8
BLACK
6
CONTINUOUS
10
11.0455090551181101
20
-8.4307733858267717
11
11.045522874015747
21
-8.4309139370078743
0
LINE
8
BLACK
6
CONTINUOUS
10
11.045522874015747
20
-8.4309139370078743
11
11.0455409448818891
21
-8.4309673228346451
0
LINE
8
BLACK
6
CONTINUOUS
10
11.0455409448818891
20
-8.4309673228346451
11
11.0455357480314955
21
-8.4310447637795267
0
LINE
8
BLACK
6
CONTINUOUS
10
11.0455357480314955
20
-8.4310447637795267
11
11.0455657874015749
21
-8.4313494488188976
0
LINE
8
BLACK
6
CONTINUOUS
10
11.0455657874015749
20
-8.4313494488188976
11
11.0455657874015749
21
-8.4362766929133848
0
LINE
8
BLACK
6
CONTINUOUS
10
11.0455657874015749
20
-8.4362766929133848
11
11.0469145275590552
21
-8.4389741732283454
0
LINE
8
BLACK
6
CONTINUOUS
10
11.0469145275590552
20
-8.4389741732283454
11
11.048111653543307
21
-8.440171299212599
0
LINE
8
BLACK
6
CONTINUOUS
10
11.048111653543307
20
-8.440171299212599
11
11.0508091338582677
21
-8.4415200393700793
0
LINE
8
BLACK
6
CONTINUOUS
10
11.0508091338582677
20
-8.4415200393700793
11
11.0587888582677163
21
-8.4415200393700793
0
LINE
8
BLACK
6
CONTINUOUS
10
11.0587888582677163
20
-8.4415200393700793
11
11.0614863385826769
21
-8.4401712598425203
0
LINE
8
BLACK
6
CONTINUOUS
10
11.0614863385826769
20
-8.4401712598425203
11
11.0626835039370075
21
-8.4389741338582667
0
LINE
8
BLACK
6
CONTINUOUS
10
11.0626835039370075
20
-8.4389741338582667
11
11.0640322440944878
21
-8.4362766929133848
0
LINE
8
BLACK
6
CONTINUOUS
10
11.0640322440944878
20
-8.4362766929133848
11
11.0640322440944878
21
-8.4264222047244086
0
LINE
8
BLACK
6
CONTINUOUS
10
11.0640322440944878
20
-8.4264222047244086
11
11.0626835039370075
21
-8.423724724409448
0
LINE
8
BLACK
6
CONTINUOUS
10
11.0626835039370075
20
-8.423724724409448
11
11.0611475590551187
21
-8.4221888188976379
0
LINE
8
BLACK
6
CONTINUOUS
10
11.0611475590551187
20
-8.4221888188976379
11
11.0607803149606294
21
-8.4217413385826774
0
LINE
8
BLACK
6
CONTINUOUS
10
11.0607803149606294
20
-8.4217413385826774
11
11.0603394094488188
21
-8.4206769291338581
0
LINE
8
BLACK
6
CONTINUOUS
10
11.0603394094488188
20
-8.4206769291338581
11
11.0603394094488188
21
-8.4195248425196851
0
LINE
8
BLACK
6
CONTINUOUS
10
11.0603394094488188
20
-8.4195248425196851
11
11.0607802755905507
21
-8.4184604330708659
0
LINE
8
BLACK
6
CONTINUOUS
10
11.0607802755905507
20
-8.4184604330708659
11
11.0615949606299218
21
-8.4176457480314966
0
LINE
8
BLACK
6
CONTINUOUS
10
11.0615949606299218
20
-8.4176457480314966
11
11.0626593700787392
21
-8.4172048425196841
0
LINE
8
BLACK
6
CONTINUOUS
10
11.0626593700787392
20
-8.4172048425196841
11
11.063811456692914
21
-8.4172048425196841
0
LINE
8
BLACK
6
CONTINUOUS
10
11.063811456692914
20
-8.4172048425196841
11
11.0648758661417315
21
-8.4176457086614178
0
LINE
8
BLACK
6
CONTINUOUS
10
11.0648758661417315
20
-8.4176457086614178
11
11.0653233070866133
21
-8.4180129133858266
0
LINE
8
BLACK
6
CONTINUOUS
10
11.0653233070866133
20
-8.4180129133858266
11
11.0671981102362196
21
-8.4198876771653541
0
LINE
8
BLACK
6
CONTINUOUS
10
11.0671981102362196
20
-8.4198876771653541
11
11.067383858267716
21
-8.4201140157480321
0
LINE
8
BLACK
6
CONTINUOUS
10
11.067383858267716
20
-8.4201140157480321
11
11.0674429133858272
21
-8.4201652362204715
0
LINE
8
BLACK
6
CONTINUOUS
10
11.0674429133858272
20
-8.4201652362204715
11
11.0674988976377957
21
-8.4202541732283471
0
LINE
8
BLACK
6
CONTINUOUS
10
11.0674988976377957
20
-8.4202541732283471
11
11.0675653543307089
21
-8.4203351574803147
0
LINE
8
BLACK
6
CONTINUOUS
10
11.0675653543307089
20
-8.4203351574803147
11
11.067595157480314
21
-8.4204070866141727
0
LINE
8
BLACK
6
CONTINUOUS
10
11.067595157480314
20
-8.4204070866141727
11
11.0677512598425203
21
-8.4206551181102363
0
LINE
8
BLACK
6
CONTINUOUS
10
11.0677512598425203
20
-8.4206551181102363
11
11.0696260236220478
21
-8.4244046456692914
0
LINE
8
BLACK
6
CONTINUOUS
10
11.0696260236220478
20
-8.4244046456692914
11
11.0698329133858273
21
-8.4249452362204718
0
LINE
8
BLACK
6
CONTINUOUS
10
11.0698329133858273
20
-8.4249452362204718
11
11.0698404330708655
21
-8.4250511023622039
0
LINE
8
BLACK
6
CONTINUOUS
10
11.0698404330708655
20
-8.4250511023622039
11
11.0698810236220471
21
-8.425149094488189
0
LINE
8
BLACK
6
CONTINUOUS
10
11.0698810236220471
20
-8.425149094488189
11
11.0699377559055119
21
-8.4257251574803149
0
LINE
8
BLACK
6
CONTINUOUS
10
11.0699377559055119
20
-8.4257251574803149
11
11.0699377559055119
21
-8.4369737401574803
0
LINE
8
BLACK
6
CONTINUOUS
10
11.0699377559055119
20
-8.4369737401574803
11
11.0698810236220471
21
-8.4375498031496061
0
LINE
8
BLACK
6
CONTINUOUS
10
11.0698810236220471
20
-8.4375498031496061
11
11.0698404330708655
21
-8.4376477559055107
0
LINE
8
BLACK
6
CONTINUOUS
10
11.0698404330708655
20
-8.4376477559055107
11
11.0698329133858273
21
-8.4377536614173234
0
LINE
8
BLACK
6
CONTINUOUS
10
11.0698329133858273
20
-8.4377536614173234
11
11.0696260236220478
21
-8.4382942519685038
0
LINE
8
BLACK
6
CONTINUOUS
10
11.0696260236220478
20
-8.4382942519685038
11
11.0677512598425203
21
-8.4420437795275589
0
LINE
8
BLACK
6
CONTINUOUS
10
11.0677512598425203
20
-8.4420437795275589
11
11.067595157480314
21
-8.4422917716535437
0
LINE
8
BLACK
6
CONTINUOUS
10
11.067595157480314
20
-8.4422917716535437
11
11.0675653543307089
21
-8.4423637401574805
0
LINE
8
BLACK
6
CONTINUOUS
10
11.0675653543307089
20
-8.4423637401574805
11
11.0674988976377957
21
-8.4424446850393693
0
LINE
8
BLACK
6
CONTINUOUS
10
11.0674988976377957
20
-8.4424446850393693
11
11.0674429133858272
21
-8.4425336614173219
0
LINE
8
BLACK
6
CONTINUOUS
10
11.0674429133858272
20
-8.4425336614173219
11
11.067383858267716
21
-8.4425848425196843
0
LINE
8
BLACK
6
CONTINUOUS
10
11.067383858267716
20
-8.4425848425196843
11
11.0671981102362196
21
-8.442811220472441
0
LINE
8
BLACK
6
CONTINUOUS
10
11.0671981102362196
20
-8.442811220472441
11
11.0653233070866133
21
-8.4446859842519686
0
LINE
8
BLACK
6
CONTINUOUS
10
11.0653233070866133
20
-8.4446859842519686
11
11.0650969685039371
21
-8.4448716929133862
0
LINE
8
BLACK
6
CONTINUOUS
10
11.0650969685039371
20
-8.4448716929133862
11
11.0650458267716534
21
-8.4449307086614169
0
LINE
8
BLACK
6
CONTINUOUS
10
11.0650458267716534
20
-8.4449307086614169
11
11.0649568897637796
21
-8.4449866535433067
0
LINE
8
BLACK
6
CONTINUOUS
10
11.0649568897637796
20
-8.4449866535433067
11
11.0648758661417315
21
-8.4450531889763774
0
LINE
8
BLACK
6
CONTINUOUS
10
11.0648758661417315
20
-8.4450531889763774
11
11.0648038188976372
21
-8.4450829921259842
0
LINE
8
BLACK
6
CONTINUOUS
10
11.0648038188976372
20
-8.4450829921259842
11
11.0645559448818886
21
-8.44523905511811
0
LINE
8
BLACK
6
CONTINUOUS
10
11.0645559448818886
20
-8.44523905511811
11
11.0608064173228335
21
-8.4471138188976376
0
LINE
8
BLACK
6
CONTINUOUS
10
11.0608064173228335
20
-8.4471138188976376
11
11.0602657874015744
21
-8.447320708661417
0
LINE
8
BLACK
6
CONTINUOUS
10
11.0602657874015744
20
-8.447320708661417
11
11.060159960629921
21
-8.4473281889763783
0
LINE
8
BLACK
6
CONTINUOUS
10
11.060159960629921
20
-8.4473281889763783
11
11.0600619685039376
21
-8.4473688188976368
0
LINE
8
BLACK
6
CONTINUOUS
10
11.0600619685039376
20
-8.4473688188976368
11
11.05948590551181
21
-8.4474255511811016
0
LINE
8
BLACK
6
CONTINUOUS
10
11.05948590551181
20
-8.4474255511811016
11
11.0501120866141722
21
-8.4474255511811016
0
LINE
8
BLACK
6
CONTINUOUS
10
11.0501120866141722
20
-8.4474255511811016
11
11.0495360236220463
21
-8.4473688188976368
0
LINE
8
BLACK
6
CONTINUOUS
10
11.0495360236220463
20
-8.4473688188976368
11
11.049438031496063
21
-8.447328228346457
0
LINE
8
BLACK
6
CONTINUOUS
10
11.049438031496063
20
-8.447328228346457
11
11.0493321653543308
21
-8.447320708661417
0
LINE
8
BLACK
6
CONTINUOUS
10
11.0493321653543308
20
-8.447320708661417
11
11.0487915748031487
21
-8.4471138188976376
0
LINE
8
BLACK
6
CONTINUOUS
10
11.0487915748031487
20
-8.4471138188976376
11
11.0450420472440936
21
-8.44523905511811
0
LINE
8
BLACK
6
CONTINUOUS
10
11.0450420472440936
20
-8.44523905511811
11
11.0447940157480318
21
-8.4450829527559055
0
LINE
8
BLACK
6
CONTINUOUS
10
11.0447940157480318
20
-8.4450829527559055
11
11.0447220866141738
21
-8.4450531496062986
0
LINE
8
BLACK
6
CONTINUOUS
10
11.0447220866141738
20
-8.4450531496062986
11
11.0446411023622044
21
-8.4449866535433067
0
LINE
8
BLACK
6
CONTINUOUS
10
11.0446411023622044
20
-8.4449866535433067
11
11.0445521653543306
21
-8.4449307086614169
0
LINE
8
BLACK
6
CONTINUOUS
10
11.0445521653543306
20
-8.4449307086614169
11
11.0445009842519681
21
-8.4448716929133862
0
LINE
8
BLACK
6
CONTINUOUS
10
11.0445009842519681
20
-8.4448716929133862
11
11.044274645669292
21
-8.4446859448818898
0
LINE
8
BLACK
6
CONTINUOUS
10
11.044274645669292
20
-8.4446859448818898
11
11.0423998818897644
21
-8.4428111811023623
0
LINE
8
BLACK
6
CONTINUOUS
10
11.0423998818897644
20
-8.4428111811023623
11
11.0422140944881892
21
-8.4425848031496056
0
LINE
8
BLACK
6
CONTINUOUS
10
11.0422140944881892
20
-8.4425848031496056
11
11.0421551181102355
21
-8.4425336614173219
0
LINE
8
BLACK
6
CONTINUOUS
10
11.0421551181102355
20
-8.4425336614173219
11
11.042099133858267
21
-8.4424446850393693
0
LINE
8
BLACK
6
CONTINUOUS
10
11.042099133858267
20
-8.4424446850393693
11
11.0420326771653539
21
-8.4423637401574805
0
LINE
8
BLACK
6
CONTINUOUS
10
11.0420326771653539
20
-8.4423637401574805
11
11.0420028346456682
21
-8.4422917716535437
0
LINE
8
BLACK
6
CONTINUOUS
10
11.0420028346456682
20
-8.4422917716535437
11
11.0418467716535424
21
-8.4420437795275589
0
LINE
8
BLACK
6
CONTINUOUS
10
11.0418467716535424
20
-8.4420437795275589
11
11.0399720078740149
21
-8.4382942519685038
0
LINE
8
BLACK
6
CONTINUOUS
10
11.0399720078740149
20
-8.4382942519685038
11
11.0397683464566931
21
-8.4377620472440942
0
LINE
8
BLACK
6
CONTINUOUS
10
11.0397683464566931
20
-8.4377620472440942
11
11.0295593307086612
21
-8.4466949606299213
0
LINE
8
BLACK
6
CONTINUOUS
10
11.0295593307086612
20
-8.4466949606299213
11
11.0293103149606289
21
-8.4468729527559052
0
LINE
8
BLACK
6
CONTINUOUS
10
11.0293103149606289
20
-8.4468729527559052
11
11.0292553937007867
21
-8.4469279133858262
0
LINE
8
BLACK
6
CONTINUOUS
10
11.0292553937007867
20
-8.4469279133858262
11
11.0292032677165359
21
-8.4469494881889755
0
LINE
8
BLACK
6
CONTINUOUS
10
11.0292032677165359
20
-8.4469494881889755
11
11.02908842519685
21
-8.4470316141732287
0
LINE
8
BLACK
6
CONTINUOUS
10
11.02908842519685
20
-8.4470316141732287
11
11.0286341732283457
21
-8.447185196850393
0
LINE
8
BLACK
6
CONTINUOUS
10
11.0286341732283457
20
-8.447185196850393
11
11.0281909842519674
21
-8.4473688188976368
0
LINE
8
BLACK
6
CONTINUOUS
10
11.0281909842519674
20
-8.4473688188976368
11
11.0280913385826764
21
-8.4473688188976368
0
LINE
8
BLACK
6
CONTINUOUS
10
11.0280913385826764
20
-8.4473688188976368
11
11.027997047244094
21
-8.4474007086614176
0
LINE
8
BLACK
6
CONTINUOUS
10
11.027997047244094
20
-8.4474007086614176
11
11.0275185826771658
21
-8.4473688188976368
0
LINE
8
BLACK
6
CONTINUOUS
10
11.0275185826771658
20
-8.4473688188976368
11
11.0270388582677157
21
-8.4473688188976368
0
LINE
8
BLACK
6
CONTINUOUS
10
11.0270388582677157
20
-8.4473688188976368
11
11.0269468503937009
21
-8.4473307086614167
0
LINE
8
BLACK
6
CONTINUOUS
10
11.0269468503937009
20
-8.4473307086614167
11
11.02684751968504
21
-8.447324094488188
0
LINE
8
BLACK
6
CONTINUOUS
10
11.02684751968504
20
-8.447324094488188
11
11.0264173622047235
21
-8.4471113779527549
0
LINE
8
BLACK
6
CONTINUOUS
10
11.0264173622047235
20
-8.4471113779527549
11
11.0259744488188982
21
-8.4469279133858262
0
LINE
8
BLACK
6
CONTINUOUS
10
11.0259744488188982
20
-8.4469279133858262
11
11.0259040944881885
21
-8.4468575590551183
0
LINE
8
BLACK
6
CONTINUOUS
10
11.0259040944881885
20
-8.4468575590551183
11
11.0258147637795272
21
-8.446813385826772
0
LINE
8
BLACK
6
CONTINUOUS
10
11.0258147637795272
20
-8.446813385826772
11
11.0254987795275596
21
-8.4464522440944876
0
LINE
8
BLACK
6
CONTINUOUS
10
11.0254987795275596
20
-8.4464522440944876
11
11.0251598031496059
21
-8.4461132677165356
0
LINE
8
BLACK
6
CONTINUOUS
10
11.0251598031496059
20
-8.4461132677165356
11
11.025121653543307
21
-8.4460212598425191
0
LINE
8
BLACK
6
CONTINUOUS
10
11.025121653543307
20
-8.4460212598425191
11
11.0250561023622051
21
-8.4459462992125989
0
LINE
8
BLACK
6
CONTINUOUS
10
11.0250561023622051
20
-8.4459462992125989
11
11.0249024803149602
21
-8.4454920472440946
0
LINE
8
BLACK
6
CONTINUOUS
10
11.0249024803149602
20
-8.4454920472440946
11
11.0247188976377952
21
-8.4450488582677163
0
LINE
8
BLACK
6
CONTINUOUS
10
11.0247188976377952
20
-8.4450488582677163
11
11.0247050393700778
21
-8.444908267716535
0
LINE
8
BLACK
6
CONTINUOUS
10
11.0247050393700778
20
-8.444908267716535
11
11.0246870078740162
21
-8.4448549212598429
0
LINE
8
BLACK
6
CONTINUOUS
10
11.0246870078740162
20
-8.4448549212598429
11
11.0246921653543311
21
-8.4447774409448826
0
LINE
8
BLACK
6
CONTINUOUS
10
11.0246921653543311
20
-8.4447774409448826
11
11.0246621653543304
21
-8.4444727952755905
0
LINE
8
BLACK
6
CONTINUOUS
10
11.0246621653543304
20
-8.4444727952755905
11
11.0246621653543304
21
-8.4201008661417323
0
LINE
8
BLACK
6
CONTINUOUS
10
11.0246621653543304
20
-8.4201008661417323
11
11.0247188976377952
21
-8.4195248031496064
0
LINE
8
BLACK
6
CONTINUOUS
10
11.0247188976377952
20
-8.4195248031496064
11
11.0251598031496059
21
-8.4184603937007871
0
LINE
8
BLACK
6
CONTINUOUS
10
11.0251598031496059
20
-8.4184603937007871
11
11.0259744488188982
21
-8.4176457480314966
0
LINE
8
BLACK
6
CONTINUOUS
10
11.0259744488188982
20
-8.4176457480314966
11
11.0270388582677157
21
-8.4172048425196841
0
LINE
8
BLACK
6
CONTINUOUS
10
11.0270388582677157
20
-8.4172048425196841
11
11.0281909842519674
21
-8.4172048425196841
0
LINE
8
BLACK
6
CONTINUOUS
10
11.0281909842519674
20
-8.4172048425196841
11
11.0292553937007867
21
-8.4176457480314966
0
LINE
8
BLACK
6
CONTINUOUS
10
11.0292553937007867
20
-8.3801504330708667
11
11.030070039370079
21
-8.3809650787401573
0
LINE
8
BLACK
6
CONTINUOUS
10
11.030070039370079
20
-8.3809650787401573
11
11.0305109448818897
21
-8.3820294881889765
0
LINE
8
BLACK
6
CONTINUOUS
10
11.0305109448818897
20
-8.3820294881889765
11
11.0305676771653545
21
-8.3826055511811024
0
LINE
8
BLACK
6
CONTINUOUS
10
11.0305676771653545
20
-8.3826055511811024
11
11.0305676771653545
21
-8.4004702755905516
0
LINE
8
BLACK
6
CONTINUOUS
10
11.0305676771653545
20
-8.4004702755905516
11
11.0406686220472441
21
-8.3916319685039369
0
LINE
8
BLACK
6
CONTINUOUS
10
11.0406686220472441
20
-8.3916319685039369
11
11.0409175984251959
21
-8.3914539370078742
0
LINE
8
BLACK
6
CONTINUOUS
10
11.0409175984251959
20
-8.3914539370078742
11
11.0409725590551187
21
-8.391399015748032
0
LINE
8
BLACK
6
CONTINUOUS
10
11.0409725590551187
20
-8.391399015748032
11
11.0410246456692906
21
-8.3913774015748022
0
LINE
8
BLACK
6
CONTINUOUS
10
11.0410246456692906
20
-8.3913774015748022
11
11.0411395275590554
21
-8.3912953149606295
0
LINE
8
BLACK
6
CONTINUOUS
10
11.0411395275590554
20
-8.3912953149606295
11
11.0415937401574809
21
-8.3911416929133864
0
LINE
8
BLACK
6
CONTINUOUS
10
11.0415937401574809
20
-8.3911416929133864
11
11.0420369685039361
21
-8.3909581102362196
0
LINE
8
BLACK
6
CONTINUOUS
10
11.0420369685039361
20
-8.3909581102362196
11
11.0421366141732289
21
-8.3909581102362196
0
LINE
8
BLACK
6
CONTINUOUS
10
11.0421366141732289
20
-8.3909581102362196
11
11.0422309055118113
21
-8.3909262204724406
0
LINE
8
BLACK
6
CONTINUOUS
10
11.0422309055118113
20
-8.3909262204724406
11
11.0427093700787395
21
-8.3909581102362196
0
LINE
8
BLACK
6
CONTINUOUS
10
11.0427093700787395
20
-8.3909581102362196
11
11.0431890944881879
21
-8.3909581102362196
0
LINE
8
BLACK
6
CONTINUOUS
10
11.0431890944881879
20
-8.3909581102362196
11
11.0432810629921256
21
-8.3909961811023628
0
LINE
8
BLACK
6
CONTINUOUS
10
11.0432810629921256
20
-8.3909961811023628
11
11.0433804330708654
21
-8.3910028346456684
0
LINE
8
BLACK
6
CONTINUOUS
10
11.0433804330708654
20
-8.3910028346456684
11
11.0438105511811013
21
-8.3912155118110228
0
LINE
8
BLACK
6
CONTINUOUS
10
11.0438105511811013
20
-8.3912155118110228
11
11.0442535039370071
21
-8.391399015748032
0
LINE
8
BLACK
6
CONTINUOUS
10
11.0442535039370071
20
-8.391399015748032
11
11.044323818897638
21
-8.3914693307086612
0
LINE
8
BLACK
6
CONTINUOUS
10
11.044323818897638
20
-8.3914693307086612
11
11.0444131889763781
21
-8.3915135433070862
0
LINE
8
BLACK
6
CONTINUOUS
10
11.0444131889763781
20
-8.3915135433070862
11
11.0447291338582669
21
-8.3918746456692919
0
LINE
8
BLACK
6
CONTINUOUS
10
11.0447291338582669
20
-8.3918746456692919
11
11.0450681496062995
21
-8.3922136614173226
0
LINE
8
BLACK
6
CONTINUOUS
10
11.0450681496062995
20
-8.3922136614173226
11
11.0451062598425196
21
-8.3923056299212604
0
LINE
8
BLACK
6
CONTINUOUS
10
11.0451062598425196
20
-8.3923056299212604
11
11.0451718503937002
21
-8.3923806299212593
0
LINE
8
BLACK
6
CONTINUOUS
10
11.0451718503937002
20
-8.3923806299212593
11
11.0453254330708663
21
-8.3928348425196848
0
LINE
8
BLACK
6
CONTINUOUS
10
11.0453254330708663
20
-8.3928348425196848
11
11.0455090551181101
21
-8.3932780708661419
0
LINE
8
BLACK
6
CONTINUOUS
10
11.0455090551181101
20
-8.3932780708661419
11
11.045522874015747
21
-8.3934186220472444
0
LINE
8
BLACK
6
CONTINUOUS
10
11.045522874015747
20
-8.3934186220472444
11
11.0455409448818891
21
-8.3934720078740153
0
LINE
8
BLACK
6
CONTINUOUS
10
11.0455409448818891
20
-8.3934720078740153
11
11.0455357480314955
21
-8.3935494488188969
0
LINE
8
BLACK
6
CONTINUOUS
10
11.0455357480314955
20
-8.3935494488188969
11
11.0455657874015749
21
-8.3938541338582677
0
LINE
8
BLACK
6
CONTINUOUS
10
11.0455657874015749
20
-8.3938541338582677
11
11.0455657874015749
21
-8.3987813779527549
0
LINE
8
BLACK
6
CONTINUOUS
10
11.0455657874015749
20
-8.3987813779527549
11
11.0469145275590552
21
-8.4014788582677156
0
LINE
8
BLACK
6
CONTINUOUS
10
11.0469145275590552
20
-8.4014788582677156
11
11.048111653543307
21
-8.4026759842519692
0
LINE
8
BLACK
6
CONTINUOUS
10
11.048111653543307
20
-8.4026759842519692
11
11.0508091338582677
21
-8.4040247244094495
0
LINE
8
BLACK
6
CONTINUOUS
10
11.0508091338582677
20
-8.4040247244094495
11
11.0587888582677163
21
-8.4040247244094495
0
LINE
8
BLACK
6
CONTINUOUS
10
11.0587888582677163
20
-8.4040247244094495
11
11.0614863385826769
21
-8.4026759448818904
0
LINE
8
BLACK
6
CONTINUOUS
10
11.0614863385826769
20
-8.4026759448818904
11
11.0626835039370075
21
-8.4014788188976368
0
LINE
8
BLACK
6
CONTINUOUS
10
11.0626835039370075
20
-8.4014788188976368
11
11.0640322440944878
21
-8.3987813779527549
0
LINE
8
BLACK
6
CONTINUOUS
10
11.0640322440944878
20
-8.3987813779527549
11
11.0640322440944878
21
-8.3889268897637788
0
LINE
8
BLACK
6
CONTINUOUS
10
11.0640322440944878
20
-8.3889268897637788
11
11.0626835039370075
21
-8.3862294094488181
0
LINE
8
BLACK
6
CONTINUOUS
10
11.0626835039370075
20
-8.3862294094488181
11
11.0611475590551187
21
-8.3846935039370081
0
LINE
8
BLACK
6
CONTINUOUS
10
11.0611475590551187
20
-8.3846935039370081
11
11.0607803149606294
21
-8.3842460236220475
0
LINE
8
BLACK
6
CONTINUOUS
10
11.0607803149606294
20
-8.3842460236220475
11
11.0603394094488188
21
-8.3831816141732283
0
LINE
8
BLACK
6
CONTINUOUS
10
11.0603394094488188
20
-8.3831816141732283
11
11.0603394094488188
21
-8.3820295275590553
0
LINE
8
BLACK
6
CONTINUOUS
10
11.0603394094488188
20
-8.3820295275590553
11
11.0607802755905507
21
-8.380965118110236
0
LINE
8
BLACK
6
CONTINUOUS
10
11.0607802755905507
20
-8.380965118110236
11
11.0615949606299218
21
-8.3801504330708667
0
LINE
8
BLACK
6
CONTINUOUS
10
11.0615949606299218
20
-8.3801504330708667
11
11.0626593700787392
21
-8.3797095275590543
0
LINE
8
BLACK
6
CONTINUOUS
10
11.0626593700787392
20
-8.3797095275590543
11
11.063811456692914
21
-8.3797095275590543
0
LINE
8
BLACK
6
CONTINUOUS
10
11.063811456692914
20
-8.3797095275590543
11
11.0648758661417315
21
-8.380150393700788
0
LINE
8
BLACK
6
CONTINUOUS
10
11.0648758661417315
20
-8.380150393700788
11
11.0653233070866133
21
-8.3805175984251967
0
LINE
8
BLACK
6
CONTINUOUS
10
11.0653233070866133
20
-8.3805175984251967
11
11.0671981102362196
21
-8.3823923622047243
0
LINE
8
BLACK
6
CONTINUOUS
10
11.0671981102362196
20
-8.3823923622047243
11
11.067383858267716
21
-8.3826187007874022
0
LINE
8
BLACK
6
CONTINUOUS
10
11.067383858267716
20
-8.3826187007874022
11
11.0674429133858272
21
-8.3826699212598417
0
LINE
8
BLACK
6
CONTINUOUS
10
11.0674429133858272
20
-8.3826699212598417
11
11.0674988976377957
21
-8.3827588582677155
0
LINE
8
BLACK
6
CONTINUOUS
10
11.0674988976377957
20
-8.3827588582677155
11
11.0675653543307089
21
-8.3828398425196848
0
LINE
8
BLACK
6
CONTINUOUS
10
11.0675653543307089
20
-8.3828398425196848
11
11.067595157480314
21
-8.3829117716535428
0
LINE
8
BLACK
6
CONTINUOUS
10
11.067595157480314
20
-8.3829117716535428
11
11.0677512598425203
21
-8.3831598031496064
0
LINE
8
BLACK
6
CONTINUOUS
10
11.0677512598425203
20
-8.3831598031496064
11
11.0696260236220478
21
-8.3869093307086615
0
LINE
8
BLACK
6
CONTINUOUS
10
11.0696260236220478
20
-8.3869093307086615
11
11.0698329133858273
21
-8.3874499212598419
0
LINE
8
BLACK
6
CONTINUOUS
10
11.0698329133858273
20
-8.3874499212598419
11
11.0698404330708655
21
-8.387555787401574
0
LINE
8
BLACK
6
CONTINUOUS
10
11.0698404330708655
20
-8.387555787401574
11
11.0698810236220471
21
-8.3876537795275592
0
LINE
8
BLACK
6
CONTINUOUS
10
11.0698810236220471
20
-8.3876537795275592
11
11.0699377559055119
21
-8.3882298425196851
0
LINE
8
BLACK
6
CONTINUOUS
10
11.0699377559055119
20
-8.3882298425196851
11
11.0699377559055119
21
-8.3994784251968504
0
LINE
8
BLACK
6
CONTINUOUS
10
11.0699377559055119
20
-8.3994784251968504
11
11.0698810236220471
21
-8.4000544881889763
0
LINE
8
BLACK
6
CONTINUOUS
10
11.0698810236220471
20
-8.4000544881889763
11
11.0698404330708655
21
-8.4001524409448809
0
LINE
8
BLACK
6
CONTINUOUS
10
11.0698404330708655
20
-8.4001524409448809
11
11.0698329133858273
21
-8.4002583464566936
0
LINE
8
BLACK
6
CONTINUOUS
10
11.0698329133858273
20
-8.4002583464566936
11
11.0696260236220478
21
-8.4007989370078739
0
LINE
8
BLACK
6
CONTINUOUS
10
11.0696260236220478
20
-8.4007989370078739
11
11.0677512598425203
21
-8.4045484645669291
0
LINE
8
BLACK
6
CONTINUOUS
10
11.0677512598425203
20
-8.4045484645669291
11
11.067595157480314
21
-8.4047964566929139
0
LINE
8
BLACK
6
CONTINUOUS
10
11.067595157480314
20
-8.4047964566929139
11
11.0675653543307089
21
-8.4048684251968506
0
LINE
8
BLACK
6
CONTINUOUS
10
11.0675653543307089
20
-8.4048684251968506
11
11.0674988976377957
21
-8.4049493700787394
0
LINE
8
BLACK
6
CONTINUOUS
10
11.0674988976377957
20
-8.4049493700787394
11
11.0674429133858272
21
-8.405038346456692
0
LINE
8
BLACK
6
CONTINUOUS
10
11.0674429133858272
20
-8.405038346456692
11
11.067383858267716
21
-8.4050895275590545
0
LINE
8
BLACK
6
CONTINUOUS
10
11.067383858267716
20
-8.4050895275590545
11
11.0671981102362196
21
-8.4053159055118112
0
LINE
8
BLACK
6
CONTINUOUS
10
11.0671981102362196
20
-8.4053159055118112
11
11.0653233070866133
21
-8.4071906692913387
0
LINE
8
BLACK
6
CONTINUOUS
10
11.0653233070866133
20
-8.4071906692913387
11
11.0650969685039371
21
-8.4073763779527564
0
LINE
8
BLACK
6
CONTINUOUS
10
11.0650969685039371
20
-8.4073763779527564
11
11.0650458267716534
21
-8.4074353937007871
0
LINE
8
BLACK
6
CONTINUOUS
10
11.0650458267716534
20
-8.4074353937007871
11
11.0649568897637796
21
-8.4074913385826768
0
LINE
8
BLACK
6
CONTINUOUS
10
11.0649568897637796
20
-8.4074913385826768
11
11.0648758661417315
21
-8.4075578740157475
0
LINE
8
BLACK
6
CONTINUOUS
10
11.0648758661417315
20
-8.4075578740157475
11
11.0648038188976372
21
-8.4075876771653544
0
LINE
8
BLACK
6
CONTINUOUS
10
11.0648038188976372
20
-8.4075876771653544
11
11.0645559448818886
21
-8.4077437401574802
0
LINE
8
BLACK
6
CONTINUOUS
10
11.0645559448818886
20
-8.4077437401574802
11
11.0608064173228335
21
-8.4096185039370077
0
LINE
8
BLACK
6
CONTINUOUS
10
11.0608064173228335
20
-8.4096185039370077
11
11.0602657874015744
21
-8.4098253937007872
0
LINE
8
BLACK
6
CONTINUOUS
10
11.0602657874015744
20
-8.4098253937007872
11
11.060159960629921
21
-8.4098328740157484
0
LINE
8
BLACK
6
CONTINUOUS
10
11.060159960629921
20
-8.4098328740157484
11
11.0600619685039376
21
-8.4098735039370069
0
LINE
8
BLACK
6
CONTINUOUS
10
11.0600619685039376
20
-8.4098735039370069
11
11.05948590551181
21
-8.4099302362204718
0
LINE
8
BLACK
6
CONTINUOUS
10
11.05948590551181
20
-8.4099302362204718
11
11.0501120866141722
21
-8.4099302362204718
0
LINE
8
BLACK
6
CONTINUOUS
10
11.0501120866141722
20
-8.4099302362204718
11
11.0495360236220463
21
-8.4098735039370069
0
LINE
8
BLACK
6
CONTINUOUS
10
11.0495360236220463
20
-8.4098735039370069
11
11.049438031496063
21
-8.4098329133858272
0
LINE
8
BLACK
6
CONTINUOUS
10
11.049438031496063
20
-8.4098329133858272
11
11.0493321653543308
21
-8.4098253937007872
0
LINE
8
BLACK
6
CONTINUOUS
10
11.0493321653543308
20
-8.4098253937007872
11
11.0487915748031487
21
-8.4096185039370077
0
LINE
8
BLACK
6
CONTINUOUS
10
11.0487915748031487
20
-8.4096185039370077
11
11.0450420472440936
21
-8.4077437401574802
0
LINE
8
BLACK
6
CONTINUOUS
10
11.0450420472440936
20
-8.4077437401574802
11
11.0447940157480318
21
-8.4075876377952756
0
LINE
8
BLACK
6
CONTINUOUS
10
11.0447940157480318
20
-8.4075876377952756
11
11.0447220866141738
21
-8.4075578346456687
0
LINE
8
BLACK
6
CONTINUOUS
10
11.0447220866141738
20
-8.4075578346456687
11
11.0446411023622044
21
-8.4074913385826768
0
LINE
8
BLACK
6
CONTINUOUS
10
11.0446411023622044
20
-8.4074913385826768
11
11.0445521653543306
21
-8.4074353937007871
0
LINE
8
BLACK
6
CONTINUOUS
10
11.0445521653543306
20
-8.4074353937007871
11
11.0445009842519681
21
-8.4073763779527564
0
LINE
8
BLACK
6
CONTINUOUS
10
11.0445009842519681
20
-8.4073763779527564
11
11.044274645669292
21
-8.40719062992126
0
LINE
8
BLACK
6
CONTINUOUS
10
11.044274645669292
20
-8.40719062992126
11
11.0423998818897644
21
-8.4053158661417324
0
LINE
8
BLACK
6
CONTINUOUS
10
11.0423998818897644
20
-8.4053158661417324
11
11.0422140944881892
21
-8.4050894881889757
0
LINE
8
BLACK
6
CONTINUOUS
10
11.0422140944881892
20
-8.4050894881889757
11
11.0421551181102355
21
-8.405038346456692
0
LINE
8
BLACK
6
CONTINUOUS
10
11.0421551181102355
20
-8.405038346456692
11
11.042099133858267
21
-8.4049493700787394
0
LINE
8
BLACK
6
CONTINUOUS
10
11.042099133858267
20
-8.4049493700787394
11
11.0420326771653539
21
-8.4048684251968506
0
LINE
8
BLACK
6
CONTINUOUS
10
11.0420326771653539
20
-8.4048684251968506
11
11.0420028346456682
21
-8.4047964566929139
0
LINE
8
BLACK
6
CONTINUOUS
10
11.0420028346456682
20
-8.4047964566929139
11
11.0418467716535424
21
-8.4045484645669291
0
LINE
8
BLACK
6
CONTINUOUS
10
11.0418467716535424
20
-8.4045484645669291
11
11.0399720078740149
21
-8.4007989370078739
0
LINE
8
BLACK
6
CONTINUOUS
10
11.0399720078740149
20
-8.4007989370078739
11
11.0397683464566931
21
-8.4002667322834643
0
LINE
8
BLACK
6
CONTINUOUS
10
11.0397683464566931
20
-8.4002667322834643
11
11.0295593307086612
21
-8.4091996456692915
0
LINE
8
BLACK
6
CONTINUOUS
10
11.0295593307086612
20
-8.4091996456692915
11
11.0293103149606289
21
-8.4093776377952754
0
LINE
8
BLACK
6
CONTINUOUS
10
11.0293103149606289
20
-8.4093776377952754
11
11.0292553937007867
21
-8.4094325984251963
0
LINE
8
BLACK
6
CONTINUOUS
10
11.0292553937007867
20
-8.4094325984251963
11
11.0292032677165359
21
-8.4094541732283457
0
LINE
8
BLACK
6
CONTINUOUS
10
11.0292032677165359
20
-8.4094541732283457
11
11.02908842519685
21
-8.4095362992125988
0
LINE
8
BLACK
6
CONTINUOUS
10
11.02908842519685
20
-8.4095362992125988
11
11.0286341732283457
21
-8.4096898818897632
0
LINE
8
BLACK
6
CONTINUOUS
10
11.0286341732283457
20
-8.4096898818897632
11
11.0281909842519674
21
-8.4098735039370069
0
LINE
8
BLACK
6
CONTINUOUS
10
11.0281909842519674
20
-8.4098735039370069
11
11.0280913385826764
21
-8.4098735039370069
0
LINE
8
BLACK
6
CONTINUOUS
10
11.0280913385826764
20
-8.4098735039370069
11
11.027997047244094
21
-8.4099053937007877
0
LINE
8
BLACK
6
CONTINUOUS
10
11.027997047244094
20
-8.4099053937007877
11
11.0275185826771658
21
-8.4098735039370069
0
LINE
8
BLACK
6
CONTINUOUS
10
11.0275185826771658
20
-8.4098735039370069
11
11.0270388582677157
21
-8.4098735039370069
0
LINE
8
BLACK
6
CONTINUOUS
10
11.0270388582677157
20
-8.4098735039370069
11
11.0269468503937009
21
-8.4098353937007868
0
LINE
8
BLACK
6
CONTINUOUS
10
11.0269468503937009
20
-8.4098353937007868
11
11.02684751968504
21
-8.4098287795275581
0
LINE
8
BLACK
6
CONTINUOUS
10
11.02684751968504
20
-8.4098287795275581
11
11.0264173622047235
21
-8.4096160629921251
0
LINE
8
BLACK
6
CONTINUOUS
10
11.0264173622047235
20
-8.4096160629921251
11
11.0259744488188982
21
-8.4094325984251963
0
LINE
8
BLACK
6
CONTINUOUS
10
11.0259744488188982
20
-8.4094325984251963
11
11.0259040944881885
21
-8.4093622440944884
0
LINE
8
BLACK
6
CONTINUOUS
10
11.0259040944881885
20
-8.4093622440944884
11
11.0258147637795272
21
-8.4093180708661421
0
LINE
8
BLACK
6
CONTINUOUS
10
11.0258147637795272
20
-8.4093180708661421
11
11.0254987795275596
21
-8.4089569291338577
0
LINE
8
BLACK
6
CONTINUOUS
10
11.0254987795275596
20
-8.4089569291338577
11
11.0251598031496059
21
-8.4086179527559057
0
LINE
8
BLACK
6
CONTINUOUS
10
11.0251598031496059
20
-8.4086179527559057
11
11.025121653543307
21
-8.4085259448818892
0
LINE
8
BLACK
6
CONTINUOUS
10
11.025121653543307
20
-8.4085259448818892
11
11.0250561023622051
21
-8.408450984251969
0
LINE
8
BLACK
6
CONTINUOUS
10
11.0250561023622051
20
-8.408450984251969
11
11.0249024803149602
21
-8.4079967322834648
0
LINE
8
BLACK
6
CONTINUOUS
10
11.0249024803149602
20
-8.4079967322834648
11
11.0247188976377952
21
-8.4075535433070865
0
LINE
8
BLACK
6
CONTINUOUS
10
11.0247188976377952
20
-8.4075535433070865
11
11.0247050393700778
21
-8.4074129527559052
0
LINE
8
BLACK
6
CONTINUOUS
10
11.0247050393700778
20
-8.4074129527559052
11
11.0246870078740162
21
-8.4073596062992131
0
LINE
8
BLACK
6
CONTINUOUS
10
11.0246870078740162
20
-8.4073596062992131
11
11.0246921653543311
21
-8.407282125984251
0
LINE
8
BLACK
6
CONTINUOUS
10
11.0246921653543311
20
-8.407282125984251
11
11.0246621653543304
21
-8.4069774803149606
0
LINE
8
BLACK
6
CONTINUOUS
10
11.0246621653543304
20
-8.4069774803149606
11
11.0246621653543304
21
-8.3826055511811024
0
LINE
8
BLACK
6
CONTINUOUS
10
11.0246621653543304
20
-8.3826055511811024
11
11.0247188976377952
21
-8.3820294881889765
0
LINE
8
BLACK
6
CONTINUOUS
10
11.0247188976377952
20
-8.3820294881889765
11
11.0251598031496059
21
-8.3809650787401573
0
LINE
8
BLACK
6
CONTINUOUS
10
11.0251598031496059
20
-8.3809650787401573
11
11.0259744488188982
21
-8.3801504330708667
0
LINE
8
BLACK
6
CONTINUOUS
10
11.0259744488188982
20
-8.3801504330708667
11
11.0270388582677157
21
-8.3797095275590543
0
LINE
8
BLACK
6
CONTINUOUS
10
11.0270388582677157
20
-8.3797095275590543
11
11.0281909842519674
21
-8.3797095275590543
0
LINE
8
BLACK
6
CONTINUOUS
10
11.0281909842519674
20
-8.3797095275590543
11
11.0292553937007867
21
-8.3801504330708667
0
LINE
8
BLACK
6
CONTINUOUS
10
11.0292553937007867
20
-8.3426551181102369
11
11.030070039370079
21
-8.3434697637795274
0
LINE
8
BLACK
6
CONTINUOUS
10
11.030070039370079
20
-8.3434697637795274
11
11.0305109448818897
21
-8.3445341732283467
0
LINE
8
BLACK
6
CONTINUOUS
10
11.0305109448818897
20
-8.3445341732283467
11
11.0305676771653545
21
-8.3451102362204725
0
LINE
8
BLACK
6
CONTINUOUS
10
11.0305676771653545
20
-8.3451102362204725
11
11.0305676771653545
21
-8.3629749606299217
0
LINE
8
BLACK
6
CONTINUOUS
10
11.0305676771653545
20
-8.3629749606299217
11
11.0406686220472441
21
-8.354136653543307
0
LINE
8
BLACK
6
CONTINUOUS
10
11.0406686220472441
20
-8.354136653543307
11
11.0409175984251959
21
-8.3539586220472444
0
LINE
8
BLACK
6
CONTINUOUS
10
11.0409175984251959
20
-8.3539586220472444
11
11.0409725590551187
21
-8.3539037007874022
0
LINE
8
BLACK
6
CONTINUOUS
10
11.0409725590551187
20
-8.3539037007874022
11
11.0410246456692906
21
-8.3538820866141723
0
LINE
8
BLACK
6
CONTINUOUS
10
11.0410246456692906
20
-8.3538820866141723
11
11.0411395275590554
21
-8.3537999999999997
0
LINE
8
BLACK
6
CONTINUOUS
10
11.0411395275590554
20
-8.3537999999999997
11
11.0415937401574809
21
-8.3536463779527566
0
LINE
8
BLACK
6
CONTINUOUS
10
11.0415937401574809
20
-8.3536463779527566
11
11.0420369685039361
21
-8.3534627952755898
0
LINE
8
BLACK
6
CONTINUOUS
10
11.0420369685039361
20
-8.3534627952755898
11
11.0421366141732289
21
-8.3534627952755898
0
LINE
8
BLACK
6
CONTINUOUS
10
11.0421366141732289
20
-8.3534627952755898
11
11.0422309055118113
21
-8.3534309055118108
0
LINE
8
BLACK
6
CONTINUOUS
10
11.0422309055118113
20
-8.3534309055118108
11
11.0427093700787395
21
-8.3534627952755898
0
LINE
8
BLACK
6
CONTINUOUS
10
11.0427093700787395
20
-8.3534627952755898
11
11.0431890944881879
21
-8.3534627952755898
0
LINE
8
BLACK
6
CONTINUOUS
10
11.0431890944881879
20
-8.3534627952755898
11
11.0432810629921256
21
-8.3535008661417329
0
LINE
8
BLACK
6
CONTINUOUS
10
11.0432810629921256
20
-8.3535008661417329
11
11.0433804330708654
21
-8.3535075196850386
0
LINE
8
BLACK
6
CONTINUOUS
10
11.0433804330708654
20
-8.3535075196850386
11
11.0438105511811013
21
-8.3537201968503929
0
LINE
8
BLACK
6
CONTINUOUS
10
11.0438105511811013
20
-8.3537201968503929
11
11.0442535039370071
21
-8.3539037007874022
0
LINE
8
BLACK
6
CONTINUOUS
10
11.0442535039370071
20
-8.3539037007874022
11
11.044323818897638
21
-8.3539740157480313
0
LINE
8
BLACK
6
CONTINUOUS
10
11.044323818897638
20
-8.3539740157480313
11
11.0444131889763781
21
-8.3540182283464564
0
LINE
8
BLACK
6
CONTINUOUS
10
11.0444131889763781
20
-8.3540182283464564
11
11.0447291338582669
21
-8.354379330708662
0
LINE
8
BLACK
6
CONTINUOUS
10
11.0447291338582669
20
-8.354379330708662
11
11.0450681496062995
21
-8.3547183464566928
0
LINE
8
BLACK
6
CONTINUOUS
10
11.0450681496062995
20
-8.3547183464566928
11
11.0451062598425196
21
-8.3548103149606305
0
LINE
8
BLACK
6
CONTINUOUS
10
11.0451062598425196
20
-8.3548103149606305
11
11.0451718503937002
21
-8.3548853149606295
0
LINE
8
BLACK
6
CONTINUOUS
10
11.0451718503937002
20
-8.3548853149606295
11
11.0453254330708663
21
-8.355339527559055
0
LINE
8
BLACK
6
CONTINUOUS
10
11.0453254330708663
20
-8.355339527559055
11
11.0455090551181101
21
-8.355782755905512
0
LINE
8
BLACK
6
CONTINUOUS
10
11.0455090551181101
20
-8.355782755905512
11
11.045522874015747
21
-8.3559233070866146
0
LINE
8
BLACK
6
CONTINUOUS
10
11.045522874015747
20
-8.3559233070866146
11
11.0455409448818891
21
-8.3559766929133854
0
LINE
8
BLACK
6
CONTINUOUS
10
11.0455409448818891
20
-8.3559766929133854
11
11.0455357480314955
21
-8.356054133858267
0
LINE
8
BLACK
6
CONTINUOUS
10
11.0455357480314955
20
-8.356054133858267
11
11.0455657874015749
21
-8.3563588188976379
0
LINE
8
BLACK
6
CONTINUOUS
10
11.0455657874015749
20
-8.3563588188976379
11
11.0455657874015749
21
-8.3612860629921251
0
LINE
8
BLACK
6
CONTINUOUS
10
11.0455657874015749
20
-8.3612860629921251
11
11.0469145275590552
21
-8.3639835433070857
0
LINE
8
BLACK
6
CONTINUOUS
10
11.0469145275590552
20
-8.3639835433070857
11
11.048111653543307
21
-8.3651806692913375
0
LINE
8
BLACK
6
CONTINUOUS
10
11.048111653543307
20
-8.3651806692913375
11
11.0508091338582677
21
-8.3665294094488178
0
LINE
8
BLACK
6
CONTINUOUS
10
11.0508091338582677
20
-8.3665294094488178
11
11.0587888582677163
21
-8.3665294094488178
0
LINE
8
BLACK
6
CONTINUOUS
10
11.0587888582677163
20
-8.3665294094488178
11
11.0614863385826769
21
-8.3651806299212588
0
LINE
8
BLACK
6
CONTINUOUS
10
11.0614863385826769
20
-8.3651806299212588
11
11.0626835039370075
21
-8.363983503937007
0
LINE
8
BLACK
6
CONTINUOUS
10
11.0626835039370075
20
-8.363983503937007
11
11.0640322440944878
21
-8.3612860629921251
0
LINE
8
BLACK
6
CONTINUOUS
10
11.0640322440944878
20
-8.3612860629921251
11
11.0640322440944878
21
-8.3514315748031489
0
LINE
8
BLACK
6
CONTINUOUS
10
11.0640322440944878
20
-8.3514315748031489
11
11.0626835039370075
21
-8.3487340944881883
0
LINE
8
BLACK
6
CONTINUOUS
10
11.0626835039370075
20
-8.3487340944881883
11
11.0611475590551187
21
-8.3471981889763782
0
LINE
8
BLACK
6
CONTINUOUS
10
11.0611475590551187
20
-8.3471981889763782
11
11.0607803149606294
21
-8.3467507086614177
0
LINE
8
BLACK
6
CONTINUOUS
10
11.0607803149606294
20
-8.3467507086614177
11
11.0603394094488188
21
-8.3456862992125984
0
LINE
8
BLACK
6
CONTINUOUS
10
11.0603394094488188
20
-8.3456862992125984
11
11.0603394094488188
21
-8.3445342125984254
0
LINE
8
BLACK
6
CONTINUOUS
10
11.0603394094488188
20
-8.3445342125984254
11
11.0607802755905507
21
-8.3434698031496062
0
LINE
8
BLACK
6
CONTINUOUS
10
11.0607802755905507
20
-8.3434698031496062
11
11.0615949606299218
21
-8.3426551181102369
0
LINE
8
BLACK
6
CONTINUOUS
10
11.0615949606299218
20
-8.3426551181102369
11
11.0626593700787392
21
-8.3422142125984244
0
LINE
8
BLACK
6
CONTINUOUS
10
11.0626593700787392
20
-8.3422142125984244
11
11.063811456692914
21
-8.3422142125984244
0
LINE
8
BLACK
6
CONTINUOUS
10
11.063811456692914
20
-8.3422142125984244
11
11.0648758661417315
21
-8.3426550787401581
0
LINE
8
BLACK
6
CONTINUOUS
10
11.0648758661417315
20
-8.3426550787401581
11
11.0653233070866133
21
-8.3430222834645669
0
LINE
8
BLACK
6
CONTINUOUS
10
11.0653233070866133
20
-8.3430222834645669
11
11.0671981102362196
21
-8.3448970472440944
0
LINE
8
BLACK
6
CONTINUOUS
10
11.0671981102362196
20
-8.3448970472440944
11
11.067383858267716
21
-8.3451233858267706
0
LINE
8
BLACK
6
CONTINUOUS
10
11.067383858267716
20
-8.3451233858267706
11
11.0674429133858272
21
-8.3451746062992118
0
LINE
8
BLACK
6
CONTINUOUS
10
11.0674429133858272
20
-8.3451746062992118
11
11.0674988976377957
21
-8.3452635433070856
0
LINE
8
BLACK
6
CONTINUOUS
10
11.0674988976377957
20
-8.3452635433070856
11
11.0675653543307089
21
-8.345344527559055
0
LINE
8
BLACK
6
CONTINUOUS
10
11.0675653543307089
20
-8.345344527559055
11
11.067595157480314
21
-8.345416456692913
0
LINE
8
BLACK
6
CONTINUOUS
10
11.067595157480314
20
-8.345416456692913
11
11.0677512598425203
21
-8.3456644881889765
0
LINE
8
BLACK
6
CONTINUOUS
10
11.0677512598425203
20
-8.3456644881889765
11
11.0696260236220478
21
-8.3494140157480317
0
LINE
8
BLACK
6
CONTINUOUS
10
11.0696260236220478
20
-8.3494140157480317
11
11.0698329133858273
21
-8.349954606299212
0
LINE
8
BLACK
6
CONTINUOUS
10
11.0698329133858273
20
-8.349954606299212
11
11.0698404330708655
21
-8.3500604724409442
0
LINE
8
BLACK
6
CONTINUOUS
10
11.0698404330708655
20
-8.3500604724409442
11
11.0698810236220471
21
-8.3501584645669293
0
LINE
8
BLACK
6
CONTINUOUS
10
11.0698810236220471
20
-8.3501584645669293
11
11.0699377559055119
21
-8.3507345275590552
0
LINE
8
BLACK
6
CONTINUOUS
10
11.0699377559055119
20
-8.3507345275590552
11
11.0699377559055119
21
-8.3619831102362205
0
LINE
8
BLACK
6
CONTINUOUS
10
11.0699377559055119
20
-8.3619831102362205
11
11.0698810236220471
21
-8.3625591732283464
0
LINE
8
BLACK
6
CONTINUOUS
10
11.0698810236220471
20
-8.3625591732283464
11
11.0698404330708655
21
-8.362657125984251
0
LINE
8
BLACK
6
CONTINUOUS
10
11.0698404330708655
20
-8.362657125984251
11
11.0698329133858273
21
-8.3627630314960619
0
LINE
8
BLACK
6
CONTINUOUS
10
11.0698329133858273
20
-8.3627630314960619
11
11.0696260236220478
21
-8.3633036220472441
0
LINE
8
BLACK
6
CONTINUOUS
10
11.0696260236220478
20
-8.3633036220472441
11
11.0677512598425203
21
-8.3670531496062992
0
LINE
8
BLACK
6
CONTINUOUS
10
11.0677512598425203
20
-8.3670531496062992
11
11.067595157480314
21
-8.367301141732284
0
LINE
8
BLACK
6
CONTINUOUS
10
11.067595157480314
20
-8.367301141732284
11
11.0675653543307089
21
-8.3673731102362208
0
LINE
8
BLACK
6
CONTINUOUS
10
11.0675653543307089
20
-8.3673731102362208
11
11.0674988976377957
21
-8.3674540551181096
0
LINE
8
BLACK
6
CONTINUOUS
10
11.0674988976377957
20
-8.3674540551181096
11
11.0674429133858272
21
-8.3675430314960622
0
LINE
8
BLACK
6
CONTINUOUS
10
11.0674429133858272
20
-8.3675430314960622
11
11.067383858267716
21
-8.3675942125984246
0
LINE
8
BLACK
6
CONTINUOUS
10
11.067383858267716
20
-8.3675942125984246
11
11.0671981102362196
21
-8.3678205905511813
0
LINE
8
BLACK
6
CONTINUOUS
10
11.0671981102362196
20
-8.3678205905511813
11
11.0653233070866133
21
-8.3696953543307089
0
LINE
8
BLACK
6
CONTINUOUS
10
11.0653233070866133
20
-8.3696953543307089
11
11.0650969685039371
21
-8.3698810629921265
0
LINE
8
BLACK
6
CONTINUOUS
10
11.0650969685039371
20
-8.3698810629921265
11
11.0650458267716534
21
-8.3699400787401572
0
LINE
8
BLACK
6
CONTINUOUS
10
11.0650458267716534
20
-8.3699400787401572
11
11.0649568897637796
21
-8.369996023622047
0
LINE
8
BLACK
6
CONTINUOUS
10
11.0649568897637796
20
-8.369996023622047
11
11.0648758661417315
21
-8.3700625590551176
0
LINE
8
BLACK
6
CONTINUOUS
10
11.0648758661417315
20
-8.3700625590551176
11
11.0648038188976372
21
-8.3700923622047245
0
LINE
8
BLACK
6
CONTINUOUS
10
11.0648038188976372
20
-8.3700923622047245
11
11.0645559448818886
21
-8.3702484251968503
0
LINE
8
BLACK
6
CONTINUOUS
10
11.0645559448818886
20
-8.3702484251968503
11
11.0608064173228335
21
-8.3721231889763779
0
LINE
8
BLACK
6
CONTINUOUS
10
11.0608064173228335
20
-8.3721231889763779
11
11.0602657874015744
21
-8.3723300787401573
0
LINE
8
BLACK
6
CONTINUOUS
10
11.0602657874015744
20
-8.3723300787401573
11
11.060159960629921
21
-8.3723375590551186
0
LINE
8
BLACK
6
CONTINUOUS
10
11.060159960629921
20
-8.3723375590551186
11
11.0600619685039376
21
-8.3723781889763771
0
LINE
8
BLACK
6
CONTINUOUS
10
11.0600619685039376
20
-8.3723781889763771
11
11.05948590551181
21
-8.3724349212598419
0
LINE
8
BLACK
6
CONTINUOUS
10
11.05948590551181
20
-8.3724349212598419
11
11.0501120866141722
21
-8.3724349212598419
0
LINE
8
BLACK
6
CONTINUOUS
10
11.0501120866141722
20
-8.3724349212598419
11
11.0495360236220463
21
-8.3723781889763771
0
LINE
8
BLACK
6
CONTINUOUS
10
11.0495360236220463
20
-8.3723781889763771
11
11.049438031496063
21
-8.3723375984251973
0
LINE
8
BLACK
6
CONTINUOUS
10
11.049438031496063
20
-8.3723375984251973
11
11.0493321653543308
21
-8.3723300787401573
0
LINE
8
BLACK
6
CONTINUOUS
10
11.0493321653543308
20
-8.3723300787401573
11
11.0487915748031487
21
-8.3721231889763779
0
LINE
8
BLACK
6
CONTINUOUS
10
11.0487915748031487
20
-8.3721231889763779
11
11.0450420472440936
21
-8.3702484251968503
0
LINE
8
BLACK
6
CONTINUOUS
10
11.0450420472440936
20
-8.3702484251968503
11
11.0447940157480318
21
-8.3700923228346458
0
LINE
8
BLACK
6
CONTINUOUS
10
11.0447940157480318
20
-8.3700923228346458
11
11.0447220866141738
21
-8.3700625196850389
0
LINE
8
BLACK
6
CONTINUOUS
10
11.0447220866141738
20
-8.3700625196850389
11
11.0446411023622044
21
-8.369996023622047
0
LINE
8
BLACK
6
CONTINUOUS
10
11.0446411023622044
20
-8.369996023622047
11
11.0445521653543306
21
-8.3699400787401572
0
LINE
8
BLACK
6
CONTINUOUS
10
11.0445521653543306
20
-8.3699400787401572
11
11.0445009842519681
21
-8.3698810629921265
0
LINE
8
BLACK
6
CONTINUOUS
10
11.0445009842519681
20
-8.3698810629921265
11
11.044274645669292
21
-8.3696953149606301
0
LINE
8
BLACK
6
CONTINUOUS
10
11.044274645669292
20
-8.3696953149606301
11
11.0423998818897644
21
-8.3678205511811026
0
LINE
8
BLACK
6
CONTINUOUS
10
11.0423998818897644
20
-8.3678205511811026
11
11.0422140944881892
21
-8.3675941732283459
0
LINE
8
BLACK
6
CONTINUOUS
10
11.0422140944881892
20
-8.3675941732283459
11
11.0421551181102355
21
-8.3675430314960622
0
LINE
8
BLACK
6
CONTINUOUS
10
11.0421551181102355
20
-8.3675430314960622
11
11.042099133858267
21
-8.3674540551181096
0
LINE
8
BLACK
6
CONTINUOUS
10
11.042099133858267
20
-8.3674540551181096
11
11.0420326771653539
21
-8.3673731102362208
0
LINE
8
BLACK
6
CONTINUOUS
10
11.0420326771653539
20
-8.3673731102362208
11
11.0420028346456682
21
-8.367301141732284
0
LINE
8
BLACK
6
CONTINUOUS
10
11.0420028346456682
20
-8.367301141732284
11
11.0418467716535424
21
-8.3670531496062992
0
LINE
8
BLACK
6
CONTINUOUS
10
11.0418467716535424
20
-8.3670531496062992
11
11.0399720078740149
21
-8.3633036220472441
0
LINE
8
BLACK
6
CONTINUOUS
10
11.0399720078740149
20
-8.3633036220472441
11
11.0397683464566931
21
-8.3627714173228345
0
LINE
8
BLACK
6
CONTINUOUS
10
11.0397683464566931
20
-8.3627714173228345
11
11.0295593307086612
21
-8.3717043307086616
0
LINE
8
BLACK
6
CONTINUOUS
10
11.0295593307086612
20
-8.3717043307086616
11
11.0293103149606289
21
-8.3718823228346455
0
LINE
8
BLACK
6
CONTINUOUS
10
11.0293103149606289
20
-8.3718823228346455
11
11.0292553937007867
21
-8.3719372834645664
0
LINE
8
BLACK
6
CONTINUOUS
10
11.0292553937007867
20
-8.3719372834645664
11
11.0292032677165359
21
-8.3719588582677158
0
LINE
8
BLACK
6
CONTINUOUS
10
11.0292032677165359
20
-8.3719588582677158
11
11.02908842519685
21
-8.372040984251969
0
LINE
8
BLACK
6
CONTINUOUS
10
11.02908842519685
20
-8.372040984251969
11
11.0286341732283457
21
-8.3721945669291333
0
LINE
8
BLACK
6
CONTINUOUS
10
11.0286341732283457
20
-8.3721945669291333
11
11.0281909842519674
21
-8.3723781889763771
0
LINE
8
BLACK
6
CONTINUOUS
10
11.0281909842519674
20
-8.3723781889763771
11
11.0280913385826764
21
-8.3723781889763771
0
LINE
8
BLACK
6
CONTINUOUS
10
11.0280913385826764
20
-8.3723781889763771
11
11.027997047244094
21
-8.3724100787401579
0
LINE
8
BLACK
6
CONTINUOUS
10
11.027997047244094
20
-8.3724100787401579
11
11.0275185826771658
21
-8.3723781889763771
0
LINE
8
BLACK
6
CONTINUOUS
10
11.0275185826771658
20
-8.3723781889763771
11
11.0270388582677157
21
-8.3723781889763771
0
LINE
8
BLACK
6
CONTINUOUS
10
11.0270388582677157
20
-8.3723781889763771
11
11.0269468503937009
21
-8.372340078740157
0
LINE
8
BLACK
6
CONTINUOUS
10
11.0269468503937009
20
-8.372340078740157
11
11.02684751968504
21
-8.3723334645669283
0
LINE
8
BLACK
6
CONTINUOUS
10
11.02684751968504
20
-8.3723334645669283
11
11.0264173622047235
21
-8.3721207480314952
0
LINE
8
BLACK
6
CONTINUOUS
10
11.0264173622047235
20
-8.3721207480314952
11
11.0259744488188982
21
-8.3719372834645664
0
LINE
8
BLACK
6
CONTINUOUS
10
11.0259744488188982
20
-8.3719372834645664
11
11.0259040944881885
21
-8.3718669291338585
0
LINE
8
BLACK
6
CONTINUOUS
10
11.0259040944881885
20
-8.3718669291338585
11
11.0258147637795272
21
-8.3718227559055123
0
LINE
8
BLACK
6
CONTINUOUS
10
11.0258147637795272
20
-8.3718227559055123
11
11.0254987795275596
21
-8.3714616141732279
0
LINE
8
BLACK
6
CONTINUOUS
10
11.0254987795275596
20
-8.3714616141732279
11
11.0251598031496059
21
-8.3711226377952759
0
LINE
8
BLACK
6
CONTINUOUS
10
11.0251598031496059
20
-8.3711226377952759
11
11.025121653543307
21
-8.3710306299212593
0
LINE
8
BLACK
6
CONTINUOUS
10
11.025121653543307
20
-8.3710306299212593
11
11.0250561023622051
21
-8.3709556692913392
0
LINE
8
BLACK
6
CONTINUOUS
10
11.0250561023622051
20
-8.3709556692913392
11
11.0249024803149602
21
-8.3705014173228349
0
LINE
8
BLACK
6
CONTINUOUS
10
11.0249024803149602
20
-8.3705014173228349
11
11.0247188976377952
21
-8.3700582283464566
0
LINE
8
BLACK
6
CONTINUOUS
10
11.0247188976377952
20
-8.3700582283464566
11
11.0247050393700778
21
-8.3699176377952753
0
LINE
8
BLACK
6
CONTINUOUS
10
11.0247050393700778
20
-8.3699176377952753
11
11.0246870078740162
21
-8.3698642913385832
0
LINE
8
BLACK
6
CONTINUOUS
10
11.0246870078740162
20
-8.3698642913385832
11
11.0246921653543311
21
-8.3697868110236211
0
LINE
8
BLACK
6
CONTINUOUS
10
11.0246921653543311
20
-8.3697868110236211
11
11.0246621653543304
21
-8.3694821653543308
0
LINE
8
BLACK
6
CONTINUOUS
10
11.0246621653543304
20
-8.3694821653543308
11
11.0246621653543304
21
-8.3451102362204725
0
LINE
8
BLACK
6
CONTINUOUS
10
11.0246621653543304
20
-8.3451102362204725
11
11.0247188976377952
21
-8.3445341732283467
0
LINE
8
BLACK
6
CONTINUOUS
10
11.0247188976377952
20
-8.3445341732283467
11
11.0251598031496059
21
-8.3434697637795274
0
LINE
8
BLACK
6
CONTINUOUS
10
11.0251598031496059
20
-8.3434697637795274
11
11.0259744488188982
21
-8.3426551181102369
0
LINE
8
BLACK
6
CONTINUOUS
10
11.0259744488188982
20
-8.3426551181102369
11
11.0270388582677157
21
-8.3422142125984244
0
LINE
8
BLACK
6
CONTINUOUS
10
11.0270388582677157
20
-8.3422142125984244
11
11.0281909842519674
21
-8.3422142125984244
0
LINE
8
BLACK
6
CONTINUOUS
10
11.0281909842519674
20
-8.3422142125984244
11
11.0292553937007867
21
-8.3426551181102369
0
LINE
8
BLACK
6
CONTINUOUS
10
10.7512019291338579
20
-8.3211912992125985
11
10.7520165748031502
21
-8.3220059448818891
0
LINE
8
BLACK
6
CONTINUOUS
10
10.7520165748031502
20
-8.3220059448818891
11
10.7524574803149608
21
-8.3230703543307083
0
LINE
8
BLACK
6
CONTINUOUS
10
10.7524574803149608
20
-8.3230703543307083
11
10.7525142125984257
21
-8.3236464173228342
0
LINE
8
BLACK
6
CONTINUOUS
10
10.7525142125984257
20
-8.3236464173228342
11
10.7525142125984257
21
-8.3338170078740159
0
LINE
8
BLACK
6
CONTINUOUS
10
10.7525142125984257
20
-8.3338170078740159
11
10.7551857480314954
21
-8.3338170078740159
0
LINE
8
BLACK
6
CONTINUOUS
10
10.7551857480314954
20
-8.3338170078740159
11
10.7557618110236213
21
-8.3338737401574807
0
LINE
8
BLACK
6
CONTINUOUS
10
10.7557618110236213
20
-8.3338737401574807
11
10.7568262204724405
21
-8.3343146456692914
0
LINE
8
BLACK
6
CONTINUOUS
10
10.7568262204724405
20
-8.3343146456692914
11
10.7576408661417329
21
-8.3351292913385819
0
LINE
8
BLACK
6
CONTINUOUS
10
10.7576408661417329
20
-8.3351292913385819
11
10.7580817716535435
21
-8.3361937007874012
0
LINE
8
BLACK
6
CONTINUOUS
10
10.7580817716535435
20
-8.3361937007874012
11
10.7580817716535435
21
-8.3373458267716529
0
LINE
8
BLACK
6
CONTINUOUS
10
10.7580817716535435
20
-8.3373458267716529
11
10.7576408661417329
21
-8.3384102362204722
0
LINE
8
BLACK
6
CONTINUOUS
10
10.7576408661417329
20
-8.3384102362204722
11
10.7568262204724405
21
-8.3392248818897627
0
LINE
8
BLACK
6
CONTINUOUS
10
10.7568262204724405
20
-8.3392248818897627
11
10.7557618110236213
21
-8.3396657874015752
0
LINE
8
BLACK
6
CONTINUOUS
10
10.7557618110236213
20
-8.3396657874015752
11
10.7551857480314954
21
-8.33972251968504
0
LINE
8
BLACK
6
CONTINUOUS
10
10.7551857480314954
20
-8.33972251968504
11
10.7525142125984257
21
-8.33972251968504
0
LINE
8
BLACK
6
CONTINUOUS
10
10.7525142125984257
20
-8.33972251968504
11
10.7525142125984257
21
-8.3573921653543302
0
LINE
8
BLACK
6
CONTINUOUS
10
10.7525142125984257
20
-8.3573921653543302
11
10.7524574803149608
21
-8.357968228346456
0
LINE
8
BLACK
6
CONTINUOUS
10
10.7524574803149608
20
-8.357968228346456
11
10.7524168503937005
21
-8.3580662204724412
0
LINE
8
BLACK
6
CONTINUOUS
10
10.7524168503937005
20
-8.3580662204724412
11
10.7524093700787393
21
-8.3581720472440946
0
LINE
8
BLACK
6
CONTINUOUS
10
10.7524093700787393
20
-8.3581720472440946
11
10.7522024803149598
21
-8.3587126771653537
0
LINE
8
BLACK
6
CONTINUOUS
10
10.7522024803149598
20
-8.3587126771653537
11
10.7503277165354323
21
-8.3624622440944876
0
LINE
8
BLACK
6
CONTINUOUS
10
10.7503277165354323
20
-8.3624622440944876
11
10.750267047244094
21
-8.3625585826771651
0
LINE
8
BLACK
6
CONTINUOUS
10
10.750267047244094
20
-8.3625585826771651
11
10.7502519291338583
21
-8.3626040157480315
0
LINE
8
BLACK
6
CONTINUOUS
10
10.7502519291338583
20
-8.3626040157480315
11
10.7502028740157485
21
-8.3626605511811025
0
LINE
8
BLACK
6
CONTINUOUS
10
10.7502028740157485
20
-8.3626605511811025
11
10.7500193700787392
21
-8.3629521259842523
0
LINE
8
BLACK
6
CONTINUOUS
10
10.7500193700787392
20
-8.3629521259842523
11
10.7497396456692904
21
-8.3631946850393692
0
LINE
8
BLACK
6
CONTINUOUS
10
10.7497396456692904
20
-8.3631946850393692
11
10.7494970866141735
21
-8.363474409448818
0
LINE
8
BLACK
6
CONTINUOUS
10
10.7494970866141735
20
-8.363474409448818
11
10.7492055118110237
21
-8.3636579133858273
0
LINE
8
BLACK
6
CONTINUOUS
10
10.7492055118110237
20
-8.3636579133858273
11
10.7491489763779526
21
-8.3637069685039371
0
LINE
8
BLACK
6
CONTINUOUS
10
10.7491489763779526
20
-8.3637069685039371
11
10.7491035433070863
21
-8.3637220866141728
0
LINE
8
BLACK
6
CONTINUOUS
10
10.7491035433070863
20
-8.3637220866141728
11
10.7490072047244087
21
-8.3637827559055111
0
LINE
8
BLACK
6
CONTINUOUS
10
10.7490072047244087
20
-8.3637827559055111
11
10.7452576771653536
21
-8.3656575196850387
0
LINE
8
BLACK
6
CONTINUOUS
10
10.7452576771653536
20
-8.3656575196850387
11
10.7447170472440945
21
-8.3658644094488182
0
LINE
8
BLACK
6
CONTINUOUS
10
10.7447170472440945
20
-8.3658644094488182
11
10.7446112204724411
21
-8.3658718897637794
0
LINE
8
BLACK
6
CONTINUOUS
10
10.7446112204724411
20
-8.3658718897637794
11
10.7445132283464559
21
-8.3659125196850397
0
LINE
8
BLACK
6
CONTINUOUS
10
10.7445132283464559
20
-8.3659125196850397
11
10.7439371653543301
21
-8.3659692519685045
0
LINE
8
BLACK
6
CONTINUOUS
10
10.7439371653543301
20
-8.3659692519685045
11
10.740187637795275
21
-8.3659692519685045
0
LINE
8
BLACK
6
CONTINUOUS
10
10.740187637795275
20
-8.3659692519685045
11
10.7396115748031491
21
-8.3659125196850397
0
LINE
8
BLACK
6
CONTINUOUS
10
10.7396115748031491
20
-8.3659125196850397
11
10.7385471653543298
21
-8.365471614173229
0
LINE
8
BLACK
6
CONTINUOUS
10
10.7385471653543298
20
-8.365471614173229
11
10.7377325196850393
21
-8.3646569685039367
0
LINE
8
BLACK
6
CONTINUOUS
10
10.7377325196850393
20
-8.3646569685039367
11
10.7372916141732286
21
-8.3635925590551174
0
LINE
8
BLACK
6
CONTINUOUS
10
10.7372916141732286
20
-8.3635925590551174
11
10.7372916141732286
21
-8.3624404330708657
0
LINE
8
BLACK
6
CONTINUOUS
10
10.7372916141732286
20
-8.3624404330708657
11
10.7377325196850393
21
-8.3613760236220465
0
LINE
8
BLACK
6
CONTINUOUS
10
10.7377325196850393
20
-8.3613760236220465
11
10.7385471653543298
21
-8.3605613779527559
0
LINE
8
BLACK
6
CONTINUOUS
10
10.7385471653543298
20
-8.3605613779527559
11
10.7396115748031491
21
-8.3601204724409452
0
LINE
8
BLACK
6
CONTINUOUS
10
10.7396115748031491
20
-8.3601204724409452
11
10.740187637795275
21
-8.3600637401574804
0
LINE
8
BLACK
6
CONTINUOUS
10
10.740187637795275
20
-8.3600637401574804
11
10.7432401181102364
21
-8.3600637401574804
0
LINE
8
BLACK
6
CONTINUOUS
10
10.7432401181102364
20
-8.3600637401574804
11
10.7454858267716524
21
-8.3589408661417313
0
LINE
8
BLACK
6
CONTINUOUS
10
10.7454858267716524
20
-8.3589408661417313
11
10.7466087007874016
21
-8.3566951181102365
0
LINE
8
BLACK
6
CONTINUOUS
10
10.7466087007874016
20
-8.3566951181102365
11
10.7466087007874016
21
-8.33972251968504
0
LINE
8
BLACK
6
CONTINUOUS
10
10.7466087007874016
20
-8.33972251968504
11
10.740187637795275
21
-8.33972251968504
0
LINE
8
BLACK
6
CONTINUOUS
10
10.740187637795275
20
-8.33972251968504
11
10.7396115748031491
21
-8.3396657874015752
0
LINE
8
BLACK
6
CONTINUOUS
10
10.7396115748031491
20
-8.3396657874015752
11
10.7385471653543298
21
-8.3392248818897627
0
LINE
8
BLACK
6
CONTINUOUS
10
10.7385471653543298
20
-8.3392248818897627
11
10.7377325196850393
21
-8.3384102362204722
0
LINE
8
BLACK
6
CONTINUOUS
10
10.7377325196850393
20
-8.3384102362204722
11
10.7372916141732286
21
-8.3373458267716529
0
LINE
8
BLACK
6
CONTINUOUS
10
10.7372916141732286
20
-8.3373458267716529
11
10.7372916141732286
21
-8.3361937007874012
0
LINE
8
BLACK
6
CONTINUOUS
10
10.7372916141732286
20
-8.3361937007874012
11
10.7377325196850393
21
-8.3351292913385819
0
LINE
8
BLACK
6
CONTINUOUS
10
10.7377325196850393
20
-8.3351292913385819
11
10.7385471653543298
21
-8.3343146456692914
0
LINE
8
BLACK
6
CONTINUOUS
10
10.7385471653543298
20
-8.3343146456692914
11
10.7396115748031491
21
-8.3338737401574807
0
LINE
8
BLACK
6
CONTINUOUS
10
10.7396115748031491
20
-8.3338737401574807
11
10.740187637795275
21
-8.3338170078740159
0
LINE
8
BLACK
6
CONTINUOUS
10
10.740187637795275
20
-8.3338170078740159
11
10.7466087007874016
21
-8.3338170078740159
0
LINE
8
BLACK
6
CONTINUOUS
10
10.7466087007874016
20
-8.3338170078740159
11
10.7466087007874016
21
-8.3236464173228342
0
LINE
8
BLACK
6
CONTINUOUS
10
10.7466087007874016
20
-8.3236464173228342
11
10.7466654330708664
21
-8.3230703543307083
0
LINE
8
BLACK
6
CONTINUOUS
10
10.7466654330708664
20
-8.3230703543307083
11
10.7471063385826771
21
-8.3220059448818891
0
LINE
8
BLACK
6
CONTINUOUS
10
10.7471063385826771
20
-8.3220059448818891
11
10.7479209842519676
21
-8.3211912992125985
0
LINE
8
BLACK
6
CONTINUOUS
10
10.7479209842519676
20
-8.3211912992125985
11
10.7489853937007869
21
-8.3207503937007878
0
LINE
8
BLACK
6
CONTINUOUS
10
10.7489853937007869
20
-8.3207503937007878
11
10.7501375196850386
21
-8.3207503937007878
0
LINE
8
BLACK
6
CONTINUOUS
10
10.7501375196850386
20
-8.3207503937007878
11
10.7512019291338579
21
-8.3211912992125985
0
LINE
8
BLACK
6
CONTINUOUS
10
10.8345019685039361
20
-8.3338737401574807
11
10.8345999606299213
21
-8.3339143307086605
0
LINE
8
BLACK
6
CONTINUOUS
10
10.8345999606299213
20
-8.3339143307086605
11
10.8347057874015746
21
-8.3339218503937005
0
LINE
8
BLACK
6
CONTINUOUS
10
10.8347057874015746
20
-8.3339218503937005
11
10.8352464173228338
21
-8.33412874015748
0
LINE
8
BLACK
6
CONTINUOUS
10
10.8352464173228338
20
-8.33412874015748
11
10.8389959448818889
21
-8.3360035039370075
0
LINE
8
BLACK
6
CONTINUOUS
10
10.8389959448818889
20
-8.3360035039370075
11
10.8392439370078737
21
-8.3361595669291333
0
LINE
8
BLACK
6
CONTINUOUS
10
10.8392439370078737
20
-8.3361595669291333
11
10.8393159055118105
21
-8.3361894094488189
0
LINE
8
BLACK
6
CONTINUOUS
10
10.8393159055118105
20
-8.3361894094488189
11
10.839396850393701
21
-8.3362558661417321
0
LINE
8
BLACK
6
CONTINUOUS
10
10.839396850393701
20
-8.3362558661417321
11
10.8394858267716536
21
-8.3363118503937006
0
LINE
8
BLACK
6
CONTINUOUS
10
10.8394858267716536
20
-8.3363118503937006
11
10.8395369685039373
21
-8.3363708267716525
0
LINE
8
BLACK
6
CONTINUOUS
10
10.8395369685039373
20
-8.3363708267716525
11
10.8397633464566923
21
-8.3365566141732277
0
LINE
8
BLACK
6
CONTINUOUS
10
10.8397633464566923
20
-8.3365566141732277
11
10.8416381102362198
21
-8.3384313779527552
0
LINE
8
BLACK
6
CONTINUOUS
10
10.8416381102362198
20
-8.3384313779527552
11
10.8418238582677162
21
-8.3386577165354332
0
LINE
8
BLACK
6
CONTINUOUS
10
10.8418238582677162
20
-8.3386577165354332
11
10.8418828740157469
21
-8.3387088976377957
0
LINE
8
BLACK
6
CONTINUOUS
10
10.8418828740157469
20
-8.3387088976377957
11
10.8419388188976367
21
-8.3387978346456695
0
LINE
8
BLACK
6
CONTINUOUS
10
10.8419388188976367
20
-8.3387978346456695
11
10.8420053149606304
21
-8.338878818897637
0
LINE
8
BLACK
6
CONTINUOUS
10
10.8420053149606304
20
-8.338878818897637
11
10.8420351181102355
21
-8.3389507480314951
0
LINE
8
BLACK
6
CONTINUOUS
10
10.8420351181102355
20
-8.3389507480314951
11
10.84219122047244
21
-8.3391987795275586
0
LINE
8
BLACK
6
CONTINUOUS
10
10.84219122047244
20
-8.3391987795275586
11
10.8440659842519675
21
-8.3429483070866137
0
LINE
8
BLACK
6
CONTINUOUS
10
10.8440659842519675
20
-8.3429483070866137
11
10.844272874015747
21
-8.3434888976377959
0
LINE
8
BLACK
6
CONTINUOUS
10
10.844272874015747
20
-8.3434888976377959
11
10.844280393700787
21
-8.343594763779528
0
LINE
8
BLACK
6
CONTINUOUS
10
10.844280393700787
20
-8.343594763779528
11
10.8443209842519686
21
-8.3436927559055114
0
LINE
8
BLACK
6
CONTINUOUS
10
10.8443209842519686
20
-8.3436927559055114
11
10.8443777165354334
21
-8.3442688188976373
0
LINE
8
BLACK
6
CONTINUOUS
10
10.8443777165354334
20
-8.3442688188976373
11
10.8443777165354334
21
-8.3555174015748026
0
LINE
8
BLACK
6
CONTINUOUS
10
10.8443777165354334
20
-8.3555174015748026
11
10.8443209842519686
21
-8.3560934645669285
0
LINE
8
BLACK
6
CONTINUOUS
10
10.8443209842519686
20
-8.3560934645669285
11
10.844280393700787
21
-8.3561914173228349
0
LINE
8
BLACK
6
CONTINUOUS
10
10.844280393700787
20
-8.3561914173228349
11
10.844272874015747
21
-8.3562973228346458
0
LINE
8
BLACK
6
CONTINUOUS
10
10.844272874015747
20
-8.3562973228346458
11
10.8440659842519675
21
-8.3568379133858262
0
LINE
8
BLACK
6
CONTINUOUS
10
10.8440659842519675
20
-8.3568379133858262
11
10.84219122047244
21
-8.3605874409448813
0
LINE
8
BLACK
6
CONTINUOUS
10
10.84219122047244
20
-8.3605874409448813
11
10.8420351574803142
21
-8.3608353149606298
0
LINE
8
BLACK
6
CONTINUOUS
10
10.8420351574803142
20
-8.3608353149606298
11
10.8420053543307091
21
-8.3609073622047241
0
LINE
8
BLACK
6
CONTINUOUS
10
10.8420053543307091
20
-8.3609073622047241
11
10.8419388188976367
21
-8.3609883858267722
0
LINE
8
BLACK
6
CONTINUOUS
10
10.8419388188976367
20
-8.3609883858267722
11
10.8418828740157469
21
-8.361077322834646
0
LINE
8
BLACK
6
CONTINUOUS
10
10.8418828740157469
20
-8.361077322834646
11
10.8418238582677162
21
-8.3611284645669297
0
LINE
8
BLACK
6
CONTINUOUS
10
10.8418238582677162
20
-8.3611284645669297
11
10.8416381102362198
21
-8.3613548425196846
0
LINE
8
BLACK
6
CONTINUOUS
10
10.8416381102362198
20
-8.3613548425196846
11
10.839763385826771
21
-8.3632296062992122
0
LINE
8
BLACK
6
CONTINUOUS
10
10.839763385826771
20
-8.3632296062992122
11
10.8395370078740161
21
-8.3634153543307086
0
LINE
8
BLACK
6
CONTINUOUS
10
10.8395370078740161
20
-8.3634153543307086
11
10.8394858267716536
21
-8.363474409448818
0
LINE
8
BLACK
6
CONTINUOUS
10
10.8394858267716536
20
-8.363474409448818
11
10.839396850393701
21
-8.3635303937007865
0
LINE
8
BLACK
6
CONTINUOUS
10
10.839396850393701
20
-8.3635303937007865
11
10.8393159055118105
21
-8.3635968503936997
0
LINE
8
BLACK
6
CONTINUOUS
10
10.8393159055118105
20
-8.3635968503936997
11
10.8392439370078737
21
-8.3636266535433066
0
LINE
8
BLACK
6
CONTINUOUS
10
10.8392439370078737
20
-8.3636266535433066
11
10.8389959448818889
21
-8.3637827559055111
0
LINE
8
BLACK
6
CONTINUOUS
10
10.8389959448818889
20
-8.3637827559055111
11
10.8352464173228338
21
-8.3656575196850387
0
LINE
8
BLACK
6
CONTINUOUS
10
10.8352464173228338
20
-8.3656575196850387
11
10.8347057874015746
21
-8.3658644094488182
0
LINE
8
BLACK
6
CONTINUOUS
10
10.8347057874015746
20
-8.3658644094488182
11
10.8345999606299213
21
-8.3658718897637794
0
LINE
8
BLACK
6
CONTINUOUS
10
10.8345999606299213
20
-8.3658718897637794
11
10.8345019685039361
21
-8.3659125196850397
0
LINE
8
BLACK
6
CONTINUOUS
10
10.8345019685039361
20
-8.3659125196850397
11
10.8339259055118102
21
-8.3659692519685045
0
LINE
8
BLACK
6
CONTINUOUS
10
10.8339259055118102
20
-8.3659692519685045
11
10.8283016141732276
21
-8.3659692519685045
0
LINE
8
BLACK
6
CONTINUOUS
10
10.8283016141732276
20
-8.3659692519685045
11
10.8277255511811017
21
-8.3659125196850397
0
LINE
8
BLACK
6
CONTINUOUS
10
10.8277255511811017
20
-8.3659125196850397
11
10.8276275590551183
21
-8.3658719291338581
0
LINE
8
BLACK
6
CONTINUOUS
10
10.8276275590551183
20
-8.3658719291338581
11
10.8275216929133862
21
-8.3658644094488182
0
LINE
8
BLACK
6
CONTINUOUS
10
10.8275216929133862
20
-8.3658644094488182
11
10.826981102362204
21
-8.3656575196850387
0
LINE
8
BLACK
6
CONTINUOUS
10
10.826981102362204
20
-8.3656575196850387
11
10.8232315748031489
21
-8.3637827559055111
0
LINE
8
BLACK
6
CONTINUOUS
10
10.8232315748031489
20
-8.3637827559055111
11
10.8229835433070871
21
-8.3636266535433066
0
LINE
8
BLACK
6
CONTINUOUS
10
10.8229835433070871
20
-8.3636266535433066
11
10.8229116141732273
21
-8.3635968503936997
0
LINE
8
BLACK
6
CONTINUOUS
10
10.8229116141732273
20
-8.3635968503936997
11
10.8228306299212598
21
-8.3635303937007865
0
LINE
8
BLACK
6
CONTINUOUS
10
10.8228306299212598
20
-8.3635303937007865
11
10.8227416929133859
21
-8.363474409448818
0
LINE
8
BLACK
6
CONTINUOUS
10
10.8227416929133859
20
-8.363474409448818
11
10.8226904724409447
21
-8.3634153543307086
0
LINE
8
BLACK
6
CONTINUOUS
10
10.8226904724409447
20
-8.3634153543307086
11
10.8224641338582668
21
-8.3632296062992122
0
LINE
8
BLACK
6
CONTINUOUS
10
10.8224641338582668
20
-8.3632296062992122
11
10.8205893700787392
21
-8.3613548031496059
0
LINE
8
BLACK
6
CONTINUOUS
10
10.8205893700787392
20
-8.3613548031496059
11
10.8204036220472446
21
-8.3611284645669297
0
LINE
8
BLACK
6
CONTINUOUS
10
10.8204036220472446
20
-8.3611284645669297
11
10.8203446456692909
21
-8.361077322834646
0
LINE
8
BLACK
6
CONTINUOUS
10
10.8203446456692909
20
-8.361077322834646
11
10.8202886614173224
21
-8.3609883858267722
0
LINE
8
BLACK
6
CONTINUOUS
10
10.8202886614173224
20
-8.3609883858267722
11
10.8202221653543305
21
-8.3609073622047241
0
LINE
8
BLACK
6
CONTINUOUS
10
10.8202221653543305
20
-8.3609073622047241
11
10.8201923228346448
21
-8.3608353149606298
0
LINE
8
BLACK
6
CONTINUOUS
10
10.8201923228346448
20
-8.3608353149606298
11
10.8200362992125978
21
-8.3605874409448813
0
LINE
8
BLACK
6
CONTINUOUS
10
10.8200362992125978
20
-8.3605874409448813
11
10.8181615354330702
21
-8.3568379133858262
0
LINE
8
BLACK
6
CONTINUOUS
10
10.8181615354330702
20
-8.3568379133858262
11
10.8179546456692908
21
-8.356297283464567
0
LINE
8
BLACK
6
CONTINUOUS
10
10.8179546456692908
20
-8.356297283464567
11
10.8179471259842526
21
-8.3561914566929136
0
LINE
8
BLACK
6
CONTINUOUS
10
10.8179471259842526
20
-8.3561914566929136
11
10.817906535433071
21
-8.3560934645669285
0
LINE
8
BLACK
6
CONTINUOUS
10
10.817906535433071
20
-8.3560934645669285
11
10.8178498031496062
21
-8.3555174015748026
0
LINE
8
BLACK
6
CONTINUOUS
10
10.8178498031496062
20
-8.3555174015748026
11
10.8178498031496062
21
-8.3442688188976373
0
LINE
8
BLACK
6
CONTINUOUS
10
10.8178498031496062
20
-8.3442688188976373
11
10.817906535433071
21
-8.3436927559055114
0
LINE
8
BLACK
6
CONTINUOUS
10
10.817906535433071
20
-8.3436927559055114
11
10.8179471259842526
21
-8.3435947244094493
0
LINE
8
BLACK
6
CONTINUOUS
10
10.8179471259842526
20
-8.3435947244094493
11
10.8179546456692908
21
-8.3434889370078746
0
LINE
8
BLACK
6
CONTINUOUS
10
10.8179546456692908
20
-8.3434889370078746
11
10.8181615354330702
21
-8.3429483070866137
0
LINE
8
BLACK
6
CONTINUOUS
10
10.8181615354330702
20
-8.3429483070866137
11
10.8200362992125978
21
-8.3391987795275586
0
LINE
8
BLACK
6
CONTINUOUS
10
10.8200362992125978
20
-8.3391987795275586
11
10.8201923622047236
21
-8.3389507480314951
0
LINE
8
BLACK
6
CONTINUOUS
10
10.8201923622047236
20
-8.3389507480314951
11
10.8202222047244092
21
-8.338878818897637
0
LINE
8
BLACK
6
CONTINUOUS
10
10.8202222047244092
20
-8.338878818897637
11
10.8202886614173224
21
-8.3387978346456695
0
LINE
8
BLACK
6
CONTINUOUS
10
10.8202886614173224
20
-8.3387978346456695
11
10.8203446456692909
21
-8.3387088976377957
0
LINE
8
BLACK
6
CONTINUOUS
10
10.8203446456692909
20
-8.3387088976377957
11
10.8204036220472446
21
-8.3386577165354332
0
LINE
8
BLACK
6
CONTINUOUS
10
10.8204036220472446
20
-8.3386577165354332
11
10.820589409448818
21
-8.3384313779527552
0
LINE
8
BLACK
6
CONTINUOUS
10
10.820589409448818
20
-8.3384313779527552
11
10.8224641732283455
21
-8.3365566141732277
0
LINE
8
BLACK
6
CONTINUOUS
10
10.8224641732283455
20
-8.3365566141732277
11
10.8226905118110235
21
-8.3363708267716525
0
LINE
8
BLACK
6
CONTINUOUS
10
10.8226905118110235
20
-8.3363708267716525
11
10.8227416929133859
21
-8.3363118503937006
0
LINE
8
BLACK
6
CONTINUOUS
10
10.8227416929133859
20
-8.3363118503937006
11
10.8228306299212598
21
-8.3362558661417321
0
LINE
8
BLACK
6
CONTINUOUS
10
10.8228306299212598
20
-8.3362558661417321
11
10.8229116141732273
21
-8.3361894094488189
0
LINE
8
BLACK
6
CONTINUOUS
10
10.8229116141732273
20
-8.3361894094488189
11
10.8229835433070871
21
-8.3361595669291333
0
LINE
8
BLACK
6
CONTINUOUS
10
10.8229835433070871
20
-8.3361595669291333
11
10.8232315748031489
21
-8.3360035039370075
0
LINE
8
BLACK
6
CONTINUOUS
10
10.8232315748031489
20
-8.3360035039370075
11
10.826981102362204
21
-8.33412874015748
0
LINE
8
BLACK
6
CONTINUOUS
10
10.826981102362204
20
-8.33412874015748
11
10.8275216929133862
21
-8.3339218503937005
0
LINE
8
BLACK
6
CONTINUOUS
10
10.8275216929133862
20
-8.3339218503937005
11
10.8276275590551183
21
-8.3339142913385817
0
LINE
8
BLACK
6
CONTINUOUS
10
10.8276275590551183
20
-8.3339142913385817
11
10.8277255511811017
21
-8.3338737401574807
0
LINE
8
BLACK
6
CONTINUOUS
10
10.8277255511811017
20
-8.3338737401574807
11
10.8283016141732276
21
-8.3338170078740159
0
LINE
8
BLACK
6
CONTINUOUS
10
10.8283016141732276
20
-8.3338170078740159
11
10.8339259055118102
21
-8.3338170078740159
0
LINE
8
BLACK
6
CONTINUOUS
10
10.8339259055118102
20
-8.3338170078740159
11
10.8345019685039361
21
-8.3338737401574807
0
LINE
8
BLACK
6
CONTINUOUS
10
10.8263011811023624
20
-8.3410712598425203
11
10.8251040551181106
21
-8.3422683858267721
0
LINE
8
BLACK
6
CONTINUOUS
10
10.8251040551181106
20
-8.3422683858267721
11
10.8237553149606303
21
-8.3449658661417327
0
LINE
8
BLACK
6
CONTINUOUS
10
10.8237553149606303
20
-8.3449658661417327
11
10.8237553149606303
21
-8.3548203543307089
0
LINE
8
BLACK
6
CONTINUOUS
10
10.8237553149606303
20
-8.3548203543307089
11
10.8251040551181106
21
-8.3575178346456696
0
LINE
8
BLACK
6
CONTINUOUS
10
10.8251040551181106
20
-8.3575178346456696
11
10.8263011811023624
21
-8.3587150000000001
0
LINE
8
BLACK
6
CONTINUOUS
10
10.8263011811023624
20
-8.3587150000000001
11
10.828998661417323
21
-8.3600637401574804
0
LINE
8
BLACK
6
CONTINUOUS
10
10.828998661417323
20
-8.3600637401574804
11
10.8332288582677165
21
-8.3600637401574804
0
LINE
8
BLACK
6
CONTINUOUS
10
10.8332288582677165
20
-8.3600637401574804
11
10.8359262992125984
21
-8.3587150000000001
0
LINE
8
BLACK
6
CONTINUOUS
10
10.8359262992125984
20
-8.3587150000000001
11
10.8371234251968502
21
-8.3575178346456696
0
LINE
8
BLACK
6
CONTINUOUS
10
10.8371234251968502
20
-8.3575178346456696
11
10.8384722047244093
21
-8.3548203543307089
0
LINE
8
BLACK
6
CONTINUOUS
10
10.8384722047244093
20
-8.3548203543307089
11
10.8384722047244093
21
-8.3449658661417327
0
LINE
8
BLACK
6
CONTINUOUS
10
10.8384722047244093
20
-8.3449658661417327
11
10.837123464566929
21
-8.3422683858267721
0
LINE
8
BLACK
6
CONTINUOUS
10
10.837123464566929
20
-8.3422683858267721
11
10.8359263385826772
21
-8.3410712598425203
0
LINE
8
BLACK
6
CONTINUOUS
10
10.8359263385826772
20
-8.3410712598425203
11
10.8332288582677165
21
-8.33972251968504
0
LINE
8
BLACK
6
CONTINUOUS
10
10.8332288582677165
20
-8.33972251968504
11
10.828998661417323
21
-8.33972251968504
0
LINE
8
BLACK
6
CONTINUOUS
10
10.828998661417323
20
-8.33972251968504
11
10.8263011811023624
21
-8.3410712598425203
0
LINE
8
BLACK
6
CONTINUOUS
10
10.9030579527559048
20
-8.3211912992125985
11
10.9038725984251972
21
-8.3220059448818891
0
LINE
8
BLACK
6
CONTINUOUS
10
10.9038725984251972
20
-8.3220059448818891
11
10.9043135039370078
21
-8.3230703543307083
0
LINE
8
BLACK
6
CONTINUOUS
10
10.9043135039370078
20
-8.3230703543307083
11
10.9043702362204726
21
-8.3236464173228342
0
LINE
8
BLACK
6
CONTINUOUS
10
10.9043702362204726
20
-8.3236464173228342
11
10.9043702362204726
21
-8.3338170078740159
0
LINE
8
BLACK
6
CONTINUOUS
10
10.9043702362204726
20
-8.3338170078740159
11
10.9070417716535424
21
-8.3338170078740159
0
LINE
8
BLACK
6
CONTINUOUS
10
10.9070417716535424
20
-8.3338170078740159
11
10.9076178346456683
21
-8.3338737401574807
0
LINE
8
BLACK
6
CONTINUOUS
10
10.9076178346456683
20
-8.3338737401574807
11
10.9086822440944875
21
-8.3343146456692914
0
LINE
8
BLACK
6
CONTINUOUS
10
10.9086822440944875
20
-8.3343146456692914
11
10.9094968897637798
21
-8.3351292913385819
0
LINE
8
BLACK
6
CONTINUOUS
10
10.9094968897637798
20
-8.3351292913385819
11
10.9099377952755905
21
-8.3361937007874012
0
LINE
8
BLACK
6
CONTINUOUS
10
10.9099377952755905
20
-8.3361937007874012
11
10.9099377952755905
21
-8.3373458267716529
0
LINE
8
BLACK
6
CONTINUOUS
10
10.9099377952755905
20
-8.3373458267716529
11
10.9094968897637798
21
-8.3384102362204722
0
LINE
8
BLACK
6
CONTINUOUS
10
10.9094968897637798
20
-8.3384102362204722
11
10.9086822440944875
21
-8.3392248818897627
0
LINE
8
BLACK
6
CONTINUOUS
10
10.9086822440944875
20
-8.3392248818897627
11
10.9076178346456683
21
-8.3396657874015752
0
LINE
8
BLACK
6
CONTINUOUS
10
10.9076178346456683
20
-8.3396657874015752
11
10.9070417716535424
21
-8.33972251968504
0
LINE
8
BLACK
6
CONTINUOUS
10
10.9070417716535424
20
-8.33972251968504
11
10.9043702362204726
21
-8.33972251968504
0
LINE
8
BLACK
6
CONTINUOUS
10
10.9043702362204726
20
-8.33972251968504
11
10.9043702362204726
21
-8.3573921653543302
0
LINE
8
BLACK
6
CONTINUOUS
10
10.9043702362204726
20
-8.3573921653543302
11
10.9043135039370078
21
-8.357968228346456
0
LINE
8
BLACK
6
CONTINUOUS
10
10.9043135039370078
20
-8.357968228346456
11
10.9042728740157475
21
-8.3580662204724412
0
LINE
8
BLACK
6
CONTINUOUS
10
10.9042728740157475
20
-8.3580662204724412
11
10.9042653937007863
21
-8.3581720472440946
0
LINE
8
BLACK
6
CONTINUOUS
10
10.9042653937007863
20
-8.3581720472440946
11
10.9040585039370068
21
-8.3587126771653537
0
LINE
8
BLACK
6
CONTINUOUS
10
10.9040585039370068
20
-8.3587126771653537
11
10.9021837401574793
21
-8.3624622440944876
0
LINE
8
BLACK
6
CONTINUOUS
10
10.9021837401574793
20
-8.3624622440944876
11
10.902123070866141
21
-8.3625585826771651
0
LINE
8
BLACK
6
CONTINUOUS
10
10.902123070866141
20
-8.3625585826771651
11
10.9021079527559053
21
-8.3626040157480315
0
LINE
8
BLACK
6
CONTINUOUS
10
10.9021079527559053
20
-8.3626040157480315
11
10.9020588976377955
21
-8.3626605511811025
0
LINE
8
BLACK
6
CONTINUOUS
10
10.9020588976377955
20
-8.3626605511811025
11
10.901875393700788
21
-8.3629521259842523
0
LINE
8
BLACK
6
CONTINUOUS
10
10.901875393700788
20
-8.3629521259842523
11
10.9015956692913392
21
-8.3631946850393692
0
LINE
8
BLACK
6
CONTINUOUS
10
10.9015956692913392
20
-8.3631946850393692
11
10.9013531102362204
21
-8.363474409448818
0
LINE
8
BLACK
6
CONTINUOUS
10
10.9013531102362204
20
-8.363474409448818
11
10.9010615354330707
21
-8.3636579133858273
0
LINE
8
BLACK
6
CONTINUOUS
10
10.9010615354330707
20
-8.3636579133858273
11
10.9010049999999996
21
-8.3637069685039371
0
LINE
8
BLACK
6
CONTINUOUS
10
10.9010049999999996
20
-8.3637069685039371
11
10.9009595669291333
21
-8.3637220866141728
0
LINE
8
BLACK
6
CONTINUOUS
10
10.9009595669291333
20
-8.3637220866141728
11
10.9008632283464557
21
-8.3637827559055111
0
LINE
8
BLACK
6
CONTINUOUS
10
10.9008632283464557
20
-8.3637827559055111
11
10.8971137007874006
21
-8.3656575196850387
0
LINE
8
BLACK
6
CONTINUOUS
10
10.8971137007874006
20
-8.3656575196850387
11
10.8965730708661415
21
-8.3658644094488182
0
LINE
8
BLACK
6
CONTINUOUS
10
10.8965730708661415
20
-8.3658644094488182
11
10.8964672440944881
21
-8.3658718897637794
0
LINE
8
BLACK
6
CONTINUOUS
10
10.8964672440944881
20
-8.3658718897637794
11
10.8963692519685029
21
-8.3659125196850397
0
LINE
8
BLACK
6
CONTINUOUS
10
10.8963692519685029
20
-8.3659125196850397
11
10.8957931889763771
21
-8.3659692519685045
0
LINE
8
BLACK
6
CONTINUOUS
10
10.8957931889763771
20
-8.3659692519685045
11
10.8920436614173219
21
-8.3659692519685045
0
LINE
8
BLACK
6
CONTINUOUS
10
10.8920436614173219
20
-8.3659692519685045
11
10.8914675984251961
21
-8.3659125196850397
0
LINE
8
BLACK
6
CONTINUOUS
10
10.8914675984251961
20
-8.3659125196850397
11
10.8904031889763768
21
-8.365471614173229
0
LINE
8
BLACK
6
CONTINUOUS
10
10.8904031889763768
20
-8.365471614173229
11
10.8895885433070863
21
-8.3646569685039367
0
LINE
8
BLACK
6
CONTINUOUS
10
10.8895885433070863
20
-8.3646569685039367
11
10.8891476377952756
21
-8.3635925590551174
0
LINE
8
BLACK
6
CONTINUOUS
10
10.8891476377952756
20
-8.3635925590551174
11
10.8891476377952756
21
-8.3624404330708657
0
LINE
8
BLACK
6
CONTINUOUS
10
10.8891476377952756
20
-8.3624404330708657
11
10.8895885433070863
21
-8.3613760236220465
0
LINE
8
BLACK
6
CONTINUOUS
10
10.8895885433070863
20
-8.3613760236220465
11
10.8904031889763768
21
-8.3605613779527559
0
LINE
8
BLACK
6
CONTINUOUS
10
10.8904031889763768
20
-8.3605613779527559
11
10.8914675984251961
21
-8.3601204724409452
0
LINE
8
BLACK
6
CONTINUOUS
10
10.8914675984251961
20
-8.3601204724409452
11
10.8920436614173219
21
-8.3600637401574804
0
LINE
8
BLACK
6
CONTINUOUS
10
10.8920436614173219
20
-8.3600637401574804
11
10.8950961417322834
21
-8.3600637401574804
0
LINE
8
BLACK
6
CONTINUOUS
10
10.8950961417322834
20
-8.3600637401574804
11
10.8973418503937012
21
-8.3589408661417313
0
LINE
8
BLACK
6
CONTINUOUS
10
10.8973418503937012
20
-8.3589408661417313
11
10.8984647244094486
21
-8.3566951181102365
0
LINE
8
BLACK
6
CONTINUOUS
10
10.8984647244094486
20
-8.3566951181102365
11
10.8984647244094486
21
-8.33972251968504
0
LINE
8
BLACK
6
CONTINUOUS
10
10.8984647244094486
20
-8.33972251968504
11
10.8920436614173219
21
-8.33972251968504
0
LINE
8
BLACK
6
CONTINUOUS
10
10.8920436614173219
20
-8.33972251968504
11
10.8914675984251961
21
-8.3396657874015752
0
LINE
8
BLACK
6
CONTINUOUS
10
10.8914675984251961
20
-8.3396657874015752
11
10.8904031889763768
21
-8.3392248818897627
0
LINE
8
BLACK
6
CONTINUOUS
10
10.8904031889763768
20
-8.3392248818897627
11
10.8895885433070863
21
-8.3384102362204722
0
LINE
8
BLACK
6
CONTINUOUS
10
10.8895885433070863
20
-8.3384102362204722
11
10.8891476377952756
21
-8.3373458267716529
0
LINE
8
BLACK
6
CONTINUOUS
10
10.8891476377952756
20
-8.3373458267716529
11
10.8891476377952756
21
-8.3361937007874012
0
LINE
8
BLACK
6
CONTINUOUS
10
10.8891476377952756
20
-8.3361937007874012
11
10.8895885433070863
21
-8.3351292913385819
0
LINE
8
BLACK
6
CONTINUOUS
10
10.8895885433070863
20
-8.3351292913385819
11
10.8904031889763768
21
-8.3343146456692914
0
LINE
8
BLACK
6
CONTINUOUS
10
10.8904031889763768
20
-8.3343146456692914
11
10.8914675984251961
21
-8.3338737401574807
0
LINE
8
BLACK
6
CONTINUOUS
10
10.8914675984251961
20
-8.3338737401574807
11
10.8920436614173219
21
-8.3338170078740159
0
LINE
8
BLACK
6
CONTINUOUS
10
10.8920436614173219
20
-8.3338170078740159
11
10.8984647244094486
21
-8.3338170078740159
0
LINE
8
BLACK
6
CONTINUOUS
10
10.8984647244094486
20
-8.3338170078740159
11
10.8984647244094486
21
-8.3236464173228342
0
LINE
8
BLACK
6
CONTINUOUS
10
10.8984647244094486
20
-8.3236464173228342
11
10.8985214566929134
21
-8.3230703543307083
0
LINE
8
BLACK
6
CONTINUOUS
10
10.8985214566929134
20
-8.3230703543307083
11
10.898962362204724
21
-8.3220059448818891
0
LINE
8
BLACK
6
CONTINUOUS
10
10.898962362204724
20
-8.3220059448818891
11
10.8997770078740164
21
-8.3211912992125985
0
LINE
8
BLACK
6
CONTINUOUS
10
10.8997770078740164
20
-8.3211912992125985
11
10.9008414173228338
21
-8.3207503937007878
0
LINE
8
BLACK
6
CONTINUOUS
10
10.9008414173228338
20
-8.3207503937007878
11
10.9019935433070856
21
-8.3207503937007878
0
LINE
8
BLACK
6
CONTINUOUS
10
10.9019935433070856
20
-8.3207503937007878
11
10.9030579527559048
21
-8.3211912992125985
0
LINE
8
BLACK
6
CONTINUOUS
10
10.9301150393700777
20
-8.3338737401574807
11
10.9302130314960628
21
-8.3339143307086605
0
LINE
8
BLACK
6
CONTINUOUS
10
10.9302130314960628
20
-8.3339143307086605
11
10.9303188582677162
21
-8.3339218503937005
0
LINE
8
BLACK
6
CONTINUOUS
10
10.9303188582677162
20
-8.3339218503937005
11
10.9308594881889753
21
-8.33412874015748
0
LINE
8
BLACK
6
CONTINUOUS
10
10.9308594881889753
20
-8.33412874015748
11
10.9346090157480305
21
-8.3360035039370075
0
LINE
8
BLACK
6
CONTINUOUS
10
10.9346090157480305
20
-8.3360035039370075
11
10.934705354330708
21
-8.3360641338582671
0
LINE
8
BLACK
6
CONTINUOUS
10
10.934705354330708
20
-8.3360641338582671
11
10.9347507874015744
21
-8.3360792913385833
0
LINE
8
BLACK
6
CONTINUOUS
10
10.9347507874015744
20
-8.3360792913385833
11
10.9348073228346454
21
-8.3361283070866143
0
LINE
8
BLACK
6
CONTINUOUS
10
10.9348073228346454
20
-8.3361283070866143
11
10.9350988976377952
21
-8.3363118503937006
0
LINE
8
BLACK
6
CONTINUOUS
10
10.9350988976377952
20
-8.3363118503937006
11
10.9353414566929139
21
-8.3365915354330706
0
LINE
8
BLACK
6
CONTINUOUS
10
10.9353414566929139
20
-8.3365915354330706
11
10.9356211811023627
21
-8.3368341338582681
0
LINE
8
BLACK
6
CONTINUOUS
10
10.9356211811023627
20
-8.3368341338582681
11
10.9358046850393702
21
-8.3371256692913391
0
LINE
8
BLACK
6
CONTINUOUS
10
10.9358046850393702
20
-8.3371256692913391
11
10.93585374015748
21
-8.3371822440944872
0
LINE
8
BLACK
6
CONTINUOUS
10
10.93585374015748
20
-8.3371822440944872
11
10.9358688582677157
21
-8.3372276377952748
0
LINE
8
BLACK
6
CONTINUOUS
10
10.9358688582677157
20
-8.3372276377952748
11
10.935929527559054
21
-8.3373240157480311
0
LINE
8
BLACK
6
CONTINUOUS
10
10.935929527559054
20
-8.3373240157480311
11
10.9378042913385816
21
-8.3410735433070862
0
LINE
8
BLACK
6
CONTINUOUS
10
10.9378042913385816
20
-8.3410735433070862
11
10.9380111811023628
21
-8.3416141338582683
0
LINE
8
BLACK
6
CONTINUOUS
10
10.9380111811023628
20
-8.3416141338582683
11
10.938018700787401
21
-8.3417200000000005
0
LINE
8
BLACK
6
CONTINUOUS
10
10.938018700787401
20
-8.3417200000000005
11
10.9380592913385826
21
-8.3418179921259838
0
LINE
8
BLACK
6
CONTINUOUS
10
10.9380592913385826
20
-8.3418179921259838
11
10.9381160236220474
21
-8.3423940551181097
0
LINE
8
BLACK
6
CONTINUOUS
10
10.9381160236220474
20
-8.3423940551181097
11
10.9381160236220474
21
-8.3442688188976373
0
LINE
8
BLACK
6
CONTINUOUS
10
10.9381160236220474
20
-8.3442688188976373
11
10.9380592913385826
21
-8.3448448818897631
0
LINE
8
BLACK
6
CONTINUOUS
10
10.9380592913385826
20
-8.3448448818897631
11
10.938018700787401
21
-8.3449428346456695
0
LINE
8
BLACK
6
CONTINUOUS
10
10.938018700787401
20
-8.3449428346456695
11
10.9380111811023628
21
-8.3450487401574804
0
LINE
8
BLACK
6
CONTINUOUS
10
10.9380111811023628
20
-8.3450487401574804
11
10.9378042913385816
21
-8.3455893307086608
0
LINE
8
BLACK
6
CONTINUOUS
10
10.9378042913385816
20
-8.3455893307086608
11
10.935929527559054
21
-8.3493388582677159
0
LINE
8
BLACK
6
CONTINUOUS
10
10.935929527559054
20
-8.3493388582677159
11
10.9358688582677157
21
-8.3494351968503935
0
LINE
8
BLACK
6
CONTINUOUS
10
10.9358688582677157
20
-8.3494351968503935
11
10.93585374015748
21
-8.3494806299212598
0
LINE
8
BLACK
6
CONTINUOUS
10
10.93585374015748
20
-8.3494806299212598
11
10.9358046850393702
21
-8.3495371653543309
0
LINE
8
BLACK
6
CONTINUOUS
10
10.9358046850393702
20
-8.3495371653543309
11
10.9356211811023627
21
-8.3498287401574807
0
LINE
8
BLACK
6
CONTINUOUS
10
10.9356211811023627
20
-8.3498287401574807
11
10.9353414566929139
21
-8.3500712992125976
0
LINE
8
BLACK
6
CONTINUOUS
10
10.9353414566929139
20
-8.3500712992125976
11
10.9350988976377952
21
-8.3503510236220464
0
LINE
8
BLACK
6
CONTINUOUS
10
10.9350988976377952
20
-8.3503510236220464
11
10.9348073228346454
21
-8.3505345275590557
0
LINE
8
BLACK
6
CONTINUOUS
10
10.9348073228346454
20
-8.3505345275590557
11
10.9347507874015744
21
-8.3505835826771655
0
LINE
8
BLACK
6
CONTINUOUS
10
10.9347507874015744
20
-8.3505835826771655
11
10.934705354330708
21
-8.3505987007874012
0
LINE
8
BLACK
6
CONTINUOUS
10
10.934705354330708
20
-8.3505987007874012
11
10.9346090157480305
21
-8.3506593700787395
0
LINE
8
BLACK
6
CONTINUOUS
10
10.9346090157480305
20
-8.3506593700787395
11
10.9308594881889753
21
-8.352534133858267
0
LINE
8
BLACK
6
CONTINUOUS
10
10.9308594881889753
20
-8.352534133858267
11
10.9303188582677162
21
-8.3527410236220465
0
LINE
8
BLACK
6
CONTINUOUS
10
10.9303188582677162
20
-8.3527410236220465
11
10.9302130314960628
21
-8.3527485039370077
0
LINE
8
BLACK
6
CONTINUOUS
10
10.9302130314960628
20
-8.3527485039370077
11
10.9301150393700777
21
-8.352789133858268
0
LINE
8
BLACK
6
CONTINUOUS
10
10.9301150393700777
20
-8.352789133858268
11
10.9295389763779518
21
-8.3528458661417329
0
LINE
8
BLACK
6
CONTINUOUS
10
10.9295389763779518
20
-8.3528458661417329
11
10.9246117322834646
21
-8.3528458661417329
0
LINE
8
BLACK
6
CONTINUOUS
10
10.9246117322834646
20
-8.3528458661417329
11
10.922365984251968
21
-8.3539687007874015
0
LINE
8
BLACK
6
CONTINUOUS
10
10.922365984251968
20
-8.3539687007874015
11
10.9212431496062994
21
-8.3562144488188981
0
LINE
8
BLACK
6
CONTINUOUS
10
10.9212431496062994
20
-8.3562144488188981
11
10.9212431496062994
21
-8.3566951181102365
0
LINE
8
BLACK
6
CONTINUOUS
10
10.9212431496062994
20
-8.3566951181102365
11
10.922365984251968
21
-8.3589408661417313
0
LINE
8
BLACK
6
CONTINUOUS
10
10.922365984251968
20
-8.3589408661417313
11
10.9246117322834646
21
-8.3600637401574804
0
LINE
8
BLACK
6
CONTINUOUS
10
10.9246117322834646
20
-8.3600637401574804
11
10.9307166929133857
21
-8.3600637401574804
0
LINE
8
BLACK
6
CONTINUOUS
10
10.9307166929133857
20
-8.3600637401574804
11
10.9338427559055109
21
-8.3585007086614169
0
LINE
8
BLACK
6
CONTINUOUS
10
10.9338427559055109
20
-8.3585007086614169
11
10.9343833464566931
21
-8.3582938188976375
0
LINE
8
BLACK
6
CONTINUOUS
10
10.9343833464566931
20
-8.3582938188976375
11
10.9355325590551171
21
-8.3582121653543311
0
LINE
8
BLACK
6
CONTINUOUS
10
10.9355325590551171
20
-8.3582121653543311
11
10.9366255511811019
21
-8.3585764960629927
0
LINE
8
BLACK
6
CONTINUOUS
10
10.9366255511811019
20
-8.3585764960629927
11
10.9374959055118115
21
-8.3593313385826775
0
LINE
8
BLACK
6
CONTINUOUS
10
10.9374959055118115
20
-8.3593313385826775
11
10.9380111811023628
21
-8.3603618503937014
0
LINE
8
BLACK
6
CONTINUOUS
10
10.9380111811023628
20
-8.3603618503937014
11
10.9380928346456692
21
-8.3615110629921254
0
LINE
8
BLACK
6
CONTINUOUS
10
10.9380928346456692
20
-8.3615110629921254
11
10.9377285039370076
21
-8.3626040157480315
0
LINE
8
BLACK
6
CONTINUOUS
10
10.9377285039370076
20
-8.3626040157480315
11
10.9369736614173227
21
-8.363474409448818
0
LINE
8
BLACK
6
CONTINUOUS
10
10.9369736614173227
20
-8.363474409448818
11
10.936483779527558
21
-8.3637827559055111
0
LINE
8
BLACK
6
CONTINUOUS
10
10.936483779527558
20
-8.3637827559055111
11
10.9327342519685029
21
-8.3656575196850387
0
LINE
8
BLACK
6
CONTINUOUS
10
10.9327342519685029
20
-8.3656575196850387
11
10.9321936220472438
21
-8.3658644094488182
0
LINE
8
BLACK
6
CONTINUOUS
10
10.9321936220472438
20
-8.3658644094488182
11
10.9320877952755904
21
-8.3658718897637794
0
LINE
8
BLACK
6
CONTINUOUS
10
10.9320877952755904
20
-8.3658718897637794
11
10.9319898031496052
21
-8.3659125196850397
0
LINE
8
BLACK
6
CONTINUOUS
10
10.9319898031496052
20
-8.3659125196850397
11
10.9314137401574794
21
-8.3659692519685045
0
LINE
8
BLACK
6
CONTINUOUS
10
10.9314137401574794
20
-8.3659692519685045
11
10.9239146850393691
21
-8.3659692519685045
0
LINE
8
BLACK
6
CONTINUOUS
10
10.9239146850393691
20
-8.3659692519685045
11
10.9233386220472433
21
-8.3659125196850397
0
LINE
8
BLACK
6
CONTINUOUS
10
10.9233386220472433
20
-8.3659125196850397
11
10.9232406299212599
21
-8.3658719291338581
0
LINE
8
BLACK
6
CONTINUOUS
10
10.9232406299212599
20
-8.3658719291338581
11
10.9231347637795277
21
-8.3658644094488182
0
LINE
8
BLACK
6
CONTINUOUS
10
10.9231347637795277
20
-8.3658644094488182
11
10.9225941732283456
21
-8.3656575196850387
0
LINE
8
BLACK
6
CONTINUOUS
10
10.9225941732283456
20
-8.3656575196850387
11
10.9188446456692905
21
-8.3637827559055111
0
LINE
8
BLACK
6
CONTINUOUS
10
10.9188446456692905
20
-8.3637827559055111
11
10.9187482677165359
21
-8.3637220866141728
0
LINE
8
BLACK
6
CONTINUOUS
10
10.9187482677165359
20
-8.3637220866141728
11
10.9187028740157483
21
-8.3637069685039371
0
LINE
8
BLACK
6
CONTINUOUS
10
10.9187028740157483
20
-8.3637069685039371
11
10.9186462992125985
21
-8.3636579133858273
0
LINE
8
BLACK
6
CONTINUOUS
10
10.9186462992125985
20
-8.3636579133858273
11
10.9183547637795275
21
-8.363474409448818
0
LINE
8
BLACK
6
CONTINUOUS
10
10.9183547637795275
20
-8.363474409448818
11
10.9181120866141725
21
-8.363194566929133
0
LINE
8
BLACK
6
CONTINUOUS
10
10.9181120866141725
20
-8.363194566929133
11
10.91783248031496
21
-8.3629520866141736
0
LINE
8
BLACK
6
CONTINUOUS
10
10.91783248031496
20
-8.3629520866141736
11
10.9176489763779525
21
-8.3626605905511813
0
LINE
8
BLACK
6
CONTINUOUS
10
10.9176489763779525
20
-8.3626605905511813
11
10.9175999212598427
21
-8.3626040157480315
0
LINE
8
BLACK
6
CONTINUOUS
10
10.9175999212598427
20
-8.3626040157480315
11
10.9175847637795265
21
-8.3625585433070864
0
LINE
8
BLACK
6
CONTINUOUS
10
10.9175847637795265
20
-8.3625585433070864
11
10.9175241338582669
21
-8.3624622440944876
0
LINE
8
BLACK
6
CONTINUOUS
10
10.9175241338582669
20
-8.3624622440944876
11
10.9156493700787394
21
-8.3587126771653537
0
LINE
8
BLACK
6
CONTINUOUS
10
10.9156493700787394
20
-8.3587126771653537
11
10.9154424803149599
21
-8.3581720472440946
0
LINE
8
BLACK
6
CONTINUOUS
10
10.9154424803149599
20
-8.3581720472440946
11
10.9154349606299217
21
-8.3580662204724412
0
LINE
8
BLACK
6
CONTINUOUS
10
10.9154349606299217
20
-8.3580662204724412
11
10.9153943700787401
21
-8.357968228346456
0
LINE
8
BLACK
6
CONTINUOUS
10
10.9153943700787401
20
-8.357968228346456
11
10.9153376377952753
21
-8.3573921653543302
0
LINE
8
BLACK
6
CONTINUOUS
10
10.9153376377952753
20
-8.3573921653543302
11
10.9153376377952753
21
-8.3555174015748026
0
LINE
8
BLACK
6
CONTINUOUS
10
10.9153376377952753
20
-8.3555174015748026
11
10.9153943700787401
21
-8.3549413385826767
0
LINE
8
BLACK
6
CONTINUOUS
10
10.9153943700787401
20
-8.3549413385826767
11
10.9154349606299217
21
-8.3548433070866146
0
LINE
8
BLACK
6
CONTINUOUS
10
10.9154349606299217
20
-8.3548433070866146
11
10.9154424803149599
21
-8.35473751968504
0
LINE
8
BLACK
6
CONTINUOUS
10
10.9154424803149599
20
-8.35473751968504
11
10.9156493700787394
21
-8.3541968897637791
0
LINE
8
BLACK
6
CONTINUOUS
10
10.9156493700787394
20
-8.3541968897637791
11
10.9175241338582669
21
-8.3504473622047239
0
LINE
8
BLACK
6
CONTINUOUS
10
10.9175241338582669
20
-8.3504473622047239
11
10.9175847637795265
21
-8.3503509842519676
0
LINE
8
BLACK
6
CONTINUOUS
10
10.9175847637795265
20
-8.3503509842519676
11
10.9175999212598427
21
-8.35030559055118
0
LINE
8
BLACK
6
CONTINUOUS
10
10.9175999212598427
20
-8.35030559055118
11
10.9176489370078738
21
-8.350249015748032
0
LINE
8
BLACK
6
CONTINUOUS
10
10.9176489370078738
20
-8.350249015748032
11
10.91783248031496
21
-8.349957480314961
0
LINE
8
BLACK
6
CONTINUOUS
10
10.91783248031496
20
-8.349957480314961
11
10.91811216535433
21
-8.3497148818897635
0
LINE
8
BLACK
6
CONTINUOUS
10
10.91811216535433
20
-8.3497148818897635
11
10.9183547637795275
21
-8.3494351968503935
0
LINE
8
BLACK
6
CONTINUOUS
10
10.9183547637795275
20
-8.3494351968503935
11
10.9186462992125985
21
-8.3492516535433072
0
LINE
8
BLACK
6
CONTINUOUS
10
10.9186462992125985
20
-8.3492516535433072
11
10.9187028740157483
21
-8.3492026377952762
0
LINE
8
BLACK
6
CONTINUOUS
10
10.9187028740157483
20
-8.3492026377952762
11
10.9187482677165359
21
-8.3491874803149599
0
LINE
8
BLACK
6
CONTINUOUS
10
10.9187482677165359
20
-8.3491874803149599
11
10.9188446456692905
21
-8.3491268503937004
0
LINE
8
BLACK
6
CONTINUOUS
10
10.9188446456692905
20
-8.3491268503937004
11
10.9225941732283456
21
-8.3472520866141728
0
LINE
8
BLACK
6
CONTINUOUS
10
10.9225941732283456
20
-8.3472520866141728
11
10.9231347637795277
21
-8.3470451968503934
0
LINE
8
BLACK
6
CONTINUOUS
10
10.9231347637795277
20
-8.3470451968503934
11
10.9232406299212599
21
-8.3470376377952746
0
LINE
8
BLACK
6
CONTINUOUS
10
10.9232406299212599
20
-8.3470376377952746
11
10.9233386220472433
21
-8.3469970866141736
0
LINE
8
BLACK
6
CONTINUOUS
10
10.9233386220472433
20
-8.3469970866141736
11
10.9239146850393691
21
-8.3469403543307088
0
LINE
8
BLACK
6
CONTINUOUS
10
10.9239146850393691
20
-8.3469403543307088
11
10.9288419291338581
21
-8.3469403543307088
0
LINE
8
BLACK
6
CONTINUOUS
10
10.9288419291338581
20
-8.3469403543307088
11
10.9310876377952759
21
-8.3458174803149596
0
LINE
8
BLACK
6
CONTINUOUS
10
10.9310876377952759
20
-8.3458174803149596
11
10.9322105118110233
21
-8.3435717716535436
0
LINE
8
BLACK
6
CONTINUOUS
10
10.9322105118110233
20
-8.3435717716535436
11
10.9322105118110233
21
-8.3430911023622052
0
LINE
8
BLACK
6
CONTINUOUS
10
10.9322105118110233
20
-8.3430911023622052
11
10.9310876377952759
21
-8.3408453543307086
0
LINE
8
BLACK
6
CONTINUOUS
10
10.9310876377952759
20
-8.3408453543307086
11
10.9288419291338581
21
-8.33972251968504
0
LINE
8
BLACK
6
CONTINUOUS
10
10.9288419291338581
20
-8.33972251968504
11
10.9246117322834646
21
-8.33972251968504
0
LINE
8
BLACK
6
CONTINUOUS
10
10.9246117322834646
20
-8.33972251968504
11
10.9214856692913376
21
-8.3412855511811017
0
LINE
8
BLACK
6
CONTINUOUS
10
10.9214856692913376
20
-8.3412855511811017
11
10.9209450393700784
21
-8.3414924409448812
0
LINE
8
BLACK
6
CONTINUOUS
10
10.9209450393700784
20
-8.3414924409448812
11
10.9197958267716526
21
-8.3415740944881893
0
LINE
8
BLACK
6
CONTINUOUS
10
10.9197958267716526
20
-8.3415740944881893
11
10.9187028740157483
21
-8.3412097637795277
0
LINE
8
BLACK
6
CONTINUOUS
10
10.9187028740157483
20
-8.3412097637795277
11
10.91783248031496
21
-8.3404549212598429
0
LINE
8
BLACK
6
CONTINUOUS
10
10.91783248031496
20
-8.3404549212598429
11
10.9173172440944874
21
-8.339424409448819
0
LINE
8
BLACK
6
CONTINUOUS
10
10.9173172440944874
20
-8.339424409448819
11
10.9172355905511811
21
-8.3382751968503932
0
LINE
8
BLACK
6
CONTINUOUS
10
10.9172355905511811
20
-8.3382751968503932
11
10.9175999212598427
21
-8.3371822440944872
0
LINE
8
BLACK
6
CONTINUOUS
10
10.9175999212598427
20
-8.3371822440944872
11
10.9183547637795275
21
-8.3363118503937006
0
LINE
8
BLACK
6
CONTINUOUS
10
10.9183547637795275
20
-8.3363118503937006
11
10.9188446456692905
21
-8.3360035039370075
0
LINE
8
BLACK
6
CONTINUOUS
10
10.9188446456692905
20
-8.3360035039370075
11
10.9225941732283456
21
-8.33412874015748
0
LINE
8
BLACK
6
CONTINUOUS
10
10.9225941732283456
20
-8.33412874015748
11
10.9231347637795277
21
-8.3339218503937005
0
LINE
8
BLACK
6
CONTINUOUS
10
10.9231347637795277
20
-8.3339218503937005
11
10.9232406299212599
21
-8.3339142913385817
0
LINE
8
BLACK
6
CONTINUOUS
10
10.9232406299212599
20
-8.3339142913385817
11
10.9233386220472433
21
-8.3338737401574807
0
LINE
8
BLACK
6
CONTINUOUS
10
10.9233386220472433
20
-8.3338737401574807
11
10.9239146850393691
21
-8.3338170078740159
0
LINE
8
BLACK
6
CONTINUOUS
10
10.9239146850393691
20
-8.3338170078740159
11
10.9295389763779518
21
-8.3338170078740159
0
LINE
8
BLACK
6
CONTINUOUS
10
10.9295389763779518
20
-8.3338170078740159
11
10.9301150393700777
21
-8.3338737401574807
0
LINE
8
BLACK
6
CONTINUOUS
10
10.9638608267716524
20
-8.3338737401574807
11
10.9639588188976376
21
-8.3339143307086605
0
LINE
8
BLACK
6
CONTINUOUS
10
10.9639588188976376
20
-8.3339143307086605
11
10.964064645669291
21
-8.3339218503937005
0
LINE
8
BLACK
6
CONTINUOUS
10
10.964064645669291
20
-8.3339218503937005
11
10.9646052755905501
21
-8.33412874015748
0
LINE
8
BLACK
6
CONTINUOUS
10
10.9646052755905501
20
-8.33412874015748
11
10.9683548031496052
21
-8.3360035039370075
0
LINE
8
BLACK
6
CONTINUOUS
10
10.9683548031496052
20
-8.3360035039370075
11
10.9684511417322827
21
-8.3360641338582671
0
LINE
8
BLACK
6
CONTINUOUS
10
10.9684511417322827
20
-8.3360641338582671
11
10.9684965748031491
21
-8.3360792913385833
0
LINE
8
BLACK
6
CONTINUOUS
10
10.9684965748031491
20
-8.3360792913385833
11
10.9685531102362201
21
-8.3361283070866143
0
LINE
8
BLACK
6
CONTINUOUS
10
10.9685531102362201
20
-8.3361283070866143
11
10.9688446850393699
21
-8.3363118503937006
0
LINE
8
BLACK
6
CONTINUOUS
10
10.9688446850393699
20
-8.3363118503937006
11
10.9690872440944887
21
-8.3365915354330706
0
LINE
8
BLACK
6
CONTINUOUS
10
10.9690872440944887
20
-8.3365915354330706
11
10.9693669685039374
21
-8.3368341338582681
0
LINE
8
BLACK
6
CONTINUOUS
10
10.9693669685039374
20
-8.3368341338582681
11
10.9695504724409449
21
-8.3371256692913391
0
LINE
8
BLACK
6
CONTINUOUS
10
10.9695504724409449
20
-8.3371256692913391
11
10.9695995275590548
21
-8.3371822440944872
0
LINE
8
BLACK
6
CONTINUOUS
10
10.9695995275590548
20
-8.3371822440944872
11
10.9696146456692905
21
-8.3372276377952748
0
LINE
8
BLACK
6
CONTINUOUS
10
10.9696146456692905
20
-8.3372276377952748
11
10.9696753149606305
21
-8.3373240157480311
0
LINE
8
BLACK
6
CONTINUOUS
10
10.9696753149606305
20
-8.3373240157480311
11
10.9715500787401581
21
-8.3410735433070862
0
LINE
8
BLACK
6
CONTINUOUS
10
10.9715500787401581
20
-8.3410735433070862
11
10.9717569685039376
21
-8.3416141338582683
0
LINE
8
BLACK
6
CONTINUOUS
10
10.9717569685039376
20
-8.3416141338582683
11
10.9717644881889758
21
-8.3417200000000005
0
LINE
8
BLACK
6
CONTINUOUS
10
10.9717644881889758
20
-8.3417200000000005
11
10.9718050787401573
21
-8.3418179921259838
0
LINE
8
BLACK
6
CONTINUOUS
10
10.9718050787401573
20
-8.3418179921259838
11
10.9718618110236221
21
-8.3423940551181097
0
LINE
8
BLACK
6
CONTINUOUS
10
10.9718618110236221
20
-8.3423940551181097
11
10.9718618110236221
21
-8.3573921653543302
0
LINE
8
BLACK
6
CONTINUOUS
10
10.9718618110236221
20
-8.3573921653543302
11
10.9718050787401573
21
-8.357968228346456
0
LINE
8
BLACK
6
CONTINUOUS
10
10.9718050787401573
20
-8.357968228346456
11
10.971764448818897
21
-8.3580662204724412
0
LINE
8
BLACK
6
CONTINUOUS
10
10.971764448818897
20
-8.3580662204724412
11
10.9717569685039376
21
-8.3581720472440946
0
LINE
8
BLACK
6
CONTINUOUS
10
10.9717569685039376
20
-8.3581720472440946
11
10.9715500787401581
21
-8.3587126771653537
0
LINE
8
BLACK
6
CONTINUOUS
10
10.9715500787401581
20
-8.3587126771653537
11
10.9696753149606305
21
-8.3624622440944876
0
LINE
8
BLACK
6
CONTINUOUS
10
10.9696753149606305
20
-8.3624622440944876
11
10.9696146456692905
21
-8.3625585826771651
0
LINE
8
BLACK
6
CONTINUOUS
10
10.9696146456692905
20
-8.3625585826771651
11
10.9695995275590548
21
-8.3626040157480315
0
LINE
8
BLACK
6
CONTINUOUS
10
10.9695995275590548
20
-8.3626040157480315
11
10.9695504724409449
21
-8.3626605511811025
0
LINE
8
BLACK
6
CONTINUOUS
10
10.9695504724409449
20
-8.3626605511811025
11
10.9693669685039374
21
-8.3629521259842523
0
LINE
8
BLACK
6
CONTINUOUS
10
10.9693669685039374
20
-8.3629521259842523
11
10.9690872440944887
21
-8.3631946850393692
0
LINE
8
BLACK
6
CONTINUOUS
10
10.9690872440944887
20
-8.3631946850393692
11
10.9688446850393699
21
-8.363474409448818
0
LINE
8
BLACK
6
CONTINUOUS
10
10.9688446850393699
20
-8.363474409448818
11
10.9685531102362201
21
-8.3636579133858273
0
LINE
8
BLACK
6
CONTINUOUS
10
10.9685531102362201
20
-8.3636579133858273
11
10.9684965748031491
21
-8.3637069685039371
0
LINE
8
BLACK
6
CONTINUOUS
10
10.9684965748031491
20
-8.3637069685039371
11
10.9684511417322827
21
-8.3637220866141728
0
LINE
8
BLACK
6
CONTINUOUS
10
10.9684511417322827
20
-8.3637220866141728
11
10.9683548031496052
21
-8.3637827559055111
0
LINE
8
BLACK
6
CONTINUOUS
10
10.9683548031496052
20
-8.3637827559055111
11
10.9646052755905501
21
-8.3656575196850387
0
LINE
8
BLACK
6
CONTINUOUS
10
10.9646052755905501
20
-8.3656575196850387
11
10.964064645669291
21
-8.3658644094488182
0
LINE
8
BLACK
6
CONTINUOUS
10
10.964064645669291
20
-8.3658644094488182
11
10.9639588188976376
21
-8.3658718897637794
0
LINE
8
BLACK
6
CONTINUOUS
10
10.9639588188976376
20
-8.3658718897637794
11
10.9638608267716524
21
-8.3659125196850397
0
LINE
8
BLACK
6
CONTINUOUS
10
10.9638608267716524
20
-8.3659125196850397
11
10.9632847637795265
21
-8.3659692519685045
0
LINE
8
BLACK
6
CONTINUOUS
10
10.9632847637795265
20
-8.3659692519685045
11
10.9557857086614163
21
-8.3659692519685045
0
LINE
8
BLACK
6
CONTINUOUS
10
10.9557857086614163
20
-8.3659692519685045
11
10.9552096456692905
21
-8.3659125196850397
0
LINE
8
BLACK
6
CONTINUOUS
10
10.9552096456692905
20
-8.3659125196850397
11
10.9551116535433071
21
-8.3658719291338581
0
LINE
8
BLACK
6
CONTINUOUS
10
10.9551116535433071
20
-8.3658719291338581
11
10.9550057874015749
21
-8.3658644094488182
0
LINE
8
BLACK
6
CONTINUOUS
10
10.9550057874015749
20
-8.3658644094488182
11
10.9544651968503928
21
-8.3656575196850387
0
LINE
8
BLACK
6
CONTINUOUS
10
10.9544651968503928
20
-8.3656575196850387
11
10.9507156692913377
21
-8.3637827559055111
0
LINE
8
BLACK
6
CONTINUOUS
10
10.9507156692913377
20
-8.3637827559055111
11
10.9502257874015747
21
-8.363474409448818
0
LINE
8
BLACK
6
CONTINUOUS
10
10.9502257874015747
20
-8.363474409448818
11
10.9494709448818899
21
-8.3626040157480315
0
LINE
8
BLACK
6
CONTINUOUS
10
10.9494709448818899
20
-8.3626040157480315
11
10.9491066141732283
21
-8.3615110629921254
0
LINE
8
BLACK
6
CONTINUOUS
10
10.9491066141732283
20
-8.3615110629921254
11
10.9491882677165346
21
-8.3603618503937014
0
LINE
8
BLACK
6
CONTINUOUS
10
10.9491882677165346
20
-8.3603618503937014
11
10.9497035039370072
21
-8.3593313385826775
0
LINE
8
BLACK
6
CONTINUOUS
10
10.9497035039370072
20
-8.3593313385826775
11
10.9505738976377955
21
-8.3585764960629927
0
LINE
8
BLACK
6
CONTINUOUS
10
10.9505738976377955
20
-8.3585764960629927
11
10.9516668503936998
21
-8.3582121653543311
0
LINE
8
BLACK
6
CONTINUOUS
10
10.9516668503936998
20
-8.3582121653543311
11
10.9528160629921256
21
-8.3582938188976375
0
LINE
8
BLACK
6
CONTINUOUS
10
10.9528160629921256
20
-8.3582938188976375
11
10.9533566929133848
21
-8.3585007086614169
0
LINE
8
BLACK
6
CONTINUOUS
10
10.9533566929133848
20
-8.3585007086614169
11
10.9564827559055118
21
-8.3600637401574804
0
LINE
8
BLACK
6
CONTINUOUS
10
10.9564827559055118
20
-8.3600637401574804
11
10.9625877165354328
21
-8.3600637401574804
0
LINE
8
BLACK
6
CONTINUOUS
10
10.9625877165354328
20
-8.3600637401574804
11
10.9648334251968507
21
-8.3589408661417313
0
LINE
8
BLACK
6
CONTINUOUS
10
10.9648334251968507
20
-8.3589408661417313
11
10.9659562992125981
21
-8.3566951181102365
0
LINE
8
BLACK
6
CONTINUOUS
10
10.9659562992125981
20
-8.3566951181102365
11
10.9659562992125981
21
-8.3523137401574807
0
LINE
8
BLACK
6
CONTINUOUS
10
10.9659562992125981
20
-8.3523137401574807
11
10.9495823228346456
21
-8.3490390157480316
0
LINE
8
BLACK
6
CONTINUOUS
10
10.9495823228346456
20
-8.3490390157480316
11
10.9490285826771654
21
-8.3488703937007873
0
LINE
8
BLACK
6
CONTINUOUS
10
10.9490285826771654
20
-8.3488703937007873
11
10.9487881889763781
21
-8.3487093700787405
0
LINE
8
BLACK
6
CONTINUOUS
10
10.9487881889763781
20
-8.3487093700787405
11
10.9485209448818903
21
-8.3485987007874005
0
LINE
8
BLACK
6
CONTINUOUS
10
10.9485209448818903
20
-8.3485987007874005
11
10.9483142125984241
21
-8.3483919685039361
0
LINE
8
BLACK
6
CONTINUOUS
10
10.9483142125984241
20
-8.3483919685039361
11
10.9480712992125984
21
-8.3482292913385816
0
LINE
8
BLACK
6
CONTINUOUS
10
10.9480712992125984
20
-8.3482292913385816
11
10.9479108267716541
21
-8.347988582677166
0
LINE
8
BLACK
6
CONTINUOUS
10
10.9479108267716541
20
-8.347988582677166
11
10.947706299212598
21
-8.3477840551181099
0
LINE
8
BLACK
6
CONTINUOUS
10
10.947706299212598
20
-8.3477840551181099
11
10.9475944094488185
21
-8.347513976377952
0
LINE
8
BLACK
6
CONTINUOUS
10
10.9475944094488185
20
-8.347513976377952
11
10.9474322440944878
21
-8.3472707086614175
0
LINE
8
BLACK
6
CONTINUOUS
10
10.9474322440944878
20
-8.3472707086614175
11
10.9473760629921255
21
-8.3469868897637784
0
LINE
8
BLACK
6
CONTINUOUS
10
10.9473760629921255
20
-8.3469868897637784
11
10.9472653937007873
21
-8.3467196456692907
0
LINE
8
BLACK
6
CONTINUOUS
10
10.9472653937007873
20
-8.3467196456692907
11
10.9472086614173225
21
-8.3461435826771648
0
LINE
8
BLACK
6
CONTINUOUS
10
10.9472086614173225
20
-8.3461435826771648
11
10.9472086614173225
21
-8.3423940551181097
0
LINE
8
BLACK
6
CONTINUOUS
10
10.9472086614173225
20
-8.3423940551181097
11
10.9472653937007873
21
-8.3418179921259838
0
LINE
8
BLACK
6
CONTINUOUS
10
10.9472653937007873
20
-8.3418179921259838
11
10.9473059842519689
21
-8.3417199606299217
0
LINE
8
BLACK
6
CONTINUOUS
10
10.9473059842519689
20
-8.3417199606299217
11
10.9473135039370071
21
-8.3416141732283471
0
LINE
8
BLACK
6
CONTINUOUS
10
10.9473135039370071
20
-8.3416141732283471
11
10.9475203937007866
21
-8.3410735433070862
0
LINE
8
BLACK
6
CONTINUOUS
10
10.9475203937007866
20
-8.3410735433070862
11
10.9493951574803141
21
-8.3373240157480311
0
LINE
8
BLACK
6
CONTINUOUS
10
10.9493951574803141
20
-8.3373240157480311
11
10.9494557874015754
21
-8.3372276377952748
0
LINE
8
BLACK
6
CONTINUOUS
10
10.9494557874015754
20
-8.3372276377952748
11
10.9494709448818899
21
-8.3371822440944872
0
LINE
8
BLACK
6
CONTINUOUS
10
10.9494709448818899
20
-8.3371822440944872
11
10.9495199606299209
21
-8.3371256692913391
0
LINE
8
BLACK
6
CONTINUOUS
10
10.9495199606299209
20
-8.3371256692913391
11
10.9497035039370072
21
-8.3368341338582681
0
LINE
8
BLACK
6
CONTINUOUS
10
10.9497035039370072
20
-8.3368341338582681
11
10.9499831889763772
21
-8.3365915354330706
0
LINE
8
BLACK
6
CONTINUOUS
10
10.9499831889763772
20
-8.3365915354330706
11
10.9502257874015747
21
-8.3363118503937006
0
LINE
8
BLACK
6
CONTINUOUS
10
10.9502257874015747
20
-8.3363118503937006
11
10.9505173228346457
21
-8.3361283070866143
0
LINE
8
BLACK
6
CONTINUOUS
10
10.9505173228346457
20
-8.3361283070866143
11
10.9505738976377955
21
-8.3360792913385833
0
LINE
8
BLACK
6
CONTINUOUS
10
10.9505738976377955
20
-8.3360792913385833
11
10.9506192913385831
21
-8.3360641338582671
0
LINE
8
BLACK
6
CONTINUOUS
10
10.9506192913385831
20
-8.3360641338582671
11
10.9507156692913377
21
-8.3360035039370075
0
LINE
8
BLACK
6
CONTINUOUS
10
10.9507156692913377
20
-8.3360035039370075
11
10.9544651968503928
21
-8.33412874015748
0
LINE
8
BLACK
6
CONTINUOUS
10
10.9544651968503928
20
-8.33412874015748
11
10.9550057874015749
21
-8.3339218503937005
0
LINE
8
BLACK
6
CONTINUOUS
10
10.9550057874015749
20
-8.3339218503937005
11
10.9551116535433071
21
-8.3339142913385817
0
LINE
8
BLACK
6
CONTINUOUS
10
10.9551116535433071
20
-8.3339142913385817
11
10.9552096456692905
21
-8.3338737401574807
0
LINE
8
BLACK
6
CONTINUOUS
10
10.9552096456692905
20
-8.3338737401574807
11
10.9557857086614163
21
-8.3338170078740159
0
LINE
8
BLACK
6
CONTINUOUS
10
10.9557857086614163
20
-8.3338170078740159
11
10.9632847637795265
21
-8.3338170078740159
0
LINE
8
BLACK
6
CONTINUOUS
10
10.9632847637795265
20
-8.3338170078740159
11
10.9638608267716524
21
-8.3338737401574807
0
LINE
8
BLACK
6
CONTINUOUS
10
10.9542370078740152
20
-8.3408453543307086
11
10.9531141732283466
21
-8.3430911023622052
0
LINE
8
BLACK
6
CONTINUOUS
10
10.9531141732283466
20
-8.3430911023622052
11
10.9531141732283466
21
-8.3437228740157483
0
LINE
8
BLACK
6
CONTINUOUS
10
10.9531141732283466
20
-8.3437228740157483
11
10.9659562992125981
21
-8.3462912992125986
0
LINE
8
BLACK
6
CONTINUOUS
10
10.9659562992125981
20
-8.3462912992125986
11
10.9659562992125981
21
-8.3430911023622052
0
LINE
8
BLACK
6
CONTINUOUS
10
10.9659562992125981
20
-8.3430911023622052
11
10.9648334251968507
21
-8.3408453543307086
0
LINE
8
BLACK
6
CONTINUOUS
10
10.9648334251968507
20
-8.3408453543307086
11
10.9625877165354328
21
-8.33972251968504
0
LINE
8
BLACK
6
CONTINUOUS
10
10.9625877165354328
20
-8.33972251968504
11
10.9564827559055118
21
-8.33972251968504
0
LINE
8
BLACK
6
CONTINUOUS
10
10.9564827559055118
20
-8.33972251968504
11
10.9542370078740152
21
-8.3408453543307086
0
LINE
8
BLACK
6
CONTINUOUS
10
10.7801337795275582
20
-8.3338737401574807
11
10.7802317716535434
21
-8.3339143307086605
0
LINE
8
BLACK
6
CONTINUOUS
10
10.7802317716535434
20
-8.3339143307086605
11
10.7803375984251968
21
-8.3339218503937005
0
LINE
8
BLACK
6
CONTINUOUS
10
10.7803375984251968
20
-8.3339218503937005
11
10.7808782283464559
21
-8.33412874015748
0
LINE
8
BLACK
6
CONTINUOUS
10
10.7808782283464559
20
-8.33412874015748
11
10.7827776771653543
21
-8.3350784645669282
0
LINE
8
BLACK
6
CONTINUOUS
10
10.7827776771653543
20
-8.3350784645669282
11
10.7835415354330699
21
-8.3343146456692914
0
LINE
8
BLACK
6
CONTINUOUS
10
10.7835415354330699
20
-8.3343146456692914
11
10.7846059448818892
21
-8.3338737401574807
0
LINE
8
BLACK
6
CONTINUOUS
10
10.7846059448818892
20
-8.3338737401574807
11
10.7857580708661409
21
-8.3338737401574807
0
LINE
8
BLACK
6
CONTINUOUS
10
10.7857580708661409
20
-8.3338737401574807
11
10.7868224803149602
21
-8.3343146456692914
0
LINE
8
BLACK
6
CONTINUOUS
10
10.7868224803149602
20
-8.3343146456692914
11
10.7876371259842525
21
-8.3351292913385819
0
LINE
8
BLACK
6
CONTINUOUS
10
10.7876371259842525
20
-8.3351292913385819
11
10.7880780314960631
21
-8.3361937007874012
0
LINE
8
BLACK
6
CONTINUOUS
10
10.7880780314960631
20
-8.3361937007874012
11
10.788134763779528
21
-8.3367697637795271
0
LINE
8
BLACK
6
CONTINUOUS
10
10.788134763779528
20
-8.3367697637795271
11
10.788134763779528
21
-8.3630164960629916
0
LINE
8
BLACK
6
CONTINUOUS
10
10.788134763779528
20
-8.3630164960629916
11
10.7880780314960631
21
-8.3635925590551174
0
LINE
8
BLACK
6
CONTINUOUS
10
10.7880780314960631
20
-8.3635925590551174
11
10.7876371259842525
21
-8.3646569685039367
0
LINE
8
BLACK
6
CONTINUOUS
10
10.7876371259842525
20
-8.3646569685039367
11
10.7868224803149602
21
-8.365471614173229
0
LINE
8
BLACK
6
CONTINUOUS
10
10.7868224803149602
20
-8.365471614173229
11
10.7857580708661409
21
-8.3659125196850397
0
LINE
8
BLACK
6
CONTINUOUS
10
10.7857580708661409
20
-8.3659125196850397
11
10.7846059448818892
21
-8.3659125196850397
0
LINE
8
BLACK
6
CONTINUOUS
10
10.7846059448818892
20
-8.3659125196850397
11
10.7835415354330699
21
-8.365471614173229
0
LINE
8
BLACK
6
CONTINUOUS
10
10.7835415354330699
20
-8.365471614173229
11
10.7827268897637794
21
-8.3646569685039367
0
LINE
8
BLACK
6
CONTINUOUS
10
10.7827268897637794
20
-8.3646569685039367
11
10.7822859842519687
21
-8.3635925590551174
0
LINE
8
BLACK
6
CONTINUOUS
10
10.7822859842519687
20
-8.3635925590551174
11
10.7822292519685039
21
-8.3630164960629916
0
LINE
8
BLACK
6
CONTINUOUS
10
10.7822292519685039
20
-8.3630164960629916
11
10.7822292519685039
21
-8.3417423622047249
0
LINE
8
BLACK
6
CONTINUOUS
10
10.7822292519685039
20
-8.3417423622047249
11
10.7815581496062993
21
-8.3410712598425203
0
LINE
8
BLACK
6
CONTINUOUS
10
10.7815581496062993
20
-8.3410712598425203
11
10.7788606692913387
21
-8.33972251968504
0
LINE
8
BLACK
6
CONTINUOUS
10
10.7788606692913387
20
-8.33972251968504
11
10.7746304724409452
21
-8.33972251968504
0
LINE
8
BLACK
6
CONTINUOUS
10
10.7746304724409452
20
-8.33972251968504
11
10.7723847244094486
21
-8.3408453543307086
0
LINE
8
BLACK
6
CONTINUOUS
10
10.7723847244094486
20
-8.3408453543307086
11
10.77126188976378
21
-8.3430911023622052
0
LINE
8
BLACK
6
CONTINUOUS
10
10.77126188976378
20
-8.3430911023622052
11
10.77126188976378
21
-8.3630164960629916
0
LINE
8
BLACK
6
CONTINUOUS
10
10.77126188976378
20
-8.3630164960629916
11
10.7712051574803152
21
-8.3635925590551174
0
LINE
8
BLACK
6
CONTINUOUS
10
10.7712051574803152
20
-8.3635925590551174
11
10.7707642519685045
21
-8.3646569685039367
0
LINE
8
BLACK
6
CONTINUOUS
10
10.7707642519685045
20
-8.3646569685039367
11
10.7699496062992122
21
-8.365471614173229
0
LINE
8
BLACK
6
CONTINUOUS
10
10.7699496062992122
20
-8.365471614173229
11
10.7688851968503929
21
-8.3659125196850397
0
LINE
8
BLACK
6
CONTINUOUS
10
10.7688851968503929
20
-8.3659125196850397
11
10.7677330708661412
21
-8.3659125196850397
0
LINE
8
BLACK
6
CONTINUOUS
10
10.7677330708661412
20
-8.3659125196850397
11
10.7666686614173219
21
-8.365471614173229
0
LINE
8
BLACK
6
CONTINUOUS
10
10.7666686614173219
20
-8.365471614173229
11
10.7658540157480314
21
-8.3646569685039367
0
LINE
8
BLACK
6
CONTINUOUS
10
10.7658540157480314
20
-8.3646569685039367
11
10.7654131102362207
21
-8.3635925590551174
0
LINE
8
BLACK
6
CONTINUOUS
10
10.7654131102362207
20
-8.3635925590551174
11
10.7653563779527559
21
-8.3630164960629916
0
LINE
8
BLACK
6
CONTINUOUS
10
10.7653563779527559
20
-8.3630164960629916
11
10.7653563779527559
21
-8.3423940551181097
0
LINE
8
BLACK
6
CONTINUOUS
10
10.7653563779527559
20
-8.3423940551181097
11
10.7654131102362207
21
-8.3418179921259838
0
LINE
8
BLACK
6
CONTINUOUS
10
10.7654131102362207
20
-8.3418179921259838
11
10.7654537007874005
21
-8.3417199606299217
0
LINE
8
BLACK
6
CONTINUOUS
10
10.7654537007874005
20
-8.3417199606299217
11
10.7654612204724405
21
-8.3416141732283471
0
LINE
8
BLACK
6
CONTINUOUS
10
10.7654612204724405
20
-8.3416141732283471
11
10.7656681102362199
21
-8.3410735433070862
0
LINE
8
BLACK
6
CONTINUOUS
10
10.7656681102362199
20
-8.3410735433070862
11
10.7675428740157475
21
-8.3373240157480311
0
LINE
8
BLACK
6
CONTINUOUS
10
10.7675428740157475
20
-8.3373240157480311
11
10.767603503937007
21
-8.3372276377952748
0
LINE
8
BLACK
6
CONTINUOUS
10
10.767603503937007
20
-8.3372276377952748
11
10.7676186614173233
21
-8.3371822440944872
0
LINE
8
BLACK
6
CONTINUOUS
10
10.7676186614173233
20
-8.3371822440944872
11
10.7676676771653543
21
-8.3371256692913391
0
LINE
8
BLACK
6
CONTINUOUS
10
10.7676676771653543
20
-8.3371256692913391
11
10.7678512204724406
21
-8.3368341338582681
0
LINE
8
BLACK
6
CONTINUOUS
10
10.7678512204724406
20
-8.3368341338582681
11
10.7681309055118106
21
-8.3365915354330706
0
LINE
8
BLACK
6
CONTINUOUS
10
10.7681309055118106
20
-8.3365915354330706
11
10.7683735039370081
21
-8.3363118503937006
0
LINE
8
BLACK
6
CONTINUOUS
10
10.7683735039370081
20
-8.3363118503937006
11
10.7686650393700791
21
-8.3361283070866143
0
LINE
8
BLACK
6
CONTINUOUS
10
10.7686650393700791
20
-8.3361283070866143
11
10.7687216141732289
21
-8.3360792913385833
0
LINE
8
BLACK
6
CONTINUOUS
10
10.7687216141732289
20
-8.3360792913385833
11
10.7687670078740148
21
-8.3360641338582671
0
LINE
8
BLACK
6
CONTINUOUS
10
10.7687670078740148
20
-8.3360641338582671
11
10.7688633858267711
21
-8.3360035039370075
0
LINE
8
BLACK
6
CONTINUOUS
10
10.7688633858267711
20
-8.3360035039370075
11
10.7726129133858262
21
-8.33412874015748
0
LINE
8
BLACK
6
CONTINUOUS
10
10.7726129133858262
20
-8.33412874015748
11
10.7731535039370083
21
-8.3339218503937005
0
LINE
8
BLACK
6
CONTINUOUS
10
10.7731535039370083
20
-8.3339218503937005
11
10.7732593700787405
21
-8.3339142913385817
0
LINE
8
BLACK
6
CONTINUOUS
10
10.7732593700787405
20
-8.3339142913385817
11
10.7733573622047238
21
-8.3338737401574807
0
LINE
8
BLACK
6
CONTINUOUS
10
10.7733573622047238
20
-8.3338737401574807
11
10.7739334251968497
21
-8.3338170078740159
0
LINE
8
BLACK
6
CONTINUOUS
10
10.7739334251968497
20
-8.3338170078740159
11
10.7795577165354324
21
-8.3338170078740159
0
LINE
8
BLACK
6
CONTINUOUS
10
10.7795577165354324
20
-8.3338170078740159
11
10.7801337795275582
21
-8.3338737401574807
0
LINE
8
BLACK
6
CONTINUOUS
10
10.8055701181102357
20
-8.3343146456692914
11
10.8063847637795281
21
-8.3351292913385819
0
LINE
8
BLACK
6
CONTINUOUS
10
10.8063847637795281
20
-8.3351292913385819
11
10.8068256692913387
21
-8.3361937007874012
0
LINE
8
BLACK
6
CONTINUOUS
10
10.8068256692913387
20
-8.3361937007874012
11
10.8068824015748035
21
-8.3367697637795271
0
LINE
8
BLACK
6
CONTINUOUS
10
10.8068824015748035
20
-8.3367697637795271
11
10.8068824015748035
21
-8.3630164960629916
0
LINE
8
BLACK
6
CONTINUOUS
10
10.8068824015748035
20
-8.3630164960629916
11
10.8068256692913387
21
-8.3635925590551174
0
LINE
8
BLACK
6
CONTINUOUS
10
10.8068256692913387
20
-8.3635925590551174
11
10.8063847637795281
21
-8.3646569685039367
0
LINE
8
BLACK
6
CONTINUOUS
10
10.8063847637795281
20
-8.3646569685039367
11
10.8055701181102357
21
-8.365471614173229
0
LINE
8
BLACK
6
CONTINUOUS
10
10.8055701181102357
20
-8.365471614173229
11
10.8045057086614165
21
-8.3659125196850397
0
LINE
8
BLACK
6
CONTINUOUS
10
10.8045057086614165
20
-8.3659125196850397
11
10.8033535826771647
21
-8.3659125196850397
0
LINE
8
BLACK
6
CONTINUOUS
10
10.8033535826771647
20
-8.3659125196850397
11
10.8022891732283455
21
-8.365471614173229
0
LINE
8
BLACK
6
CONTINUOUS
10
10.8022891732283455
20
-8.365471614173229
11
10.8014745275590549
21
-8.3646569685039367
0
LINE
8
BLACK
6
CONTINUOUS
10
10.8014745275590549
20
-8.3646569685039367
11
10.8010336220472443
21
-8.3635925590551174
0
LINE
8
BLACK
6
CONTINUOUS
10
10.8010336220472443
20
-8.3635925590551174
11
10.8009768897637795
21
-8.3630164960629916
0
LINE
8
BLACK
6
CONTINUOUS
10
10.8009768897637795
20
-8.3630164960629916
11
10.8009768897637795
21
-8.3367697637795271
0
LINE
8
BLACK
6
CONTINUOUS
10
10.8009768897637795
20
-8.3367697637795271
11
10.8010336220472443
21
-8.3361937007874012
0
LINE
8
BLACK
6
CONTINUOUS
10
10.8010336220472443
20
-8.3361937007874012
11
10.8014745275590549
21
-8.3351292913385819
0
LINE
8
BLACK
6
CONTINUOUS
10
10.8014745275590549
20
-8.3351292913385819
11
10.8022891732283455
21
-8.3343146456692914
0
LINE
8
BLACK
6
CONTINUOUS
10
10.8022891732283455
20
-8.3343146456692914
11
10.8033535826771647
21
-8.3338737401574807
0
LINE
8
BLACK
6
CONTINUOUS
10
10.8033535826771647
20
-8.3338737401574807
11
10.8045057086614165
21
-8.3338737401574807
0
LINE
8
BLACK
6
CONTINUOUS
10
10.8045057086614165
20
-8.3338737401574807
11
10.8055701181102357
21
-8.3343146456692914
0
LINE
8
BLACK
6
CONTINUOUS
10
10.8794963385826762
20
-8.3207503937007878
11
10.8805607480314954
21
-8.3211912992125985
0
LINE
8
BLACK
6
CONTINUOUS
10
10.8805607480314954
20
-8.3211912992125985
11
10.8813753937007878
21
-8.3220059448818891
0
LINE
8
BLACK
6
CONTINUOUS
10
10.8813753937007878
20
-8.3220059448818891
11
10.8818162992125984
21
-8.3230703543307083
0
LINE
8
BLACK
6
CONTINUOUS
10
10.8818162992125984
20
-8.3230703543307083
11
10.8818730314960632
21
-8.3236464173228342
0
LINE
8
BLACK
6
CONTINUOUS
10
10.8818730314960632
20
-8.3236464173228342
11
10.8818730314960632
21
-8.3630164960629916
0
LINE
8
BLACK
6
CONTINUOUS
10
10.8818730314960632
20
-8.3630164960629916
11
10.8818162992125984
21
-8.3635925590551174
0
LINE
8
BLACK
6
CONTINUOUS
10
10.8818162992125984
20
-8.3635925590551174
11
10.8813753937007878
21
-8.3646569685039367
0
LINE
8
BLACK
6
CONTINUOUS
10
10.8813753937007878
20
-8.3646569685039367
11
10.8805607480314954
21
-8.365471614173229
0
LINE
8
BLACK
6
CONTINUOUS
10
10.8805607480314954
20
-8.365471614173229
11
10.8794963385826762
21
-8.3659125196850397
0
LINE
8
BLACK
6
CONTINUOUS
10
10.8794963385826762
20
-8.3659125196850397
11
10.8783442125984244
21
-8.3659125196850397
0
LINE
8
BLACK
6
CONTINUOUS
10
10.8783442125984244
20
-8.3659125196850397
11
10.8772798031496052
21
-8.365471614173229
0
LINE
8
BLACK
6
CONTINUOUS
10
10.8772798031496052
20
-8.365471614173229
11
10.8764651574803146
21
-8.3646569685039367
0
LINE
8
BLACK
6
CONTINUOUS
10
10.8764651574803146
20
-8.3646569685039367
11
10.876024251968504
21
-8.3635925590551174
0
LINE
8
BLACK
6
CONTINUOUS
10
10.876024251968504
20
-8.3635925590551174
11
10.8759675196850392
21
-8.3630164960629916
0
LINE
8
BLACK
6
CONTINUOUS
10
10.8759675196850392
20
-8.3630164960629916
11
10.8759675196850392
21
-8.3472215748031502
0
LINE
8
BLACK
6
CONTINUOUS
10
10.8759675196850392
20
-8.3472215748031502
11
10.8639221653543299
21
-8.3472215748031502
0
LINE
8
BLACK
6
CONTINUOUS
10
10.8639221653543299
20
-8.3472215748031502
11
10.863346102362204
21
-8.3471648425196854
0
LINE
8
BLACK
6
CONTINUOUS
10
10.863346102362204
20
-8.3471648425196854
11
10.8632481102362206
21
-8.3471242519685038
0
LINE
8
BLACK
6
CONTINUOUS
10
10.8632481102362206
20
-8.3471242519685038
11
10.8631422440944885
21
-8.3471167322834638
0
LINE
8
BLACK
6
CONTINUOUS
10
10.8631422440944885
20
-8.3471167322834638
11
10.8626016535433063
21
-8.3469098425196844
0
LINE
8
BLACK
6
CONTINUOUS
10
10.8626016535433063
20
-8.3469098425196844
11
10.8588521259842512
21
-8.3450350787401568
0
LINE
8
BLACK
6
CONTINUOUS
10
10.8588521259842512
20
-8.3450350787401568
11
10.8586040944881894
21
-8.3448789763779523
0
LINE
8
BLACK
6
CONTINUOUS
10
10.8586040944881894
20
-8.3448789763779523
11
10.8585321653543296
21
-8.3448491732283454
0
LINE
8
BLACK
6
CONTINUOUS
10
10.8585321653543296
20
-8.3448491732283454
11
10.8584511811023621
21
-8.3447826771653535
0
LINE
8
BLACK
6
CONTINUOUS
10
10.8584511811023621
20
-8.3447826771653535
11
10.8583622440944882
21
-8.3447267322834637
0
LINE
8
BLACK
6
CONTINUOUS
10
10.8583622440944882
20
-8.3447267322834637
11
10.8583110629921258
21
-8.344667716535433
0
LINE
8
BLACK
6
CONTINUOUS
10
10.8583110629921258
20
-8.344667716535433
11
10.8580847244094478
21
-8.3444819685039366
0
LINE
8
BLACK
6
CONTINUOUS
10
10.8580847244094478
20
-8.3444819685039366
11
10.8562099606299203
21
-8.3426072047244091
0
LINE
8
BLACK
6
CONTINUOUS
10
10.8562099606299203
20
-8.3426072047244091
11
10.8560241732283469
21
-8.3423808267716542
0
LINE
8
BLACK
6
CONTINUOUS
10
10.8560241732283469
20
-8.3423808267716542
11
10.8559651968503932
21
-8.3423296850393704
0
LINE
8
BLACK
6
CONTINUOUS
10
10.8559651968503932
20
-8.3423296850393704
11
10.8559092125984247
21
-8.3422407086614179
0
LINE
8
BLACK
6
CONTINUOUS
10
10.8559092125984247
20
-8.3422407086614179
11
10.8558427559055115
21
-8.3421597637795273
0
LINE
8
BLACK
6
CONTINUOUS
10
10.8558427559055115
20
-8.3421597637795273
11
10.8558129133858259
21
-8.3420877952755905
0
LINE
8
BLACK
6
CONTINUOUS
10
10.8558129133858259
20
-8.3420877952755905
11
10.8556568503937001
21
-8.3418398031496057
0
LINE
8
BLACK
6
CONTINUOUS
10
10.8556568503937001
20
-8.3418398031496057
11
10.8537820866141725
21
-8.3380902755905506
0
LINE
8
BLACK
6
CONTINUOUS
10
10.8537820866141725
20
-8.3380902755905506
11
10.8535751968503931
21
-8.3375496456692915
0
LINE
8
BLACK
6
CONTINUOUS
10
10.8535751968503931
20
-8.3375496456692915
11
10.8535676771653549
21
-8.3374438188976381
0
LINE
8
BLACK
6
CONTINUOUS
10
10.8535676771653549
20
-8.3374438188976381
11
10.8535270866141733
21
-8.3373458267716529
0
LINE
8
BLACK
6
CONTINUOUS
10
10.8535270866141733
20
-8.3373458267716529
11
10.8534703543307085
21
-8.3367697637795271
0
LINE
8
BLACK
6
CONTINUOUS
10
10.8534703543307085
20
-8.3367697637795271
11
10.8534703543307085
21
-8.3311454724409444
0
LINE
8
BLACK
6
CONTINUOUS
10
10.8534703543307085
20
-8.3311454724409444
11
10.8535270866141733
21
-8.3305694094488185
0
LINE
8
BLACK
6
CONTINUOUS
10
10.8535270866141733
20
-8.3305694094488185
11
10.8535676771653549
21
-8.3304713779527564
0
LINE
8
BLACK
6
CONTINUOUS
10
10.8535676771653549
20
-8.3304713779527564
11
10.8535751968503931
21
-8.3303655905511818
0
LINE
8
BLACK
6
CONTINUOUS
10
10.8535751968503931
20
-8.3303655905511818
11
10.8537820866141725
21
-8.3298249606299208
0
LINE
8
BLACK
6
CONTINUOUS
10
10.8537820866141725
20
-8.3298249606299208
11
10.8556568503937001
21
-8.3260754330708657
0
LINE
8
BLACK
6
CONTINUOUS
10
10.8556568503937001
20
-8.3260754330708657
11
10.8558129133858259
21
-8.3258274015748022
0
LINE
8
BLACK
6
CONTINUOUS
10
10.8558129133858259
20
-8.3258274015748022
11
10.8558427559055115
21
-8.3257554724409442
0
LINE
8
BLACK
6
CONTINUOUS
10
10.8558427559055115
20
-8.3257554724409442
11
10.8559092125984247
21
-8.3256744881889766
0
LINE
8
BLACK
6
CONTINUOUS
10
10.8559092125984247
20
-8.3256744881889766
11
10.8559651968503932
21
-8.3255855511811028
0
LINE
8
BLACK
6
CONTINUOUS
10
10.8559651968503932
20
-8.3255855511811028
11
10.8560241732283469
21
-8.3255343700787403
0
LINE
8
BLACK
6
CONTINUOUS
10
10.8560241732283469
20
-8.3255343700787403
11
10.8562099606299203
21
-8.3253080314960624
0
LINE
8
BLACK
6
CONTINUOUS
10
10.8562099606299203
20
-8.3253080314960624
11
10.8580847244094478
21
-8.3234332677165348
0
LINE
8
BLACK
6
CONTINUOUS
10
10.8580847244094478
20
-8.3234332677165348
11
10.8583110629921258
21
-8.3232474803149596
0
LINE
8
BLACK
6
CONTINUOUS
10
10.8583110629921258
20
-8.3232474803149596
11
10.8583622440944882
21
-8.3231885039370077
0
LINE
8
BLACK
6
CONTINUOUS
10
10.8583622440944882
20
-8.3231885039370077
11
10.8584511811023621
21
-8.3231325196850392
0
LINE
8
BLACK
6
CONTINUOUS
10
10.8584511811023621
20
-8.3231325196850392
11
10.8585321653543296
21
-8.323066062992126
0
LINE
8
BLACK
6
CONTINUOUS
10
10.8585321653543296
20
-8.323066062992126
11
10.8586040944881894
21
-8.3230362204724404
0
LINE
8
BLACK
6
CONTINUOUS
10
10.8586040944881894
20
-8.3230362204724404
11
10.8588521259842512
21
-8.3228801574803146
0
LINE
8
BLACK
6
CONTINUOUS
10
10.8588521259842512
20
-8.3228801574803146
11
10.8626016535433063
21
-8.3210053937007871
0
LINE
8
BLACK
6
CONTINUOUS
10
10.8626016535433063
20
-8.3210053937007871
11
10.8631422440944885
21
-8.3207985039370076
0
LINE
8
BLACK
6
CONTINUOUS
10
10.8631422440944885
20
-8.3207985039370076
11
10.8632481102362206
21
-8.3207909448818889
0
LINE
8
BLACK
6
CONTINUOUS
10
10.8632481102362206
20
-8.3207909448818889
11
10.863346102362204
21
-8.3207503937007878
0
LINE
8
BLACK
6
CONTINUOUS
10
10.863346102362204
20
-8.3207503937007878
11
10.8639221653543299
21
-8.320693661417323
0
LINE
8
BLACK
6
CONTINUOUS
10
10.8639221653543299
20
-8.320693661417323
11
10.8789202755905503
21
-8.320693661417323
0
LINE
8
BLACK
6
CONTINUOUS
10
10.8789202755905503
20
-8.320693661417323
11
10.8794963385826762
21
-8.3207503937007878
0
LINE
8
BLACK
6
CONTINUOUS
10
10.8619217322834647
20
-8.3279479133858274
11
10.8607246062992129
21
-8.3291450393700792
0
LINE
8
BLACK
6
CONTINUOUS
10
10.8607246062992129
20
-8.3291450393700792
11
10.8593758661417326
21
-8.3318425196850399
0
LINE
8
BLACK
6
CONTINUOUS
10
10.8593758661417326
20
-8.3318425196850399
11
10.8593758661417326
21
-8.3360727165354334
0
LINE
8
BLACK
6
CONTINUOUS
10
10.8593758661417326
20
-8.3360727165354334
11
10.8607246062992129
21
-8.338770196850394
0
LINE
8
BLACK
6
CONTINUOUS
10
10.8607246062992129
20
-8.338770196850394
11
10.8619217322834647
21
-8.3399673228346458
0
LINE
8
BLACK
6
CONTINUOUS
10
10.8619217322834647
20
-8.3399673228346458
11
10.8646192125984253
21
-8.3413160629921261
0
LINE
8
BLACK
6
CONTINUOUS
10
10.8646192125984253
20
-8.3413160629921261
11
10.8759675196850392
21
-8.3413160629921261
0
LINE
8
BLACK
6
CONTINUOUS
10
10.8759675196850392
20
-8.3413160629921261
11
10.8759675196850392
21
-8.3265991732283471
0
LINE
8
BLACK
6
CONTINUOUS
10
10.8759675196850392
20
-8.3265991732283471
11
10.8646192125984253
21
-8.3265991732283471
0
LINE
8
BLACK
6
CONTINUOUS
10
10.8646192125984253
20
-8.3265991732283471
11
10.8619217322834647
21
-8.3279479133858274
0
LINE
8
BLACK
6
CONTINUOUS
10
11.0032309055118116
20
-8.3207503937007878
11
11.0042953149606291
21
-8.3211912992125985
0
LINE
8
BLACK
6
CONTINUOUS
10
11.0042953149606291
20
-8.3211912992125985
11
11.0051099606299214
21
-8.3220059448818891
0
LINE
8
BLACK
6
CONTINUOUS
10
11.0051099606299214
20
-8.3220059448818891
11
11.0055508661417321
21
-8.3230703543307083
0
LINE
8
BLACK
6
CONTINUOUS
10
11.0055508661417321
20
-8.3230703543307083
11
11.0055508661417321
21
-8.32422248031496
0
LINE
8
BLACK
6
CONTINUOUS
10
11.0055508661417321
20
-8.32422248031496
11
11.0051099606299214
21
-8.3252868897637793
0
LINE
8
BLACK
6
CONTINUOUS
10
11.0051099606299214
20
-8.3252868897637793
11
11.0042953149606291
21
-8.3261015354330699
0
LINE
8
BLACK
6
CONTINUOUS
10
11.0042953149606291
20
-8.3261015354330699
11
11.0032309055118116
21
-8.3265424409448823
0
LINE
8
BLACK
6
CONTINUOUS
10
11.0032309055118116
20
-8.3265424409448823
11
11.002654842519684
21
-8.3265991732283471
0
LINE
8
BLACK
6
CONTINUOUS
10
11.002654842519684
20
-8.3265991732283471
11
10.9943590157480315
21
-8.3265991732283471
0
LINE
8
BLACK
6
CONTINUOUS
10
10.9943590157480315
20
-8.3265991732283471
11
10.9943590157480315
21
-8.3630164960629916
0
LINE
8
BLACK
6
CONTINUOUS
10
10.9943590157480315
20
-8.3630164960629916
11
10.9943022834645667
21
-8.3635925590551174
0
LINE
8
BLACK
6
CONTINUOUS
10
10.9943022834645667
20
-8.3635925590551174
11
10.9938613779527561
21
-8.3646569685039367
0
LINE
8
BLACK
6
CONTINUOUS
10
10.9938613779527561
20
-8.3646569685039367
11
10.9930467322834637
21
-8.365471614173229
0
LINE
8
BLACK
6
CONTINUOUS
10
10.9930467322834637
20
-8.365471614173229
11
10.9919823228346463
21
-8.3659125196850397
0
LINE
8
BLACK
6
CONTINUOUS
10
10.9919823228346463
20
-8.3659125196850397
11
10.9908301968503928
21
-8.3659125196850397
0
LINE
8
BLACK
6
CONTINUOUS
10
10.9908301968503928
20
-8.3659125196850397
11
10.9897657874015753
21
-8.365471614173229
0
LINE
8
BLACK
6
CONTINUOUS
10
10.9897657874015753
20
-8.365471614173229
11
10.9889511417322829
21
-8.3646569685039367
0
LINE
8
BLACK
6
CONTINUOUS
10
10.9889511417322829
20
-8.3646569685039367
11
10.9885102362204723
21
-8.3635925590551174
0
LINE
8
BLACK
6
CONTINUOUS
10
10.9885102362204723
20
-8.3635925590551174
11
10.9884535039370075
21
-8.3630164960629916
0
LINE
8
BLACK
6
CONTINUOUS
10
10.9884535039370075
20
-8.3630164960629916
11
10.9884535039370075
21
-8.3265991732283471
0
LINE
8
BLACK
6
CONTINUOUS
10
10.9884535039370075
20
-8.3265991732283471
11
10.9801576771653533
21
-8.3265991732283471
0
LINE
8
BLACK
6
CONTINUOUS
10
10.9801576771653533
20
-8.3265991732283471
11
10.9795816141732274
21
-8.3265424409448823
0
LINE
8
BLACK
6
CONTINUOUS
10
10.9795816141732274
20
-8.3265424409448823
11
10.97851720472441
21
-8.3261015354330699
0
LINE
8
BLACK
6
CONTINUOUS
10
10.97851720472441
20
-8.3261015354330699
11
10.9777025590551176
21
-8.3252868897637793
0
LINE
8
BLACK
6
CONTINUOUS
10
10.9777025590551176
20
-8.3252868897637793
11
10.977261653543307
21
-8.32422248031496
0
LINE
8
BLACK
6
CONTINUOUS
10
10.977261653543307
20
-8.32422248031496
11
10.977261653543307
21
-8.3230703543307083
0
LINE
8
BLACK
6
CONTINUOUS
10
10.977261653543307
20
-8.3230703543307083
11
10.9777025590551176
21
-8.3220059448818891
0
LINE
8
BLACK
6
CONTINUOUS
10
10.9777025590551176
20
-8.3220059448818891
11
10.97851720472441
21
-8.3211912992125985
0
LINE
8
BLACK
6
CONTINUOUS
10
10.97851720472441
20
-8.3211912992125985
11
10.9795816141732274
21
-8.3207503937007878
0
LINE
8
BLACK
6
CONTINUOUS
10
10.9795816141732274
20
-8.3207503937007878
11
10.9801576771653533
21
-8.320693661417323
0
LINE
8
BLACK
6
CONTINUOUS
10
10.9801576771653533
20
-8.320693661417323
11
11.002654842519684
21
-8.320693661417323
0
LINE
8
BLACK
6
CONTINUOUS
10
11.002654842519684
20
-8.320693661417323
11
11.0032309055118116
21
-8.3207503937007878
0
LINE
8
BLACK
6
CONTINUOUS
10
11.3246517716535422
20
-8.281365669291338
11
11.3246517716535422
21
-8.281365826771653
0
LINE
8
BLACK
6
CONTINUOUS
10
11.3246517716535422
20
-8.281365826771653
11
11.3247641338582667
21
-8.2819306299212592
0
LINE
8
BLACK
6
CONTINUOUS
10
11.3247641338582667
20
-8.2819306299212592
11
11.3247641338582667
21
-8.2941166141732285
0
LINE
8
BLACK
6
CONTINUOUS
10
11.3247641338582667
20
-8.2941166141732285
11
11.3246517322834634
21
-8.2946816141732285
0
LINE
8
BLACK
6
CONTINUOUS
10
11.3246517322834634
20
-8.2946816141732285
11
11.3238527559055111
21
-8.2954805905511808
0
LINE
8
BLACK
6
CONTINUOUS
10
11.3238527559055111
20
-8.2954805905511808
11
11.3227227559055112
21
-8.2954805905511808
0
LINE
8
BLACK
6
CONTINUOUS
10
11.3227227559055112
20
-8.2954805905511808
11
11.3219237795275589
21
-8.2946816141732285
0
LINE
8
BLACK
6
CONTINUOUS
10
11.3219237795275589
20
-8.2946816141732285
11
11.3218113779527556
21
-8.2941166141732285
0
LINE
8
BLACK
6
CONTINUOUS
10
11.3218113779527556
20
-8.2941166141732285
11
11.3218113779527556
21
-8.2854949212598417
0
LINE
8
BLACK
6
CONTINUOUS
10
11.3218113779527556
20
-8.2854949212598417
11
11.3130831496062996
21
-8.2942231889763782
0
LINE
8
BLACK
6
CONTINUOUS
10
11.3130831496062996
20
-8.2942231889763782
11
11.31302157480315
21
-8.2942642913385818
0
LINE
8
BLACK
6
CONTINUOUS
10
11.31302157480315
20
-8.2942642913385818
11
11.3130064960629912
21
-8.2942945275590549
0
LINE
8
BLACK
6
CONTINUOUS
10
11.3130064960629912
20
-8.2942945275590549
11
11.3128008661417319
21
-8.2944117322834643
0
LINE
8
BLACK
6
CONTINUOUS
10
11.3128008661417319
20
-8.2944117322834643
11
11.312604133858267
21
-8.2945431889763785
0
LINE
8
BLACK
6
CONTINUOUS
10
11.312604133858267
20
-8.2945431889763785
11
11.3125703543307079
21
-8.2945431889763785
0
LINE
8
BLACK
6
CONTINUOUS
10
11.3125703543307079
20
-8.2945431889763785
11
11.3125060629921261
21
-8.2945798425196848
0
LINE
8
BLACK
6
CONTINUOUS
10
11.3125060629921261
20
-8.2945798425196848
11
11.3096938976377945
21
-8.2955172440944889
0
LINE
8
BLACK
6
CONTINUOUS
10
11.3096938976377945
20
-8.2955172440944889
11
11.3094590157480308
21
-8.2955468110236215
0
LINE
8
BLACK
6
CONTINUOUS
10
11.3094590157480308
20
-8.2955468110236215
11
11.309227007874016
21
-8.2955929921259841
0
LINE
8
BLACK
6
CONTINUOUS
10
11.309227007874016
20
-8.2955929921259841
11
11.3073522440944885
21
-8.2955929921259841
0
LINE
8
BLACK
6
CONTINUOUS
10
11.3073522440944885
20
-8.2955929921259841
11
11.3072796850393704
21
-8.2955785433070872
0
LINE
8
BLACK
6
CONTINUOUS
10
11.3072796850393704
20
-8.2955785433070872
11
11.3072475984251959
21
-8.2955892519685044
0
LINE
8
BLACK
6
CONTINUOUS
10
11.3072475984251959
20
-8.2955892519685044
11
11.3070194094488183
21
-8.2955267716535435
0
LINE
8
BLACK
6
CONTINUOUS
10
11.3070194094488183
20
-8.2955267716535435
11
11.3067872440944885
21
-8.2954805905511808
0
LINE
8
BLACK
6
CONTINUOUS
10
11.3067872440944885
20
-8.2954805905511808
11
11.306763307086614
21
-8.2954566535433063
0
LINE
8
BLACK
6
CONTINUOUS
10
11.306763307086614
20
-8.2954566535433063
11
11.3066919685039373
21
-8.2954371259842521
0
LINE
8
BLACK
6
CONTINUOUS
10
11.3066919685039373
20
-8.2954371259842521
11
11.3048172047244098
21
-8.294499724409448
0
LINE
8
BLACK
6
CONTINUOUS
10
11.3048172047244098
20
-8.294499724409448
11
11.3046301181102358
21
-8.2943544881889757
0
LINE
8
BLACK
6
CONTINUOUS
10
11.3046301181102358
20
-8.2943544881889757
11
11.3044335039370072
21
-8.2942231496062995
0
LINE
8
BLACK
6
CONTINUOUS
10
11.3044335039370072
20
-8.2942231496062995
11
11.3034961417322837
21
-8.2932858267716529
0
LINE
8
BLACK
6
CONTINUOUS
10
11.3034961417322837
20
-8.2932858267716529
11
11.3033646062992119
21
-8.2930889763779518
0
LINE
8
BLACK
6
CONTINUOUS
10
11.3033646062992119
20
-8.2930889763779518
11
11.3032196062992121
21
-8.2929021259842521
0
LINE
8
BLACK
6
CONTINUOUS
10
11.3032196062992121
20
-8.2929021259842521
11
11.3022822047244098
21
-8.2910273622047246
0
LINE
8
BLACK
6
CONTINUOUS
10
11.3022822047244098
20
-8.2910273622047246
11
11.3022626377952751
21
-8.2909559842519691
0
LINE
8
BLACK
6
CONTINUOUS
10
11.3022626377952751
20
-8.2909559842519691
11
11.3022387401574793
21
-8.2909320866141734
0
LINE
8
BLACK
6
CONTINUOUS
10
11.3022387401574793
20
-8.2909320866141734
11
11.3021925196850397
21
-8.290699881889763
0
LINE
8
BLACK
6
CONTINUOUS
10
11.3021925196850397
20
-8.290699881889763
11
11.3021300787401575
21
-8.2904717322834642
0
LINE
8
BLACK
6
CONTINUOUS
10
11.3021300787401575
20
-8.2904717322834642
11
11.3021407480314959
21
-8.2904396062992127
0
LINE
8
BLACK
6
CONTINUOUS
10
11.3021407480314959
20
-8.2904396062992127
11
11.3021263385826778
21
-8.2903670866141734
0
LINE
8
BLACK
6
CONTINUOUS
10
11.3021263385826778
20
-8.2903670866141734
11
11.3021263385826778
21
-8.2856801574803143
0
LINE
8
BLACK
6
CONTINUOUS
10
11.3021263385826778
20
-8.2856801574803143
11
11.3021407480314959
21
-8.2856075984251962
0
LINE
8
BLACK
6
CONTINUOUS
10
11.3021407480314959
20
-8.2856075984251962
11
11.3021300787401575
21
-8.2855755118110235
0
LINE
8
BLACK
6
CONTINUOUS
10
11.3021300787401575
20
-8.2855755118110235
11
11.3021925196850397
21
-8.2853473228346459
0
LINE
8
BLACK
6
CONTINUOUS
10
11.3021925196850397
20
-8.2853473228346459
11
11.3022387401574793
21
-8.2851151574803144
0
LINE
8
BLACK
6
CONTINUOUS
10
11.3022387401574793
20
-8.2851151574803144
11
11.3022626377952751
21
-8.2850912204724416
0
LINE
8
BLACK
6
CONTINUOUS
10
11.3022626377952751
20
-8.2850912204724416
11
11.3022822047244098
21
-8.2850198818897631
0
LINE
8
BLACK
6
CONTINUOUS
10
11.3022822047244098
20
-8.2850198818897631
11
11.3032196062992121
21
-8.2831451181102356
0
LINE
8
BLACK
6
CONTINUOUS
10
11.3032196062992121
20
-8.2831451181102356
11
11.3033646062992119
21
-8.2829582283464571
0
LINE
8
BLACK
6
CONTINUOUS
10
11.3033646062992119
20
-8.2829582283464571
11
11.3034961417322837
21
-8.2827614173228348
0
LINE
8
BLACK
6
CONTINUOUS
10
11.3034961417322837
20
-8.2827614173228348
11
11.3044335039370072
21
-8.2818240944881882
0
LINE
8
BLACK
6
CONTINUOUS
10
11.3044335039370072
20
-8.2818240944881882
11
11.3049125196850397
21
-8.2815040551181092
0
LINE
8
BLACK
6
CONTINUOUS
10
11.3049125196850397
20
-8.2815040551181092
11
11.3060424409448821
21
-8.2815040551181092
0
LINE
8
BLACK
6
CONTINUOUS
10
11.3060424409448821
20
-8.2815040551181092
11
11.3068414566929132
21
-8.282303070866142
0
LINE
8
BLACK
6
CONTINUOUS
10
11.3068414566929132
20
-8.282303070866142
11
11.3068414566929132
21
-8.2834329921259844
0
LINE
8
BLACK
6
CONTINUOUS
10
11.3068414566929132
20
-8.2834329921259844
11
11.3065214173228341
21
-8.2839120078740152
0
LINE
8
BLACK
6
CONTINUOUS
10
11.3065214173228341
20
-8.2839120078740152
11
11.3057534645669282
21
-8.2846799606299211
0
LINE
8
BLACK
6
CONTINUOUS
10
11.3057534645669282
20
-8.2846799606299211
11
11.3050790944881889
21
-8.2860287007874014
0
LINE
8
BLACK
6
CONTINUOUS
10
11.3050790944881889
20
-8.2860287007874014
11
11.3050790944881889
21
-8.2900185039370076
0
LINE
8
BLACK
6
CONTINUOUS
10
11.3050790944881889
20
-8.2900185039370076
11
11.3057534645669282
21
-8.2913672440944879
0
LINE
8
BLACK
6
CONTINUOUS
10
11.3057534645669282
20
-8.2913672440944879
11
11.3063520078740147
21
-8.2919658267716532
0
LINE
8
BLACK
6
CONTINUOUS
10
11.3063520078740147
20
-8.2919658267716532
11
11.3077007874015738
21
-8.292640236220473
0
LINE
8
BLACK
6
CONTINUOUS
10
11.3077007874015738
20
-8.292640236220473
11
11.308987362204725
21
-8.292640236220473
0
LINE
8
BLACK
6
CONTINUOUS
10
11.308987362204725
20
-8.292640236220473
11
11.3112416141732286
21
-8.2918887795275591
0
LINE
8
BLACK
6
CONTINUOUS
10
11.3112416141732286
20
-8.2918887795275591
11
11.322243818897638
21
-8.2808866535433072
0
LINE
8
BLACK
6
CONTINUOUS
10
11.322243818897638
20
-8.2808866535433072
11
11.32272279527559
21
-8.2805666141732281
0
LINE
8
BLACK
6
CONTINUOUS
10
11.32272279527559
20
-8.2805666141732281
11
11.3238527165354324
21
-8.2805666141732281
0
LINE
8
BLACK
6
CONTINUOUS
10
11.3238527165354324
20
-8.2805666141732281
11
11.3246517716535422
21
-8.281365669291338
0
LINE
8
BLACK
6
CONTINUOUS
10
11.3196107480314954
20
-8.2617209842519674
11
11.3196428740157486
21
-8.261710314960629
0
LINE
8
BLACK
6
CONTINUOUS
10
11.3196428740157486
20
-8.261710314960629
11
11.3198710236220474
21
-8.2617727559055112
0
LINE
8
BLACK
6
CONTINUOUS
10
11.3198710236220474
20
-8.2617727559055112
11
11.320103228346456
21
-8.2618189763779526
0
LINE
8
BLACK
6
CONTINUOUS
10
11.320103228346456
20
-8.2618189763779526
11
11.3201271259842517
21
-8.2618428740157484
0
LINE
8
BLACK
6
CONTINUOUS
10
11.3201271259842517
20
-8.2618428740157484
11
11.3201985039370072
21
-8.2618624409448813
0
LINE
8
BLACK
6
CONTINUOUS
10
11.3201985039370072
20
-8.2618624409448813
11
11.3220732677165348
21
-8.2627998425196854
0
LINE
8
BLACK
6
CONTINUOUS
10
11.3220732677165348
20
-8.2627998425196854
11
11.3222601968503938
21
-8.2629449212598427
0
LINE
8
BLACK
6
CONTINUOUS
10
11.3222601968503938
20
-8.2629449212598427
11
11.3224569291338586
21
-8.2630763779527552
0
LINE
8
BLACK
6
CONTINUOUS
10
11.3224569291338586
20
-8.2630763779527552
11
11.3233943307086609
21
-8.2640137401574805
0
LINE
8
BLACK
6
CONTINUOUS
10
11.3233943307086609
20
-8.2640137401574805
11
11.3235258661417326
21
-8.2642105905511816
0
LINE
8
BLACK
6
CONTINUOUS
10
11.3235258661417326
20
-8.2642105905511816
11
11.3236709055118112
21
-8.26439748031496
0
LINE
8
BLACK
6
CONTINUOUS
10
11.3236709055118112
20
-8.26439748031496
11
11.3246082677165347
21
-8.2662722047244088
0
LINE
8
BLACK
6
CONTINUOUS
10
11.3246082677165347
20
-8.2662722047244088
11
11.3246277952755907
21
-8.2663435433070855
0
LINE
8
BLACK
6
CONTINUOUS
10
11.3246277952755907
20
-8.2663435433070855
11
11.3246517322834634
21
-8.26636748031496
0
LINE
8
BLACK
6
CONTINUOUS
10
11.3246517322834634
20
-8.26636748031496
11
11.3246979133858261
21
-8.2665996456692916
0
LINE
8
BLACK
6
CONTINUOUS
10
11.3246979133858261
20
-8.2665996456692916
11
11.324760393700787
21
-8.2668278346456692
0
LINE
8
BLACK
6
CONTINUOUS
10
11.324760393700787
20
-8.2668278346456692
11
11.3247496850393699
21
-8.2668598818897632
0
LINE
8
BLACK
6
CONTINUOUS
10
11.3247496850393699
20
-8.2668598818897632
11
11.3247641338582667
21
-8.26693248031496
0
LINE
8
BLACK
6
CONTINUOUS
10
11.3247641338582667
20
-8.26693248031496
11
11.3247641338582667
21
-8.2706820078740151
0
LINE
8
BLACK
6
CONTINUOUS
10
11.3247641338582667
20
-8.2706820078740151
11
11.3247496850393699
21
-8.2707545669291331
0
LINE
8
BLACK
6
CONTINUOUS
10
11.3247496850393699
20
-8.2707545669291331
11
11.324760393700787
21
-8.2707866535433077
0
LINE
8
BLACK
6
CONTINUOUS
10
11.324760393700787
20
-8.2707866535433077
11
11.3246979133858261
21
-8.2710148031496065
0
LINE
8
BLACK
6
CONTINUOUS
10
11.3246979133858261
20
-8.2710148031496065
11
11.3246517322834634
21
-8.271247007874015
0
LINE
8
BLACK
6
CONTINUOUS
10
11.3246517322834634
20
-8.271247007874015
11
11.3246277952755907
21
-8.2712709055118108
0
LINE
8
BLACK
6
CONTINUOUS
10
11.3246277952755907
20
-8.2712709055118108
11
11.3246082677165347
21
-8.2713422834645662
0
LINE
8
BLACK
6
CONTINUOUS
10
11.3246082677165347
20
-8.2713422834645662
11
11.3236709055118112
21
-8.273217007874015
0
LINE
8
BLACK
6
CONTINUOUS
10
11.3236709055118112
20
-8.273217007874015
11
11.3235257874015751
21
-8.2734039763779528
0
LINE
8
BLACK
6
CONTINUOUS
10
11.3235257874015751
20
-8.2734039763779528
11
11.3233943307086609
21
-8.2736007480314964
0
LINE
8
BLACK
6
CONTINUOUS
10
11.3233943307086609
20
-8.2736007480314964
11
11.3224569685039373
21
-8.2745381496062986
0
LINE
8
BLACK
6
CONTINUOUS
10
11.3224569685039373
20
-8.2745381496062986
11
11.3222599606299212
21
-8.2746697244094491
0
LINE
8
BLACK
6
CONTINUOUS
10
11.3222599606299212
20
-8.2746697244094491
11
11.322073228346456
21
-8.2748146850393702
0
LINE
8
BLACK
6
CONTINUOUS
10
11.322073228346456
20
-8.2748146850393702
11
11.3201984645669285
21
-8.2757520472440937
0
LINE
8
BLACK
6
CONTINUOUS
10
11.3201984645669285
20
-8.2757520472440937
11
11.3201271653543305
21
-8.275771535433071
0
LINE
8
BLACK
6
CONTINUOUS
10
11.3201271653543305
20
-8.275771535433071
11
11.320103228346456
21
-8.2757955118110242
0
LINE
8
BLACK
6
CONTINUOUS
10
11.320103228346456
20
-8.2757955118110242
11
11.3198708661417324
21
-8.2758416929133851
0
LINE
8
BLACK
6
CONTINUOUS
10
11.3198708661417324
20
-8.2758416929133851
11
11.3196428346456699
21
-8.275904173228346
0
LINE
8
BLACK
6
CONTINUOUS
10
11.3196428346456699
20
-8.275904173228346
11
11.3196107480314954
21
-8.2758934645669289
0
LINE
8
BLACK
6
CONTINUOUS
10
11.3196107480314954
20
-8.2758934645669289
11
11.3195382283464561
21
-8.2759079133858258
0
LINE
8
BLACK
6
CONTINUOUS
10
11.3195382283464561
20
-8.2759079133858258
11
11.3036027165354334
21
-8.2759079133858258
0
LINE
8
BLACK
6
CONTINUOUS
10
11.3036027165354334
20
-8.2759079133858258
11
11.3030377165354334
21
-8.2757955118110242
0
LINE
8
BLACK
6
CONTINUOUS
10
11.3030377165354334
20
-8.2757955118110242
11
11.3022387401574793
21
-8.2749965354330701
0
LINE
8
BLACK
6
CONTINUOUS
10
11.3022387401574793
20
-8.2749965354330701
11
11.3022387401574793
21
-8.2738665354330703
0
LINE
8
BLACK
6
CONTINUOUS
10
11.3022387401574793
20
-8.2738665354330703
11
11.3030377165354334
21
-8.2730675590551179
0
LINE
8
BLACK
6
CONTINUOUS
10
11.3030377165354334
20
-8.2730675590551179
11
11.3036027165354334
21
-8.2729551574803146
0
LINE
8
BLACK
6
CONTINUOUS
10
11.3036027165354334
20
-8.2729551574803146
11
11.3191897244094477
21
-8.2729551574803146
0
LINE
8
BLACK
6
CONTINUOUS
10
11.3191897244094477
20
-8.2729551574803146
11
11.3205383858267705
21
-8.2722807874015754
0
LINE
8
BLACK
6
CONTINUOUS
10
11.3205383858267705
20
-8.2722807874015754
11
11.3211370472440951
21
-8.2716821653543313
0
LINE
8
BLACK
6
CONTINUOUS
10
11.3211370472440951
20
-8.2716821653543313
11
11.3218113779527556
21
-8.2703335039370085
0
LINE
8
BLACK
6
CONTINUOUS
10
11.3218113779527556
20
-8.2703335039370085
11
11.3218113779527556
21
-8.2672809448818896
0
LINE
8
BLACK
6
CONTINUOUS
10
11.3218113779527556
20
-8.2672809448818896
11
11.3211370472440951
21
-8.2659322834645668
0
LINE
8
BLACK
6
CONTINUOUS
10
11.3211370472440951
20
-8.2659322834645668
11
11.320538464566928
21
-8.2653337401574802
0
LINE
8
BLACK
6
CONTINUOUS
10
11.320538464566928
20
-8.2653337401574802
11
11.319189685039369
21
-8.2646593307086604
0
LINE
8
BLACK
6
CONTINUOUS
10
11.319189685039369
20
-8.2646593307086604
11
11.3036027165354334
21
-8.2646593307086604
0
LINE
8
BLACK
6
CONTINUOUS
10
11.3036027165354334
20
-8.2646593307086604
11
11.3030377165354334
21
-8.2645469291338589
0
LINE
8
BLACK
6
CONTINUOUS
10
11.3030377165354334
20
-8.2645469291338589
11
11.3022387401574793
21
-8.2637479527559048
0
LINE
8
BLACK
6
CONTINUOUS
10
11.3022387401574793
20
-8.2637479527559048
11
11.3022387401574793
21
-8.2626179527559049
0
LINE
8
BLACK
6
CONTINUOUS
10
11.3022387401574793
20
-8.2626179527559049
11
11.3030377165354334
21
-8.2618189763779526
0
LINE
8
BLACK
6
CONTINUOUS
10
11.3030377165354334
20
-8.2618189763779526
11
11.3036027165354334
21
-8.2617065748031493
0
LINE
8
BLACK
6
CONTINUOUS
10
11.3036027165354334
20
-8.2617065748031493
11
11.3195382283464561
21
-8.2617065748031493
0
LINE
8
BLACK
6
CONTINUOUS
10
11.3195382283464561
20
-8.2617065748031493
11
11.3196107480314954
21
-8.2617209842519674
0
LINE
8
BLACK
6
CONTINUOUS
10
11.3426470078740156
20
-8.2165199212598417
11
11.3437123622047249
21
-8.217585275590551
0
LINE
8
BLACK
6
CONTINUOUS
10
11.3437123622047249
20
-8.217585275590551
11
11.3438622047244095
21
-8.2183385826771644
0
LINE
8
BLACK
6
CONTINUOUS
10
11.3438622047244095
20
-8.2183385826771644
11
11.3438622047244095
21
-8.2663700787401577
0
LINE
8
BLACK
6
CONTINUOUS
10
11.3438622047244095
20
-8.2663700787401577
11
11.3655157480314966
21
-8.2663700787401577
0
LINE
8
BLACK
6
CONTINUOUS
10
11.3655157480314966
20
-8.2663700787401577
11
11.36626905511811
21
-8.2665199212598424
0
LINE
8
BLACK
6
CONTINUOUS
10
11.36626905511811
20
-8.2665199212598424
11
11.3673344094488193
21
-8.2675852755905517
0
LINE
8
BLACK
6
CONTINUOUS
10
11.3673344094488193
20
-8.2675852755905517
11
11.367484251968504
21
-8.2683385826771651
0
LINE
8
BLACK
6
CONTINUOUS
10
11.367484251968504
20
-8.2683385826771651
11
11.367484251968504
21
-8.2880236220472447
0
LINE
8
BLACK
6
CONTINUOUS
10
11.367484251968504
20
-8.2880236220472447
11
11.3673344094488193
21
-8.2887769291338582
0
LINE
8
BLACK
6
CONTINUOUS
10
11.3673344094488193
20
-8.2887769291338582
11
11.36626905511811
21
-8.2898422834645675
0
LINE
8
BLACK
6
CONTINUOUS
10
11.36626905511811
20
-8.2898422834645675
11
11.3655157480314966
21
-8.2899921259842522
0
LINE
8
BLACK
6
CONTINUOUS
10
11.3655157480314966
20
-8.2899921259842522
11
11.3438622047244095
21
-8.2899921259842522
0
LINE
8
BLACK
6
CONTINUOUS
10
11.3438622047244095
20
-8.2899921259842522
11
11.3438622047244095
21
-8.3380236220472437
0
LINE
8
BLACK
6
CONTINUOUS
10
11.3438622047244095
20
-8.3380236220472437
11
11.3437123622047249
21
-8.3387769291338589
0
LINE
8
BLACK
6
CONTINUOUS
10
11.3437123622047249
20
-8.3387769291338589
11
11.3426470078740156
21
-8.3398422834645665
0
LINE
8
BLACK
6
CONTINUOUS
10
11.3426470078740156
20
-8.3398422834645665
11
11.3418937007874021
21
-8.3399921259842511
0
LINE
8
BLACK
6
CONTINUOUS
10
11.3418937007874021
20
-8.3399921259842511
11
11.28677559055118
21
-8.3399921259842511
0
LINE
8
BLACK
6
CONTINUOUS
10
11.28677559055118
20
-8.3399921259842511
11
11.2860222834645665
21
-8.3398422834645665
0
LINE
8
BLACK
6
CONTINUOUS
10
11.2860222834645665
20
-8.3398422834645665
11
11.2849569291338572
21
-8.3387769291338589
0
LINE
8
BLACK
6
CONTINUOUS
10
11.2849569291338572
20
-8.3387769291338589
11
11.2848070866141725
21
-8.3380236220472437
0
LINE
8
BLACK
6
CONTINUOUS
10
11.2848070866141725
20
-8.3380236220472437
11
11.2848070866141725
21
-8.3273937007874022
0
LINE
8
BLACK
6
CONTINUOUS
10
11.2848070866141725
20
-8.3273937007874022
11
11.2631535433070855
21
-8.3273937007874022
0
LINE
8
BLACK
6
CONTINUOUS
10
11.2631535433070855
20
-8.3273937007874022
11
11.262400236220472
21
-8.3272438582677157
0
LINE
8
BLACK
6
CONTINUOUS
10
11.262400236220472
20
-8.3272438582677157
11
11.2613348818897627
21
-8.3261785039370082
0
LINE
8
BLACK
6
CONTINUOUS
10
11.2613348818897627
20
-8.3261785039370082
11
11.2611850393700781
21
-8.325425196850393
0
LINE
8
BLACK
6
CONTINUOUS
10
11.2611850393700781
20
-8.325425196850393
11
11.2611850393700781
21
-8.3057401574803151
0
LINE
8
BLACK
6
CONTINUOUS
10
11.2611850393700781
20
-8.3057401574803151
11
11.2613348818897627
21
-8.3049868503936999
0
LINE
8
BLACK
6
CONTINUOUS
10
11.2613348818897627
20
-8.3049868503936999
11
11.262400236220472
21
-8.3039214960629923
0
LINE
8
BLACK
6
CONTINUOUS
10
11.262400236220472
20
-8.3039214960629923
11
11.2631535433070855
21
-8.3037716535433077
0
LINE
8
BLACK
6
CONTINUOUS
10
11.2631535433070855
20
-8.3037716535433077
11
11.2848070866141725
21
-8.3037716535433077
0
LINE
8
BLACK
6
CONTINUOUS
10
11.2848070866141725
20
-8.3037716535433077
11
11.2848070866141725
21
-8.2525905511811022
0
LINE
8
BLACK
6
CONTINUOUS
10
11.2848070866141725
20
-8.2525905511811022
11
11.2631535433070855
21
-8.2525905511811022
0
LINE
8
BLACK
6
CONTINUOUS
10
11.2631535433070855
20
-8.2525905511811022
11
11.262400236220472
21
-8.2524407086614175
0
LINE
8
BLACK
6
CONTINUOUS
10
11.262400236220472
20
-8.2524407086614175
11
11.2613348818897627
21
-8.2513753543307082
0
LINE
8
BLACK
6
CONTINUOUS
10
11.2613348818897627
20
-8.2513753543307082
11
11.2611850393700781
21
-8.2506220472440948
0
LINE
8
BLACK
6
CONTINUOUS
10
11.2611850393700781
20
-8.2506220472440948
11
11.2611850393700781
21
-8.2309370078740152
0
LINE
8
BLACK
6
CONTINUOUS
10
11.2611850393700781
20
-8.2309370078740152
11
11.2613348818897627
21
-8.2301837007874017
0
LINE
8
BLACK
6
CONTINUOUS
10
11.2613348818897627
20
-8.2301837007874017
11
11.262400236220472
21
-8.2291183464566924
0
LINE
8
BLACK
6
CONTINUOUS
10
11.262400236220472
20
-8.2291183464566924
11
11.2631535433070855
21
-8.2289685039370077
0
LINE
8
BLACK
6
CONTINUOUS
10
11.2631535433070855
20
-8.2289685039370077
11
11.2848070866141725
21
-8.2289685039370077
0
LINE
8
BLACK
6
CONTINUOUS
10
11.2848070866141725
20
-8.2289685039370077
11
11.2848070866141725
21
-8.2191259842519688
0
LINE
8
BLACK
6
CONTINUOUS
10
11.2848070866141725
20
-8.2191259842519688
11
11.2849569291338572
21
-8.2183726771653536
0
LINE
8
BLACK
6
CONTINUOUS
10
11.2849569291338572
20
-8.2183726771653536
11
11.2849569291338572
21
-8.217585275590551
0
LINE
8
BLACK
6
CONTINUOUS
10
11.2849569291338572
20
-8.217585275590551
11
11.2860222834645665
21
-8.2165199212598417
0
LINE
8
BLACK
6
CONTINUOUS
10
11.2860222834645665
20
-8.2165199212598417
11
11.28677559055118
21
-8.216370078740157
0
LINE
8
BLACK
6
CONTINUOUS
10
11.28677559055118
20
-8.216370078740157
11
11.3418937007874021
21
-8.216370078740157
0
LINE
8
BLACK
6
CONTINUOUS
10
11.3418937007874021
20
-8.216370078740157
11
11.3426470078740156
21
-8.2165199212598417
0
LINE
8
BLACK
6
CONTINUOUS
10
11.2887440944881892
20
-8.2203070866141736
11
11.2887440944881892
21
-8.3360551181102363
0
LINE
8
BLACK
6
CONTINUOUS
10
11.2887440944881892
20
-8.3360551181102363
11
11.3399251968503929
21
-8.3360551181102363
0
LINE
8
BLACK
6
CONTINUOUS
10
11.3399251968503929
20
-8.3360551181102363
11
11.3399251968503929
21
-8.2203070866141736
0
LINE
8
BLACK
6
CONTINUOUS
10
11.3399251968503929
20
-8.2203070866141736
11
11.2887440944881892
21
-8.2203070866141736
0
LINE
8
BLACK
6
CONTINUOUS
10
11.2651220472440947
20
-8.3077086614173226
11
11.2651220472440947
21
-8.3234566929133855
0
LINE
8
BLACK
6
CONTINUOUS
10
11.2651220472440947
20
-8.3234566929133855
11
11.2848070866141725
21
-8.3234566929133855
0
LINE
8
BLACK
6
CONTINUOUS
10
11.2848070866141725
20
-8.3234566929133855
11
11.2848070866141725
21
-8.3077086614173226
0
LINE
8
BLACK
6
CONTINUOUS
10
11.2848070866141725
20
-8.3077086614173226
11
11.2651220472440947
21
-8.3077086614173226
0
LINE
8
BLACK
6
CONTINUOUS
10
11.3438622047244095
20
-8.2703070866141726
11
11.3438622047244095
21
-8.2860551181102355
0
LINE
8
BLACK
6
CONTINUOUS
10
11.3438622047244095
20
-8.2860551181102355
11
11.3635472440944874
21
-8.2860551181102355
0
LINE
8
BLACK
6
CONTINUOUS
10
11.3635472440944874
20
-8.2860551181102355
11
11.3635472440944874
21
-8.2703070866141726
0
LINE
8
BLACK
6
CONTINUOUS
10
11.3635472440944874
20
-8.2703070866141726
11
11.3438622047244095
21
-8.2703070866141726
0
LINE
8
BLACK
6
CONTINUOUS
10
11.2651220472440947
20
-8.2329055118110226
11
11.2651220472440947
21
-8.2486535433070856
0
LINE
8
BLACK
6
CONTINUOUS
10
11.2651220472440947
20
-8.2486535433070856
11
11.2848070866141725
21
-8.2486535433070856
0
LINE
8
BLACK
6
CONTINUOUS
10
11.2848070866141725
20
-8.2486535433070856
11
11.2848070866141725
21
-8.2329055118110226
0
LINE
8
BLACK
6
CONTINUOUS
10
11.2848070866141725
20
-8.2329055118110226
11
11.2651220472440947
21
-8.2329055118110226
0
LINE
8
BLACK
6
CONTINUOUS
10
11.0292553937007867
20
-8.3051598031496052
11
11.030070039370079
21
-8.3059744488188976
0
LINE
8
BLACK
6
CONTINUOUS
10
11.030070039370079
20
-8.3059744488188976
11
11.0305109448818897
21
-8.3070388582677168
0
LINE
8
BLACK
6
CONTINUOUS
10
11.0305109448818897
20
-8.3070388582677168
11
11.0305676771653545
21
-8.3076149212598427
0
LINE
8
BLACK
6
CONTINUOUS
10
11.0305676771653545
20
-8.3076149212598427
11
11.0305676771653545
21
-8.3293836220472439
0
LINE
8
BLACK
6
CONTINUOUS
10
11.0305676771653545
20
-8.3293836220472439
11
11.0658218503937
21
-8.314274724409449
0
LINE
8
BLACK
6
CONTINUOUS
10
11.0658218503937
20
-8.314274724409449
11
11.0663736614173231
21
-8.3140999606299211
0
LINE
8
BLACK
6
CONTINUOUS
10
11.0663736614173231
20
-8.3140999606299211
11
11.0675257086614174
21
-8.3140859055118117
0
LINE
8
BLACK
6
CONTINUOUS
10
11.0675257086614174
20
-8.3140859055118117
11
11.0685953937007877
21
-8.3145137795275588
0
LINE
8
BLACK
6
CONTINUOUS
10
11.0685953937007877
20
-8.3145137795275588
11
11.0694199212598416
21
-8.3153184645669285
0
LINE
8
BLACK
6
CONTINUOUS
10
11.0694199212598416
20
-8.3153184645669285
11
11.0698737795275584
21
-8.3163774409448816
0
LINE
8
BLACK
6
CONTINUOUS
10
11.0698737795275584
20
-8.3163774409448816
11
11.0698877952755907
21
-8.3175294488188971
0
LINE
8
BLACK
6
CONTINUOUS
10
11.0698877952755907
20
-8.3175294488188971
11
11.0694599212598419
21
-8.3185991338582674
0
LINE
8
BLACK
6
CONTINUOUS
10
11.0694599212598419
20
-8.3185991338582674
11
11.068655275590551
21
-8.3194237007874019
0
LINE
8
BLACK
6
CONTINUOUS
10
11.068655275590551
20
-8.3194237007874019
11
11.0681481496062997
21
-8.3197027559055119
0
LINE
8
BLACK
6
CONTINUOUS
10
11.0681481496062997
20
-8.3197027559055119
11
11.0287780708661423
21
-8.3365756299212599
0
LINE
8
BLACK
6
CONTINUOUS
10
11.0287780708661423
20
-8.3365756299212599
11
11.0282262204724404
21
-8.3367503937007879
0
LINE
8
BLACK
6
CONTINUOUS
10
11.0282262204724404
20
-8.3367503937007879
11
11.0282079133858257
21
-8.3367505905511816
0
LINE
8
BLACK
6
CONTINUOUS
10
11.0282079133858257
20
-8.3367505905511816
11
11.0281909842519674
21
-8.3367576377952748
0
LINE
8
BLACK
6
CONTINUOUS
10
11.0281909842519674
20
-8.3367576377952748
11
11.0276324803149599
21
-8.3367576377952748
0
LINE
8
BLACK
6
CONTINUOUS
10
11.0276324803149599
20
-8.3367576377952748
11
11.0270742125984249
21
-8.3367644488188972
0
LINE
8
BLACK
6
CONTINUOUS
10
11.0270742125984249
20
-8.3367644488188972
11
11.0270572047244091
21
-8.3367576377952748
0
LINE
8
BLACK
6
CONTINUOUS
10
11.0270572047244091
20
-8.3367576377952748
11
11.0270388582677157
21
-8.3367576377952748
0
LINE
8
BLACK
6
CONTINUOUS
10
11.0270388582677157
20
-8.3367576377952748
11
11.0265235039370069
21
-8.3365441732283454
0
LINE
8
BLACK
6
CONTINUOUS
10
11.0265235039370069
20
-8.3365441732283454
11
11.0260045275590546
21
-8.3363365748031502
0
LINE
8
BLACK
6
CONTINUOUS
10
11.0260045275590546
20
-8.3363365748031502
11
11.0259913779527565
21
-8.3363237401574803
0
LINE
8
BLACK
6
CONTINUOUS
10
11.0259913779527565
20
-8.3363237401574803
11
11.0259744488188982
21
-8.3363167322834641
0
LINE
8
BLACK
6
CONTINUOUS
10
11.0259744488188982
20
-8.3363167322834641
11
11.025579960629921
21
-8.3359222440944887
0
LINE
8
BLACK
6
CONTINUOUS
10
11.025579960629921
20
-8.3359222440944887
11
11.0251799606299219
21
-8.3355318897637787
0
LINE
8
BLACK
6
CONTINUOUS
10
11.0251799606299219
20
-8.3355318897637787
11
11.0251727165354332
21
-8.3355149999999991
0
LINE
8
BLACK
6
CONTINUOUS
10
11.0251727165354332
20
-8.3355149999999991
11
11.0251598031496059
21
-8.3355020866141736
0
LINE
8
BLACK
6
CONTINUOUS
10
11.0251598031496059
20
-8.3355020866141736
11
11.0249461417322827
21
-8.3349862992125985
0
LINE
8
BLACK
6
CONTINUOUS
10
11.0249461417322827
20
-8.3349862992125985
11
11.0247261417322839
21
-8.3344729133858273
0
LINE
8
BLACK
6
CONTINUOUS
10
11.0247261417322839
20
-8.3344729133858273
11
11.0247259055118114
21
-8.3344546062992126
0
LINE
8
BLACK
6
CONTINUOUS
10
11.0247259055118114
20
-8.3344546062992126
11
11.0247188976377952
21
-8.3344376771653543
0
LINE
8
BLACK
6
CONTINUOUS
10
11.0247188976377952
20
-8.3344376771653543
11
11.0246621653543304
21
-8.3338616141732285
0
LINE
8
BLACK
6
CONTINUOUS
10
11.0246621653543304
20
-8.3338616141732285
11
11.0246621653543304
21
-8.3076149212598427
0
LINE
8
BLACK
6
CONTINUOUS
10
11.0246621653543304
20
-8.3076149212598427
11
11.0247188976377952
21
-8.3070388582677168
0
LINE
8
BLACK
6
CONTINUOUS
10
11.0247188976377952
20
-8.3070388582677168
11
11.0251598031496059
21
-8.3059744488188976
0
LINE
8
BLACK
6
CONTINUOUS
10
11.0251598031496059
20
-8.3059744488188976
11
11.0259744488188982
21
-8.3051598031496052
0
LINE
8
BLACK
6
CONTINUOUS
10
11.0259744488188982
20
-8.3051598031496052
11
11.0270388582677157
21
-8.3047188976377946
0
LINE
8
BLACK
6
CONTINUOUS
10
11.0270388582677157
20
-8.3047188976377946
11
11.0281909842519674
21
-8.3047188976377946
0
LINE
8
BLACK
6
CONTINUOUS
10
11.0281909842519674
20
-8.3047188976377946
11
11.0292553937007867
21
-8.3051598031496052
0
LINE
8
BLACK
6
CONTINUOUS
10
10.8055701181102357
20
-8.3211912992125985
11
10.8060175590551175
21
-8.3215585039370072
0
LINE
8
BLACK
6
CONTINUOUS
10
10.8060175590551175
20
-8.3215585039370072
11
10.8078923228346451
21
-8.3234332677165348
0
LINE
8
BLACK
6
CONTINUOUS
10
10.8078923228346451
20
-8.3234332677165348
11
10.8082595275590556
21
-8.3238807086614166
0
LINE
8
BLACK
6
CONTINUOUS
10
10.8082595275590556
20
-8.3238807086614166
11
10.808401102362204
21
-8.32422248031496
0
LINE
8
BLACK
6
CONTINUOUS
10
10.808401102362204
20
-8.32422248031496
11
10.8087004330708663
21
-8.3249451574803146
0
LINE
8
BLACK
6
CONTINUOUS
10
10.8087004330708663
20
-8.3249451574803146
11
10.8087004330708663
21
-8.3260972440944876
0
LINE
8
BLACK
6
CONTINUOUS
10
10.8087004330708663
20
-8.3260972440944876
11
10.8082595275590556
21
-8.3271616535433068
0
LINE
8
BLACK
6
CONTINUOUS
10
10.8082595275590556
20
-8.3271616535433068
11
10.8078923228346451
21
-8.3276090944881886
0
LINE
8
BLACK
6
CONTINUOUS
10
10.8078923228346451
20
-8.3276090944881886
11
10.8060175590551175
21
-8.3294838582677162
0
LINE
8
BLACK
6
CONTINUOUS
10
10.8060175590551175
20
-8.3294838582677162
11
10.8055701181102357
21
-8.329851062992125
0
LINE
8
BLACK
6
CONTINUOUS
10
10.8055701181102357
20
-8.329851062992125
11
10.8045057086614165
21
-8.3302919685039374
0
LINE
8
BLACK
6
CONTINUOUS
10
10.8045057086614165
20
-8.3302919685039374
11
10.8045056692913377
21
-8.3302919685039374
0
LINE
8
BLACK
6
CONTINUOUS
10
10.8045056692913377
20
-8.3302919685039374
11
10.8033536220472435
21
-8.3302919685039374
0
LINE
8
BLACK
6
CONTINUOUS
10
10.8033536220472435
20
-8.3302919685039374
11
10.8033535826771647
21
-8.3302919685039374
0
LINE
8
BLACK
6
CONTINUOUS
10
10.8033535826771647
20
-8.3302919685039374
11
10.8022891732283455
21
-8.329851062992125
0
LINE
8
BLACK
6
CONTINUOUS
10
10.8022891732283455
20
-8.329851062992125
11
10.8018417322834637
21
-8.3294838582677162
0
LINE
8
BLACK
6
CONTINUOUS
10
10.8018417322834637
20
-8.3294838582677162
11
10.7999669685039361
21
-8.3276090944881886
0
LINE
8
BLACK
6
CONTINUOUS
10
10.7999669685039361
20
-8.3276090944881886
11
10.7995997637795274
21
-8.3271616535433068
0
LINE
8
BLACK
6
CONTINUOUS
10
10.7995997637795274
20
-8.3271616535433068
11
10.7991588582677167
21
-8.3260972047244088
0
LINE
8
BLACK
6
CONTINUOUS
10
10.7991588582677167
20
-8.3260972047244088
11
10.7991588582677167
21
-8.3249451574803146
0
LINE
8
BLACK
6
CONTINUOUS
10
10.7991588582677167
20
-8.3249451574803146
11
10.7995997637795274
21
-8.3238807086614166
0
LINE
8
BLACK
6
CONTINUOUS
10
10.7995997637795274
20
-8.3238807086614166
11
10.7999669685039361
21
-8.3234332677165348
0
LINE
8
BLACK
6
CONTINUOUS
10
10.7999669685039361
20
-8.3234332677165348
11
10.8018417322834637
21
-8.3215585039370072
0
LINE
8
BLACK
6
CONTINUOUS
10
10.8018417322834637
20
-8.3215585039370072
11
10.8022891732283455
21
-8.3211912992125985
0
LINE
8
BLACK
6
CONTINUOUS
10
10.8022891732283455
20
-8.3211912992125985
11
10.8033535826771647
21
-8.3207503937007878
0
LINE
8
BLACK
6
CONTINUOUS
10
10.8033535826771647
20
-8.3207503937007878
11
10.8045056692913377
21
-8.3207503937007878
0
LINE
8
BLACK
6
CONTINUOUS
10
10.8045056692913377
20
-8.3207503937007878
11
10.8045057086614165
21
-8.3207503937007878
0
LINE
8
BLACK
6
CONTINUOUS
10
10.8045057086614165
20
-8.3207503937007878
11
10.8055701181102357
21
-8.3211912992125985
0
LINE
8
BLACK
6
CONTINUOUS
10
11.0285486614173234
20
-8.2691931496062985
11
11.0679187401574808
21
-8.2823164960629914
0
LINE
8
BLACK
6
CONTINUOUS
10
11.0679187401574808
20
-8.2823164960629914
11
11.0684472834645664
21
-8.2825524803149602
0
LINE
8
BLACK
6
CONTINUOUS
10
11.0684472834645664
20
-8.2825524803149602
11
11.0686066141732287
21
-8.2826906692913376
0
LINE
8
BLACK
6
CONTINUOUS
10
11.0686066141732287
20
-8.2826906692913376
11
11.0687953543307085
21
-8.2827850393700793
0
LINE
8
BLACK
6
CONTINUOUS
10
11.0687953543307085
20
-8.2827850393700793
11
11.0690380314960635
21
-8.2830648425196856
0
LINE
8
BLACK
6
CONTINUOUS
10
11.0690380314960635
20
-8.2830648425196856
11
11.069317637795276
21
-8.2833073622047237
0
LINE
8
BLACK
6
CONTINUOUS
10
11.069317637795276
20
-8.2833073622047237
11
11.0694119291338584
21
-8.2834959842519691
0
LINE
8
BLACK
6
CONTINUOUS
10
11.0694119291338584
20
-8.2834959842519691
11
11.0695502362204721
21
-8.2836554330708658
0
LINE
8
BLACK
6
CONTINUOUS
10
11.0695502362204721
20
-8.2836554330708658
11
11.0696673228346452
21
-8.2840066929133851
0
LINE
8
BLACK
6
CONTINUOUS
10
11.0696673228346452
20
-8.2840066929133851
11
11.0698328740157486
21
-8.2843377952755901
0
LINE
8
BLACK
6
CONTINUOUS
10
11.0698328740157486
20
-8.2843377952755901
11
11.0698477952755905
21
-8.2845481889763786
0
LINE
8
BLACK
6
CONTINUOUS
10
11.0698477952755905
20
-8.2845481889763786
11
11.0699145669291337
21
-8.2847484251968506
0
LINE
8
BLACK
6
CONTINUOUS
10
11.0699145669291337
20
-8.2847484251968506
11
11.0698883070866145
21
-8.2851177165354333
0
LINE
8
BLACK
6
CONTINUOUS
10
11.0698883070866145
20
-8.2851177165354333
11
11.0699145669291337
21
-8.2854870078740159
0
LINE
8
BLACK
6
CONTINUOUS
10
11.0699145669291337
20
-8.2854870078740159
11
11.0698477952755905
21
-8.2856872047244092
0
LINE
8
BLACK
6
CONTINUOUS
10
11.0698477952755905
20
-8.2856872047244092
11
11.0698328740157486
21
-8.2858976377952747
0
LINE
8
BLACK
6
CONTINUOUS
10
11.0698328740157486
20
-8.2858976377952747
11
11.0696673228346452
21
-8.2862287007874009
0
LINE
8
BLACK
6
CONTINUOUS
10
11.0696673228346452
20
-8.2862287007874009
11
11.0695502362204721
21
-8.2865799999999989
0
LINE
8
BLACK
6
CONTINUOUS
10
11.0695502362204721
20
-8.2865799999999989
11
11.0694119291338584
21
-8.2867394094488187
0
LINE
8
BLACK
6
CONTINUOUS
10
11.0694119291338584
20
-8.2867394094488187
11
11.069317637795276
21
-8.286928070866141
0
LINE
8
BLACK
6
CONTINUOUS
10
11.069317637795276
20
-8.286928070866141
11
11.0690380314960635
21
-8.2871705511811022
0
LINE
8
BLACK
6
CONTINUOUS
10
11.0690380314960635
20
-8.2871705511811022
11
11.0687953543307085
21
-8.2874503937007873
0
LINE
8
BLACK
6
CONTINUOUS
10
11.0687953543307085
20
-8.2874503937007873
11
11.0686066141732287
21
-8.2875447244094484
0
LINE
8
BLACK
6
CONTINUOUS
10
11.0686066141732287
20
-8.2875447244094484
11
11.0684472834645664
21
-8.2876829527559046
0
LINE
8
BLACK
6
CONTINUOUS
10
11.0684472834645664
20
-8.2876829527559046
11
11.0679187401574808
21
-8.2879189370078734
0
LINE
8
BLACK
6
CONTINUOUS
10
11.0679187401574808
20
-8.2879189370078734
11
11.0285486614173234
21
-8.3010422834645663
0
LINE
8
BLACK
6
CONTINUOUS
10
11.0285486614173234
20
-8.3010422834645663
11
11.0279842125984242
21
-8.3011706299212591
0
LINE
8
BLACK
6
CONTINUOUS
10
11.0279842125984242
20
-8.3011706299212591
11
11.0268350000000002
21
-8.301088937007874
0
LINE
8
BLACK
6
CONTINUOUS
10
11.0268350000000002
20
-8.301088937007874
11
11.0258045669291338
21
-8.3005737401574802
0
LINE
8
BLACK
6
CONTINUOUS
10
11.0258045669291338
20
-8.3005737401574802
11
11.0250496850393702
21
-8.2997033858267706
0
LINE
8
BLACK
6
CONTINUOUS
10
11.0250496850393702
20
-8.2997033858267706
11
11.0246853543307086
21
-8.2986103543307088
0
LINE
8
BLACK
6
CONTINUOUS
10
11.0246853543307086
20
-8.2986103543307088
11
11.0247670472440937
21
-8.297461141732283
0
LINE
8
BLACK
6
CONTINUOUS
10
11.0247670472440937
20
-8.297461141732283
11
11.0252822440944875
21
-8.2964307086614166
0
LINE
8
BLACK
6
CONTINUOUS
10
11.0252822440944875
20
-8.2964307086614166
11
11.0261525984251971
21
-8.295675826771653
0
LINE
8
BLACK
6
CONTINUOUS
10
11.0261525984251971
20
-8.295675826771653
11
11.0266811811023615
21
-8.2954398425196842
0
LINE
8
BLACK
6
CONTINUOUS
10
11.0266811811023615
20
-8.2954398425196842
11
11.057647559055118
21
-8.2851177165354333
0
LINE
8
BLACK
6
CONTINUOUS
10
11.057647559055118
20
-8.2851177165354333
11
11.0266811811023615
21
-8.2747955905511805
0
LINE
8
BLACK
6
CONTINUOUS
10
11.0266811811023615
20
-8.2747955905511805
11
11.0261525984251971
21
-8.2745596062992117
0
LINE
8
BLACK
6
CONTINUOUS
10
11.0261525984251971
20
-8.2745596062992117
11
11.0252822440944875
21
-8.2738047244094481
0
LINE
8
BLACK
6
CONTINUOUS
10
11.0252822440944875
20
-8.2738047244094481
11
11.0247670472440937
21
-8.2727742913385818
0
LINE
8
BLACK
6
CONTINUOUS
10
11.0247670472440937
20
-8.2727742913385818
11
11.0246853543307086
21
-8.2716250787401577
0
LINE
8
BLACK
6
CONTINUOUS
10
11.0246853543307086
20
-8.2716250787401577
11
11.0250496850393702
21
-8.2705320472440942
0
LINE
8
BLACK
6
CONTINUOUS
10
11.0250496850393702
20
-8.2705320472440942
11
11.0258045669291338
21
-8.2696616929133864
0
LINE
8
BLACK
6
CONTINUOUS
10
11.0258045669291338
20
-8.2696616929133864
11
11.0268350000000002
21
-8.2691464960629926
0
LINE
8
BLACK
6
CONTINUOUS
10
11.0268350000000002
20
-8.2691464960629926
11
11.0279842125984242
21
-8.2690648031496057
0
LINE
8
BLACK
6
CONTINUOUS
10
11.0279842125984242
20
-8.2690648031496057
11
11.0285486614173234
21
-8.2691931496062985
0
LINE
8
BLACK
6
CONTINUOUS
10
11.1837915748031502
20
-8.26125937007874
11
11.1840507480314955
21
-8.26125937007874
0
LINE
8
BLACK
6
CONTINUOUS
10
11.1840507480314955
20
-8.26125937007874
11
11.1843099212598425
21
-8.261518543307087
0
LINE
8
BLACK
6
CONTINUOUS
10
11.1843099212598425
20
-8.261518543307087
11
11.1846377952755898
21
-8.2616824803149598
0
LINE
8
BLACK
6
CONTINUOUS
10
11.1846377952755898
20
-8.2616824803149598
11
11.1847197637795279
21
-8.2619283858267707
0
LINE
8
BLACK
6
CONTINUOUS
10
11.1847197637795279
20
-8.2619283858267707
11
11.1849030314960629
21
-8.2621116535433075
0
LINE
8
BLACK
6
CONTINUOUS
10
11.1849030314960629
20
-8.2621116535433075
11
11.1850229133858257
21
-8.2627142913385825
0
LINE
8
BLACK
6
CONTINUOUS
10
11.1850229133858257
20
-8.2627142913385825
11
11.1850229133858257
21
-8.2705133070866133
0
LINE
8
BLACK
6
CONTINUOUS
10
11.1850229133858257
20
-8.2705133070866133
11
11.1900098031496054
21
-8.2705133070866133
0
LINE
8
BLACK
6
CONTINUOUS
10
11.1900098031496054
20
-8.2705133070866133
11
11.1906124409448822
21
-8.2706331889763778
0
LINE
8
BLACK
6
CONTINUOUS
10
11.1906124409448822
20
-8.2706331889763778
11
11.1914647244094478
21
-8.2714854724409452
0
LINE
8
BLACK
6
CONTINUOUS
10
11.1914647244094478
20
-8.2714854724409452
11
11.1914647244094478
21
-8.2726907480314953
0
LINE
8
BLACK
6
CONTINUOUS
10
11.1914647244094478
20
-8.2726907480314953
11
11.1906124409448822
21
-8.2735430314960627
0
LINE
8
BLACK
6
CONTINUOUS
10
11.1906124409448822
20
-8.2735430314960627
11
11.1900098031496054
21
-8.2736629133858273
0
LINE
8
BLACK
6
CONTINUOUS
10
11.1900098031496054
20
-8.2736629133858273
11
11.1850229133858257
21
-8.2736629133858273
0
LINE
8
BLACK
6
CONTINUOUS
10
11.1850229133858257
20
-8.2736629133858273
11
11.1850229133858257
21
-8.2749002362204731
0
LINE
8
BLACK
6
CONTINUOUS
10
11.1850229133858257
20
-8.2749002362204731
11
11.1849030314960629
21
-8.2755028740157481
0
LINE
8
BLACK
6
CONTINUOUS
10
11.1849030314960629
20
-8.2755028740157481
11
11.1840507480314955
21
-8.2763551574803156
0
LINE
8
BLACK
6
CONTINUOUS
10
11.1840507480314955
20
-8.2763551574803156
11
11.1828454724409454
21
-8.2763551574803156
0
LINE
8
BLACK
6
CONTINUOUS
10
11.1828454724409454
20
-8.2763551574803156
11
11.181993188976378
21
-8.2755028740157481
0
LINE
8
BLACK
6
CONTINUOUS
10
11.181993188976378
20
-8.2755028740157481
11
11.1818733070866134
21
-8.2749002362204731
0
LINE
8
BLACK
6
CONTINUOUS
10
11.1818733070866134
20
-8.2749002362204731
11
11.1818733070866134
21
-8.2736629133858273
0
LINE
8
BLACK
6
CONTINUOUS
10
11.1818733070866134
20
-8.2736629133858273
11
11.1768864566929125
21
-8.2736629133858273
0
LINE
8
BLACK
6
CONTINUOUS
10
11.1768864566929125
20
-8.2736629133858273
11
11.1762838188976374
21
-8.2735430314960627
0
LINE
8
BLACK
6
CONTINUOUS
10
11.1762838188976374
20
-8.2735430314960627
11
11.17543153543307
21
-8.2726907480314953
0
LINE
8
BLACK
6
CONTINUOUS
10
11.17543153543307
20
-8.2726907480314953
11
11.17543153543307
21
-8.2714854724409452
0
LINE
8
BLACK
6
CONTINUOUS
10
11.17543153543307
20
-8.2714854724409452
11
11.1762838188976374
21
-8.2706331889763778
0
LINE
8
BLACK
6
CONTINUOUS
10
11.1762838188976374
20
-8.2706331889763778
11
11.1768864566929125
21
-8.2705133070866133
0
LINE
8
BLACK
6
CONTINUOUS
10
11.1768864566929125
20
-8.2705133070866133
11
11.1818733070866134
21
-8.2705133070866133
0
LINE
8
BLACK
6
CONTINUOUS
10
11.1818733070866134
20
-8.2705133070866133
11
11.1818733070866134
21
-8.264899173228347
0
LINE
8
BLACK
6
CONTINUOUS
10
11.1818733070866134
20
-8.264899173228347
11
11.1698853937007865
21
-8.2688951574803156
0
LINE
8
BLACK
6
CONTINUOUS
10
11.1698853937007865
20
-8.2688951574803156
11
11.169275787401574
21
-8.2689720078740159
0
LINE
8
BLACK
6
CONTINUOUS
10
11.169275787401574
20
-8.2689720078740159
11
11.1681977165354329
21
-8.2684329921259838
0
LINE
8
BLACK
6
CONTINUOUS
10
11.1681977165354329
20
-8.2684329921259838
11
11.1678165748031493
21
-8.2672895669291329
0
LINE
8
BLACK
6
CONTINUOUS
10
11.1678165748031493
20
-8.2672895669291329
11
11.1683555905511813
21
-8.2662114960629918
0
LINE
8
BLACK
6
CONTINUOUS
10
11.1683555905511813
20
-8.2662114960629918
11
11.168889409448818
21
-8.2659072047244084
0
LINE
8
BLACK
6
CONTINUOUS
10
11.168889409448818
20
-8.2659072047244084
11
11.1829501181102362
21
-8.2612203149606298
0
LINE
8
BLACK
6
CONTINUOUS
10
11.1829501181102362
20
-8.2612203149606298
11
11.1835597637795274
21
-8.2611434645669295
0
LINE
8
BLACK
6
CONTINUOUS
10
11.1835597637795274
20
-8.2611434645669295
11
11.1837915748031502
21
-8.26125937007874
0
LINE
8
BLACK
6
CONTINUOUS
10
11.181762519685039
20
-8.241492047244094
11
11.1819552755905516
21
-8.2415014566929123
0
LINE
8
BLACK
6
CONTINUOUS
10
11.1819552755905516
20
-8.2415014566929123
11
11.1857048031496067
21
-8.2424388188976376
0
LINE
8
BLACK
6
CONTINUOUS
10
11.1857048031496067
20
-8.2424388188976376
11
11.1858607480314962
21
-8.2425124803149608
0
LINE
8
BLACK
6
CONTINUOUS
10
11.1858607480314962
20
-8.2425124803149608
11
11.1860271653543304
21
-8.2425580708661421
0
LINE
8
BLACK
6
CONTINUOUS
10
11.1860271653543304
20
-8.2425580708661421
11
11.1879019291338579
21
-8.2434954724409444
0
LINE
8
BLACK
6
CONTINUOUS
10
11.1879019291338579
20
-8.2434954724409444
11
11.1881012598425187
21
-8.2436501968503944
0
LINE
8
BLACK
6
CONTINUOUS
10
11.1881012598425187
20
-8.2436501968503944
11
11.1883111811023621
21
-8.2437904330708651
0
LINE
8
BLACK
6
CONTINUOUS
10
11.1883111811023621
20
-8.2437904330708651
11
11.1901859842519684
21
-8.2456651968503927
0
LINE
8
BLACK
6
CONTINUOUS
10
11.1901859842519684
20
-8.2456651968503927
11
11.1902298031496059
21
-8.2457307874015751
0
LINE
8
BLACK
6
CONTINUOUS
10
11.1902298031496059
20
-8.2457307874015751
11
11.1902621259842512
21
-8.2457469685039371
0
LINE
8
BLACK
6
CONTINUOUS
10
11.1902621259842512
20
-8.2457469685039371
11
11.1903869685039368
21
-8.2459660236220476
0
LINE
8
BLACK
6
CONTINUOUS
10
11.1903869685039368
20
-8.2459660236220476
11
11.1905273622047243
21
-8.2461761023622042
0
LINE
8
BLACK
6
CONTINUOUS
10
11.1905273622047243
20
-8.2461761023622042
11
11.1905273622047243
21
-8.2462122440944885
0
LINE
8
BLACK
6
CONTINUOUS
10
11.1905273622047243
20
-8.2462122440944885
11
11.1905664173228345
21
-8.2462807874015738
0
LINE
8
BLACK
6
CONTINUOUS
10
11.1905664173228345
20
-8.2462807874015738
11
11.1915038188976368
21
-8.2490929133858266
0
LINE
8
BLACK
6
CONTINUOUS
10
11.1915038188976368
20
-8.2490929133858266
11
11.1915353543307088
21
-8.2493435039370073
0
LINE
8
BLACK
6
CONTINUOUS
10
11.1915353543307088
20
-8.2493435039370073
11
11.1915846062992124
21
-8.2495909055118108
0
LINE
8
BLACK
6
CONTINUOUS
10
11.1915846062992124
20
-8.2495909055118108
11
11.1915846062992124
21
-8.2514656692913384
0
LINE
8
BLACK
6
CONTINUOUS
10
11.1915846062992124
20
-8.2514656692913384
11
11.1915353543307088
21
-8.2517130708661419
0
LINE
8
BLACK
6
CONTINUOUS
10
11.1915353543307088
20
-8.2517130708661419
11
11.1915038188976368
21
-8.2519636220472439
0
LINE
8
BLACK
6
CONTINUOUS
10
11.1915038188976368
20
-8.2519636220472439
11
11.1905664173228345
21
-8.2547758267716542
0
LINE
8
BLACK
6
CONTINUOUS
10
11.1905664173228345
20
-8.2547758267716542
11
11.1905273622047243
21
-8.2548443307086607
0
LINE
8
BLACK
6
CONTINUOUS
10
11.1905273622047243
20
-8.2548443307086607
11
11.1905273622047243
21
-8.2548805118110238
0
LINE
8
BLACK
6
CONTINUOUS
10
11.1905273622047243
20
-8.2548805118110238
11
11.1903868897637793
21
-8.2550906692913379
0
LINE
8
BLACK
6
CONTINUOUS
10
11.1903868897637793
20
-8.2550906692913379
11
11.1902621259842512
21
-8.2553096062992122
0
LINE
8
BLACK
6
CONTINUOUS
10
11.1902621259842512
20
-8.2553096062992122
11
11.1902298425196847
21
-8.2553257086614167
0
LINE
8
BLACK
6
CONTINUOUS
10
11.1902298425196847
20
-8.2553257086614167
11
11.1901859842519684
21
-8.2553914173228353
0
LINE
8
BLACK
6
CONTINUOUS
10
11.1901859842519684
20
-8.2553914173228353
11
11.1892485826771644
21
-8.2563287795275588
0
LINE
8
BLACK
6
CONTINUOUS
10
11.1892485826771644
20
-8.2563287795275588
11
11.1887376771653546
21
-8.256670118110236
0
LINE
8
BLACK
6
CONTINUOUS
10
11.1887376771653546
20
-8.256670118110236
11
11.187532362204724
21
-8.2566700787401572
0
LINE
8
BLACK
6
CONTINUOUS
10
11.187532362204724
20
-8.2566700787401572
11
11.1866801181102353
21
-8.2558178346456685
0
LINE
8
BLACK
6
CONTINUOUS
10
11.1866801181102353
20
-8.2558178346456685
11
11.1866801574803141
21
-8.2546125196850397
0
LINE
8
BLACK
6
CONTINUOUS
10
11.1866801574803141
20
-8.2546125196850397
11
11.1870214960629912
21
-8.2541016141732282
0
LINE
8
BLACK
6
CONTINUOUS
10
11.1870214960629912
20
-8.2541016141732282
11
11.1876960236220473
21
-8.2534271259842527
0
LINE
8
BLACK
6
CONTINUOUS
10
11.1876960236220473
20
-8.2534271259842527
11
11.1884350000000001
21
-8.2512101574803154
0
LINE
8
BLACK
6
CONTINUOUS
10
11.1884350000000001
20
-8.2512101574803154
11
11.1884350000000001
21
-8.2498463779527551
0
LINE
8
BLACK
6
CONTINUOUS
10
11.1884350000000001
20
-8.2498463779527551
11
11.1876960236220473
21
-8.2476294488188966
0
LINE
8
BLACK
6
CONTINUOUS
10
11.1876960236220473
20
-8.2476294488188966
11
11.1862647637795281
21
-8.2461982677165349
0
LINE
8
BLACK
6
CONTINUOUS
10
11.1862647637795281
20
-8.2461982677165349
11
11.1847731889763775
21
-8.2454524803149596
0
LINE
8
BLACK
6
CONTINUOUS
10
11.1847731889763775
20
-8.2454524803149596
11
11.1813794488188982
21
-8.2446040551181099
0
LINE
8
BLACK
6
CONTINUOUS
10
11.1813794488188982
20
-8.2446040551181099
11
11.1789551181102365
21
-8.2446040551181099
0
LINE
8
BLACK
6
CONTINUOUS
10
11.1789551181102365
20
-8.2446040551181099
11
11.1755613385826766
21
-8.2454524803149596
0
LINE
8
BLACK
6
CONTINUOUS
10
11.1755613385826766
20
-8.2454524803149596
11
11.1740697637795279
21
-8.2461982283464561
0
LINE
8
BLACK
6
CONTINUOUS
10
11.1740697637795279
20
-8.2461982283464561
11
11.1726385433070856
21
-8.2476294488188966
0
LINE
8
BLACK
6
CONTINUOUS
10
11.1726385433070856
20
-8.2476294488188966
11
11.1718995669291328
21
-8.2498464173228339
0
LINE
8
BLACK
6
CONTINUOUS
10
11.1718995669291328
20
-8.2498464173228339
11
11.1718995669291328
21
-8.2512101181102366
0
LINE
8
BLACK
6
CONTINUOUS
10
11.1718995669291328
20
-8.2512101181102366
11
11.1726385433070856
21
-8.2534271259842527
0
LINE
8
BLACK
6
CONTINUOUS
10
11.1726385433070856
20
-8.2534271259842527
11
11.1733130708661417
21
-8.2541016535433069
0
LINE
8
BLACK
6
CONTINUOUS
10
11.1733130708661417
20
-8.2541016535433069
11
11.1736544488188976
21
-8.2546125590551185
0
LINE
8
BLACK
6
CONTINUOUS
10
11.1736544488188976
20
-8.2546125590551185
11
11.1736544488188976
21
-8.2558178346456685
0
LINE
8
BLACK
6
CONTINUOUS
10
11.1736544488188976
20
-8.2558178346456685
11
11.1728021653543301
21
-8.256670118110236
0
LINE
8
BLACK
6
CONTINUOUS
10
11.1728021653543301
20
-8.256670118110236
11
11.1715968897637801
21
-8.256670118110236
0
LINE
8
BLACK
6
CONTINUOUS
10
11.1715968897637801
20
-8.256670118110236
11
11.1710859842519685
21
-8.2563287401574801
0
LINE
8
BLACK
6
CONTINUOUS
10
11.1710859842519685
20
-8.2563287401574801
11
11.1701486220472432
21
-8.2553913779527566
0
LINE
8
BLACK
6
CONTINUOUS
10
11.1701486220472432
20
-8.2553913779527566
11
11.1701048031496057
21
-8.2553257874015742
0
LINE
8
BLACK
6
CONTINUOUS
10
11.1701048031496057
20
-8.2553257874015742
11
11.1700724803149605
21
-8.2553096456692909
0
LINE
8
BLACK
6
CONTINUOUS
10
11.1700724803149605
20
-8.2553096456692909
11
11.1699474409448811
21
-8.2550902755905504
0
LINE
8
BLACK
6
CONTINUOUS
10
11.1699474409448811
20
-8.2550902755905504
11
11.1698072440944873
21
-8.254880472440945
0
LINE
8
BLACK
6
CONTINUOUS
10
11.1698072440944873
20
-8.254880472440945
11
11.1698072440944873
21
-8.2548443307086607
0
LINE
8
BLACK
6
CONTINUOUS
10
11.1698072440944873
20
-8.2548443307086607
11
11.1697681889763771
21
-8.2547758267716542
0
LINE
8
BLACK
6
CONTINUOUS
10
11.1697681889763771
20
-8.2547758267716542
11
11.1688307874015749
21
-8.2519636614173226
0
LINE
8
BLACK
6
CONTINUOUS
10
11.1688307874015749
20
-8.2519636614173226
11
11.1687992125984241
21
-8.2517133464566932
0
LINE
8
BLACK
6
CONTINUOUS
10
11.1687992125984241
20
-8.2517133464566932
11
11.1687499606299205
21
-8.2514656692913384
0
LINE
8
BLACK
6
CONTINUOUS
10
11.1687499606299205
20
-8.2514656692913384
11
11.1687499606299205
21
-8.2495909055118108
0
LINE
8
BLACK
6
CONTINUOUS
10
11.1687499606299205
20
-8.2495909055118108
11
11.1687992125984241
21
-8.2493431889763773
0
LINE
8
BLACK
6
CONTINUOUS
10
11.1687992125984241
20
-8.2493431889763773
11
11.1688307874015749
21
-8.2490929133858266
0
LINE
8
BLACK
6
CONTINUOUS
10
11.1688307874015749
20
-8.2490929133858266
11
11.1697681889763771
21
-8.2462807874015738
0
LINE
8
BLACK
6
CONTINUOUS
10
11.1697681889763771
20
-8.2462807874015738
11
11.1698072440944873
21
-8.2462122440944885
0
LINE
8
BLACK
6
CONTINUOUS
10
11.1698072440944873
20
-8.2462122440944885
11
11.1698072440944873
21
-8.246176141732283
0
LINE
8
BLACK
6
CONTINUOUS
10
11.1698072440944873
20
-8.246176141732283
11
11.1699474409448811
21
-8.2459662992125988
0
LINE
8
BLACK
6
CONTINUOUS
10
11.1699474409448811
20
-8.2459662992125988
11
11.1700724803149605
21
-8.2457469685039371
0
LINE
8
BLACK
6
CONTINUOUS
10
11.1700724803149605
20
-8.2457469685039371
11
11.1701048031496057
21
-8.2457307874015751
0
LINE
8
BLACK
6
CONTINUOUS
10
11.1701048031496057
20
-8.2457307874015751
11
11.1701486220472432
21
-8.2456652362204714
0
LINE
8
BLACK
6
CONTINUOUS
10
11.1701486220472432
20
-8.2456652362204714
11
11.172023346456692
21
-8.2437904724409439
0
LINE
8
BLACK
6
CONTINUOUS
10
11.172023346456692
20
-8.2437904724409439
11
11.1722332677165355
21
-8.2436501574803156
0
LINE
8
BLACK
6
CONTINUOUS
10
11.1722332677165355
20
-8.2436501574803156
11
11.172432637795275
21
-8.2434954724409444
0
LINE
8
BLACK
6
CONTINUOUS
10
11.172432637795275
20
-8.2434954724409444
11
11.1743074015748025
21
-8.2425580708661421
0
LINE
8
BLACK
6
CONTINUOUS
10
11.1743074015748025
20
-8.2425580708661421
11
11.1744737795275579
21
-8.2425124803149608
0
LINE
8
BLACK
6
CONTINUOUS
10
11.1744737795275579
20
-8.2425124803149608
11
11.174629763779528
21
-8.2424388188976376
0
LINE
8
BLACK
6
CONTINUOUS
10
11.174629763779528
20
-8.2424388188976376
11
11.1783792913385831
21
-8.2415014566929123
0
LINE
8
BLACK
6
CONTINUOUS
10
11.1783792913385831
20
-8.2415014566929123
11
11.1785720078740152
21
-8.241492047244094
0
LINE
8
BLACK
6
CONTINUOUS
10
11.1785720078740152
20
-8.241492047244094
11
11.17876122047244
21
-8.2414544488188977
0
LINE
8
BLACK
6
CONTINUOUS
10
11.17876122047244
20
-8.2414544488188977
11
11.1815733464566929
21
-8.2414544488188977
0
LINE
8
BLACK
6
CONTINUOUS
10
11.1815733464566929
20
-8.2414544488188977
11
11.181762519685039
21
-8.241492047244094
0
LINE
8
BLACK
6
CONTINUOUS
10
11.2058359842519675
20
-8.217307322834646
11
11.2069013385826768
21
-8.2183726771653536
0
LINE
8
BLACK
6
CONTINUOUS
10
11.2069013385826768
20
-8.2183726771653536
11
11.2070511811023614
21
-8.2191259842519688
0
LINE
8
BLACK
6
CONTINUOUS
10
11.2070511811023614
20
-8.2191259842519688
11
11.2070511811023614
21
-8.2978661417322837
0
LINE
8
BLACK
6
CONTINUOUS
10
11.2070511811023614
20
-8.2978661417322837
11
11.2069013385826768
21
-8.2986194488188971
0
LINE
8
BLACK
6
CONTINUOUS
10
11.2069013385826768
20
-8.2986194488188971
11
11.2058359842519675
21
-8.2996848031496064
0
LINE
8
BLACK
6
CONTINUOUS
10
11.2058359842519675
20
-8.2996848031496064
11
11.205082677165354
21
-8.2998346456692911
0
LINE
8
BLACK
6
CONTINUOUS
10
11.205082677165354
20
-8.2998346456692911
11
11.1558700787401577
21
-8.2998346456692911
0
LINE
8
BLACK
6
CONTINUOUS
10
11.1558700787401577
20
-8.2998346456692911
11
11.1551167716535424
21
-8.2996848031496064
0
LINE
8
BLACK
6
CONTINUOUS
10
11.1551167716535424
20
-8.2996848031496064
11
11.1540514173228349
21
-8.2986194488188971
0
LINE
8
BLACK
6
CONTINUOUS
10
11.1540514173228349
20
-8.2986194488188971
11
11.1539015748031485
21
-8.2978661417322837
0
LINE
8
BLACK
6
CONTINUOUS
10
11.1539015748031485
20
-8.2978661417322837
11
11.1539015748031485
21
-8.2191259842519688
0
LINE
8
BLACK
6
CONTINUOUS
10
11.1539015748031485
20
-8.2191259842519688
11
11.1540514173228349
21
-8.2183726771653536
0
LINE
8
BLACK
6
CONTINUOUS
10
11.1540514173228349
20
-8.2183726771653536
11
11.1551167716535424
21
-8.217307322834646
0
LINE
8
BLACK
6
CONTINUOUS
10
11.1551167716535424
20
-8.217307322834646
11
11.1558700787401577
21
-8.2171574803149596
0
LINE
8
BLACK
6
CONTINUOUS
10
11.1558700787401577
20
-8.2171574803149596
11
11.205082677165354
21
-8.2171574803149596
0
LINE
8
BLACK
6
CONTINUOUS
10
11.205082677165354
20
-8.2171574803149596
11
11.2058359842519675
21
-8.217307322834646
0
LINE
8
BLACK
6
CONTINUOUS
10
11.1578385826771651
20
-8.2210944881889763
11
11.1578385826771651
21
-8.2958976377952762
0
LINE
8
BLACK
6
CONTINUOUS
10
11.1578385826771651
20
-8.2958976377952762
11
11.2031141732283466
21
-8.2958976377952762
0
LINE
8
BLACK
6
CONTINUOUS
10
11.2031141732283466
20
-8.2958976377952762
11
11.2031141732283466
21
-8.2210944881889763
0
LINE
8
BLACK
6
CONTINUOUS
10
11.2031141732283466
20
-8.2210944881889763
11
11.1578385826771651
21
-8.2210944881889763
0
LINE
8
BLACK
6
CONTINUOUS
10
11.1271926377952752
20
-8.26591125984252
11
11.1272906299212604
21
-8.2659518503936997
0
LINE
8
BLACK
6
CONTINUOUS
10
11.1272906299212604
20
-8.2659518503936997
11
11.1273964566929138
21
-8.2659593700787397
0
LINE
8
BLACK
6
CONTINUOUS
10
11.1273964566929138
20
-8.2659593700787397
11
11.1279370866141729
21
-8.2661662598425192
0
LINE
8
BLACK
6
CONTINUOUS
10
11.1279370866141729
20
-8.2661662598425192
11
11.1316866535433068
21
-8.2680410236220467
0
LINE
8
BLACK
6
CONTINUOUS
10
11.1316866535433068
20
-8.2680410236220467
11
11.1317829527559056
21
-8.2681016535433063
0
LINE
8
BLACK
6
CONTINUOUS
10
11.1317829527559056
20
-8.2681016535433063
11
11.1318284251968507
21
-8.2681168110236225
0
LINE
8
BLACK
6
CONTINUOUS
10
11.1318284251968507
20
-8.2681168110236225
11
11.1318850000000005
21
-8.2681658661417323
0
LINE
8
BLACK
6
CONTINUOUS
10
11.1318850000000005
20
-8.2681658661417323
11
11.1321764960629928
21
-8.2683493700787398
0
LINE
8
BLACK
6
CONTINUOUS
10
11.1321764960629928
20
-8.2683493700787398
11
11.1324189763779522
21
-8.2686289763779524
0
LINE
8
BLACK
6
CONTINUOUS
10
11.1324189763779522
20
-8.2686289763779524
11
11.1326988188976372
21
-8.2688716535433073
0
LINE
8
BLACK
6
CONTINUOUS
10
11.1326988188976372
20
-8.2688716535433073
11
11.1328823228346447
21
-8.2691631889763784
0
LINE
8
BLACK
6
CONTINUOUS
10
11.1328823228346447
20
-8.2691631889763784
11
11.1329313779527563
21
-8.2692197637795282
0
LINE
8
BLACK
6
CONTINUOUS
10
11.1329313779527563
20
-8.2692197637795282
11
11.132946496062992
21
-8.269265157480314
0
LINE
8
BLACK
6
CONTINUOUS
10
11.132946496062992
20
-8.269265157480314
11
11.1330071653543303
21
-8.2693615354330703
0
LINE
8
BLACK
6
CONTINUOUS
10
11.1330071653543303
20
-8.2693615354330703
11
11.1348819291338579
21
-8.2731110629921254
0
LINE
8
BLACK
6
CONTINUOUS
10
11.1348819291338579
20
-8.2731110629921254
11
11.1350888188976374
21
-8.2736516535433076
0
LINE
8
BLACK
6
CONTINUOUS
10
11.1350888188976374
20
-8.2736516535433076
11
11.1350963385826773
21
-8.2737575196850397
0
LINE
8
BLACK
6
CONTINUOUS
10
11.1350963385826773
20
-8.2737575196850397
11
11.1351369291338589
21
-8.2738555118110231
0
LINE
8
BLACK
6
CONTINUOUS
10
11.1351369291338589
20
-8.2738555118110231
11
11.1351936614173219
21
-8.2744315748031489
0
LINE
8
BLACK
6
CONTINUOUS
10
11.1351936614173219
20
-8.2744315748031489
11
11.1351936614173219
21
-8.2800558661417316
0
LINE
8
BLACK
6
CONTINUOUS
10
11.1351936614173219
20
-8.2800558661417316
11
11.1351369291338589
21
-8.2806319291338575
0
LINE
8
BLACK
6
CONTINUOUS
10
11.1351369291338589
20
-8.2806319291338575
11
11.1350963385826773
21
-8.2807298818897639
0
LINE
8
BLACK
6
CONTINUOUS
10
11.1350963385826773
20
-8.2807298818897639
11
11.1350888188976374
21
-8.2808357874015748
0
LINE
8
BLACK
6
CONTINUOUS
10
11.1350888188976374
20
-8.2808357874015748
11
11.1348819291338579
21
-8.2813763779527552
0
LINE
8
BLACK
6
CONTINUOUS
10
11.1348819291338579
20
-8.2813763779527552
11
11.1339321653543308
21
-8.2832758267716535
0
LINE
8
BLACK
6
CONTINUOUS
10
11.1339321653543308
20
-8.2832758267716535
11
11.1346960236220465
21
-8.2840396850393692
0
LINE
8
BLACK
6
CONTINUOUS
10
11.1346960236220465
20
-8.2840396850393692
11
11.1351369291338589
21
-8.2851040944881884
0
LINE
8
BLACK
6
CONTINUOUS
10
11.1351369291338589
20
-8.2851040944881884
11
11.1351369291338589
21
-8.2862562204724401
0
LINE
8
BLACK
6
CONTINUOUS
10
11.1351369291338589
20
-8.2862562204724401
11
11.1346960236220465
21
-8.2873206299212594
0
LINE
8
BLACK
6
CONTINUOUS
10
11.1346960236220465
20
-8.2873206299212594
11
11.1338813779527559
21
-8.2881352755905517
0
LINE
8
BLACK
6
CONTINUOUS
10
11.1338813779527559
20
-8.2881352755905517
11
11.1328169685039366
21
-8.2885761811023624
0
LINE
8
BLACK
6
CONTINUOUS
10
11.1328169685039366
20
-8.2885761811023624
11
11.1322409055118108
21
-8.2886329133858272
0
LINE
8
BLACK
6
CONTINUOUS
10
11.1322409055118108
20
-8.2886329133858272
11
11.1059941732283463
21
-8.2886329133858272
0
LINE
8
BLACK
6
CONTINUOUS
10
11.1059941732283463
20
-8.2886329133858272
11
11.1054181102362204
21
-8.2885761811023624
0
LINE
8
BLACK
6
CONTINUOUS
10
11.1054181102362204
20
-8.2885761811023624
11
11.1043537007874011
21
-8.2881352755905517
0
LINE
8
BLACK
6
CONTINUOUS
10
11.1043537007874011
20
-8.2881352755905517
11
11.1035390551181106
21
-8.2873206299212594
0
LINE
8
BLACK
6
CONTINUOUS
10
11.1035390551181106
20
-8.2873206299212594
11
11.1030981496062982
21
-8.2862562204724401
0
LINE
8
BLACK
6
CONTINUOUS
10
11.1030981496062982
20
-8.2862562204724401
11
11.1030981496062982
21
-8.2851040944881884
0
LINE
8
BLACK
6
CONTINUOUS
10
11.1030981496062982
20
-8.2851040944881884
11
11.1035390551181106
21
-8.2840396850393692
0
LINE
8
BLACK
6
CONTINUOUS
10
11.1035390551181106
20
-8.2840396850393692
11
11.1043537007874011
21
-8.2832250393700786
0
LINE
8
BLACK
6
CONTINUOUS
10
11.1043537007874011
20
-8.2832250393700786
11
11.1054181102362204
21
-8.2827841338582679
0
LINE
8
BLACK
6
CONTINUOUS
10
11.1054181102362204
20
-8.2827841338582679
11
11.1059941732283463
21
-8.2827274015748031
0
LINE
8
BLACK
6
CONTINUOUS
10
11.1059941732283463
20
-8.2827274015748031
11
11.127268267716536
21
-8.2827274015748031
0
LINE
8
BLACK
6
CONTINUOUS
10
11.127268267716536
20
-8.2827274015748031
11
11.1279394094488193
21
-8.2820562598425198
0
LINE
8
BLACK
6
CONTINUOUS
10
11.1279394094488193
20
-8.2820562598425198
11
11.1292881496062996
21
-8.2793588188976379
0
LINE
8
BLACK
6
CONTINUOUS
10
11.1292881496062996
20
-8.2793588188976379
11
11.1292881496062996
21
-8.2751286220472444
0
LINE
8
BLACK
6
CONTINUOUS
10
11.1292881496062996
20
-8.2751286220472444
11
11.1281652755905505
21
-8.2728828740157478
0
LINE
8
BLACK
6
CONTINUOUS
10
11.1281652755905505
20
-8.2728828740157478
11
11.1259195275590557
21
-8.2717600393700792
0
LINE
8
BLACK
6
CONTINUOUS
10
11.1259195275590557
20
-8.2717600393700792
11
11.1059941732283463
21
-8.2717600393700792
0
LINE
8
BLACK
6
CONTINUOUS
10
11.1059941732283463
20
-8.2717600393700792
11
11.1054181102362204
21
-8.2717033070866144
0
LINE
8
BLACK
6
CONTINUOUS
10
11.1054181102362204
20
-8.2717033070866144
11
11.1043537007874011
21
-8.2712624015748037
0
LINE
8
BLACK
6
CONTINUOUS
10
11.1043537007874011
20
-8.2712624015748037
11
11.1035390551181106
21
-8.2704477559055114
0
LINE
8
BLACK
6
CONTINUOUS
10
11.1035390551181106
20
-8.2704477559055114
11
11.1030981496062982
21
-8.2693833464566922
0
LINE
8
BLACK
6
CONTINUOUS
10
11.1030981496062982
20
-8.2693833464566922
11
11.1030981496062982
21
-8.2682312204724404
0
LINE
8
BLACK
6
CONTINUOUS
10
11.1030981496062982
20
-8.2682312204724404
11
11.1035390551181106
21
-8.2671668110236212
0
LINE
8
BLACK
6
CONTINUOUS
10
11.1035390551181106
20
-8.2671668110236212
11
11.1043537007874011
21
-8.2663521653543306
0
LINE
8
BLACK
6
CONTINUOUS
10
11.1043537007874011
20
-8.2663521653543306
11
11.1054181102362204
21
-8.26591125984252
0
LINE
8
BLACK
6
CONTINUOUS
10
11.1054181102362204
20
-8.26591125984252
11
11.1059941732283463
21
-8.2658545275590551
0
LINE
8
BLACK
6
CONTINUOUS
10
11.1059941732283463
20
-8.2658545275590551
11
11.1266165748031494
21
-8.2658545275590551
0
LINE
8
BLACK
6
CONTINUOUS
10
11.1266165748031494
20
-8.2658545275590551
11
11.1271926377952752
21
-8.26591125984252
0
LINE
8
BLACK
6
CONTINUOUS
10
11.0675610629921266
20
-8.2428516141732278
11
11.0686254724409441
21
-8.2432925196850384
0
LINE
8
BLACK
6
CONTINUOUS
10
11.0686254724409441
20
-8.2432925196850384
11
11.0694401181102364
21
-8.2441071653543307
0
LINE
8
BLACK
6
CONTINUOUS
10
11.0694401181102364
20
-8.2441071653543307
11
11.0698810236220471
21
-8.24517157480315
0
LINE
8
BLACK
6
CONTINUOUS
10
11.0698810236220471
20
-8.24517157480315
11
11.0699377559055119
21
-8.2457476377952759
0
LINE
8
BLACK
6
CONTINUOUS
10
11.0699377559055119
20
-8.2457476377952759
11
11.0699377559055119
21
-8.2644952755905514
0
LINE
8
BLACK
6
CONTINUOUS
10
11.0699377559055119
20
-8.2644952755905514
11
11.0698810236220471
21
-8.2650713385826773
0
LINE
8
BLACK
6
CONTINUOUS
10
11.0698810236220471
20
-8.2650713385826773
11
11.0694401181102364
21
-8.2661357480314965
0
LINE
8
BLACK
6
CONTINUOUS
10
11.0694401181102364
20
-8.2661357480314965
11
11.0686254724409441
21
-8.2669503937007871
0
LINE
8
BLACK
6
CONTINUOUS
10
11.0686254724409441
20
-8.2669503937007871
11
11.0675610629921266
21
-8.2673912992125977
0
LINE
8
BLACK
6
CONTINUOUS
10
11.0675610629921266
20
-8.2673912992125977
11
11.0664089370078731
21
-8.2673912992125977
0
LINE
8
BLACK
6
CONTINUOUS
10
11.0664089370078731
20
-8.2673912992125977
11
11.0653445275590556
21
-8.2669503937007871
0
LINE
8
BLACK
6
CONTINUOUS
10
11.0653445275590556
20
-8.2669503937007871
11
11.0645298818897633
21
-8.2661357480314965
0
LINE
8
BLACK
6
CONTINUOUS
10
11.0645298818897633
20
-8.2661357480314965
11
11.0640889763779526
21
-8.2650713385826773
0
LINE
8
BLACK
6
CONTINUOUS
10
11.0640889763779526
20
-8.2650713385826773
11
11.0640322440944878
21
-8.2644952755905514
0
LINE
8
BLACK
6
CONTINUOUS
10
11.0640322440944878
20
-8.2644952755905514
11
11.0640322440944878
21
-8.248700393700787
0
LINE
8
BLACK
6
CONTINUOUS
10
11.0640322440944878
20
-8.248700393700787
11
11.0276149212598416
21
-8.248700393700787
0
LINE
8
BLACK
6
CONTINUOUS
10
11.0276149212598416
20
-8.248700393700787
11
11.0270388582677157
21
-8.2486436614173222
0
LINE
8
BLACK
6
CONTINUOUS
10
11.0270388582677157
20
-8.2486436614173222
11
11.0259744488188982
21
-8.2482027559055116
0
LINE
8
BLACK
6
CONTINUOUS
10
11.0259744488188982
20
-8.2482027559055116
11
11.0251598031496059
21
-8.247388110236221
0
LINE
8
BLACK
6
CONTINUOUS
10
11.0251598031496059
20
-8.247388110236221
11
11.0247188976377952
21
-8.2463237007874017
0
LINE
8
BLACK
6
CONTINUOUS
10
11.0247188976377952
20
-8.2463237007874017
11
11.0247188976377952
21
-8.24517157480315
0
LINE
8
BLACK
6
CONTINUOUS
10
11.0247188976377952
20
-8.24517157480315
11
11.0251598031496059
21
-8.2441071653543307
0
LINE
8
BLACK
6
CONTINUOUS
10
11.0251598031496059
20
-8.2441071653543307
11
11.0259744488188982
21
-8.2432925196850384
0
LINE
8
BLACK
6
CONTINUOUS
10
11.0259744488188982
20
-8.2432925196850384
11
11.0270388582677157
21
-8.2428516141732278
0
LINE
8
BLACK
6
CONTINUOUS
10
11.0270388582677157
20
-8.2428516141732278
11
11.0276149212598416
21
-8.2427948818897629
0
LINE
8
BLACK
6
CONTINUOUS
10
11.0276149212598416
20
-8.2427948818897629
11
11.066984999999999
21
-8.2427948818897629
0
LINE
8
BLACK
6
CONTINUOUS
10
11.066984999999999
20
-8.2427948818897629
11
11.0675610629921266
21
-8.2428516141732278
0
LINE
8
BLACK
6
CONTINUOUS
10
11.1048992913385831
20
-8.2265892913385823
11
11.1059298031496052
21
-8.2271045669291336
0
LINE
8
BLACK
6
CONTINUOUS
10
11.1059298031496052
20
-8.2271045669291336
11
11.1066846456692918
21
-8.2279749212598432
0
LINE
8
BLACK
6
CONTINUOUS
10
11.1066846456692918
20
-8.2279749212598432
11
11.1070489763779516
21
-8.2290679133858262
0
LINE
8
BLACK
6
CONTINUOUS
10
11.1070489763779516
20
-8.2290679133858262
11
11.1069673228346453
21
-8.230217125984252
0
LINE
8
BLACK
6
CONTINUOUS
10
11.1069673228346453
20
-8.230217125984252
11
11.1067604330708658
21
-8.2307577165354324
0
LINE
8
BLACK
6
CONTINUOUS
10
11.1067604330708658
20
-8.2307577165354324
11
11.1048856692913382
21
-8.2345072440944875
0
LINE
8
BLACK
6
CONTINUOUS
10
11.1048856692913382
20
-8.2345072440944875
11
11.1047296456692912
21
-8.2347550393700786
0
LINE
8
BLACK
6
CONTINUOUS
10
11.1047296456692912
20
-8.2347550393700786
11
11.1046998031496056
21
-8.2348272047244091
0
LINE
8
BLACK
6
CONTINUOUS
10
11.1046998031496056
20
-8.2348272047244091
11
11.1046331889763774
21
-8.2349083464566935
0
LINE
8
BLACK
6
CONTINUOUS
10
11.1046331889763774
20
-8.2349083464566935
11
11.1045773228346452
21
-8.2349971259842523
0
LINE
8
BLACK
6
CONTINUOUS
10
11.1045773228346452
20
-8.2349971259842523
11
11.104518385826772
21
-8.2350482283464572
0
LINE
8
BLACK
6
CONTINUOUS
10
11.104518385826772
20
-8.2350482283464572
11
11.1043325590551181
21
-8.2352746456692909
0
LINE
8
BLACK
6
CONTINUOUS
10
11.1043325590551181
20
-8.2352746456692909
11
11.1018741732283459
21
-8.2377330314960631
0
LINE
8
BLACK
6
CONTINUOUS
10
11.1018741732283459
20
-8.2377330314960631
11
11.1292881496062996
21
-8.2377330314960631
0
LINE
8
BLACK
6
CONTINUOUS
10
11.1292881496062996
20
-8.2377330314960631
11
11.1292881496062996
21
-8.2294372047244089
0
LINE
8
BLACK
6
CONTINUOUS
10
11.1292881496062996
20
-8.2294372047244089
11
11.1293448818897627
21
-8.228861141732283
0
LINE
8
BLACK
6
CONTINUOUS
10
11.1293448818897627
20
-8.228861141732283
11
11.1297857874015751
21
-8.2277967322834638
0
LINE
8
BLACK
6
CONTINUOUS
10
11.1297857874015751
20
-8.2277967322834638
11
11.1306004330708657
21
-8.2269820866141732
0
LINE
8
BLACK
6
CONTINUOUS
10
11.1306004330708657
20
-8.2269820866141732
11
11.1316648425196849
21
-8.2265411811023625
0
LINE
8
BLACK
6
CONTINUOUS
10
11.1316648425196849
20
-8.2265411811023625
11
11.1328169685039366
21
-8.2265411811023625
0
LINE
8
BLACK
6
CONTINUOUS
10
11.1328169685039366
20
-8.2265411811023625
11
11.1338813779527559
21
-8.2269820866141732
0
LINE
8
BLACK
6
CONTINUOUS
10
11.1338813779527559
20
-8.2269820866141732
11
11.1346960236220465
21
-8.2277967322834638
0
LINE
8
BLACK
6
CONTINUOUS
10
11.1346960236220465
20
-8.2277967322834638
11
11.1351369291338589
21
-8.228861141732283
0
LINE
8
BLACK
6
CONTINUOUS
10
11.1351369291338589
20
-8.228861141732283
11
11.1351936614173219
21
-8.2294372047244089
0
LINE
8
BLACK
6
CONTINUOUS
10
11.1351936614173219
20
-8.2294372047244089
11
11.1351936614173219
21
-8.2519343700787395
0
LINE
8
BLACK
6
CONTINUOUS
10
11.1351936614173219
20
-8.2519343700787395
11
11.1351369291338589
21
-8.2525104330708654
0
LINE
8
BLACK
6
CONTINUOUS
10
11.1351369291338589
20
-8.2525104330708654
11
11.1346960236220465
21
-8.2535748425196847
0
LINE
8
BLACK
6
CONTINUOUS
10
11.1346960236220465
20
-8.2535748425196847
11
11.1338813779527559
21
-8.254389488188977
0
LINE
8
BLACK
6
CONTINUOUS
10
11.1338813779527559
20
-8.254389488188977
11
11.1328169685039366
21
-8.2548303937007876
0
LINE
8
BLACK
6
CONTINUOUS
10
11.1328169685039366
20
-8.2548303937007876
11
11.1316648425196849
21
-8.2548303937007876
0
LINE
8
BLACK
6
CONTINUOUS
10
11.1316648425196849
20
-8.2548303937007876
11
11.1306004330708657
21
-8.254389488188977
0
LINE
8
BLACK
6
CONTINUOUS
10
11.1306004330708657
20
-8.254389488188977
11
11.1297857874015751
21
-8.2535748425196847
0
LINE
8
BLACK
6
CONTINUOUS
10
11.1297857874015751
20
-8.2535748425196847
11
11.1293448818897627
21
-8.2525104330708654
0
LINE
8
BLACK
6
CONTINUOUS
10
11.1293448818897627
20
-8.2525104330708654
11
11.1292881496062996
21
-8.2519343700787395
0
LINE
8
BLACK
6
CONTINUOUS
10
11.1292881496062996
20
-8.2519343700787395
11
11.1292881496062996
21
-8.2436385433070871
0
LINE
8
BLACK
6
CONTINUOUS
10
11.1292881496062996
20
-8.2436385433070871
11
11.0928708267716534
21
-8.2436385433070871
0
LINE
8
BLACK
6
CONTINUOUS
10
11.0928708267716534
20
-8.2436385433070871
11
11.0928687401574795
21
-8.2436383070866146
0
LINE
8
BLACK
6
CONTINUOUS
10
11.0928687401574795
20
-8.2436383070866146
11
11.0928677165354337
21
-8.2436385433070871
0
LINE
8
BLACK
6
CONTINUOUS
10
11.0928677165354337
20
-8.2436385433070871
11
11.0928646850393697
21
-8.2436379133858271
0
LINE
8
BLACK
6
CONTINUOUS
10
11.0928646850393697
20
-8.2436379133858271
11
11.0922947637795275
21
-8.2435818110236223
0
LINE
8
BLACK
6
CONTINUOUS
10
11.0922947637795275
20
-8.2435818110236223
11
11.0920246456692908
21
-8.2434699212598428
0
LINE
8
BLACK
6
CONTINUOUS
10
11.0920246456692908
20
-8.2434699212598428
11
11.0917380314960621
21
-8.2434125984251967
0
LINE
8
BLACK
6
CONTINUOUS
10
11.0917380314960621
20
-8.2434125984251967
11
11.0914976377952748
21
-8.2432516141732286
0
LINE
8
BLACK
6
CONTINUOUS
10
11.0914976377952748
20
-8.2432516141732286
11
11.0912303543307083
21
-8.2431409055118117
0
LINE
8
BLACK
6
CONTINUOUS
10
11.0912303543307083
20
-8.2431409055118117
11
11.0910236220472438
21
-8.2429341732283454
0
LINE
8
BLACK
6
CONTINUOUS
10
11.0910236220472438
20
-8.2429341732283454
11
11.0907807480314951
21
-8.2427715354330715
0
LINE
8
BLACK
6
CONTINUOUS
10
11.0907807480314951
20
-8.2427715354330715
11
11.090620236220472
21
-8.2425307874015754
0
LINE
8
BLACK
6
CONTINUOUS
10
11.090620236220472
20
-8.2425307874015754
11
11.0904157086614177
21
-8.2423262598425193
0
LINE
8
BLACK
6
CONTINUOUS
10
11.0904157086614177
20
-8.2423262598425193
11
11.0903038188976382
21
-8.2420561417322826
0
LINE
8
BLACK
6
CONTINUOUS
10
11.0903038188976382
20
-8.2420561417322826
11
11.0901416535433075
21
-8.2418129133858269
0
LINE
8
BLACK
6
CONTINUOUS
10
11.0901416535433075
20
-8.2418129133858269
11
11.090085511811024
21
-8.2415290944881896
0
LINE
8
BLACK
6
CONTINUOUS
10
11.090085511811024
20
-8.2415290944881896
11
11.0899748031496053
21
-8.2412618503937001
0
LINE
8
BLACK
6
CONTINUOUS
10
11.0899748031496053
20
-8.2412618503937001
11
11.0899748031496053
21
-8.2409694488188983
0
LINE
8
BLACK
6
CONTINUOUS
10
11.0899748031496053
20
-8.2409694488188983
11
11.0899180708661422
21
-8.2406826771653545
0
LINE
8
BLACK
6
CONTINUOUS
10
11.0899180708661422
20
-8.2406826771653545
11
11.0899748031496053
21
-8.2403990157480305
0
LINE
8
BLACK
6
CONTINUOUS
10
11.0899748031496053
20
-8.2403990157480305
11
11.0899748031496053
21
-8.2401097244094483
0
LINE
8
BLACK
6
CONTINUOUS
10
11.0899748031496053
20
-8.2401097244094483
11
11.090086653543306
21
-8.2398396062992116
0
LINE
8
BLACK
6
CONTINUOUS
10
11.090086653543306
20
-8.2398396062992116
11
11.0901440157480309
21
-8.2395529921259847
0
LINE
8
BLACK
6
CONTINUOUS
10
11.0901440157480309
20
-8.2395529921259847
11
11.0903049606299202
21
-8.2393125984251974
0
LINE
8
BLACK
6
CONTINUOUS
10
11.0903049606299202
20
-8.2393125984251974
11
11.0904157086614177
21
-8.2390453149606291
0
LINE
8
BLACK
6
CONTINUOUS
10
11.0904157086614177
20
-8.2390453149606291
11
11.0906224015748034
21
-8.2388385826771646
0
LINE
8
BLACK
6
CONTINUOUS
10
11.0906224015748034
20
-8.2388385826771646
11
11.0907850787401578
21
-8.2385957086614177
0
LINE
8
BLACK
6
CONTINUOUS
10
11.0907850787401578
20
-8.2385957086614177
11
11.0912283070866131
21
-8.2382326771653549
0
LINE
8
BLACK
6
CONTINUOUS
10
11.0912283070866131
20
-8.2382326771653549
11
11.0912303543307083
21
-8.2382306692913385
0
LINE
8
BLACK
6
CONTINUOUS
10
11.0912303543307083
20
-8.2382306692913385
11
11.0912312204724408
21
-8.238230275590551
0
LINE
8
BLACK
6
CONTINUOUS
10
11.0912312204724408
20
-8.238230275590551
11
11.0912329133858272
21
-8.2382289370078734
0
LINE
8
BLACK
6
CONTINUOUS
10
11.0912329133858272
20
-8.2382289370078734
11
11.0966139370078736
21
-8.234641574803149
0
LINE
8
BLACK
6
CONTINUOUS
10
11.0966139370078736
20
-8.234641574803149
11
11.0998179133858272
21
-8.2314376377952758
0
LINE
8
BLACK
6
CONTINUOUS
10
11.0998179133858272
20
-8.2314376377952758
11
11.1014783858267716
21
-8.2281166929133853
0
LINE
8
BLACK
6
CONTINUOUS
10
11.1014783858267716
20
-8.2281166929133853
11
11.1017867322834647
21
-8.2276268110236224
0
LINE
8
BLACK
6
CONTINUOUS
10
11.1017867322834647
20
-8.2276268110236224
11
11.1026571259842513
21
-8.2268719685039375
0
LINE
8
BLACK
6
CONTINUOUS
10
11.1026571259842513
20
-8.2268719685039375
11
11.1037500787401573
21
-8.2265076377952759
0
LINE
8
BLACK
6
CONTINUOUS
10
11.1037500787401573
20
-8.2265076377952759
11
11.1048992913385831
21
-8.2265892913385823
0
LINE
8
BLACK
6
CONTINUOUS
10
11.0292553937007867
20
-8.2076719685039361
11
11.030070039370079
21
-8.2084866141732284
0
LINE
8
BLACK
6
CONTINUOUS
10
11.030070039370079
20
-8.2084866141732284
11
11.0305109448818897
21
-8.2095510236220477
0
LINE
8
BLACK
6
CONTINUOUS
10
11.0305109448818897
20
-8.2095510236220477
11
11.0305676771653545
21
-8.2101270866141736
0
LINE
8
BLACK
6
CONTINUOUS
10
11.0305676771653545
20
-8.2101270866141736
11
11.0305676771653545
21
-8.218422913385826
0
LINE
8
BLACK
6
CONTINUOUS
10
11.0305676771653545
20
-8.218422913385826
11
11.066984999999999
21
-8.218422913385826
0
LINE
8
BLACK
6
CONTINUOUS
10
11.066984999999999
20
-8.218422913385826
11
11.0675610629921266
21
-8.2184796456692908
0
LINE
8
BLACK
6
CONTINUOUS
10
11.0675610629921266
20
-8.2184796456692908
11
11.0686254724409441
21
-8.2189205511811014
0
LINE
8
BLACK
6
CONTINUOUS
10
11.0686254724409441
20
-8.2189205511811014
11
11.0694401181102364
21
-8.2197351968503938
0
LINE
8
BLACK
6
CONTINUOUS
10
11.0694401181102364
20
-8.2197351968503938
11
11.0698810236220471
21
-8.220799606299213
0
LINE
8
BLACK
6
CONTINUOUS
10
11.0698810236220471
20
-8.220799606299213
11
11.0698810236220471
21
-8.2219517322834648
0
LINE
8
BLACK
6
CONTINUOUS
10
11.0698810236220471
20
-8.2219517322834648
11
11.0694401181102364
21
-8.223016141732284
0
LINE
8
BLACK
6
CONTINUOUS
10
11.0694401181102364
20
-8.223016141732284
11
11.0686254724409441
21
-8.2238307874015746
0
LINE
8
BLACK
6
CONTINUOUS
10
11.0686254724409441
20
-8.2238307874015746
11
11.0675610629921266
21
-8.2242716929133852
0
LINE
8
BLACK
6
CONTINUOUS
10
11.0675610629921266
20
-8.2242716929133852
11
11.066984999999999
21
-8.22432842519685
0
LINE
8
BLACK
6
CONTINUOUS
10
11.066984999999999
20
-8.22432842519685
11
11.0305676771653545
21
-8.22432842519685
0
LINE
8
BLACK
6
CONTINUOUS
10
11.0305676771653545
20
-8.22432842519685
11
11.0305676771653545
21
-8.2326242519685042
0
LINE
8
BLACK
6
CONTINUOUS
10
11.0305676771653545
20
-8.2326242519685042
11
11.0305109448818897
21
-8.2332003149606301
0
LINE
8
BLACK
6
CONTINUOUS
10
11.0305109448818897
20
-8.2332003149606301
11
11.030070039370079
21
-8.2342647244094493
0
LINE
8
BLACK
6
CONTINUOUS
10
11.030070039370079
20
-8.2342647244094493
11
11.0292553937007867
21
-8.2350793700787399
0
LINE
8
BLACK
6
CONTINUOUS
10
11.0292553937007867
20
-8.2350793700787399
11
11.0281909842519674
21
-8.2355202755905506
0
LINE
8
BLACK
6
CONTINUOUS
10
11.0281909842519674
20
-8.2355202755905506
11
11.0270388582677157
21
-8.2355202755905506
0
LINE
8
BLACK
6
CONTINUOUS
10
11.0270388582677157
20
-8.2355202755905506
11
11.0259744488188982
21
-8.2350793700787399
0
LINE
8
BLACK
6
CONTINUOUS
10
11.0259744488188982
20
-8.2350793700787399
11
11.0251598031496059
21
-8.2342647244094493
0
LINE
8
BLACK
6
CONTINUOUS
10
11.0251598031496059
20
-8.2342647244094493
11
11.0247188976377952
21
-8.2332003149606301
0
LINE
8
BLACK
6
CONTINUOUS
10
11.0247188976377952
20
-8.2332003149606301
11
11.0246621653543304
21
-8.2326242519685042
0
LINE
8
BLACK
6
CONTINUOUS
10
11.0246621653543304
20
-8.2326242519685042
11
11.0246621653543304
21
-8.2101270866141736
0
LINE
8
BLACK
6
CONTINUOUS
10
11.0246621653543304
20
-8.2101270866141736
11
11.0247188976377952
21
-8.2095510236220477
0
LINE
8
BLACK
6
CONTINUOUS
10
11.0247188976377952
20
-8.2095510236220477
11
11.0251598031496059
21
-8.2084866141732284
0
LINE
8
BLACK
6
CONTINUOUS
10
11.0251598031496059
20
-8.2084866141732284
11
11.0259744488188982
21
-8.2076719685039361
0
LINE
8
BLACK
6
CONTINUOUS
10
11.0259744488188982
20
-8.2076719685039361
11
11.0270388582677157
21
-8.2072310629921255
0
LINE
8
BLACK
6
CONTINUOUS
10
11.0270388582677157
20
-8.2072310629921255
11
11.0281909842519674
21
-8.2072310629921255
0
LINE
8
BLACK
6
CONTINUOUS
10
11.0281909842519674
20
-8.2072310629921255
11
11.0292553937007867
21
-8.2076719685039361
0
LINE
8
BLACK
6
CONTINUOUS
10
2.589630748031496
20
-8.1573645669291341
11
2.5899200393700785
21
-8.1573645669291341
0
LINE
8
BLACK
6
CONTINUOUS
10
2.5899200393700785
20
-8.1573645669291341
11
2.590190118110236
21
-8.1574764173228349
0
LINE
8
BLACK
6
CONTINUOUS
10
2.590190118110236
20
-8.1574764173228349
11
2.5904767716535431
21
-8.157533779527558
0
LINE
8
BLACK
6
CONTINUOUS
10
2.5904767716535431
20
-8.157533779527558
11
2.5907171259842521
21
-8.1576947244094491
0
LINE
8
BLACK
6
CONTINUOUS
10
2.5907171259842521
20
-8.1576947244094491
11
2.5909844488188978
21
-8.1578054724409448
0
LINE
8
BLACK
6
CONTINUOUS
10
2.5909844488188978
20
-8.1578054724409448
11
2.5911911417322835
21
-8.1580121653543305
0
LINE
8
BLACK
6
CONTINUOUS
10
2.5911911417322835
20
-8.1580121653543305
11
2.5914340551181101
21
-8.1581748425196849
0
LINE
8
BLACK
6
CONTINUOUS
10
2.5914340551181101
20
-8.1581748425196849
11
2.5917970472440945
21
-8.158618070866142
0
LINE
8
BLACK
6
CONTINUOUS
10
2.5917970472440945
20
-8.158618070866142
11
2.5917990944881888
21
-8.1586201181102354
0
LINE
8
BLACK
6
CONTINUOUS
10
2.5917990944881888
20
-8.1586201181102354
11
2.5917994488188976
21
-8.1586209842519679
0
LINE
8
BLACK
6
CONTINUOUS
10
2.5917994488188976
20
-8.1586209842519679
11
2.5918008267716535
21
-8.1586226771653543
0
LINE
8
BLACK
6
CONTINUOUS
10
2.5918008267716535
20
-8.1586226771653543
11
2.5953881496062992
21
-8.1640037007874007
0
LINE
8
BLACK
6
CONTINUOUS
10
2.5953881496062992
20
-8.1640037007874007
11
2.5985921259842519
21
-8.1672076771653543
0
LINE
8
BLACK
6
CONTINUOUS
10
2.5985921259842519
20
-8.1672076771653543
11
2.6019130708661415
21
-8.1688681496062987
0
LINE
8
BLACK
6
CONTINUOUS
10
2.6019130708661415
20
-8.1688681496062987
11
2.6024029527559054
21
-8.1691764960629918
0
LINE
8
BLACK
6
CONTINUOUS
10
2.6024029527559054
20
-8.1691764960629918
11
2.6031577952755907
21
-8.1700468897637801
0
LINE
8
BLACK
6
CONTINUOUS
10
2.6031577952755907
20
-8.1700468897637801
11
2.6035221259842518
21
-8.1711398425196844
0
LINE
8
BLACK
6
CONTINUOUS
10
2.6035221259842518
20
-8.1711398425196844
11
2.603440472440945
21
-8.1722890551181102
0
LINE
8
BLACK
6
CONTINUOUS
10
2.603440472440945
20
-8.1722890551181102
11
2.6029251968503937
21
-8.1733195669291341
0
LINE
8
BLACK
6
CONTINUOUS
10
2.6029251968503937
20
-8.1733195669291341
11
2.602054842519685
21
-8.1740744094488189
0
LINE
8
BLACK
6
CONTINUOUS
10
2.602054842519685
20
-8.1740744094488189
11
2.6009618503937006
21
-8.1744387401574805
0
LINE
8
BLACK
6
CONTINUOUS
10
2.6009618503937006
20
-8.1744387401574805
11
2.5998126377952757
21
-8.1743570866141724
0
LINE
8
BLACK
6
CONTINUOUS
10
2.5998126377952757
20
-8.1743570866141724
11
2.5992720472440944
21
-8.1741501968503929
0
LINE
8
BLACK
6
CONTINUOUS
10
2.5992720472440944
20
-8.1741501968503929
11
2.5955225196850393
21
-8.1722754330708653
0
LINE
8
BLACK
6
CONTINUOUS
10
2.5955225196850393
20
-8.1722754330708653
11
2.59527468503937
21
-8.1721194094488183
0
LINE
8
BLACK
6
CONTINUOUS
10
2.59527468503937
20
-8.1721194094488183
11
2.5952025590551182
21
-8.1720895669291345
0
LINE
8
BLACK
6
CONTINUOUS
10
2.5952025590551182
20
-8.1720895669291345
11
2.595121377952756
21
-8.1720229527559045
0
LINE
8
BLACK
6
CONTINUOUS
10
2.595121377952756
20
-8.1720229527559045
11
2.5950326377952755
21
-8.1719670866141723
0
LINE
8
BLACK
6
CONTINUOUS
10
2.5950326377952755
20
-8.1719670866141723
11
2.5949814960629922
21
-8.1719081496062991
0
LINE
8
BLACK
6
CONTINUOUS
10
2.5949814960629922
20
-8.1719081496062991
11
2.594755118110236
21
-8.1717223228346452
0
LINE
8
BLACK
6
CONTINUOUS
10
2.594755118110236
20
-8.1717223228346452
11
2.5922967322834647
21
-8.169263937007873
0
LINE
8
BLACK
6
CONTINUOUS
10
2.5922967322834647
20
-8.169263937007873
11
2.5922967322834647
21
-8.1966779133858267
0
LINE
8
BLACK
6
CONTINUOUS
10
2.5922967322834647
20
-8.1966779133858267
11
2.600592559055118
21
-8.1966779133858267
0
LINE
8
BLACK
6
CONTINUOUS
10
2.600592559055118
20
-8.1966779133858267
11
2.6011686220472439
21
-8.1967346456692916
0
LINE
8
BLACK
6
CONTINUOUS
10
2.6011686220472439
20
-8.1967346456692916
11
2.6022330314960631
21
-8.1971755511811022
0
LINE
8
BLACK
6
CONTINUOUS
10
2.6022330314960631
20
-8.1971755511811022
11
2.6030476771653541
21
-8.1979901968503928
0
LINE
8
BLACK
6
CONTINUOUS
10
2.6030476771653541
20
-8.1979901968503928
11
2.6034885826771652
21
-8.199054606299212
0
LINE
8
BLACK
6
CONTINUOUS
10
2.6034885826771652
20
-8.199054606299212
11
2.6034885826771652
21
-8.2002067322834638
0
LINE
8
BLACK
6
CONTINUOUS
10
2.6034885826771652
20
-8.2002067322834638
11
2.6030476771653541
21
-8.201271141732283
0
LINE
8
BLACK
6
CONTINUOUS
10
2.6030476771653541
20
-8.201271141732283
11
2.6022330314960631
21
-8.2020857874015753
0
LINE
8
BLACK
6
CONTINUOUS
10
2.6022330314960631
20
-8.2020857874015753
11
2.6011686220472439
21
-8.202526692913386
0
LINE
8
BLACK
6
CONTINUOUS
10
2.6011686220472439
20
-8.202526692913386
11
2.600592559055118
21
-8.2025834251968508
0
LINE
8
BLACK
6
CONTINUOUS
10
2.600592559055118
20
-8.2025834251968508
11
2.5780953937007873
21
-8.2025834251968508
0
LINE
8
BLACK
6
CONTINUOUS
10
2.5780953937007873
20
-8.2025834251968508
11
2.5775193307086615
21
-8.202526692913386
0
LINE
8
BLACK
6
CONTINUOUS
10
2.5775193307086615
20
-8.202526692913386
11
2.5764549212598427
21
-8.2020857874015753
0
LINE
8
BLACK
6
CONTINUOUS
10
2.5764549212598427
20
-8.2020857874015753
11
2.5756402755905512
21
-8.201271141732283
0
LINE
8
BLACK
6
CONTINUOUS
10
2.5756402755905512
20
-8.201271141732283
11
2.5751993700787401
21
-8.2002067322834638
0
LINE
8
BLACK
6
CONTINUOUS
10
2.5751993700787401
20
-8.2002067322834638
11
2.5751993700787401
21
-8.199054606299212
0
LINE
8
BLACK
6
CONTINUOUS
10
2.5751993700787401
20
-8.199054606299212
11
2.5756402755905512
21
-8.1979901968503928
0
LINE
8
BLACK
6
CONTINUOUS
10
2.5756402755905512
20
-8.1979901968503928
11
2.5764549212598427
21
-8.1971755511811022
0
LINE
8
BLACK
6
CONTINUOUS
10
2.5764549212598427
20
-8.1971755511811022
11
2.5775193307086615
21
-8.1967346456692916
0
LINE
8
BLACK
6
CONTINUOUS
10
2.5775193307086615
20
-8.1967346456692916
11
2.5780953937007873
21
-8.1966779133858267
0
LINE
8
BLACK
6
CONTINUOUS
10
2.5780953937007873
20
-8.1966779133858267
11
2.5863912204724411
21
-8.1966779133858267
0
LINE
8
BLACK
6
CONTINUOUS
10
2.5863912204724411
20
-8.1966779133858267
11
2.5863912204724411
21
-8.1602605905511805
0
LINE
8
BLACK
6
CONTINUOUS
10
2.5863912204724411
20
-8.1602605905511805
11
2.5863914173228344
21
-8.1602585039370084
0
LINE
8
BLACK
6
CONTINUOUS
10
2.5863914173228344
20
-8.1602585039370084
11
2.5863912204724411
21
-8.1602574803149608
0
LINE
8
BLACK
6
CONTINUOUS
10
2.5863912204724411
20
-8.1602574803149608
11
2.5863918110236219
21
-8.1602544488188968
0
LINE
8
BLACK
6
CONTINUOUS
10
2.5863918110236219
20
-8.1602544488188968
11
2.5864479527559054
21
-8.1596845275590546
0
LINE
8
BLACK
6
CONTINUOUS
10
2.5864479527559054
20
-8.1596845275590546
11
2.5865598031496062
21
-8.1594144094488179
0
LINE
8
BLACK
6
CONTINUOUS
10
2.5865598031496062
20
-8.1594144094488179
11
2.5866171653543306
21
-8.159127795275591
0
LINE
8
BLACK
6
CONTINUOUS
10
2.5866171653543306
20
-8.159127795275591
11
2.5867781102362204
21
-8.1588874015748036
0
LINE
8
BLACK
6
CONTINUOUS
10
2.5867781102362204
20
-8.1588874015748036
11
2.5868888582677165
21
-8.1586201181102354
0
LINE
8
BLACK
6
CONTINUOUS
10
2.5868888582677165
20
-8.1586201181102354
11
2.5870955511811022
21
-8.1584133858267709
0
LINE
8
BLACK
6
CONTINUOUS
10
2.5870955511811022
20
-8.1584133858267709
11
2.5872582283464567
21
-8.1581705118110239
0
LINE
8
BLACK
6
CONTINUOUS
10
2.5872582283464567
20
-8.1581705118110239
11
2.587498937007874
21
-8.1580099999999991
0
LINE
8
BLACK
6
CONTINUOUS
10
2.587498937007874
20
-8.1580099999999991
11
2.587703503937008
21
-8.1578054724409448
0
LINE
8
BLACK
6
CONTINUOUS
10
2.587703503937008
20
-8.1578054724409448
11
2.5879735826771655
21
-8.1576935826771653
0
LINE
8
BLACK
6
CONTINUOUS
10
2.5879735826771655
20
-8.1576935826771653
11
2.5882168503937009
21
-8.1575314173228346
0
LINE
8
BLACK
6
CONTINUOUS
10
2.5882168503937009
20
-8.1575314173228346
11
2.5885006299212598
21
-8.1574752755905511
0
LINE
8
BLACK
6
CONTINUOUS
10
2.5885006299212598
20
-8.1574752755905511
11
2.5887679133858268
21
-8.1573645669291341
0
LINE
8
BLACK
6
CONTINUOUS
10
2.5887679133858268
20
-8.1573645669291341
11
2.5890603149606299
21
-8.1573645669291341
0
LINE
8
BLACK
6
CONTINUOUS
10
2.5890603149606299
20
-8.1573645669291341
11
2.5893470866141732
21
-8.1573078346456693
0
LINE
8
BLACK
6
CONTINUOUS
10
2.5893470866141732
20
-8.1573078346456693
11
2.589630748031496
21
-8.1573645669291341
0
LINE
8
BLACK
6
CONTINUOUS
10
2.6386639370078742
20
-8.1573645669291341
11
2.639728346456693
21
-8.1578054724409448
0
LINE
8
BLACK
6
CONTINUOUS
10
2.639728346456693
20
-8.1578054724409448
11
2.640542992125984
21
-8.1586201181102354
0
LINE
8
BLACK
6
CONTINUOUS
10
2.640542992125984
20
-8.1586201181102354
11
2.6409838976377951
21
-8.1596845275590546
0
LINE
8
BLACK
6
CONTINUOUS
10
2.6409838976377951
20
-8.1596845275590546
11
2.6410406299212599
21
-8.1602605905511805
0
LINE
8
BLACK
6
CONTINUOUS
10
2.6410406299212599
20
-8.1602605905511805
11
2.6410406299212599
21
-8.1996306692913379
0
LINE
8
BLACK
6
CONTINUOUS
10
2.6410406299212599
20
-8.1996306692913379
11
2.6409838976377951
21
-8.2002067322834638
0
LINE
8
BLACK
6
CONTINUOUS
10
2.6409838976377951
20
-8.2002067322834638
11
2.640542992125984
21
-8.201271141732283
0
LINE
8
BLACK
6
CONTINUOUS
10
2.640542992125984
20
-8.201271141732283
11
2.639728346456693
21
-8.2020857874015753
0
LINE
8
BLACK
6
CONTINUOUS
10
2.639728346456693
20
-8.2020857874015753
11
2.6386639370078742
21
-8.202526692913386
0
LINE
8
BLACK
6
CONTINUOUS
10
2.6386639370078742
20
-8.202526692913386
11
2.6380878740157478
21
-8.2025834251968508
0
LINE
8
BLACK
6
CONTINUOUS
10
2.6380878740157478
20
-8.2025834251968508
11
2.6287140551181101
21
-8.2025834251968508
0
LINE
8
BLACK
6
CONTINUOUS
10
2.6287140551181101
20
-8.2025834251968508
11
2.628422440944882
21
-8.2025546850393702
0
LINE
8
BLACK
6
CONTINUOUS
10
2.628422440944882
20
-8.2025546850393702
11
2.6283447244094487
21
-8.2025602362204726
0
LINE
8
BLACK
6
CONTINUOUS
10
2.6283447244094487
20
-8.2025602362204726
11
2.6282424409448817
21
-8.2025369685039369
0
LINE
8
BLACK
6
CONTINUOUS
10
2.6282424409448817
20
-8.2025369685039369
11
2.6281379921259842
21
-8.202526692913386
0
LINE
8
BLACK
6
CONTINUOUS
10
2.6281379921259842
20
-8.202526692913386
11
2.6280659055118112
21
-8.2024968110236216
0
LINE
8
BLACK
6
CONTINUOUS
10
2.6280659055118112
20
-8.2024968110236216
11
2.6277802755905513
21
-8.2024318897637798
0
LINE
8
BLACK
6
CONTINUOUS
10
2.6277802755905513
20
-8.2024318897637798
11
2.6221560236220474
21
-8.2005571259842522
0
LINE
8
BLACK
6
CONTINUOUS
10
2.6221560236220474
20
-8.2005571259842522
11
2.6216274409448816
21
-8.2003211417322834
0
LINE
8
BLACK
6
CONTINUOUS
10
2.6216274409448816
20
-8.2003211417322834
11
2.6215473228346458
21
-8.2002516535433063
0
LINE
8
BLACK
6
CONTINUOUS
10
2.6215473228346458
20
-8.2002516535433063
11
2.6214492913385827
21
-8.2002110629921265
0
LINE
8
BLACK
6
CONTINUOUS
10
2.6214492913385827
20
-8.2002110629921265
11
2.6210018503937009
21
-8.1998438188976372
0
LINE
8
BLACK
6
CONTINUOUS
10
2.6210018503937009
20
-8.1998438188976372
11
2.6172523228346458
21
-8.1960942519685034
0
LINE
8
BLACK
6
CONTINUOUS
10
2.6172523228346458
20
-8.1960942519685034
11
2.6170665354330707
21
-8.1958678740157485
0
LINE
8
BLACK
6
CONTINUOUS
10
2.6170665354330707
20
-8.1958678740157485
11
2.6170075590551178
21
-8.1958167322834647
0
LINE
8
BLACK
6
CONTINUOUS
10
2.6170075590551178
20
-8.1958167322834647
11
2.6169515748031493
21
-8.1957277952755909
0
LINE
8
BLACK
6
CONTINUOUS
10
2.6169515748031493
20
-8.1957277952755909
11
2.6168850787401574
21
-8.1956467716535428
0
LINE
8
BLACK
6
CONTINUOUS
10
2.6168850787401574
20
-8.1956467716535428
11
2.6168552362204722
21
-8.1955747244094486
0
LINE
8
BLACK
6
CONTINUOUS
10
2.6168552362204722
20
-8.1955747244094486
11
2.6166992125984252
21
-8.1953268503937
0
LINE
8
BLACK
6
CONTINUOUS
10
2.6166992125984252
20
-8.1953268503937
11
2.6148244488188976
21
-8.1915773228346449
0
LINE
8
BLACK
6
CONTINUOUS
10
2.6148244488188976
20
-8.1915773228346449
11
2.6148083070866139
21
-8.1915351968503938
0
LINE
8
BLACK
6
CONTINUOUS
10
2.6148083070866139
20
-8.1915351968503938
11
2.6147956299212596
21
-8.1915180708661417
0
LINE
8
BLACK
6
CONTINUOUS
10
2.6147956299212596
20
-8.1915180708661417
11
2.6147091732283463
21
-8.1912761023622043
0
LINE
8
BLACK
6
CONTINUOUS
10
2.6147091732283463
20
-8.1912761023622043
11
2.6146175590551182
21
-8.1910366929133858
0
LINE
8
BLACK
6
CONTINUOUS
10
2.6146175590551182
20
-8.1910366929133858
11
2.6146160236220473
21
-8.1910154330708664
0
LINE
8
BLACK
6
CONTINUOUS
10
2.6146160236220473
20
-8.1910154330708664
11
2.6146008661417324
21
-8.1909729527559048
0
LINE
8
BLACK
6
CONTINUOUS
10
2.6146008661417324
20
-8.1909729527559048
11
2.6127261023622048
21
-8.1834738976377945
0
LINE
8
BLACK
6
CONTINUOUS
10
2.6127261023622048
20
-8.1834738976377945
11
2.6127112992125983
21
-8.183374015748031
0
LINE
8
BLACK
6
CONTINUOUS
10
2.6127112992125983
20
-8.183374015748031
11
2.61269468503937
21
-8.183333818897637
0
LINE
8
BLACK
6
CONTINUOUS
10
2.61269468503937
20
-8.183333818897637
11
2.6126733070866139
21
-8.1831167716535429
0
LINE
8
BLACK
6
CONTINUOUS
10
2.6126733070866139
20
-8.1831167716535429
11
2.6126414566929133
21
-8.1829012992125989
0
LINE
8
BLACK
6
CONTINUOUS
10
2.6126414566929133
20
-8.1829012992125989
11
2.6126478346456694
21
-8.1828582677165347
0
LINE
8
BLACK
6
CONTINUOUS
10
2.6126478346456694
20
-8.1828582677165347
11
2.6126379527559056
21
-8.1827577559055111
0
LINE
8
BLACK
6
CONTINUOUS
10
2.6126379527559056
20
-8.1827577559055111
11
2.6126379527559056
21
-8.1771334645669285
0
LINE
8
BLACK
6
CONTINUOUS
10
2.6126379527559056
20
-8.1771334645669285
11
2.6126478346456694
21
-8.1770329133858262
0
LINE
8
BLACK
6
CONTINUOUS
10
2.6126478346456694
20
-8.1770329133858262
11
2.6126414566929133
21
-8.1769899212598425
0
LINE
8
BLACK
6
CONTINUOUS
10
2.6126414566929133
20
-8.1769899212598425
11
2.6126733070866139
21
-8.1767744094488179
0
LINE
8
BLACK
6
CONTINUOUS
10
2.6126733070866139
20
-8.1767744094488179
11
2.61269468503937
21
-8.1765574015748026
0
LINE
8
BLACK
6
CONTINUOUS
10
2.61269468503937
20
-8.1765574015748026
11
2.6127112992125983
21
-8.1765171653543298
0
LINE
8
BLACK
6
CONTINUOUS
10
2.6127112992125983
20
-8.1765171653543298
11
2.6127261023622048
21
-8.1764173228346451
0
LINE
8
BLACK
6
CONTINUOUS
10
2.6127261023622048
20
-8.1764173228346451
11
2.6146008661417324
21
-8.1689182677165348
0
LINE
8
BLACK
6
CONTINUOUS
10
2.6146008661417324
20
-8.1689182677165348
11
2.6146160236220473
21
-8.1688757480314962
0
LINE
8
BLACK
6
CONTINUOUS
10
2.6146160236220473
20
-8.1688757480314962
11
2.6146175590551182
21
-8.1688545275590556
0
LINE
8
BLACK
6
CONTINUOUS
10
2.6146175590551182
20
-8.1688545275590556
11
2.6147095669291338
21
-8.1686140551181108
0
LINE
8
BLACK
6
CONTINUOUS
10
2.6147095669291338
20
-8.1686140551181108
11
2.6147956299212596
21
-8.1683731496062997
0
LINE
8
BLACK
6
CONTINUOUS
10
2.6147956299212596
20
-8.1683731496062997
11
2.6148083070866139
21
-8.1683559842519688
0
LINE
8
BLACK
6
CONTINUOUS
10
2.6148083070866139
20
-8.1683559842519688
11
2.6148244488188976
21
-8.1683138976377947
0
LINE
8
BLACK
6
CONTINUOUS
10
2.6148244488188976
20
-8.1683138976377947
11
2.6166992125984252
21
-8.1645643700787396
0
LINE
8
BLACK
6
CONTINUOUS
10
2.6166992125984252
20
-8.1645643700787396
11
2.616855275590551
21
-8.1643163385826778
0
LINE
8
BLACK
6
CONTINUOUS
10
2.616855275590551
20
-8.1643163385826778
11
2.6168851181102362
21
-8.164244409448818
0
LINE
8
BLACK
6
CONTINUOUS
10
2.6168851181102362
20
-8.164244409448818
11
2.6169515748031493
21
-8.1641634251968505
0
LINE
8
BLACK
6
CONTINUOUS
10
2.6169515748031493
20
-8.1641634251968505
11
2.6170075590551178
21
-8.1640744881889766
0
LINE
8
BLACK
6
CONTINUOUS
10
2.6170075590551178
20
-8.1640744881889766
11
2.6170665354330707
21
-8.1640233070866142
0
LINE
8
BLACK
6
CONTINUOUS
10
2.6170665354330707
20
-8.1640233070866142
11
2.6172523228346458
21
-8.1637969685039362
0
LINE
8
BLACK
6
CONTINUOUS
10
2.6172523228346458
20
-8.1637969685039362
11
2.6210018503937009
21
-8.1600474409448811
0
LINE
8
BLACK
6
CONTINUOUS
10
2.6210018503937009
20
-8.1600474409448811
11
2.6214492913385827
21
-8.1596801968503936
0
LINE
8
BLACK
6
CONTINUOUS
10
2.6214492913385827
20
-8.1596801968503936
11
2.6215473228346458
21
-8.1596395669291333
0
LINE
8
BLACK
6
CONTINUOUS
10
2.6215473228346458
20
-8.1596395669291333
11
2.6216274409448816
21
-8.1595701181102367
0
LINE
8
BLACK
6
CONTINUOUS
10
2.6216274409448816
20
-8.1595701181102367
11
2.6221560236220474
21
-8.1593341338582679
0
LINE
8
BLACK
6
CONTINUOUS
10
2.6221560236220474
20
-8.1593341338582679
11
2.6277802755905513
21
-8.1574593700787403
0
LINE
8
BLACK
6
CONTINUOUS
10
2.6277802755905513
20
-8.1574593700787403
11
2.6280659055118112
21
-8.157394409448818
0
LINE
8
BLACK
6
CONTINUOUS
10
2.6280659055118112
20
-8.157394409448818
11
2.6281379921259842
21
-8.1573645669291341
0
LINE
8
BLACK
6
CONTINUOUS
10
2.6281379921259842
20
-8.1573645669291341
11
2.6282424409448817
21
-8.1573542519685045
0
LINE
8
BLACK
6
CONTINUOUS
10
2.6282424409448817
20
-8.1573542519685045
11
2.6283447244094487
21
-8.1573310236220475
0
LINE
8
BLACK
6
CONTINUOUS
10
2.6283447244094487
20
-8.1573310236220475
11
2.628422440944882
21
-8.1573365354330711
0
LINE
8
BLACK
6
CONTINUOUS
10
2.628422440944882
20
-8.1573365354330711
11
2.6287140551181101
21
-8.1573078346456693
0
LINE
8
BLACK
6
CONTINUOUS
10
2.6287140551181101
20
-8.1573078346456693
11
2.6380878740157478
21
-8.1573078346456693
0
LINE
8
BLACK
6
CONTINUOUS
10
2.6380878740157478
20
-8.1573078346456693
11
2.6386639370078742
21
-8.1573645669291341
0
LINE
8
BLACK
6
CONTINUOUS
10
2.6246848031496062
20
-8.1647161417322831
11
2.6217669685039371
21
-8.1676339763779531
0
LINE
8
BLACK
6
CONTINUOUS
10
2.6217669685039371
20
-8.1676339763779531
11
2.6202514566929134
21
-8.1706649606299209
0
LINE
8
BLACK
6
CONTINUOUS
10
2.6202514566929134
20
-8.1706649606299209
11
2.6185434645669292
21
-8.177497007874015
0
LINE
8
BLACK
6
CONTINUOUS
10
2.6185434645669292
20
-8.177497007874015
11
2.6185434645669292
21
-8.1823942125984246
0
LINE
8
BLACK
6
CONTINUOUS
10
2.6185434645669292
20
-8.1823942125984246
11
2.6202514566929134
21
-8.1892262598425187
0
LINE
8
BLACK
6
CONTINUOUS
10
2.6202514566929134
20
-8.1892262598425187
11
2.6217669685039371
21
-8.1922572440944883
0
LINE
8
BLACK
6
CONTINUOUS
10
2.6217669685039371
20
-8.1922572440944883
11
2.6246848031496062
21
-8.1951751181102352
0
LINE
8
BLACK
6
CONTINUOUS
10
2.6246848031496062
20
-8.1951751181102352
11
2.629193188976378
21
-8.1966779133858267
0
LINE
8
BLACK
6
CONTINUOUS
10
2.629193188976378
20
-8.1966779133858267
11
2.6351351181102363
21
-8.1966779133858267
0
LINE
8
BLACK
6
CONTINUOUS
10
2.6351351181102363
20
-8.1966779133858267
11
2.6351351181102363
21
-8.1632133464566934
0
LINE
8
BLACK
6
CONTINUOUS
10
2.6351351181102363
20
-8.1632133464566934
11
2.629193188976378
21
-8.1632133464566934
0
LINE
8
BLACK
6
CONTINUOUS
10
2.629193188976378
20
-8.1632133464566934
11
2.6246848031496062
21
-8.1647161417322831
0
LINE
8
BLACK
6
CONTINUOUS
10
2.7077457480314959
20
-8.1573365354330711
11
2.707823503937008
21
-8.1573310236220475
0
LINE
8
BLACK
6
CONTINUOUS
10
2.707823503937008
20
-8.1573310236220475
11
2.7079257480314962
21
-8.1573542519685045
0
LINE
8
BLACK
6
CONTINUOUS
10
2.7079257480314962
20
-8.1573542519685045
11
2.7080302755905512
21
-8.1573645669291341
0
LINE
8
BLACK
6
CONTINUOUS
10
2.7080302755905512
20
-8.1573645669291341
11
2.7081023622047242
21
-8.157394409448818
0
LINE
8
BLACK
6
CONTINUOUS
10
2.7081023622047242
20
-8.157394409448818
11
2.7083879527559054
21
-8.1574593700787403
0
LINE
8
BLACK
6
CONTINUOUS
10
2.7083879527559054
20
-8.1574593700787403
11
2.714012244094488
21
-8.1593341338582679
0
LINE
8
BLACK
6
CONTINUOUS
10
2.714012244094488
20
-8.1593341338582679
11
2.7145407874015746
21
-8.1595701181102367
0
LINE
8
BLACK
6
CONTINUOUS
10
2.7145407874015746
20
-8.1595701181102367
11
2.7146209055118109
21
-8.159639606299212
0
LINE
8
BLACK
6
CONTINUOUS
10
2.7146209055118109
20
-8.159639606299212
11
2.7147189763779527
21
-8.1596802362204723
0
LINE
8
BLACK
6
CONTINUOUS
10
2.7147189763779527
20
-8.1596802362204723
11
2.7151664173228345
21
-8.1600474409448811
0
LINE
8
BLACK
6
CONTINUOUS
10
2.7151664173228345
20
-8.1600474409448811
11
2.7189159448818896
21
-8.1637969685039362
0
LINE
8
BLACK
6
CONTINUOUS
10
2.7189159448818896
20
-8.1637969685039362
11
2.7191017716535431
21
-8.1640233464566929
0
LINE
8
BLACK
6
CONTINUOUS
10
2.7191017716535431
20
-8.1640233464566929
11
2.7191607086614171
21
-8.1640744881889766
0
LINE
8
BLACK
6
CONTINUOUS
10
2.7191607086614171
20
-8.1640744881889766
11
2.7192165748031494
21
-8.1641632283464567
0
LINE
8
BLACK
6
CONTINUOUS
10
2.7192165748031494
20
-8.1641632283464567
11
2.719283188976378
21
-8.164244409448818
0
LINE
8
BLACK
6
CONTINUOUS
10
2.719283188976378
20
-8.164244409448818
11
2.7193130314960627
21
-8.1643165354330716
0
LINE
8
BLACK
6
CONTINUOUS
10
2.7193130314960627
20
-8.1643165354330716
11
2.7194690551181102
21
-8.1645643700787396
0
LINE
8
BLACK
6
CONTINUOUS
10
2.7194690551181102
20
-8.1645643700787396
11
2.7213438188976378
21
-8.1683138976377947
0
LINE
8
BLACK
6
CONTINUOUS
10
2.7213438188976378
20
-8.1683138976377947
11
2.7213599212598423
21
-8.1683559842519688
0
LINE
8
BLACK
6
CONTINUOUS
10
2.7213599212598423
20
-8.1683559842519688
11
2.7213726377952754
21
-8.1683731496062997
0
LINE
8
BLACK
6
CONTINUOUS
10
2.7213726377952754
20
-8.1683731496062997
11
2.7214587007874016
21
-8.1686140551181108
0
LINE
8
BLACK
6
CONTINUOUS
10
2.7214587007874016
20
-8.1686140551181108
11
2.7215507086614172
21
-8.1688544881889769
0
LINE
8
BLACK
6
CONTINUOUS
10
2.7215507086614172
20
-8.1688544881889769
11
2.7215522047244094
21
-8.1688757480314962
0
LINE
8
BLACK
6
CONTINUOUS
10
2.7215522047244094
20
-8.1688757480314962
11
2.721567401574803
21
-8.1689182677165348
0
LINE
8
BLACK
6
CONTINUOUS
10
2.721567401574803
20
-8.1689182677165348
11
2.7234421653543306
21
-8.1764173228346451
0
LINE
8
BLACK
6
CONTINUOUS
10
2.7234421653543306
20
-8.1764173228346451
11
2.7234569291338584
21
-8.1765171653543298
0
LINE
8
BLACK
6
CONTINUOUS
10
2.7234569291338584
20
-8.1765171653543298
11
2.7234735826771654
21
-8.1765574015748026
0
LINE
8
BLACK
6
CONTINUOUS
10
2.7234735826771654
20
-8.1765574015748026
11
2.7234949212598423
21
-8.1767744094488179
0
LINE
8
BLACK
6
CONTINUOUS
10
2.7234949212598423
20
-8.1767744094488179
11
2.7235268110236222
21
-8.1769899212598425
0
LINE
8
BLACK
6
CONTINUOUS
10
2.7235268110236222
20
-8.1769899212598425
11
2.7235203937007872
21
-8.1770329133858262
0
LINE
8
BLACK
6
CONTINUOUS
10
2.7235203937007872
20
-8.1770329133858262
11
2.7235303149606298
21
-8.1771334645669285
0
LINE
8
BLACK
6
CONTINUOUS
10
2.7235303149606298
20
-8.1771334645669285
11
2.7235303149606298
21
-8.1827577559055111
0
LINE
8
BLACK
6
CONTINUOUS
10
2.7235303149606298
20
-8.1827577559055111
11
2.7235203937007872
21
-8.1828582677165347
0
LINE
8
BLACK
6
CONTINUOUS
10
2.7235203937007872
20
-8.1828582677165347
11
2.7235268110236222
21
-8.1829012992125989
0
LINE
8
BLACK
6
CONTINUOUS
10
2.7235268110236222
20
-8.1829012992125989
11
2.7234949212598423
21
-8.1831167716535429
0
LINE
8
BLACK
6
CONTINUOUS
10
2.7234949212598423
20
-8.1831167716535429
11
2.7234735826771654
21
-8.183333818897637
0
LINE
8
BLACK
6
CONTINUOUS
10
2.7234735826771654
20
-8.183333818897637
11
2.7234569291338584
21
-8.183374015748031
0
LINE
8
BLACK
6
CONTINUOUS
10
2.7234569291338584
20
-8.183374015748031
11
2.7234421653543306
21
-8.1834738976377945
0
LINE
8
BLACK
6
CONTINUOUS
10
2.7234421653543306
20
-8.1834738976377945
11
2.721567401574803
21
-8.1909729527559048
0
LINE
8
BLACK
6
CONTINUOUS
10
2.721567401574803
20
-8.1909729527559048
11
2.7215522047244094
21
-8.1910154330708664
0
LINE
8
BLACK
6
CONTINUOUS
10
2.7215522047244094
20
-8.1910154330708664
11
2.7215507086614172
21
-8.1910367322834645
0
LINE
8
BLACK
6
CONTINUOUS
10
2.7215507086614172
20
-8.1910367322834645
11
2.7214589370078741
21
-8.191276456692913
0
LINE
8
BLACK
6
CONTINUOUS
10
2.7214589370078741
20
-8.191276456692913
11
2.7213726377952754
21
-8.1915180708661417
0
LINE
8
BLACK
6
CONTINUOUS
10
2.7213726377952754
20
-8.1915180708661417
11
2.7213599212598423
21
-8.1915351968503938
0
LINE
8
BLACK
6
CONTINUOUS
10
2.7213599212598423
20
-8.1915351968503938
11
2.7213438188976378
21
-8.1915773228346449
0
LINE
8
BLACK
6
CONTINUOUS
10
2.7213438188976378
20
-8.1915773228346449
11
2.7194690551181102
21
-8.1953268503937
0
LINE
8
BLACK
6
CONTINUOUS
10
2.7194690551181102
20
-8.1953268503937
11
2.719312992125984
21
-8.1955747244094486
0
LINE
8
BLACK
6
CONTINUOUS
10
2.719312992125984
20
-8.1955747244094486
11
2.719283188976378
21
-8.1956467716535428
0
LINE
8
BLACK
6
CONTINUOUS
10
2.719283188976378
20
-8.1956467716535428
11
2.7192166535433069
21
-8.1957277952755909
0
LINE
8
BLACK
6
CONTINUOUS
10
2.7192166535433069
20
-8.1957277952755909
11
2.7191607086614171
21
-8.1958167322834647
0
LINE
8
BLACK
6
CONTINUOUS
10
2.7191607086614171
20
-8.1958167322834647
11
2.7191016929133855
21
-8.1958678740157485
0
LINE
8
BLACK
6
CONTINUOUS
10
2.7191016929133855
20
-8.1958678740157485
11
2.7189159842519683
21
-8.1960942125984246
0
LINE
8
BLACK
6
CONTINUOUS
10
2.7189159842519683
20
-8.1960942125984246
11
2.7151664173228345
21
-8.1998438188976372
0
LINE
8
BLACK
6
CONTINUOUS
10
2.7151664173228345
20
-8.1998438188976372
11
2.7147189763779527
21
-8.2002110236220478
0
LINE
8
BLACK
6
CONTINUOUS
10
2.7147189763779527
20
-8.2002110236220478
11
2.7146209055118109
21
-8.2002516141732276
0
LINE
8
BLACK
6
CONTINUOUS
10
2.7146209055118109
20
-8.2002516141732276
11
2.7145407874015746
21
-8.2003211417322834
0
LINE
8
BLACK
6
CONTINUOUS
10
2.7145407874015746
20
-8.2003211417322834
11
2.714012244094488
21
-8.2005571259842522
0
LINE
8
BLACK
6
CONTINUOUS
10
2.714012244094488
20
-8.2005571259842522
11
2.7083879527559054
21
-8.2024318897637798
0
LINE
8
BLACK
6
CONTINUOUS
10
2.7083879527559054
20
-8.2024318897637798
11
2.7081023622047242
21
-8.2024968110236216
0
LINE
8
BLACK
6
CONTINUOUS
10
2.7081023622047242
20
-8.2024968110236216
11
2.7080302755905512
21
-8.202526692913386
0
LINE
8
BLACK
6
CONTINUOUS
10
2.7080302755905512
20
-8.202526692913386
11
2.7079257480314962
21
-8.2025369685039369
0
LINE
8
BLACK
6
CONTINUOUS
10
2.7079257480314962
20
-8.2025369685039369
11
2.707823503937008
21
-8.2025602362204726
0
LINE
8
BLACK
6
CONTINUOUS
10
2.707823503937008
20
-8.2025602362204726
11
2.7077457480314959
21
-8.2025546850393702
0
LINE
8
BLACK
6
CONTINUOUS
10
2.7077457480314959
20
-8.2025546850393702
11
2.7074542125984253
21
-8.2025834251968508
0
LINE
8
BLACK
6
CONTINUOUS
10
2.7074542125984253
20
-8.2025834251968508
11
2.7037046850393702
21
-8.2025834251968508
0
LINE
8
BLACK
6
CONTINUOUS
10
2.7037046850393702
20
-8.2025834251968508
11
2.7034130708661417
21
-8.2025546850393702
0
LINE
8
BLACK
6
CONTINUOUS
10
2.7034130708661417
20
-8.2025546850393702
11
2.7033353543307088
21
-8.2025602362204726
0
LINE
8
BLACK
6
CONTINUOUS
10
2.7033353543307088
20
-8.2025602362204726
11
2.7032330708661418
21
-8.2025369685039369
0
LINE
8
BLACK
6
CONTINUOUS
10
2.7032330708661418
20
-8.2025369685039369
11
2.7031286220472439
21
-8.202526692913386
0
LINE
8
BLACK
6
CONTINUOUS
10
2.7031286220472439
20
-8.202526692913386
11
2.7030565354330709
21
-8.2024968110236216
0
LINE
8
BLACK
6
CONTINUOUS
10
2.7030565354330709
20
-8.2024968110236216
11
2.702770905511811
21
-8.2024318897637798
0
LINE
8
BLACK
6
CONTINUOUS
10
2.702770905511811
20
-8.2024318897637798
11
2.6971466535433071
21
-8.2005571259842522
0
LINE
8
BLACK
6
CONTINUOUS
10
2.6971466535433071
20
-8.2005571259842522
11
2.6966180708661418
21
-8.2003211417322834
0
LINE
8
BLACK
6
CONTINUOUS
10
2.6966180708661418
20
-8.2003211417322834
11
2.696537874015748
21
-8.2002515748031488
0
LINE
8
BLACK
6
CONTINUOUS
10
2.696537874015748
20
-8.2002515748031488
11
2.6964399212598424
21
-8.2002110236220478
0
LINE
8
BLACK
6
CONTINUOUS
10
2.6964399212598424
20
-8.2002110236220478
11
2.6959924409448819
21
-8.1998437795275585
0
LINE
8
BLACK
6
CONTINUOUS
10
2.6959924409448819
20
-8.1998437795275585
11
2.6941176771653543
21
-8.1979689763779522
0
LINE
8
BLACK
6
CONTINUOUS
10
2.6941176771653543
20
-8.1979689763779522
11
2.6937504724409447
21
-8.1975215354330704
0
LINE
8
BLACK
6
CONTINUOUS
10
2.6937504724409447
20
-8.1975215354330704
11
2.6934638188976376
21
-8.1968294488188977
0
LINE
8
BLACK
6
CONTINUOUS
10
2.6934638188976376
20
-8.1968294488188977
11
2.6933096062992123
21
-8.1964571653543299
0
LINE
8
BLACK
6
CONTINUOUS
10
2.6933096062992123
20
-8.1964571653543299
11
2.693252874015748
21
-8.195881102362204
0
LINE
8
BLACK
6
CONTINUOUS
10
2.693252874015748
20
-8.195881102362204
11
2.693252874015748
21
-8.1827577559055111
0
LINE
8
BLACK
6
CONTINUOUS
10
2.693252874015748
20
-8.1827577559055111
11
2.6933096062992123
21
-8.1821816929133853
0
LINE
8
BLACK
6
CONTINUOUS
10
2.6933096062992123
20
-8.1821816929133853
11
2.6937505118110234
21
-8.181117283464566
0
LINE
8
BLACK
6
CONTINUOUS
10
2.6937505118110234
20
-8.181117283464566
11
2.6945651574803149
21
-8.1803026377952754
0
LINE
8
BLACK
6
CONTINUOUS
10
2.6945651574803149
20
-8.1803026377952754
11
2.6956295669291337
21
-8.1798617322834648
0
LINE
8
BLACK
6
CONTINUOUS
10
2.6956295669291337
20
-8.1798617322834648
11
2.6962056299212596
21
-8.179805
0
LINE
8
BLACK
6
CONTINUOUS
10
2.6962056299212596
20
-8.179805
11
2.7037046850393702
21
-8.179805
0
LINE
8
BLACK
6
CONTINUOUS
10
2.7037046850393702
20
-8.179805
11
2.7042807480314961
21
-8.1798617322834648
0
LINE
8
BLACK
6
CONTINUOUS
10
2.7042807480314961
20
-8.1798617322834648
11
2.7053451574803149
21
-8.1803026377952754
0
LINE
8
BLACK
6
CONTINUOUS
10
2.7053451574803149
20
-8.1803026377952754
11
2.7061598031496064
21
-8.181117283464566
0
LINE
8
BLACK
6
CONTINUOUS
10
2.7061598031496064
20
-8.181117283464566
11
2.7066007086614174
21
-8.1821816929133853
0
LINE
8
BLACK
6
CONTINUOUS
10
2.7066007086614174
20
-8.1821816929133853
11
2.7066007086614174
21
-8.183333818897637
0
LINE
8
BLACK
6
CONTINUOUS
10
2.7066007086614174
20
-8.183333818897637
11
2.7061598031496064
21
-8.1843982283464562
0
LINE
8
BLACK
6
CONTINUOUS
10
2.7061598031496064
20
-8.1843982283464562
11
2.7053451574803149
21
-8.1852128740157486
0
LINE
8
BLACK
6
CONTINUOUS
10
2.7053451574803149
20
-8.1852128740157486
11
2.7042807480314961
21
-8.1856537795275592
0
LINE
8
BLACK
6
CONTINUOUS
10
2.7042807480314961
20
-8.1856537795275592
11
2.7037046850393702
21
-8.185710511811024
0
LINE
8
BLACK
6
CONTINUOUS
10
2.7037046850393702
20
-8.185710511811024
11
2.6991583858267716
21
-8.185710511811024
0
LINE
8
BLACK
6
CONTINUOUS
10
2.6991583858267716
20
-8.185710511811024
11
2.6991583858267716
21
-8.1946580314960631
0
LINE
8
BLACK
6
CONTINUOUS
10
2.6991583858267716
20
-8.1946580314960631
11
2.6996754330708659
21
-8.1951751181102352
0
LINE
8
BLACK
6
CONTINUOUS
10
2.6996754330708659
20
-8.1951751181102352
11
2.7041838188976377
21
-8.1966779133858267
0
LINE
8
BLACK
6
CONTINUOUS
10
2.7041838188976377
20
-8.1966779133858267
11
2.7069750787401574
21
-8.1966779133858267
0
LINE
8
BLACK
6
CONTINUOUS
10
2.7069750787401574
20
-8.1966779133858267
11
2.7114834645669292
21
-8.1951750787401565
0
LINE
8
BLACK
6
CONTINUOUS
10
2.7114834645669292
20
-8.1951750787401565
11
2.7144012598425196
21
-8.1922572440944883
0
LINE
8
BLACK
6
CONTINUOUS
10
2.7144012598425196
20
-8.1922572440944883
11
2.7159167716535433
21
-8.1892262598425187
0
LINE
8
BLACK
6
CONTINUOUS
10
2.7159167716535433
20
-8.1892262598425187
11
2.7176248031496062
21
-8.1823942125984246
0
LINE
8
BLACK
6
CONTINUOUS
10
2.7176248031496062
20
-8.1823942125984246
11
2.7176248031496062
21
-8.177497007874015
0
LINE
8
BLACK
6
CONTINUOUS
10
2.7176248031496062
20
-8.177497007874015
11
2.7159167716535433
21
-8.1706649606299209
0
LINE
8
BLACK
6
CONTINUOUS
10
2.7159167716535433
20
-8.1706649606299209
11
2.7144012992125983
21
-8.1676339763779531
0
LINE
8
BLACK
6
CONTINUOUS
10
2.7144012992125983
20
-8.1676339763779531
11
2.7114834645669292
21
-8.1647161417322831
0
LINE
8
BLACK
6
CONTINUOUS
10
2.7114834645669292
20
-8.1647161417322831
11
2.7069750787401574
21
-8.1632133464566934
0
LINE
8
BLACK
6
CONTINUOUS
10
2.7069750787401574
20
-8.1632133464566934
11
2.7025269685039368
21
-8.1632133464566934
0
LINE
8
BLACK
6
CONTINUOUS
10
2.7025269685039368
20
-8.1632133464566934
11
2.6994009055118111
21
-8.1647763779527551
0
LINE
8
BLACK
6
CONTINUOUS
10
2.6994009055118111
20
-8.1647763779527551
11
2.6988602755905511
21
-8.1649832677165346
0
LINE
8
BLACK
6
CONTINUOUS
10
2.6988602755905511
20
-8.1649832677165346
11
2.6977110629921257
21
-8.1650649212598427
0
LINE
8
BLACK
6
CONTINUOUS
10
2.6977110629921257
20
-8.1650649212598427
11
2.6966181102362206
21
-8.1647005905511811
0
LINE
8
BLACK
6
CONTINUOUS
10
2.6966181102362206
20
-8.1647005905511811
11
2.6957477165354331
21
-8.1639457480314963
0
LINE
8
BLACK
6
CONTINUOUS
10
2.6957477165354331
20
-8.1639457480314963
11
2.6952324803149605
21
-8.1629152362204724
0
LINE
8
BLACK
6
CONTINUOUS
10
2.6952324803149605
20
-8.1629152362204724
11
2.6951508267716533
21
-8.1617660236220466
0
LINE
8
BLACK
6
CONTINUOUS
10
2.6951508267716533
20
-8.1617660236220466
11
2.6955151574803149
21
-8.1606730708661424
0
LINE
8
BLACK
6
CONTINUOUS
10
2.6955151574803149
20
-8.1606730708661424
11
2.6962699999999997
21
-8.159802677165354
0
LINE
8
BLACK
6
CONTINUOUS
10
2.6962699999999997
20
-8.159802677165354
11
2.6967598818897636
21
-8.1594943307086609
0
LINE
8
BLACK
6
CONTINUOUS
10
2.6967598818897636
20
-8.1594943307086609
11
2.7005094094488187
21
-8.1576195669291334
0
LINE
8
BLACK
6
CONTINUOUS
10
2.7005094094488187
20
-8.1576195669291334
11
2.70105
21
-8.1574126771653539
0
LINE
8
BLACK
6
CONTINUOUS
10
2.70105
20
-8.1574126771653539
11
2.7011558661417321
21
-8.1574051181102352
0
LINE
8
BLACK
6
CONTINUOUS
10
2.7011558661417321
20
-8.1574051181102352
11
2.7012538582677164
21
-8.1573645669291341
0
LINE
8
BLACK
6
CONTINUOUS
10
2.7012538582677164
20
-8.1573645669291341
11
2.7018299212598427
21
-8.1573078346456693
0
LINE
8
BLACK
6
CONTINUOUS
10
2.7018299212598427
20
-8.1573078346456693
11
2.7074542125984253
21
-8.1573078346456693
0
LINE
8
BLACK
6
CONTINUOUS
10
2.7074542125984253
20
-8.1573078346456693
11
2.7077457480314959
21
-8.1573365354330711
0
LINE
8
BLACK
6
CONTINUOUS
10
2.6795161023622045
20
-8.1573645669291341
11
2.6799087795275591
21
-8.1573645669291341
0
LINE
8
BLACK
6
CONTINUOUS
10
2.6799087795275591
20
-8.1573645669291341
11
2.6800825984251966
21
-8.1574365748031497
0
LINE
8
BLACK
6
CONTINUOUS
10
2.6800825984251966
20
-8.1574365748031497
11
2.6802693700787401
21
-8.1574603149606304
0
LINE
8
BLACK
6
CONTINUOUS
10
2.6802693700787401
20
-8.1574603149606304
11
2.6806104724409447
21
-8.1576551968503939
0
LINE
8
BLACK
6
CONTINUOUS
10
2.6806104724409447
20
-8.1576551968503939
11
2.6809731889763779
21
-8.1578054724409448
0
LINE
8
BLACK
6
CONTINUOUS
10
2.6809731889763779
20
-8.1578054724409448
11
2.6811061811023622
21
-8.1579384645669286
0
LINE
8
BLACK
6
CONTINUOUS
10
2.6811061811023622
20
-8.1579384645669286
11
2.6812697244094488
21
-8.1580319291338572
0
LINE
8
BLACK
6
CONTINUOUS
10
2.6812697244094488
20
-8.1580319291338572
11
2.6815102362204724
21
-8.1583425196850392
0
LINE
8
BLACK
6
CONTINUOUS
10
2.6815102362204724
20
-8.1583425196850392
11
2.6817878346456694
21
-8.1586201181102354
0
LINE
8
BLACK
6
CONTINUOUS
10
2.6817878346456694
20
-8.1586201181102354
11
2.6818598425196849
21
-8.158793976377952
0
LINE
8
BLACK
6
CONTINUOUS
10
2.6818598425196849
20
-8.158793976377952
11
2.6819751181102363
21
-8.1589428346456696
0
LINE
8
BLACK
6
CONTINUOUS
10
2.6819751181102363
20
-8.1589428346456696
11
2.6820784251968504
21
-8.1593216929133856
0
LINE
8
BLACK
6
CONTINUOUS
10
2.6820784251968504
20
-8.1593216929133856
11
2.6822287401574805
21
-8.1596845275590546
0
LINE
8
BLACK
6
CONTINUOUS
10
2.6822287401574805
20
-8.1596845275590546
11
2.6822577165354331
21
-8.1599790944881896
0
LINE
8
BLACK
6
CONTINUOUS
10
2.6822577165354331
20
-8.1599790944881896
11
2.6822782677165353
21
-8.160054330708661
0
LINE
8
BLACK
6
CONTINUOUS
10
2.6822782677165353
20
-8.160054330708661
11
2.682270866141732
21
-8.1601124015748034
0
LINE
8
BLACK
6
CONTINUOUS
10
2.682270866141732
20
-8.1601124015748034
11
2.6822854724409448
21
-8.1602605905511805
0
LINE
8
BLACK
6
CONTINUOUS
10
2.6822854724409448
20
-8.1602605905511805
11
2.6822854724409448
21
-8.1996306692913379
0
LINE
8
BLACK
6
CONTINUOUS
10
2.6822854724409448
20
-8.1996306692913379
11
2.6822287401574805
21
-8.2002067322834638
0
LINE
8
BLACK
6
CONTINUOUS
10
2.6822287401574805
20
-8.2002067322834638
11
2.6817878346456694
21
-8.201271141732283
0
LINE
8
BLACK
6
CONTINUOUS
10
2.6817878346456694
20
-8.201271141732283
11
2.6809731889763779
21
-8.2020857874015753
0
LINE
8
BLACK
6
CONTINUOUS
10
2.6809731889763779
20
-8.2020857874015753
11
2.6799087795275591
21
-8.202526692913386
0
LINE
8
BLACK
6
CONTINUOUS
10
2.6799087795275591
20
-8.202526692913386
11
2.6787566535433069
21
-8.202526692913386
0
LINE
8
BLACK
6
CONTINUOUS
10
2.6787566535433069
20
-8.202526692913386
11
2.6776922440944881
21
-8.2020857874015753
0
LINE
8
BLACK
6
CONTINUOUS
10
2.6776922440944881
20
-8.2020857874015753
11
2.6768775984251967
21
-8.201271141732283
0
LINE
8
BLACK
6
CONTINUOUS
10
2.6768775984251967
20
-8.201271141732283
11
2.6764366929133856
21
-8.2002067322834638
0
LINE
8
BLACK
6
CONTINUOUS
10
2.6764366929133856
20
-8.2002067322834638
11
2.6763799606299212
21
-8.1996306692913379
0
LINE
8
BLACK
6
CONTINUOUS
10
2.6763799606299212
20
-8.1996306692913379
11
2.6763799606299212
21
-8.1713793307086604
0
LINE
8
BLACK
6
CONTINUOUS
10
2.6763799606299212
20
-8.1713793307086604
11
2.6593992519685039
21
-8.2010956299212605
0
LINE
8
BLACK
6
CONTINUOUS
10
2.6593992519685039
20
-8.2010956299212605
11
2.6593130708661419
21
-8.2012170078740159
0
LINE
8
BLACK
6
CONTINUOUS
10
2.6593130708661419
20
-8.2012170078740159
11
2.6592906692913387
21
-8.201271141732283
0
LINE
8
BLACK
6
CONTINUOUS
10
2.6592906692913387
20
-8.201271141732283
11
2.6592355511811023
21
-8.2013262204724402
0
LINE
8
BLACK
6
CONTINUOUS
10
2.6592355511811023
20
-8.2013262204724402
11
2.659064212598425
21
-8.2015676771653538
0
LINE
8
BLACK
6
CONTINUOUS
10
2.659064212598425
20
-8.2015676771653538
11
2.6587535826771651
21
-8.2018081889763774
0
LINE
8
BLACK
6
CONTINUOUS
10
2.6587535826771651
20
-8.2018081889763774
11
2.6584760236220473
21
-8.2020857874015753
0
LINE
8
BLACK
6
CONTINUOUS
10
2.6584760236220473
20
-8.2020857874015753
11
2.6583021259842519
21
-8.2021577952755909
0
LINE
8
BLACK
6
CONTINUOUS
10
2.6583021259842519
20
-8.2021577952755909
11
2.6581533070866139
21
-8.2022730708661413
0
LINE
8
BLACK
6
CONTINUOUS
10
2.6581533070866139
20
-8.2022730708661413
11
2.6577744094488187
21
-8.2023763779527563
0
LINE
8
BLACK
6
CONTINUOUS
10
2.6577744094488187
20
-8.2023763779527563
11
2.6574116141732285
21
-8.202526692913386
0
LINE
8
BLACK
6
CONTINUOUS
10
2.6574116141732285
20
-8.202526692913386
11
2.6572233858267715
21
-8.202526692913386
0
LINE
8
BLACK
6
CONTINUOUS
10
2.6572233858267715
20
-8.202526692913386
11
2.657041811023622
21
-8.2025762204724408
0
LINE
8
BLACK
6
CONTINUOUS
10
2.657041811023622
20
-8.2025762204724408
11
2.6566521653543305
21
-8.202526692913386
0
LINE
8
BLACK
6
CONTINUOUS
10
2.6566521653543305
20
-8.202526692913386
11
2.6562594881889763
21
-8.202526692913386
0
LINE
8
BLACK
6
CONTINUOUS
10
2.6562594881889763
20
-8.202526692913386
11
2.6560856299212596
21
-8.2024546456692917
0
LINE
8
BLACK
6
CONTINUOUS
10
2.6560856299212596
20
-8.2024546456692917
11
2.6558988976377953
21
-8.2024309448818897
0
LINE
8
BLACK
6
CONTINUOUS
10
2.6558988976377953
20
-8.2024309448818897
11
2.6555577559055119
21
-8.2022360236220475
0
LINE
8
BLACK
6
CONTINUOUS
10
2.6555577559055119
20
-8.2022360236220475
11
2.6551950787401575
21
-8.2020857874015753
0
LINE
8
BLACK
6
CONTINUOUS
10
2.6551950787401575
20
-8.2020857874015753
11
2.6550620472440944
21
-8.201952755905511
0
LINE
8
BLACK
6
CONTINUOUS
10
2.6550620472440944
20
-8.201952755905511
11
2.6548985433070866
21
-8.2018593307086611
0
LINE
8
BLACK
6
CONTINUOUS
10
2.6548985433070866
20
-8.2018593307086611
11
2.6546579921259843
21
-8.2015487007874022
0
LINE
8
BLACK
6
CONTINUOUS
10
2.6546579921259843
20
-8.2015487007874022
11
2.654380433070866
21
-8.201271141732283
0
LINE
8
BLACK
6
CONTINUOUS
10
2.654380433070866
20
-8.201271141732283
11
2.6543083858267718
21
-8.2010972440944876
0
LINE
8
BLACK
6
CONTINUOUS
10
2.6543083858267718
20
-8.2010972440944876
11
2.6541931496062992
21
-8.2009484251968505
0
LINE
8
BLACK
6
CONTINUOUS
10
2.6541931496062992
20
-8.2009484251968505
11
2.6540898031496063
21
-8.2005695275590558
0
LINE
8
BLACK
6
CONTINUOUS
10
2.6540898031496063
20
-8.2005695275590558
11
2.6539395275590549
21
-8.2002067322834638
0
LINE
8
BLACK
6
CONTINUOUS
10
2.6539395275590549
20
-8.2002067322834638
11
2.6539105118110236
21
-8.1999121259842518
0
LINE
8
BLACK
6
CONTINUOUS
10
2.6539105118110236
20
-8.1999121259842518
11
2.6538900000000001
21
-8.1998369291338573
0
LINE
8
BLACK
6
CONTINUOUS
10
2.6538900000000001
20
-8.1998369291338573
11
2.6538973622047242
21
-8.1997788188976379
0
LINE
8
BLACK
6
CONTINUOUS
10
2.6538973622047242
20
-8.1997788188976379
11
2.6538827952755906
21
-8.1996306692913379
0
LINE
8
BLACK
6
CONTINUOUS
10
2.6538827952755906
20
-8.1996306692913379
11
2.6538827952755906
21
-8.1602605905511805
0
LINE
8
BLACK
6
CONTINUOUS
10
2.6538827952755906
20
-8.1602605905511805
11
2.6539395275590549
21
-8.1596845275590546
0
LINE
8
BLACK
6
CONTINUOUS
10
2.6539395275590549
20
-8.1596845275590546
11
2.654380433070866
21
-8.1586201181102354
0
LINE
8
BLACK
6
CONTINUOUS
10
2.654380433070866
20
-8.1586201181102354
11
2.6551950787401575
21
-8.1578054724409448
0
LINE
8
BLACK
6
CONTINUOUS
10
2.6551950787401575
20
-8.1578054724409448
11
2.6562594881889763
21
-8.1573645669291341
0
LINE
8
BLACK
6
CONTINUOUS
10
2.6562594881889763
20
-8.1573645669291341
11
2.6574116141732285
21
-8.1573645669291341
0
LINE
8
BLACK
6
CONTINUOUS
10
2.6574116141732285
20
-8.1573645669291341
11
2.6584760236220473
21
-8.1578054724409448
0
LINE
8
BLACK
6
CONTINUOUS
10
2.6584760236220473
20
-8.1578054724409448
11
2.6592906692913387
21
-8.1586201181102354
0
LINE
8
BLACK
6
CONTINUOUS
10
2.6592906692913387
20
-8.1586201181102354
11
2.6597315748031494
21
-8.1596845275590546
0
LINE
8
BLACK
6
CONTINUOUS
10
2.6597315748031494
20
-8.1596845275590546
11
2.6597883070866142
21
-8.1602605905511805
0
LINE
8
BLACK
6
CONTINUOUS
10
2.6597883070866142
20
-8.1602605905511805
11
2.6597883070866142
21
-8.1885118897637792
0
LINE
8
BLACK
6
CONTINUOUS
10
2.6597883070866142
20
-8.1885118897637792
11
2.6767690157480315
21
-8.1587955905511809
0
LINE
8
BLACK
6
CONTINUOUS
10
2.6767690157480315
20
-8.1587955905511809
11
2.6768551968503935
21
-8.158674133858268
0
LINE
8
BLACK
6
CONTINUOUS
10
2.6768551968503935
20
-8.158674133858268
11
2.6768775984251967
21
-8.1586201181102354
0
LINE
8
BLACK
6
CONTINUOUS
10
2.6768775984251967
20
-8.1586201181102354
11
2.6769325984251968
21
-8.1585650787401569
0
LINE
8
BLACK
6
CONTINUOUS
10
2.6769325984251968
20
-8.1585650787401569
11
2.67710405511811
21
-8.1583235826771645
0
LINE
8
BLACK
6
CONTINUOUS
10
2.67710405511811
20
-8.1583235826771645
11
2.6774146062992124
21
-8.1580830708661409
0
LINE
8
BLACK
6
CONTINUOUS
10
2.6774146062992124
20
-8.1580830708661409
11
2.6776922440944881
21
-8.1578054724409448
0
LINE
8
BLACK
6
CONTINUOUS
10
2.6776922440944881
20
-8.1578054724409448
11
2.6778661811023623
21
-8.1577333858267718
0
LINE
8
BLACK
6
CONTINUOUS
10
2.6778661811023623
20
-8.1577333858267718
11
2.6780149999999998
21
-8.157618188976377
0
LINE
8
BLACK
6
CONTINUOUS
10
2.6780149999999998
20
-8.157618188976377
11
2.6783937795275592
21
-8.1575148425196851
0
LINE
8
BLACK
6
CONTINUOUS
10
2.6783937795275592
20
-8.1575148425196851
11
2.6787566535433069
21
-8.1573645669291341
0
LINE
8
BLACK
6
CONTINUOUS
10
2.6787566535433069
20
-8.1573645669291341
11
2.6789448818897639
21
-8.1573645669291341
0
LINE
8
BLACK
6
CONTINUOUS
10
2.6789448818897639
20
-8.1573645669291341
11
2.6791264566929134
21
-8.1573150393700793
0
LINE
8
BLACK
6
CONTINUOUS
10
2.6791264566929134
20
-8.1573150393700793
11
2.6795161023622045
21
-8.1573645669291341
0
LINE
8
BLACK
6
CONTINUOUS
10
2.7586489370078739
20
-8.1573645669291341
11
2.7597133464566928
21
-8.1578054724409448
0
LINE
8
BLACK
6
CONTINUOUS
10
2.7597133464566928
20
-8.1578054724409448
11
2.7605279921259842
21
-8.1586201181102354
0
LINE
8
BLACK
6
CONTINUOUS
10
2.7605279921259842
20
-8.1586201181102354
11
2.7609688976377953
21
-8.1596845275590546
0
LINE
8
BLACK
6
CONTINUOUS
10
2.7609688976377953
20
-8.1596845275590546
11
2.7610256299212597
21
-8.1602605905511805
0
LINE
8
BLACK
6
CONTINUOUS
10
2.7610256299212597
20
-8.1602605905511805
11
2.7610256299212597
21
-8.1996306692913379
0
LINE
8
BLACK
6
CONTINUOUS
10
2.7610256299212597
20
-8.1996306692913379
11
2.7609688976377953
21
-8.2002067322834638
0
LINE
8
BLACK
6
CONTINUOUS
10
2.7609688976377953
20
-8.2002067322834638
11
2.7605279921259842
21
-8.201271141732283
0
LINE
8
BLACK
6
CONTINUOUS
10
2.7605279921259842
20
-8.201271141732283
11
2.7597133464566928
21
-8.2020857874015753
0
LINE
8
BLACK
6
CONTINUOUS
10
2.7597133464566928
20
-8.2020857874015753
11
2.7586489370078739
21
-8.202526692913386
0
LINE
8
BLACK
6
CONTINUOUS
10
2.7586489370078739
20
-8.202526692913386
11
2.7574968110236218
21
-8.202526692913386
0
LINE
8
BLACK
6
CONTINUOUS
10
2.7574968110236218
20
-8.202526692913386
11
2.756432401574803
21
-8.2020857874015753
0
LINE
8
BLACK
6
CONTINUOUS
10
2.756432401574803
20
-8.2020857874015753
11
2.7556177559055119
21
-8.201271141732283
0
LINE
8
BLACK
6
CONTINUOUS
10
2.7556177559055119
20
-8.201271141732283
11
2.7551768503937009
21
-8.2002067322834638
0
LINE
8
BLACK
6
CONTINUOUS
10
2.7551768503937009
20
-8.2002067322834638
11
2.755120118110236
21
-8.1996306692913379
0
LINE
8
BLACK
6
CONTINUOUS
10
2.755120118110236
20
-8.1996306692913379
11
2.755120118110236
21
-8.1838357480314965
0
LINE
8
BLACK
6
CONTINUOUS
10
2.755120118110236
20
-8.1838357480314965
11
2.7430747637795276
21
-8.1838357480314965
0
LINE
8
BLACK
6
CONTINUOUS
10
2.7430747637795276
20
-8.1838357480314965
11
2.7424987007874013
21
-8.1837790157480317
0
LINE
8
BLACK
6
CONTINUOUS
10
2.7424987007874013
20
-8.1837790157480317
11
2.7424007086614171
21
-8.1837384251968501
0
LINE
8
BLACK
6
CONTINUOUS
10
2.7424007086614171
20
-8.1837384251968501
11
2.7422948425196849
21
-8.1837309055118101
0
LINE
8
BLACK
6
CONTINUOUS
10
2.7422948425196849
20
-8.1837309055118101
11
2.7417542519685041
21
-8.1835240157480307
0
LINE
8
BLACK
6
CONTINUOUS
10
2.7417542519685041
20
-8.1835240157480307
11
2.738004724409449
21
-8.1816492519685031
0
LINE
8
BLACK
6
CONTINUOUS
10
2.738004724409449
20
-8.1816492519685031
11
2.7377566929133859
21
-8.1814931496062986
0
LINE
8
BLACK
6
CONTINUOUS
10
2.7377566929133859
20
-8.1814931496062986
11
2.7376847637795274
21
-8.1814633464566935
0
LINE
8
BLACK
6
CONTINUOUS
10
2.7376847637795274
20
-8.1814633464566935
11
2.737603779527559
21
-8.1813968503936998
0
LINE
8
BLACK
6
CONTINUOUS
10
2.737603779527559
20
-8.1813968503936998
11
2.7375148425196851
21
-8.18134090551181
0
LINE
8
BLACK
6
CONTINUOUS
10
2.7375148425196851
20
-8.18134090551181
11
2.7374636614173227
21
-8.1812818897637793
0
LINE
8
BLACK
6
CONTINUOUS
10
2.7374636614173227
20
-8.1812818897637793
11
2.7372373228346456
21
-8.1810961417322829
0
LINE
8
BLACK
6
CONTINUOUS
10
2.7372373228346456
20
-8.1810961417322829
11
2.735362559055118
21
-8.1792213779527554
0
LINE
8
BLACK
6
CONTINUOUS
10
2.735362559055118
20
-8.1792213779527554
11
2.7351767716535433
21
-8.1789950000000005
0
LINE
8
BLACK
6
CONTINUOUS
10
2.7351767716535433
20
-8.1789950000000005
11
2.7351177952755905
21
-8.1789438582677167
0
LINE
8
BLACK
6
CONTINUOUS
10
2.7351177952755905
20
-8.1789438582677167
11
2.735061811023622
21
-8.1788548818897642
0
LINE
8
BLACK
6
CONTINUOUS
10
2.735061811023622
20
-8.1788548818897642
11
2.7349953543307084
21
-8.1787739370078736
0
LINE
8
BLACK
6
CONTINUOUS
10
2.7349953543307084
20
-8.1787739370078736
11
2.7349655118110237
21
-8.1787019685039368
0
LINE
8
BLACK
6
CONTINUOUS
10
2.7349655118110237
20
-8.1787019685039368
11
2.7348094488188974
21
-8.178453976377952
0
LINE
8
BLACK
6
CONTINUOUS
10
2.7348094488188974
20
-8.178453976377952
11
2.7329346850393699
21
-8.1747044488188969
0
LINE
8
BLACK
6
CONTINUOUS
10
2.7329346850393699
20
-8.1747044488188969
11
2.7327277952755904
21
-8.1741638188976378
0
LINE
8
BLACK
6
CONTINUOUS
10
2.7327277952755904
20
-8.1741638188976378
11
2.7327202755905513
21
-8.1740579921259844
0
LINE
8
BLACK
6
CONTINUOUS
10
2.7327202755905513
20
-8.1740579921259844
11
2.7326796850393702
21
-8.1739599999999992
0
LINE
8
BLACK
6
CONTINUOUS
10
2.7326796850393702
20
-8.1739599999999992
11
2.7326229527559054
21
-8.1733839370078734
0
LINE
8
BLACK
6
CONTINUOUS
10
2.7326229527559054
20
-8.1733839370078734
11
2.7326229527559054
21
-8.1677596456692907
0
LINE
8
BLACK
6
CONTINUOUS
10
2.7326229527559054
20
-8.1677596456692907
11
2.7326796850393702
21
-8.1671835826771648
0
LINE
8
BLACK
6
CONTINUOUS
10
2.7326796850393702
20
-8.1671835826771648
11
2.7327202755905513
21
-8.1670855511811027
0
LINE
8
BLACK
6
CONTINUOUS
10
2.7327202755905513
20
-8.1670855511811027
11
2.7327277952755904
21
-8.1669797637795281
0
LINE
8
BLACK
6
CONTINUOUS
10
2.7327277952755904
20
-8.1669797637795281
11
2.7329346850393699
21
-8.1664391338582671
0
LINE
8
BLACK
6
CONTINUOUS
10
2.7329346850393699
20
-8.1664391338582671
11
2.7348094488188974
21
-8.162689606299212
0
LINE
8
BLACK
6
CONTINUOUS
10
2.7348094488188974
20
-8.162689606299212
11
2.7349655118110237
21
-8.1624415748031502
0
LINE
8
BLACK
6
CONTINUOUS
10
2.7349655118110237
20
-8.1624415748031502
11
2.7349953543307084
21
-8.1623696456692905
0
LINE
8
BLACK
6
CONTINUOUS
10
2.7349953543307084
20
-8.1623696456692905
11
2.735061811023622
21
-8.1622886614173229
0
LINE
8
BLACK
6
CONTINUOUS
10
2.735061811023622
20
-8.1622886614173229
11
2.7351177952755905
21
-8.1621997244094491
0
LINE
8
BLACK
6
CONTINUOUS
10
2.7351177952755905
20
-8.1621997244094491
11
2.7351767716535433
21
-8.1621485433070866
0
LINE
8
BLACK
6
CONTINUOUS
10
2.7351767716535433
20
-8.1621485433070866
11
2.735362559055118
21
-8.1619222047244087
0
LINE
8
BLACK
6
CONTINUOUS
10
2.735362559055118
20
-8.1619222047244087
11
2.7372373228346456
21
-8.1600474409448811
0
LINE
8
BLACK
6
CONTINUOUS
10
2.7372373228346456
20
-8.1600474409448811
11
2.7374636614173227
21
-8.1598616535433077
0
LINE
8
BLACK
6
CONTINUOUS
10
2.7374636614173227
20
-8.1598616535433077
11
2.7375148425196851
21
-8.159802677165354
0
LINE
8
BLACK
6
CONTINUOUS
10
2.7375148425196851
20
-8.159802677165354
11
2.737603779527559
21
-8.1597466929133855
0
LINE
8
BLACK
6
CONTINUOUS
10
2.737603779527559
20
-8.1597466929133855
11
2.7376847637795274
21
-8.1596802362204723
0
LINE
8
BLACK
6
CONTINUOUS
10
2.7376847637795274
20
-8.1596802362204723
11
2.7377566929133859
21
-8.1596503937007867
0
LINE
8
BLACK
6
CONTINUOUS
10
2.7377566929133859
20
-8.1596503937007867
11
2.738004724409449
21
-8.1594943307086609
0
LINE
8
BLACK
6
CONTINUOUS
10
2.738004724409449
20
-8.1594943307086609
11
2.7417542519685041
21
-8.1576195669291334
0
LINE
8
BLACK
6
CONTINUOUS
10
2.7417542519685041
20
-8.1576195669291334
11
2.7422948425196849
21
-8.1574126771653539
0
LINE
8
BLACK
6
CONTINUOUS
10
2.7422948425196849
20
-8.1574126771653539
11
2.7424007086614171
21
-8.1574051181102352
0
LINE
8
BLACK
6
CONTINUOUS
10
2.7424007086614171
20
-8.1574051181102352
11
2.7424987007874013
21
-8.1573645669291341
0
LINE
8
BLACK
6
CONTINUOUS
10
2.7424987007874013
20
-8.1573645669291341
11
2.7430747637795276
21
-8.1573078346456693
0
LINE
8
BLACK
6
CONTINUOUS
10
2.7430747637795276
20
-8.1573078346456693
11
2.7580728740157481
21
-8.1573078346456693
0
LINE
8
BLACK
6
CONTINUOUS
10
2.7580728740157481
20
-8.1573078346456693
11
2.7586489370078739
21
-8.1573645669291341
0
LINE
8
BLACK
6
CONTINUOUS
10
2.7410743307086611
20
-8.1645620866141737
11
2.7398772047244093
21
-8.1657592125984255
0
LINE
8
BLACK
6
CONTINUOUS
10
2.7398772047244093
20
-8.1657592125984255
11
2.738528464566929
21
-8.1684566929133862
0
LINE
8
BLACK
6
CONTINUOUS
10
2.738528464566929
20
-8.1684566929133862
11
2.738528464566929
21
-8.1726868897637797
0
LINE
8
BLACK
6
CONTINUOUS
10
2.738528464566929
20
-8.1726868897637797
11
2.7398772047244093
21
-8.1753843700787403
0
LINE
8
BLACK
6
CONTINUOUS
10
2.7398772047244093
20
-8.1753843700787403
11
2.7410743307086611
21
-8.1765814960629921
0
LINE
8
BLACK
6
CONTINUOUS
10
2.7410743307086611
20
-8.1765814960629921
11
2.7437718110236218
21
-8.1779302362204724
0
LINE
8
BLACK
6
CONTINUOUS
10
2.7437718110236218
20
-8.1779302362204724
11
2.755120118110236
21
-8.1779302362204724
0
LINE
8
BLACK
6
CONTINUOUS
10
2.755120118110236
20
-8.1779302362204724
11
2.755120118110236
21
-8.1632133464566934
0
LINE
8
BLACK
6
CONTINUOUS
10
2.755120118110236
20
-8.1632133464566934
11
2.7437718110236218
21
-8.1632133464566934
0
LINE
8
BLACK
6
CONTINUOUS
10
2.7437718110236218
20
-8.1632133464566934
11
2.7410743307086611
21
-8.1645620866141737
0
LINE
8
BLACK
6
CONTINUOUS
10
2.7942694881889762
20
-8.1573645669291341
11
2.7953338976377951
21
-8.1578054724409448
0
LINE
8
BLACK
6
CONTINUOUS
10
2.7953338976377951
20
-8.1578054724409448
11
2.7961485433070865
21
-8.1586201181102354
0
LINE
8
BLACK
6
CONTINUOUS
10
2.7961485433070865
20
-8.1586201181102354
11
2.7965894488188976
21
-8.1596845275590546
0
LINE
8
BLACK
6
CONTINUOUS
10
2.7965894488188976
20
-8.1596845275590546
11
2.7965894488188976
21
-8.1608366535433063
0
LINE
8
BLACK
6
CONTINUOUS
10
2.7965894488188976
20
-8.1608366535433063
11
2.7961485433070865
21
-8.1619010629921256
0
LINE
8
BLACK
6
CONTINUOUS
10
2.7961485433070865
20
-8.1619010629921256
11
2.7953338976377951
21
-8.1627157086614179
0
LINE
8
BLACK
6
CONTINUOUS
10
2.7953338976377951
20
-8.1627157086614179
11
2.7942694881889762
21
-8.1631566141732286
0
LINE
8
BLACK
6
CONTINUOUS
10
2.7942694881889762
20
-8.1631566141732286
11
2.7936934251968504
21
-8.1632133464566934
0
LINE
8
BLACK
6
CONTINUOUS
10
2.7936934251968504
20
-8.1632133464566934
11
2.7853975984251966
21
-8.1632133464566934
0
LINE
8
BLACK
6
CONTINUOUS
10
2.7853975984251966
20
-8.1632133464566934
11
2.7853975984251966
21
-8.1996306692913379
0
LINE
8
BLACK
6
CONTINUOUS
10
2.7853975984251966
20
-8.1996306692913379
11
2.7853408661417323
21
-8.2002067322834638
0
LINE
8
BLACK
6
CONTINUOUS
10
2.7853408661417323
20
-8.2002067322834638
11
2.7848999606299212
21
-8.201271141732283
0
LINE
8
BLACK
6
CONTINUOUS
10
2.7848999606299212
20
-8.201271141732283
11
2.7840853149606297
21
-8.2020857874015753
0
LINE
8
BLACK
6
CONTINUOUS
10
2.7840853149606297
20
-8.2020857874015753
11
2.7830209055118109
21
-8.202526692913386
0
LINE
8
BLACK
6
CONTINUOUS
10
2.7830209055118109
20
-8.202526692913386
11
2.7818687795275592
21
-8.202526692913386
0
LINE
8
BLACK
6
CONTINUOUS
10
2.7818687795275592
20
-8.202526692913386
11
2.7808043700787399
21
-8.2020857874015753
0
LINE
8
BLACK
6
CONTINUOUS
10
2.7808043700787399
20
-8.2020857874015753
11
2.7799897244094489
21
-8.201271141732283
0
LINE
8
BLACK
6
CONTINUOUS
10
2.7799897244094489
20
-8.201271141732283
11
2.7795488188976378
21
-8.2002067322834638
0
LINE
8
BLACK
6
CONTINUOUS
10
2.7795488188976378
20
-8.2002067322834638
11
2.779492086614173
21
-8.1996306692913379
0
LINE
8
BLACK
6
CONTINUOUS
10
2.779492086614173
20
-8.1996306692913379
11
2.779492086614173
21
-8.1632133464566934
0
LINE
8
BLACK
6
CONTINUOUS
10
2.779492086614173
20
-8.1632133464566934
11
2.7711962598425197
21
-8.1632133464566934
0
LINE
8
BLACK
6
CONTINUOUS
10
2.7711962598425197
20
-8.1632133464566934
11
2.7706201968503938
21
-8.1631566141732286
0
LINE
8
BLACK
6
CONTINUOUS
10
2.7706201968503938
20
-8.1631566141732286
11
2.7695557874015746
21
-8.1627157086614179
0
LINE
8
BLACK
6
CONTINUOUS
10
2.7695557874015746
20
-8.1627157086614179
11
2.7687411417322836
21
-8.1619010629921256
0
LINE
8
BLACK
6
CONTINUOUS
10
2.7687411417322836
20
-8.1619010629921256
11
2.7683002362204725
21
-8.1608366535433063
0
LINE
8
BLACK
6
CONTINUOUS
10
2.7683002362204725
20
-8.1608366535433063
11
2.7683002362204725
21
-8.1596845275590546
0
LINE
8
BLACK
6
CONTINUOUS
10
2.7683002362204725
20
-8.1596845275590546
11
2.7687411417322836
21
-8.1586201181102354
0
LINE
8
BLACK
6
CONTINUOUS
10
2.7687411417322836
20
-8.1586201181102354
11
2.7695557874015746
21
-8.1578054724409448
0
LINE
8
BLACK
6
CONTINUOUS
10
2.7695557874015746
20
-8.1578054724409448
11
2.7706201968503938
21
-8.1573645669291341
0
LINE
8
BLACK
6
CONTINUOUS
10
2.7706201968503938
20
-8.1573645669291341
11
2.7711962598425197
21
-8.1573078346456693
0
LINE
8
BLACK
6
CONTINUOUS
10
2.7711962598425197
20
-8.1573078346456693
11
2.7936934251968504
21
-8.1573078346456693
0
LINE
8
BLACK
6
CONTINUOUS
10
2.7936934251968504
20
-8.1573078346456693
11
2.7942694881889762
21
-8.1573645669291341
0
LINE
8
BLACK
6
CONTINUOUS
10
2.8561287007874014
20
-8.1534275590551175
11
2.856417992125984
21
-8.1534275590551175
0
LINE
8
BLACK
6
CONTINUOUS
10
2.856417992125984
20
-8.1534275590551175
11
2.8566880708661415
21
-8.1535394094488183
0
LINE
8
BLACK
6
CONTINUOUS
10
2.8566880708661415
20
-8.1535394094488183
11
2.8569747244094486
21
-8.1535967716535431
0
LINE
8
BLACK
6
CONTINUOUS
10
2.8569747244094486
20
-8.1535967716535431
11
2.8572150787401576
21
-8.1537577165354325
0
LINE
8
BLACK
6
CONTINUOUS
10
2.8572150787401576
20
-8.1537577165354325
11
2.8574824015748033
21
-8.1538684645669282
0
LINE
8
BLACK
6
CONTINUOUS
10
2.8574824015748033
20
-8.1538684645669282
11
2.857689094488189
21
-8.1540751574803156
0
LINE
8
BLACK
6
CONTINUOUS
10
2.857689094488189
20
-8.1540751574803156
11
2.8579320078740156
21
-8.1542378346456683
0
LINE
8
BLACK
6
CONTINUOUS
10
2.8579320078740156
20
-8.1542378346456683
11
2.858295
21
-8.1546810629921254
0
LINE
8
BLACK
6
CONTINUOUS
10
2.858295
20
-8.1546810629921254
11
2.8582970472440943
21
-8.1546831102362205
0
LINE
8
BLACK
6
CONTINUOUS
10
2.8582970472440943
20
-8.1546831102362205
11
2.8582974015748031
21
-8.1546839763779531
0
LINE
8
BLACK
6
CONTINUOUS
10
2.8582974015748031
20
-8.1546839763779531
11
2.858298779527559
21
-8.1546856692913376
0
LINE
8
BLACK
6
CONTINUOUS
10
2.858298779527559
20
-8.1546856692913376
11
2.8618861023622046
21
-8.1600666929133858
0
LINE
8
BLACK
6
CONTINUOUS
10
2.8618861023622046
20
-8.1600666929133858
11
2.8650900787401574
21
-8.1632706692913377
0
LINE
8
BLACK
6
CONTINUOUS
10
2.8650900787401574
20
-8.1632706692913377
11
2.868411023622047
21
-8.1649311417322838
0
LINE
8
BLACK
6
CONTINUOUS
10
2.868411023622047
20
-8.1649311417322838
11
2.8689009055118109
21
-8.1652394881889769
0
LINE
8
BLACK
6
CONTINUOUS
10
2.8689009055118109
20
-8.1652394881889769
11
2.8696557480314961
21
-8.1661098818897635
0
LINE
8
BLACK
6
CONTINUOUS
10
2.8696557480314961
20
-8.1661098818897635
11
2.8700200787401573
21
-8.1672028346456695
0
LINE
8
BLACK
6
CONTINUOUS
10
2.8700200787401573
20
-8.1672028346456695
11
2.8699384251968505
21
-8.1683520472440936
0
LINE
8
BLACK
6
CONTINUOUS
10
2.8699384251968505
20
-8.1683520472440936
11
2.8694231496062992
21
-8.1693825590551175
0
LINE
8
BLACK
6
CONTINUOUS
10
2.8694231496062992
20
-8.1693825590551175
11
2.8685527952755905
21
-8.1701374015748023
0
LINE
8
BLACK
6
CONTINUOUS
10
2.8685527952755905
20
-8.1701374015748023
11
2.8674598031496061
21
-8.1705017322834639
0
LINE
8
BLACK
6
CONTINUOUS
10
2.8674598031496061
20
-8.1705017322834639
11
2.8663105905511812
21
-8.1704200787401575
0
LINE
8
BLACK
6
CONTINUOUS
10
2.8663105905511812
20
-8.1704200787401575
11
2.8657699999999999
21
-8.170213188976378
0
LINE
8
BLACK
6
CONTINUOUS
10
2.8657699999999999
20
-8.170213188976378
11
2.8620204724409448
21
-8.1683384251968505
0
LINE
8
BLACK
6
CONTINUOUS
10
2.8620204724409448
20
-8.1683384251968505
11
2.8617726377952755
21
-8.1681824015748035
0
LINE
8
BLACK
6
CONTINUOUS
10
2.8617726377952755
20
-8.1681824015748035
11
2.8617005118110237
21
-8.1681525590551178
0
LINE
8
BLACK
6
CONTINUOUS
10
2.8617005118110237
20
-8.1681525590551178
11
2.8616193307086615
21
-8.1680859448818897
0
LINE
8
BLACK
6
CONTINUOUS
10
2.8616193307086615
20
-8.1680859448818897
11
2.861530590551181
21
-8.1680300787401574
0
LINE
8
BLACK
6
CONTINUOUS
10
2.861530590551181
20
-8.1680300787401574
11
2.8614794488188977
21
-8.1679711417322824
0
LINE
8
BLACK
6
CONTINUOUS
10
2.8614794488188977
20
-8.1679711417322824
11
2.8612530708661414
21
-8.1677853149606303
0
LINE
8
BLACK
6
CONTINUOUS
10
2.8612530708661414
20
-8.1677853149606303
11
2.8587946850393702
21
-8.1653269291338582
0
LINE
8
BLACK
6
CONTINUOUS
10
2.8587946850393702
20
-8.1653269291338582
11
2.8587946850393702
21
-8.1927409055118101
0
LINE
8
BLACK
6
CONTINUOUS
10
2.8587946850393702
20
-8.1927409055118101
11
2.8670905118110235
21
-8.1927409055118101
0
LINE
8
BLACK
6
CONTINUOUS
10
2.8670905118110235
20
-8.1927409055118101
11
2.8676665748031493
21
-8.1927976377952749
0
LINE
8
BLACK
6
CONTINUOUS
10
2.8676665748031493
20
-8.1927976377952749
11
2.8687309842519686
21
-8.1932385433070856
0
LINE
8
BLACK
6
CONTINUOUS
10
2.8687309842519686
20
-8.1932385433070856
11
2.8695456299212596
21
-8.1940531889763779
0
LINE
8
BLACK
6
CONTINUOUS
10
2.8695456299212596
20
-8.1940531889763779
11
2.8699865354330707
21
-8.1951175984251972
0
LINE
8
BLACK
6
CONTINUOUS
10
2.8699865354330707
20
-8.1951175984251972
11
2.8699865354330707
21
-8.1962697244094489
0
LINE
8
BLACK
6
CONTINUOUS
10
2.8699865354330707
20
-8.1962697244094489
11
2.8695456299212596
21
-8.1973341338582681
0
LINE
8
BLACK
6
CONTINUOUS
10
2.8695456299212596
20
-8.1973341338582681
11
2.8687309842519686
21
-8.1981487795275587
0
LINE
8
BLACK
6
CONTINUOUS
10
2.8687309842519686
20
-8.1981487795275587
11
2.8676665748031493
21
-8.1985896850393694
0
LINE
8
BLACK
6
CONTINUOUS
10
2.8676665748031493
20
-8.1985896850393694
11
2.8670905118110235
21
-8.1986464173228342
0
LINE
8
BLACK
6
CONTINUOUS
10
2.8670905118110235
20
-8.1986464173228342
11
2.8445933464566928
21
-8.1986464173228342
0
LINE
8
BLACK
6
CONTINUOUS
10
2.8445933464566928
20
-8.1986464173228342
11
2.8440172834645669
21
-8.1985896850393694
0
LINE
8
BLACK
6
CONTINUOUS
10
2.8440172834645669
20
-8.1985896850393694
11
2.8429528740157481
21
-8.1981487795275587
0
LINE
8
BLACK
6
CONTINUOUS
10
2.8429528740157481
20
-8.1981487795275587
11
2.8421382283464567
21
-8.1973341338582681
0
LINE
8
BLACK
6
CONTINUOUS
10
2.8421382283464567
20
-8.1973341338582681
11
2.8416973228346456
21
-8.1962697244094489
0
LINE
8
BLACK
6
CONTINUOUS
10
2.8416973228346456
20
-8.1962697244094489
11
2.8416973228346456
21
-8.1951175984251972
0
LINE
8
BLACK
6
CONTINUOUS
10
2.8416973228346456
20
-8.1951175984251972
11
2.8421382283464567
21
-8.1940531889763779
0
LINE
8
BLACK
6
CONTINUOUS
10
2.8421382283464567
20
-8.1940531889763779
11
2.8429528740157481
21
-8.1932385433070856
0
LINE
8
BLACK
6
CONTINUOUS
10
2.8429528740157481
20
-8.1932385433070856
11
2.8440172834645669
21
-8.1927976377952749
0
LINE
8
BLACK
6
CONTINUOUS
10
2.8440172834645669
20
-8.1927976377952749
11
2.8445933464566928
21
-8.1927409055118101
0
LINE
8
BLACK
6
CONTINUOUS
10
2.8445933464566928
20
-8.1927409055118101
11
2.8528891732283466
21
-8.1927409055118101
0
LINE
8
BLACK
6
CONTINUOUS
10
2.8528891732283466
20
-8.1927409055118101
11
2.8528891732283466
21
-8.1563235826771656
0
LINE
8
BLACK
6
CONTINUOUS
10
2.8528891732283466
20
-8.1563235826771656
11
2.8528893700787399
21
-8.1563214960629917
0
LINE
8
BLACK
6
CONTINUOUS
10
2.8528893700787399
20
-8.1563214960629917
11
2.8528891732283466
21
-8.1563204724409442
0
LINE
8
BLACK
6
CONTINUOUS
10
2.8528891732283466
20
-8.1563204724409442
11
2.8528897637795274
21
-8.156317440944882
0
LINE
8
BLACK
6
CONTINUOUS
10
2.8528897637795274
20
-8.156317440944882
11
2.8529459055118109
21
-8.1557475196850397
0
LINE
8
BLACK
6
CONTINUOUS
10
2.8529459055118109
20
-8.1557475196850397
11
2.8530577559055117
21
-8.1554774015748031
0
LINE
8
BLACK
6
CONTINUOUS
10
2.8530577559055117
20
-8.1554774015748031
11
2.8531151181102361
21
-8.1551907874015743
0
LINE
8
BLACK
6
CONTINUOUS
10
2.8531151181102361
20
-8.1551907874015743
11
2.8532760629921259
21
-8.154950393700787
0
LINE
8
BLACK
6
CONTINUOUS
10
2.8532760629921259
20
-8.154950393700787
11
2.853386811023622
21
-8.1546831102362205
0
LINE
8
BLACK
6
CONTINUOUS
10
2.853386811023622
20
-8.1546831102362205
11
2.8535935039370077
21
-8.154476377952756
0
LINE
8
BLACK
6
CONTINUOUS
10
2.8535935039370077
20
-8.154476377952756
11
2.8537561811023622
21
-8.1542335039370073
0
LINE
8
BLACK
6
CONTINUOUS
10
2.8537561811023622
20
-8.1542335039370073
11
2.8539968897637795
21
-8.1540729921259842
0
LINE
8
BLACK
6
CONTINUOUS
10
2.8539968897637795
20
-8.1540729921259842
11
2.8542014566929135
21
-8.1538684645669282
0
LINE
8
BLACK
6
CONTINUOUS
10
2.8542014566929135
20
-8.1538684645669282
11
2.854471535433071
21
-8.1537565748031486
0
LINE
8
BLACK
6
CONTINUOUS
10
2.854471535433071
20
-8.1537565748031486
11
2.8547148031496064
21
-8.153594409448818
0
LINE
8
BLACK
6
CONTINUOUS
10
2.8547148031496064
20
-8.153594409448818
11
2.8549985826771653
21
-8.1535382677165344
0
LINE
8
BLACK
6
CONTINUOUS
10
2.8549985826771653
20
-8.1535382677165344
11
2.8552658661417323
21
-8.1534275590551175
0
LINE
8
BLACK
6
CONTINUOUS
10
2.8552658661417323
20
-8.1534275590551175
11
2.8555582677165354
21
-8.1534275590551175
0
LINE
8
BLACK
6
CONTINUOUS
10
2.8555582677165354
20
-8.1534275590551175
11
2.8558450393700787
21
-8.1533708267716527
0
LINE
8
BLACK
6
CONTINUOUS
10
2.8558450393700787
20
-8.1533708267716527
11
2.8561287007874014
21
-8.1534275590551175
0
LINE
8
BLACK
6
CONTINUOUS
10
2.9366698818897636
20
-8.1533917716535438
11
2.9367418897637796
21
-8.1533846062992126
0
LINE
8
BLACK
6
CONTINUOUS
10
2.9367418897637796
20
-8.1533846062992126
11
2.9368122047244092
21
-8.1534057874015744
0
LINE
8
BLACK
6
CONTINUOUS
10
2.9368122047244092
20
-8.1534057874015744
11
2.9370329133858268
21
-8.1534275590551175
0
LINE
8
BLACK
6
CONTINUOUS
10
2.9370329133858268
20
-8.1534275590551175
11
2.9374315748031496
21
-8.1535926771653546
0
LINE
8
BLACK
6
CONTINUOUS
10
2.9374315748031496
20
-8.1535926771653546
11
2.9378448818897636
21
-8.1537174015748022
0
LINE
8
BLACK
6
CONTINUOUS
10
2.9378448818897636
20
-8.1537174015748022
11
2.9379599606299212
21
-8.1538115354330714
0
LINE
8
BLACK
6
CONTINUOUS
10
2.9379599606299212
20
-8.1538115354330714
11
2.9380973228346456
21
-8.1538684645669282
0
LINE
8
BLACK
6
CONTINUOUS
10
2.9380973228346456
20
-8.1538684645669282
11
2.9384025590551182
21
-8.1541737007874016
0
LINE
8
BLACK
6
CONTINUOUS
10
2.9384025590551182
20
-8.1541737007874016
11
2.9387365354330708
21
-8.1544469685039367
0
LINE
8
BLACK
6
CONTINUOUS
10
2.9387365354330708
20
-8.1544469685039367
11
2.9388067716535433
21
-8.1545779133858272
0
LINE
8
BLACK
6
CONTINUOUS
10
2.9388067716535433
20
-8.1545779133858272
11
2.9389119685039371
21
-8.1546831102362205
0
LINE
8
BLACK
6
CONTINUOUS
10
2.9389119685039371
20
-8.1546831102362205
11
2.9390771259842521
21
-8.15508188976378
0
LINE
8
BLACK
6
CONTINUOUS
10
2.9390771259842521
20
-8.15508188976378
11
2.9392811811023623
21
-8.1554622047244099
0
LINE
8
BLACK
6
CONTINUOUS
10
2.9392811811023623
20
-8.1554622047244099
11
2.9393247637795277
21
-8.1556796850393702
0
LINE
8
BLACK
6
CONTINUOUS
10
2.9393247637795277
20
-8.1556796850393702
11
2.9393528740157482
21
-8.1557475196850397
0
LINE
8
BLACK
6
CONTINUOUS
10
2.9393528740157482
20
-8.1557475196850397
11
2.9393528740157482
21
-8.1558198031496065
0
LINE
8
BLACK
6
CONTINUOUS
10
2.9393528740157482
20
-8.1558198031496065
11
2.939394960629921
21
-8.1560297637795269
0
LINE
8
BLACK
6
CONTINUOUS
10
2.939394960629921
20
-8.1560297637795269
11
2.9412697244094486
21
-8.1747774015748025
0
LINE
8
BLACK
6
CONTINUOUS
10
2.9412697244094486
20
-8.1747774015748025
11
2.9412705905511811
21
-8.1753562598425198
0
LINE
8
BLACK
6
CONTINUOUS
10
2.9412705905511811
20
-8.1753562598425198
11
2.9412276377952757
21
-8.1754985826771644
0
LINE
8
BLACK
6
CONTINUOUS
10
2.9412276377952757
20
-8.1754985826771644
11
2.9412276377952757
21
-8.1756472440944883
0
LINE
8
BLACK
6
CONTINUOUS
10
2.9412276377952757
20
-8.1756472440944883
11
2.9410625196850395
21
-8.176045826771654
0
LINE
8
BLACK
6
CONTINUOUS
10
2.9410625196850395
20
-8.176045826771654
11
2.9409377952755906
21
-8.1764592519685042
0
LINE
8
BLACK
6
CONTINUOUS
10
2.9409377952755906
20
-8.1764592519685042
11
2.9408435826771653
21
-8.1765743700787397
0
LINE
8
BLACK
6
CONTINUOUS
10
2.9408435826771653
20
-8.1765743700787397
11
2.9407867322834647
21
-8.1767116535433075
0
LINE
8
BLACK
6
CONTINUOUS
10
2.9407867322834647
20
-8.1767116535433075
11
2.9404816535433072
21
-8.1770166929133854
0
LINE
8
BLACK
6
CONTINUOUS
10
2.9404816535433072
20
-8.1770166929133854
11
2.9402082283464566
21
-8.1773509055118101
0
LINE
8
BLACK
6
CONTINUOUS
10
2.9402082283464566
20
-8.1773509055118101
11
2.9400771653543307
21
-8.1774211811023623
0
LINE
8
BLACK
6
CONTINUOUS
10
2.9400771653543307
20
-8.1774211811023623
11
2.9399720472440944
21
-8.1775263385826769
0
LINE
8
BLACK
6
CONTINUOUS
10
2.9399720472440944
20
-8.1775263385826769
11
2.9395734251968504
21
-8.1776914173228352
0
LINE
8
BLACK
6
CONTINUOUS
10
2.9395734251968504
20
-8.1776914173228352
11
2.9391929921259843
21
-8.177895551181102
0
LINE
8
BLACK
6
CONTINUOUS
10
2.9391929921259843
20
-8.177895551181102
11
2.9390449606299214
21
-8.1779103149606289
0
LINE
8
BLACK
6
CONTINUOUS
10
2.9390449606299214
20
-8.1779103149606289
11
2.9389076377952756
21
-8.1779672440944875
0
LINE
8
BLACK
6
CONTINUOUS
10
2.9389076377952756
20
-8.1779672440944875
11
2.9384761023622046
21
-8.1779672440944875
0
LINE
8
BLACK
6
CONTINUOUS
10
2.9384761023622046
20
-8.1779672440944875
11
2.9380465748031495
21
-8.1780101968503942
0
LINE
8
BLACK
6
CONTINUOUS
10
2.9380465748031495
20
-8.1780101968503942
11
2.9379042125984252
21
-8.1779672440944875
0
LINE
8
BLACK
6
CONTINUOUS
10
2.9379042125984252
20
-8.1779672440944875
11
2.9377555511811022
21
-8.1779672440944875
0
LINE
8
BLACK
6
CONTINUOUS
10
2.9377555511811022
20
-8.1779672440944875
11
2.9373568503937006
21
-8.1778020866141734
0
LINE
8
BLACK
6
CONTINUOUS
10
2.9373568503937006
20
-8.1778020866141734
11
2.9369435826771655
21
-8.1776774015748028
0
LINE
8
BLACK
6
CONTINUOUS
10
2.9369435826771655
20
-8.1776774015748028
11
2.9368284645669291
21
-8.1775832283464567
0
LINE
8
BLACK
6
CONTINUOUS
10
2.9368284645669291
20
-8.1775832283464567
11
2.9366911417322834
21
-8.1775263385826769
0
LINE
8
BLACK
6
CONTINUOUS
10
2.9366911417322834
20
-8.1775263385826769
11
2.9362437007874016
21
-8.1771591338582681
0
LINE
8
BLACK
6
CONTINUOUS
10
2.9362437007874016
20
-8.1771591338582681
11
2.9347077559055119
21
-8.1756231889763775
0
LINE
8
BLACK
6
CONTINUOUS
10
2.9347077559055119
20
-8.1756231889763775
11
2.9320102755905513
21
-8.1742744488188972
0
LINE
8
BLACK
6
CONTINUOUS
10
2.9320102755905513
20
-8.1742744488188972
11
2.9240305511811022
21
-8.1742744488188972
0
LINE
8
BLACK
6
CONTINUOUS
10
2.9240305511811022
20
-8.1742744488188972
11
2.9213330708661416
21
-8.1756231889763775
0
LINE
8
BLACK
6
CONTINUOUS
10
2.9213330708661416
20
-8.1756231889763775
11
2.9201359448818898
21
-8.1768203149606293
0
LINE
8
BLACK
6
CONTINUOUS
10
2.9201359448818898
20
-8.1768203149606293
11
2.9187872047244094
21
-8.17951779527559
0
LINE
8
BLACK
6
CONTINUOUS
10
2.9187872047244094
20
-8.17951779527559
11
2.9187872047244094
21
-8.1874975196850386
0
LINE
8
BLACK
6
CONTINUOUS
10
2.9187872047244094
20
-8.1874975196850386
11
2.9201359448818898
21
-8.1901949999999992
0
LINE
8
BLACK
6
CONTINUOUS
10
2.9201359448818898
20
-8.1901949999999992
11
2.9213330708661416
21
-8.1913921653543298
0
LINE
8
BLACK
6
CONTINUOUS
10
2.9213330708661416
20
-8.1913921653543298
11
2.9240305511811022
21
-8.1927409055118101
0
LINE
8
BLACK
6
CONTINUOUS
10
2.9240305511811022
20
-8.1927409055118101
11
2.9320102755905513
21
-8.1927409055118101
0
LINE
8
BLACK
6
CONTINUOUS
10
2.9320102755905513
20
-8.1927409055118101
11
2.9347077165354332
21
-8.1913921653543298
0
LINE
8
BLACK
6
CONTINUOUS
10
2.9347077165354332
20
-8.1913921653543298
11
2.9362436614173228
21
-8.189856220472441
0
LINE
8
BLACK
6
CONTINUOUS
10
2.9362436614173228
20
-8.189856220472441
11
2.9366911417322834
21
-8.1894889763779517
0
LINE
8
BLACK
6
CONTINUOUS
10
2.9366911417322834
20
-8.1894889763779517
11
2.9377555511811022
21
-8.1890480708661411
0
LINE
8
BLACK
6
CONTINUOUS
10
2.9377555511811022
20
-8.1890480708661411
11
2.9389076377952756
21
-8.1890480708661411
0
LINE
8
BLACK
6
CONTINUOUS
10
2.9389076377952756
20
-8.1890480708661411
11
2.9399720472440944
21
-8.1894889370078729
0
LINE
8
BLACK
6
CONTINUOUS
10
2.9399720472440944
20
-8.1894889370078729
11
2.9407867322834647
21
-8.190303622047244
0
LINE
8
BLACK
6
CONTINUOUS
10
2.9407867322834647
20
-8.190303622047244
11
2.9412276377952757
21
-8.1913680314960633
0
LINE
8
BLACK
6
CONTINUOUS
10
2.9412276377952757
20
-8.1913680314960633
11
2.9412276377952757
21
-8.1925201181102363
0
LINE
8
BLACK
6
CONTINUOUS
10
2.9412276377952757
20
-8.1925201181102363
11
2.9407867716535434
21
-8.1935845275590555
0
LINE
8
BLACK
6
CONTINUOUS
10
2.9407867716535434
20
-8.1935845275590555
11
2.940419527559055
21
-8.1940320078740161
0
LINE
8
BLACK
6
CONTINUOUS
10
2.940419527559055
20
-8.1940320078740161
11
2.9385448031496062
21
-8.1959067716535436
0
LINE
8
BLACK
6
CONTINUOUS
10
2.9385448031496062
20
-8.1959067716535436
11
2.9383184251968504
21
-8.19609251968504
0
LINE
8
BLACK
6
CONTINUOUS
10
2.9383184251968504
20
-8.19609251968504
11
2.9382672440944879
21
-8.1961515748031495
0
LINE
8
BLACK
6
CONTINUOUS
10
2.9382672440944879
20
-8.1961515748031495
11
2.9381782677165353
21
-8.196207559055118
0
LINE
8
BLACK
6
CONTINUOUS
10
2.9381782677165353
20
-8.196207559055118
11
2.9380973228346456
21
-8.1962740157480312
0
LINE
8
BLACK
6
CONTINUOUS
10
2.9380973228346456
20
-8.1962740157480312
11
2.9380253543307084
21
-8.196303818897638
0
LINE
8
BLACK
6
CONTINUOUS
10
2.9380253543307084
20
-8.196303818897638
11
2.9377773622047245
21
-8.1964599212598426
0
LINE
8
BLACK
6
CONTINUOUS
10
2.9377773622047245
20
-8.1964599212598426
11
2.9340278346456694
21
-8.1983346850393701
0
LINE
8
BLACK
6
CONTINUOUS
10
2.9340278346456694
20
-8.1983346850393701
11
2.9334872047244094
21
-8.1985415748031496
0
LINE
8
BLACK
6
CONTINUOUS
10
2.9334872047244094
20
-8.1985415748031496
11
2.933381377952756
21
-8.1985490551181108
0
LINE
8
BLACK
6
CONTINUOUS
10
2.933381377952756
20
-8.1985490551181108
11
2.9332833858267717
21
-8.1985896850393694
0
LINE
8
BLACK
6
CONTINUOUS
10
2.9332833858267717
20
-8.1985896850393694
11
2.9327073228346454
21
-8.1986464173228342
0
LINE
8
BLACK
6
CONTINUOUS
10
2.9327073228346454
20
-8.1986464173228342
11
2.9233335039370076
21
-8.1986464173228342
0
LINE
8
BLACK
6
CONTINUOUS
10
2.9233335039370076
20
-8.1986464173228342
11
2.9227574409448818
21
-8.1985896850393694
0
LINE
8
BLACK
6
CONTINUOUS
10
2.9227574409448818
20
-8.1985896850393694
11
2.9226594488188975
21
-8.1985490944881896
0
LINE
8
BLACK
6
CONTINUOUS
10
2.9226594488188975
20
-8.1985490944881896
11
2.9225535826771654
21
-8.1985415748031496
0
LINE
8
BLACK
6
CONTINUOUS
10
2.9225535826771654
20
-8.1985415748031496
11
2.9220129921259841
21
-8.1983346850393701
0
LINE
8
BLACK
6
CONTINUOUS
10
2.9220129921259841
20
-8.1983346850393701
11
2.918263464566929
21
-8.1964599212598426
0
LINE
8
BLACK
6
CONTINUOUS
10
2.918263464566929
20
-8.1964599212598426
11
2.9180154330708659
21
-8.196303818897638
0
LINE
8
BLACK
6
CONTINUOUS
10
2.9180154330708659
20
-8.196303818897638
11
2.9179435039370079
21
-8.1962740157480312
0
LINE
8
BLACK
6
CONTINUOUS
10
2.9179435039370079
20
-8.1962740157480312
11
2.9178625196850394
21
-8.196207559055118
0
LINE
8
BLACK
6
CONTINUOUS
10
2.9178625196850394
20
-8.196207559055118
11
2.9177735826771651
21
-8.1961515748031495
0
LINE
8
BLACK
6
CONTINUOUS
10
2.9177735826771651
20
-8.1961515748031495
11
2.9177223622047244
21
-8.19609251968504
0
LINE
8
BLACK
6
CONTINUOUS
10
2.9177223622047244
20
-8.19609251968504
11
2.9174960236220473
21
-8.1959067716535436
0
LINE
8
BLACK
6
CONTINUOUS
10
2.9174960236220473
20
-8.1959067716535436
11
2.9156212598425197
21
-8.1940319685039373
0
LINE
8
BLACK
6
CONTINUOUS
10
2.9156212598425197
20
-8.1940319685039373
11
2.9154355118110233
21
-8.1938056299212594
0
LINE
8
BLACK
6
CONTINUOUS
10
2.9154355118110233
20
-8.1938056299212594
11
2.915376535433071
21
-8.1937544881889757
0
LINE
8
BLACK
6
CONTINUOUS
10
2.915376535433071
20
-8.1937544881889757
11
2.9153205511811024
21
-8.1936655511811018
0
LINE
8
BLACK
6
CONTINUOUS
10
2.9153205511811024
20
-8.1936655511811018
11
2.9152540551181101
21
-8.1935845275590555
0
LINE
8
BLACK
6
CONTINUOUS
10
2.9152540551181101
20
-8.1935845275590555
11
2.9152242125984253
21
-8.1935124803149613
0
LINE
8
BLACK
6
CONTINUOUS
10
2.9152242125984253
20
-8.1935124803149613
11
2.9150681889763779
21
-8.1932646062992127
0
LINE
8
BLACK
6
CONTINUOUS
10
2.9150681889763779
20
-8.1932646062992127
11
2.9131934251968503
21
-8.1895150787401576
0
LINE
8
BLACK
6
CONTINUOUS
10
2.9131934251968503
20
-8.1895150787401576
11
2.9129865354330708
21
-8.1889744488188967
0
LINE
8
BLACK
6
CONTINUOUS
10
2.9129865354330708
20
-8.1889744488188967
11
2.9129790157480313
21
-8.1888686220472433
0
LINE
8
BLACK
6
CONTINUOUS
10
2.9129790157480313
20
-8.1888686220472433
11
2.9129384251968502
21
-8.1887706299212599
0
LINE
8
BLACK
6
CONTINUOUS
10
2.9129384251968502
20
-8.1887706299212599
11
2.9128816929133858
21
-8.1881945669291341
0
LINE
8
BLACK
6
CONTINUOUS
10
2.9128816929133858
20
-8.1881945669291341
11
2.9128816929133858
21
-8.1788207480314963
0
LINE
8
BLACK
6
CONTINUOUS
10
2.9128816929133858
20
-8.1788207480314963
11
2.9129384251968502
21
-8.1782446850393704
0
LINE
8
BLACK
6
CONTINUOUS
10
2.9129384251968502
20
-8.1782446850393704
11
2.9129790157480313
21
-8.1781466535433065
0
LINE
8
BLACK
6
CONTINUOUS
10
2.9129790157480313
20
-8.1781466535433065
11
2.9129865354330708
21
-8.1780408661417319
0
LINE
8
BLACK
6
CONTINUOUS
10
2.9129865354330708
20
-8.1780408661417319
11
2.9131934251968503
21
-8.1775002362204727
0
LINE
8
BLACK
6
CONTINUOUS
10
2.9131934251968503
20
-8.1775002362204727
11
2.9150681889763779
21
-8.1737507086614176
0
LINE
8
BLACK
6
CONTINUOUS
10
2.9150681889763779
20
-8.1737507086614176
11
2.9152242519685037
21
-8.1735026771653541
0
LINE
8
BLACK
6
CONTINUOUS
10
2.9152242519685037
20
-8.1735026771653541
11
2.9152540944881888
21
-8.1734307480314961
0
LINE
8
BLACK
6
CONTINUOUS
10
2.9152540944881888
20
-8.1734307480314961
11
2.9153205511811024
21
-8.1733497637795267
0
LINE
8
BLACK
6
CONTINUOUS
10
2.9153205511811024
20
-8.1733497637795267
11
2.915376535433071
21
-8.1732608267716529
0
LINE
8
BLACK
6
CONTINUOUS
10
2.915376535433071
20
-8.1732608267716529
11
2.9154355118110233
21
-8.1732096456692904
0
LINE
8
BLACK
6
CONTINUOUS
10
2.9154355118110233
20
-8.1732096456692904
11
2.9156212992125985
21
-8.1729833070866142
0
LINE
8
BLACK
6
CONTINUOUS
10
2.9156212992125985
20
-8.1729833070866142
11
2.917496062992126
21
-8.1711085433070867
0
LINE
8
BLACK
6
CONTINUOUS
10
2.917496062992126
20
-8.1711085433070867
11
2.9177224015748031
21
-8.1709227559055115
0
LINE
8
BLACK
6
CONTINUOUS
10
2.9177224015748031
20
-8.1709227559055115
11
2.9177735826771651
21
-8.1708637795275596
0
LINE
8
BLACK
6
CONTINUOUS
10
2.9177735826771651
20
-8.1708637795275596
11
2.9178625196850394
21
-8.1708077952755911
0
LINE
8
BLACK
6
CONTINUOUS
10
2.9178625196850394
20
-8.1708077952755911
11
2.9179435039370079
21
-8.1707413385826761
0
LINE
8
BLACK
6
CONTINUOUS
10
2.9179435039370079
20
-8.1707413385826761
11
2.9180154330708659
21
-8.1707114960629923
0
LINE
8
BLACK
6
CONTINUOUS
10
2.9180154330708659
20
-8.1707114960629923
11
2.918263464566929
21
-8.1705554330708665
0
LINE
8
BLACK
6
CONTINUOUS
10
2.918263464566929
20
-8.1705554330708665
11
2.9220129921259841
21
-8.168680669291339
0
LINE
8
BLACK
6
CONTINUOUS
10
2.9220129921259841
20
-8.168680669291339
11
2.9225535826771654
21
-8.1684737795275595
0
LINE
8
BLACK
6
CONTINUOUS
10
2.9225535826771654
20
-8.1684737795275595
11
2.9226594488188975
21
-8.1684662204724408
0
LINE
8
BLACK
6
CONTINUOUS
10
2.9226594488188975
20
-8.1684662204724408
11
2.9227574409448818
21
-8.168425669291338
0
LINE
8
BLACK
6
CONTINUOUS
10
2.9227574409448818
20
-8.168425669291338
11
2.9233335039370076
21
-8.1683689370078731
0
LINE
8
BLACK
6
CONTINUOUS
10
2.9233335039370076
20
-8.1683689370078731
11
2.9327073228346454
21
-8.1683689370078731
0
LINE
8
BLACK
6
CONTINUOUS
10
2.9327073228346454
20
-8.1683689370078731
11
2.9332833858267717
21
-8.168425669291338
0
LINE
8
BLACK
6
CONTINUOUS
10
2.9332833858267717
20
-8.168425669291338
11
2.933381377952756
21
-8.1684662598425195
0
LINE
8
BLACK
6
CONTINUOUS
10
2.933381377952756
20
-8.1684662598425195
11
2.9334872047244094
21
-8.1684737795275595
0
LINE
8
BLACK
6
CONTINUOUS
10
2.9334872047244094
20
-8.1684737795275595
11
2.9340278346456694
21
-8.168680669291339
0
LINE
8
BLACK
6
CONTINUOUS
10
2.9340278346456694
20
-8.168680669291339
11
2.9347617322834645
21
-8.1690475984251965
0
LINE
8
BLACK
6
CONTINUOUS
10
2.9347617322834645
20
-8.1690475984251965
11
2.9337846456692911
21
-8.1592763385826768
0
LINE
8
BLACK
6
CONTINUOUS
10
2.9337846456692911
20
-8.1592763385826768
11
2.917709212598425
21
-8.1592763385826768
0
LINE
8
BLACK
6
CONTINUOUS
10
2.917709212598425
20
-8.1592763385826768
11
2.9171331496062991
21
-8.1592196062992119
0
LINE
8
BLACK
6
CONTINUOUS
10
2.9171331496062991
20
-8.1592196062992119
11
2.9160687401574803
21
-8.1587787007874013
0
LINE
8
BLACK
6
CONTINUOUS
10
2.9160687401574803
20
-8.1587787007874013
11
2.9152540944881888
21
-8.1579640551181107
0
LINE
8
BLACK
6
CONTINUOUS
10
2.9152540944881888
20
-8.1579640551181107
11
2.9148131889763778
21
-8.1568996456692915
0
LINE
8
BLACK
6
CONTINUOUS
10
2.9148131889763778
20
-8.1568996456692915
11
2.9148131889763778
21
-8.1557475196850397
0
LINE
8
BLACK
6
CONTINUOUS
10
2.9148131889763778
20
-8.1557475196850397
11
2.9152540944881888
21
-8.1546831102362205
0
LINE
8
BLACK
6
CONTINUOUS
10
2.9152540944881888
20
-8.1546831102362205
11
2.9160687401574803
21
-8.1538684645669282
0
LINE
8
BLACK
6
CONTINUOUS
10
2.9160687401574803
20
-8.1538684645669282
11
2.9171331496062991
21
-8.1534275590551175
0
LINE
8
BLACK
6
CONTINUOUS
10
2.9171331496062991
20
-8.1534275590551175
11
2.917709212598425
21
-8.1533708267716527
0
LINE
8
BLACK
6
CONTINUOUS
10
2.917709212598425
20
-8.1533708267716527
11
2.9364568503937005
21
-8.1533708267716527
0
LINE
8
BLACK
6
CONTINUOUS
10
2.9364568503937005
20
-8.1533708267716527
11
2.9366698818897636
21
-8.1533917716535438
0
LINE
8
BLACK
6
CONTINUOUS
10
2.9060481102362203
20
-8.1537583464566925
11
2.9069185039370078
21
-8.1545132283464561
0
LINE
8
BLACK
6
CONTINUOUS
10
2.9069185039370078
20
-8.1545132283464561
11
2.9074337007874016
21
-8.1555437007874012
0
LINE
8
BLACK
6
CONTINUOUS
10
2.9074337007874016
20
-8.1555437007874012
11
2.9075153937007872
21
-8.156692913385827
0
LINE
8
BLACK
6
CONTINUOUS
10
2.9075153937007872
20
-8.156692913385827
11
2.9073870472440944
21
-8.1572573228346457
0
LINE
8
BLACK
6
CONTINUOUS
10
2.9073870472440944
20
-8.1572573228346457
11
2.8942637007874015
21
-8.1966274015748031
0
LINE
8
BLACK
6
CONTINUOUS
10
2.8942637007874015
20
-8.1966274015748031
11
2.8940277165354331
21
-8.1971559842519675
0
LINE
8
BLACK
6
CONTINUOUS
10
2.8940277165354331
20
-8.1971559842519675
11
2.8938894488188978
21
-8.1973153543307085
0
LINE
8
BLACK
6
CONTINUOUS
10
2.8938894488188978
20
-8.1973153543307085
11
2.8937951574803149
21
-8.1975040157480308
0
LINE
8
BLACK
6
CONTINUOUS
10
2.8937951574803149
20
-8.1975040157480308
11
2.8935154724409449
21
-8.1977465748031495
0
LINE
8
BLACK
6
CONTINUOUS
10
2.8935154724409449
20
-8.1977465748031495
11
2.8932728346456691
21
-8.198026338582677
0
LINE
8
BLACK
6
CONTINUOUS
10
2.8932728346456691
20
-8.198026338582677
11
2.8930840944881888
21
-8.1981206692913382
0
LINE
8
BLACK
6
CONTINUOUS
10
2.8930840944881888
20
-8.1981206692913382
11
2.8929247637795275
21
-8.1982588976377944
0
LINE
8
BLACK
6
CONTINUOUS
10
2.8929247637795275
20
-8.1982588976377944
11
2.8925735039370077
21
-8.1983759448818887
0
LINE
8
BLACK
6
CONTINUOUS
10
2.8925735039370077
20
-8.1983759448818887
11
2.8922424015748032
21
-8.1985415354330708
0
LINE
8
BLACK
6
CONTINUOUS
10
2.8922424015748032
20
-8.1985415354330708
11
2.8920319685039368
21
-8.1985564566929128
0
LINE
8
BLACK
6
CONTINUOUS
10
2.8920319685039368
20
-8.1985564566929128
11
2.8918317716535431
21
-8.198623228346456
0
LINE
8
BLACK
6
CONTINUOUS
10
2.8918317716535431
20
-8.198623228346456
11
2.8914624803149604
21
-8.1985969685039368
0
LINE
8
BLACK
6
CONTINUOUS
10
2.8914624803149604
20
-8.1985969685039368
11
2.8910931889763778
21
-8.198623228346456
0
LINE
8
BLACK
6
CONTINUOUS
10
2.8910931889763778
20
-8.198623228346456
11
2.8908929527559053
21
-8.1985564566929128
0
LINE
8
BLACK
6
CONTINUOUS
10
2.8908929527559053
20
-8.1985564566929128
11
2.8906825590551182
21
-8.1985415354330708
0
LINE
8
BLACK
6
CONTINUOUS
10
2.8906825590551182
20
-8.1985415354330708
11
2.8903515354330707
21
-8.1983759842519675
0
LINE
8
BLACK
6
CONTINUOUS
10
2.8903515354330707
20
-8.1983759842519675
11
2.8900001574803147
21
-8.1982588976377944
0
LINE
8
BLACK
6
CONTINUOUS
10
2.8900001574803147
20
-8.1982588976377944
11
2.8898406692913383
21
-8.1981205511811019
0
LINE
8
BLACK
6
CONTINUOUS
10
2.8898406692913383
20
-8.1981205511811019
11
2.8896521259842518
21
-8.1980262992125983
0
LINE
8
BLACK
6
CONTINUOUS
10
2.8896521259842518
20
-8.1980262992125983
11
2.8894096456692915
21
-8.1977467322834645
0
LINE
8
BLACK
6
CONTINUOUS
10
2.8894096456692915
20
-8.1977467322834645
11
2.8891298031496064
21
-8.1975040157480308
0
LINE
8
BLACK
6
CONTINUOUS
10
2.8891298031496064
20
-8.1975040157480308
11
2.8890354330708661
21
-8.197315275590551
0
LINE
8
BLACK
6
CONTINUOUS
10
2.8890354330708661
20
-8.197315275590551
11
2.8888972440944882
21
-8.1971559448818887
0
LINE
8
BLACK
6
CONTINUOUS
10
2.8888972440944882
20
-8.1971559448818887
11
2.8886612598425194
21
-8.1966274015748031
0
LINE
8
BLACK
6
CONTINUOUS
10
2.8886612598425194
20
-8.1966274015748031
11
2.8755379133858265
21
-8.1572573228346457
0
LINE
8
BLACK
6
CONTINUOUS
10
2.8755379133858265
20
-8.1572573228346457
11
2.8754095669291337
21
-8.1566928740157483
0
LINE
8
BLACK
6
CONTINUOUS
10
2.8754095669291337
20
-8.1566928740157483
11
2.8754912598425197
21
-8.1555436614173225
0
LINE
8
BLACK
6
CONTINUOUS
10
2.8754912598425197
20
-8.1555436614173225
11
2.8760064566929131
21
-8.1545132283464561
0
LINE
8
BLACK
6
CONTINUOUS
10
2.8760064566929131
20
-8.1545132283464561
11
2.8768768110236218
21
-8.1537583464566925
0
LINE
8
BLACK
6
CONTINUOUS
10
2.8768768110236218
20
-8.1537583464566925
11
2.8779698425196849
21
-8.1533940157480309
0
LINE
8
BLACK
6
CONTINUOUS
10
2.8779698425196849
20
-8.1533940157480309
11
2.8791190551181103
21
-8.1534757086614178
0
LINE
8
BLACK
6
CONTINUOUS
10
2.8791190551181103
20
-8.1534757086614178
11
2.8801494881889762
21
-8.1539909055118116
0
LINE
8
BLACK
6
CONTINUOUS
10
2.8801494881889762
20
-8.1539909055118116
11
2.8809043700787402
21
-8.1548612598425194
0
LINE
8
BLACK
6
CONTINUOUS
10
2.8809043700787402
20
-8.1548612598425194
11
2.8811403543307086
21
-8.1553898425196856
0
LINE
8
BLACK
6
CONTINUOUS
10
2.8811403543307086
20
-8.1553898425196856
11
2.8914624803149604
21
-8.1863562204724403
0
LINE
8
BLACK
6
CONTINUOUS
10
2.8914624803149604
20
-8.1863562204724403
11
2.9017846062992128
21
-8.1553898425196856
0
LINE
8
BLACK
6
CONTINUOUS
10
2.9017846062992128
20
-8.1553898425196856
11
2.9020205905511811
21
-8.1548612992125982
0
LINE
8
BLACK
6
CONTINUOUS
10
2.9020205905511811
20
-8.1548612992125982
11
2.9027754724409447
21
-8.1539909448818904
0
LINE
8
BLACK
6
CONTINUOUS
10
2.9027754724409447
20
-8.1539909448818904
11
2.9038059055118111
21
-8.1534757086614178
0
LINE
8
BLACK
6
CONTINUOUS
10
2.9038059055118111
20
-8.1534757086614178
11
2.904955118110236
21
-8.1533940157480309
0
LINE
8
BLACK
6
CONTINUOUS
10
2.904955118110236
20
-8.1533940157480309
11
2.9060481102362203
21
-8.1537583464566925
0
LINE
8
BLACK
6
CONTINUOUS
10
2.9764029921259842
20
-8.1534275590551175
11
2.9774674015748031
21
-8.1538684645669282
0
LINE
8
BLACK
6
CONTINUOUS
10
2.9774674015748031
20
-8.1538684645669282
11
2.9782820472440945
21
-8.1546831102362205
0
LINE
8
BLACK
6
CONTINUOUS
10
2.9782820472440945
20
-8.1546831102362205
11
2.9787229527559056
21
-8.1557475196850397
0
LINE
8
BLACK
6
CONTINUOUS
10
2.9787229527559056
20
-8.1557475196850397
11
2.97877968503937
21
-8.1563235826771656
0
LINE
8
BLACK
6
CONTINUOUS
10
2.97877968503937
20
-8.1563235826771656
11
2.97877968503937
21
-8.195693661417323
0
LINE
8
BLACK
6
CONTINUOUS
10
2.97877968503937
20
-8.195693661417323
11
2.9787229527559056
21
-8.1962697244094489
0
LINE
8
BLACK
6
CONTINUOUS
10
2.9787229527559056
20
-8.1962697244094489
11
2.9782820472440945
21
-8.1973341338582681
0
LINE
8
BLACK
6
CONTINUOUS
10
2.9782820472440945
20
-8.1973341338582681
11
2.9774674015748031
21
-8.1981487795275587
0
LINE
8
BLACK
6
CONTINUOUS
10
2.9774674015748031
20
-8.1981487795275587
11
2.9764029921259842
21
-8.1985896850393694
0
LINE
8
BLACK
6
CONTINUOUS
10
2.9764029921259842
20
-8.1985896850393694
11
2.9752508661417321
21
-8.1985896850393694
0
LINE
8
BLACK
6
CONTINUOUS
10
2.9752508661417321
20
-8.1985896850393694
11
2.9741864566929133
21
-8.1981487795275587
0
LINE
8
BLACK
6
CONTINUOUS
10
2.9741864566929133
20
-8.1981487795275587
11
2.9733718110236218
21
-8.1973341338582681
0
LINE
8
BLACK
6
CONTINUOUS
10
2.9733718110236218
20
-8.1973341338582681
11
2.9729309055118112
21
-8.1962697244094489
0
LINE
8
BLACK
6
CONTINUOUS
10
2.9729309055118112
20
-8.1962697244094489
11
2.9728741732283464
21
-8.195693661417323
0
LINE
8
BLACK
6
CONTINUOUS
10
2.9728741732283464
20
-8.195693661417323
11
2.9728741732283464
21
-8.1798987401574799
0
LINE
8
BLACK
6
CONTINUOUS
10
2.9728741732283464
20
-8.1798987401574799
11
2.9608288188976379
21
-8.1798987401574799
0
LINE
8
BLACK
6
CONTINUOUS
10
2.9608288188976379
20
-8.1798987401574799
11
2.9602527559055116
21
-8.1798420078740151
0
LINE
8
BLACK
6
CONTINUOUS
10
2.9602527559055116
20
-8.1798420078740151
11
2.9601547637795274
21
-8.1798014173228353
0
LINE
8
BLACK
6
CONTINUOUS
10
2.9601547637795274
20
-8.1798014173228353
11
2.9600488976377952
21
-8.1797938976377953
0
LINE
8
BLACK
6
CONTINUOUS
10
2.9600488976377952
20
-8.1797938976377953
11
2.9595083070866139
21
-8.1795870078740158
0
LINE
8
BLACK
6
CONTINUOUS
10
2.9595083070866139
20
-8.1795870078740158
11
2.9557587795275588
21
-8.1777122440944883
0
LINE
8
BLACK
6
CONTINUOUS
10
2.9557587795275588
20
-8.1777122440944883
11
2.9555107480314962
21
-8.1775561417322837
0
LINE
8
BLACK
6
CONTINUOUS
10
2.9555107480314962
20
-8.1775561417322837
11
2.9554388188976377
21
-8.1775263385826769
0
LINE
8
BLACK
6
CONTINUOUS
10
2.9554388188976377
20
-8.1775263385826769
11
2.9553578346456693
21
-8.1774598425196849
0
LINE
8
BLACK
6
CONTINUOUS
10
2.9553578346456693
20
-8.1774598425196849
11
2.955268897637795
21
-8.1774038976377952
0
LINE
8
BLACK
6
CONTINUOUS
10
2.955268897637795
20
-8.1774038976377952
11
2.955217716535433
21
-8.1773448818897627
0
LINE
8
BLACK
6
CONTINUOUS
10
2.955217716535433
20
-8.1773448818897627
11
2.9549913779527559
21
-8.1771591338582681
0
LINE
8
BLACK
6
CONTINUOUS
10
2.9549913779527559
20
-8.1771591338582681
11
2.9531166141732283
21
-8.1752843700787405
0
LINE
8
BLACK
6
CONTINUOUS
10
2.9531166141732283
20
-8.1752843700787405
11
2.9529308267716536
21
-8.1750579921259838
0
LINE
8
BLACK
6
CONTINUOUS
10
2.9529308267716536
20
-8.1750579921259838
11
2.9528718503937008
21
-8.1750068503937001
0
LINE
8
BLACK
6
CONTINUOUS
10
2.9528718503937008
20
-8.1750068503937001
11
2.9528158661417323
21
-8.1749178740157475
0
LINE
8
BLACK
6
CONTINUOUS
10
2.9528158661417323
20
-8.1749178740157475
11
2.9527494094488187
21
-8.1748369291338587
0
LINE
8
BLACK
6
CONTINUOUS
10
2.9527494094488187
20
-8.1748369291338587
11
2.952719566929134
21
-8.1747649606299202
0
LINE
8
BLACK
6
CONTINUOUS
10
2.952719566929134
20
-8.1747649606299202
11
2.9525635039370077
21
-8.1745169685039372
0
LINE
8
BLACK
6
CONTINUOUS
10
2.9525635039370077
20
-8.1745169685039372
11
2.9506887401574802
21
-8.1707674409448821
0
LINE
8
BLACK
6
CONTINUOUS
10
2.9506887401574802
20
-8.1707674409448821
11
2.9504818503937007
21
-8.1702268110236211
0
LINE
8
BLACK
6
CONTINUOUS
10
2.9504818503937007
20
-8.1702268110236211
11
2.9504743307086612
21
-8.1701209842519678
0
LINE
8
BLACK
6
CONTINUOUS
10
2.9504743307086612
20
-8.1701209842519678
11
2.9504337401574801
21
-8.1700229921259844
0
LINE
8
BLACK
6
CONTINUOUS
10
2.9504337401574801
20
-8.1700229921259844
11
2.9503770078740157
21
-8.1694469291338585
0
LINE
8
BLACK
6
CONTINUOUS
10
2.9503770078740157
20
-8.1694469291338585
11
2.9503770078740157
21
-8.1638226377952758
0
LINE
8
BLACK
6
CONTINUOUS
10
2.9503770078740157
20
-8.1638226377952758
11
2.9504337401574801
21
-8.16324657480315
0
LINE
8
BLACK
6
CONTINUOUS
10
2.9504337401574801
20
-8.16324657480315
11
2.9504743307086612
21
-8.1631485433070861
0
LINE
8
BLACK
6
CONTINUOUS
10
2.9504743307086612
20
-8.1631485433070861
11
2.9504818503937007
21
-8.1630427559055114
0
LINE
8
BLACK
6
CONTINUOUS
10
2.9504818503937007
20
-8.1630427559055114
11
2.9506887401574802
21
-8.1625021259842523
0
LINE
8
BLACK
6
CONTINUOUS
10
2.9506887401574802
20
-8.1625021259842523
11
2.9525635039370077
21
-8.1587525984251972
0
LINE
8
BLACK
6
CONTINUOUS
10
2.9525635039370077
20
-8.1587525984251972
11
2.952719566929134
21
-8.1585045669291336
0
LINE
8
BLACK
6
CONTINUOUS
10
2.952719566929134
20
-8.1585045669291336
11
2.9527494094488187
21
-8.1584326377952756
0
LINE
8
BLACK
6
CONTINUOUS
10
2.9527494094488187
20
-8.1584326377952756
11
2.9528158661417323
21
-8.1583516535433063
0
LINE
8
BLACK
6
CONTINUOUS
10
2.9528158661417323
20
-8.1583516535433063
11
2.9528718503937008
21
-8.1582627165354324
0
LINE
8
BLACK
6
CONTINUOUS
10
2.9528718503937008
20
-8.1582627165354324
11
2.9529308267716536
21
-8.15821153543307
0
LINE
8
BLACK
6
CONTINUOUS
10
2.9529308267716536
20
-8.15821153543307
11
2.9531166141732283
21
-8.1579851968503938
0
LINE
8
BLACK
6
CONTINUOUS
10
2.9531166141732283
20
-8.1579851968503938
11
2.9549913779527559
21
-8.1561104330708663
0
LINE
8
BLACK
6
CONTINUOUS
10
2.9549913779527559
20
-8.1561104330708663
11
2.955217716535433
21
-8.1559246456692911
0
LINE
8
BLACK
6
CONTINUOUS
10
2.955217716535433
20
-8.1559246456692911
11
2.955268897637795
21
-8.1558656692913392
0
LINE
8
BLACK
6
CONTINUOUS
10
2.955268897637795
20
-8.1558656692913392
11
2.9553578346456693
21
-8.1558096850393706
0
LINE
8
BLACK
6
CONTINUOUS
10
2.9553578346456693
20
-8.1558096850393706
11
2.9554388188976377
21
-8.1557432283464557
0
LINE
8
BLACK
6
CONTINUOUS
10
2.9554388188976377
20
-8.1557432283464557
11
2.9555107480314962
21
-8.1557133858267719
0
LINE
8
BLACK
6
CONTINUOUS
10
2.9555107480314962
20
-8.1557133858267719
11
2.9557587795275588
21
-8.1555573228346461
0
LINE
8
BLACK
6
CONTINUOUS
10
2.9557587795275588
20
-8.1555573228346461
11
2.9595083070866139
21
-8.1536825590551185
0
LINE
8
BLACK
6
CONTINUOUS
10
2.9595083070866139
20
-8.1536825590551185
11
2.9600488976377952
21
-8.153475669291339
0
LINE
8
BLACK
6
CONTINUOUS
10
2.9600488976377952
20
-8.153475669291339
11
2.9601547637795274
21
-8.1534681102362203
0
LINE
8
BLACK
6
CONTINUOUS
10
2.9601547637795274
20
-8.1534681102362203
11
2.9602527559055116
21
-8.1534275590551175
0
LINE
8
BLACK
6
CONTINUOUS
10
2.9602527559055116
20
-8.1534275590551175
11
2.9608288188976379
21
-8.1533708267716527
0
LINE
8
BLACK
6
CONTINUOUS
10
2.9608288188976379
20
-8.1533708267716527
11
2.9758269291338584
21
-8.1533708267716527
0
LINE
8
BLACK
6
CONTINUOUS
10
2.9758269291338584
20
-8.1533708267716527
11
2.9764029921259842
21
-8.1534275590551175
0
LINE
8
BLACK
6
CONTINUOUS
10
2.9588283858267714
20
-8.1606250787401571
11
2.9576312598425196
21
-8.1618222047244089
0
LINE
8
BLACK
6
CONTINUOUS
10
2.9576312598425196
20
-8.1618222047244089
11
2.9562825196850393
21
-8.1645196850393695
0
LINE
8
BLACK
6
CONTINUOUS
10
2.9562825196850393
20
-8.1645196850393695
11
2.9562825196850393
21
-8.168749881889763
0
LINE
8
BLACK
6
CONTINUOUS
10
2.9562825196850393
20
-8.168749881889763
11
2.9576312598425196
21
-8.1714473622047237
0
LINE
8
BLACK
6
CONTINUOUS
10
2.9576312598425196
20
-8.1714473622047237
11
2.9588283858267714
21
-8.1726444881889755
0
LINE
8
BLACK
6
CONTINUOUS
10
2.9588283858267714
20
-8.1726444881889755
11
2.9615258661417321
21
-8.1739932283464558
0
LINE
8
BLACK
6
CONTINUOUS
10
2.9615258661417321
20
-8.1739932283464558
11
2.9728741732283464
21
-8.1739932283464558
0
LINE
8
BLACK
6
CONTINUOUS
10
2.9728741732283464
20
-8.1739932283464558
11
2.9728741732283464
21
-8.1592763385826768
0
LINE
8
BLACK
6
CONTINUOUS
10
2.9728741732283464
20
-8.1592763385826768
11
2.9615258661417321
21
-8.1592763385826768
0
LINE
8
BLACK
6
CONTINUOUS
10
2.9615258661417321
20
-8.1592763385826768
11
2.9588283858267714
21
-8.1606250787401571
0
LINE
8
BLACK
6
CONTINUOUS
10
3.0120235433070865
20
-8.1534275590551175
11
3.0130879527559054
21
-8.1538684645669282
0
LINE
8
BLACK
6
CONTINUOUS
10
3.0130879527559054
20
-8.1538684645669282
11
3.0139025984251968
21
-8.1546831102362205
0
LINE
8
BLACK
6
CONTINUOUS
10
3.0139025984251968
20
-8.1546831102362205
11
3.0143435039370079
21
-8.1557475196850397
0
LINE
8
BLACK
6
CONTINUOUS
10
3.0143435039370079
20
-8.1557475196850397
11
3.0143435039370079
21
-8.1568996456692915
0
LINE
8
BLACK
6
CONTINUOUS
10
3.0143435039370079
20
-8.1568996456692915
11
3.0139025984251968
21
-8.1579640551181107
0
LINE
8
BLACK
6
CONTINUOUS
10
3.0139025984251968
20
-8.1579640551181107
11
3.0130879527559054
21
-8.1587787007874013
0
LINE
8
BLACK
6
CONTINUOUS
10
3.0130879527559054
20
-8.1587787007874013
11
3.0120235433070865
21
-8.1592196062992119
0
LINE
8
BLACK
6
CONTINUOUS
10
3.0120235433070865
20
-8.1592196062992119
11
3.0114474803149607
21
-8.1592763385826768
0
LINE
8
BLACK
6
CONTINUOUS
10
3.0114474803149607
20
-8.1592763385826768
11
3.0031516535433069
21
-8.1592763385826768
0
LINE
8
BLACK
6
CONTINUOUS
10
3.0031516535433069
20
-8.1592763385826768
11
3.0031516535433069
21
-8.195693661417323
0
LINE
8
BLACK
6
CONTINUOUS
10
3.0031516535433069
20
-8.195693661417323
11
3.0030949212598426
21
-8.1962697244094489
0
LINE
8
BLACK
6
CONTINUOUS
10
3.0030949212598426
20
-8.1962697244094489
11
3.0026540157480315
21
-8.1973341338582681
0
LINE
8
BLACK
6
CONTINUOUS
10
3.0026540157480315
20
-8.1973341338582681
11
3.00183937007874
21
-8.1981487795275587
0
LINE
8
BLACK
6
CONTINUOUS
10
3.00183937007874
20
-8.1981487795275587
11
3.0007749606299212
21
-8.1985896850393694
0
LINE
8
BLACK
6
CONTINUOUS
10
3.0007749606299212
20
-8.1985896850393694
11
2.999622834645669
21
-8.1985896850393694
0
LINE
8
BLACK
6
CONTINUOUS
10
2.999622834645669
20
-8.1985896850393694
11
2.9985584251968502
21
-8.1981487795275587
0
LINE
8
BLACK
6
CONTINUOUS
10
2.9985584251968502
20
-8.1981487795275587
11
2.9977437795275588
21
-8.1973341338582681
0
LINE
8
BLACK
6
CONTINUOUS
10
2.9977437795275588
20
-8.1973341338582681
11
2.9973028740157481
21
-8.1962697244094489
0
LINE
8
BLACK
6
CONTINUOUS
10
2.9973028740157481
20
-8.1962697244094489
11
2.9972461417322833
21
-8.195693661417323
0
LINE
8
BLACK
6
CONTINUOUS
10
2.9972461417322833
20
-8.195693661417323
11
2.9972461417322833
21
-8.1592763385826768
0
LINE
8
BLACK
6
CONTINUOUS
10
2.9972461417322833
20
-8.1592763385826768
11
2.98895031496063
21
-8.1592763385826768
0
LINE
8
BLACK
6
CONTINUOUS
10
2.98895031496063
20
-8.1592763385826768
11
2.9883742519685037
21
-8.1592196062992119
0
LINE
8
BLACK
6
CONTINUOUS
10
2.9883742519685037
20
-8.1592196062992119
11
2.9873098425196849
21
-8.1587787007874013
0
LINE
8
BLACK
6
CONTINUOUS
10
2.9873098425196849
20
-8.1587787007874013
11
2.9864951968503934
21
-8.1579640551181107
0
LINE
8
BLACK
6
CONTINUOUS
10
2.9864951968503934
20
-8.1579640551181107
11
2.9860542913385828
21
-8.1568996456692915
0
LINE
8
BLACK
6
CONTINUOUS
10
2.9860542913385828
20
-8.1568996456692915
11
2.9860542913385828
21
-8.1557475196850397
0
LINE
8
BLACK
6
CONTINUOUS
10
2.9860542913385828
20
-8.1557475196850397
11
2.9864951968503934
21
-8.1546831102362205
0
LINE
8
BLACK
6
CONTINUOUS
10
2.9864951968503934
20
-8.1546831102362205
11
2.9873098425196849
21
-8.1538684645669282
0
LINE
8
BLACK
6
CONTINUOUS
10
2.9873098425196849
20
-8.1538684645669282
11
2.9883742519685037
21
-8.1534275590551175
0
LINE
8
BLACK
6
CONTINUOUS
10
2.9883742519685037
20
-8.1534275590551175
11
2.98895031496063
21
-8.1533708267716527
0
LINE
8
BLACK
6
CONTINUOUS
10
2.98895031496063
20
-8.1533708267716527
11
3.0114474803149607
21
-8.1533708267716527
0
LINE
8
BLACK
6
CONTINUOUS
10
3.0114474803149607
20
-8.1533708267716527
11
3.0120235433070865
21
-8.1534275590551175
0
LINE
8
BLACK
6
CONTINUOUS
10
10.8014042913385833
20
-8.1475220472440935
11
10.8016935826771654
21
-8.1475220472440935
0
LINE
8
BLACK
6
CONTINUOUS
10
10.8016935826771654
20
-8.1475220472440935
11
10.8019636614173233
21
-8.1476338976377942
0
LINE
8
BLACK
6
CONTINUOUS
10
10.8019636614173233
20
-8.1476338976377942
11
10.802250314960629
21
-8.1476912598425191
0
LINE
8
BLACK
6
CONTINUOUS
10
10.802250314960629
20
-8.1476912598425191
11
10.8024906692913376
21
-8.1478522047244084
0
LINE
8
BLACK
6
CONTINUOUS
10
10.8024906692913376
20
-8.1478522047244084
11
10.8027579921259846
21
-8.1479629527559059
0
LINE
8
BLACK
6
CONTINUOUS
10
10.8027579921259846
20
-8.1479629527559059
11
10.8029646850393704
21
-8.1481696456692916
0
LINE
8
BLACK
6
CONTINUOUS
10
10.8029646850393704
20
-8.1481696456692916
11
10.8032075984251961
21
-8.148332322834646
0
LINE
8
BLACK
6
CONTINUOUS
10
10.8032075984251961
20
-8.148332322834646
11
10.8035705905511801
21
-8.1487755511811013
0
LINE
8
BLACK
6
CONTINUOUS
10
10.8035705905511801
20
-8.1487755511811013
11
10.8035726377952752
21
-8.1487775984251964
0
LINE
8
BLACK
6
CONTINUOUS
10
10.8035726377952752
20
-8.1487775984251964
11
10.803572992125984
21
-8.148778464566929
0
LINE
8
BLACK
6
CONTINUOUS
10
10.803572992125984
20
-8.148778464566929
11
10.8035743700787403
21
-8.1487801574803154
0
LINE
8
BLACK
6
CONTINUOUS
10
10.8035743700787403
20
-8.1487801574803154
11
10.807161692913386
21
-8.1541611811023618
0
LINE
8
BLACK
6
CONTINUOUS
10
10.807161692913386
20
-8.1541611811023618
11
10.8103656692913379
21
-8.1573651574803154
0
LINE
8
BLACK
6
CONTINUOUS
10
10.8103656692913379
20
-8.1573651574803154
11
10.8136866141732284
21
-8.1590256299212598
0
LINE
8
BLACK
6
CONTINUOUS
10
10.8136866141732284
20
-8.1590256299212598
11
10.8141764960629914
21
-8.1593339763779529
0
LINE
8
BLACK
6
CONTINUOUS
10
10.8141764960629914
20
-8.1593339763779529
11
10.8149313385826762
21
-8.1602043700787394
0
LINE
8
BLACK
6
CONTINUOUS
10
10.8149313385826762
20
-8.1602043700787394
11
10.8152956692913378
21
-8.1612973228346455
0
LINE
8
BLACK
6
CONTINUOUS
10
10.8152956692913378
20
-8.1612973228346455
11
10.8152140157480314
21
-8.1624465354330713
0
LINE
8
BLACK
6
CONTINUOUS
10
10.8152140157480314
20
-8.1624465354330713
11
10.8146987401574801
21
-8.1634770472440952
0
LINE
8
BLACK
6
CONTINUOUS
10
10.8146987401574801
20
-8.1634770472440952
11
10.8138283858267705
21
-8.16423188976378
0
LINE
8
BLACK
6
CONTINUOUS
10
10.8138283858267705
20
-8.16423188976378
11
10.8127353937007875
21
-8.1645962204724416
0
LINE
8
BLACK
6
CONTINUOUS
10
10.8127353937007875
20
-8.1645962204724416
11
10.8115861811023617
21
-8.1645145669291335
0
LINE
8
BLACK
6
CONTINUOUS
10
10.8115861811023617
20
-8.1645145669291335
11
10.8110455905511813
21
-8.164307677165354
0
LINE
8
BLACK
6
CONTINUOUS
10
10.8110455905511813
20
-8.164307677165354
11
10.8072960629921262
21
-8.1624329133858264
0
LINE
8
BLACK
6
CONTINUOUS
10
10.8072960629921262
20
-8.1624329133858264
11
10.8070482283464564
21
-8.1622768897637794
0
LINE
8
BLACK
6
CONTINUOUS
10
10.8070482283464564
20
-8.1622768897637794
11
10.8069761023622046
21
-8.1622470472440938
0
LINE
8
BLACK
6
CONTINUOUS
10
10.8069761023622046
20
-8.1622470472440938
11
10.8068949212598415
21
-8.1621804330708656
0
LINE
8
BLACK
6
CONTINUOUS
10
10.8068949212598415
20
-8.1621804330708656
11
10.8068061811023615
21
-8.1621245669291334
0
LINE
8
BLACK
6
CONTINUOUS
10
10.8068061811023615
20
-8.1621245669291334
11
10.8067550393700778
21
-8.1620656299212602
0
LINE
8
BLACK
6
CONTINUOUS
10
10.8067550393700778
20
-8.1620656299212602
11
10.8065286614173228
21
-8.1618798031496063
0
LINE
8
BLACK
6
CONTINUOUS
10
10.8065286614173228
20
-8.1618798031496063
11
10.8040702755905507
21
-8.1594214173228341
0
LINE
8
BLACK
6
CONTINUOUS
10
10.8040702755905507
20
-8.1594214173228341
11
10.8040702755905507
21
-8.1868353937007878
0
LINE
8
BLACK
6
CONTINUOUS
10
10.8040702755905507
20
-8.1868353937007878
11
10.8123661023622049
21
-8.1868353937007878
0
LINE
8
BLACK
6
CONTINUOUS
10
10.8123661023622049
20
-8.1868353937007878
11
10.8129421653543307
21
-8.1868921259842526
0
LINE
8
BLACK
6
CONTINUOUS
10
10.8129421653543307
20
-8.1868921259842526
11
10.81400657480315
21
-8.1873330314960633
0
LINE
8
BLACK
6
CONTINUOUS
10
10.81400657480315
20
-8.1873330314960633
11
10.8148212204724405
21
-8.1881476771653539
0
LINE
8
BLACK
6
CONTINUOUS
10
10.8148212204724405
20
-8.1881476771653539
11
10.8152621259842512
21
-8.1892120866141731
0
LINE
8
BLACK
6
CONTINUOUS
10
10.8152621259842512
20
-8.1892120866141731
11
10.8152621259842512
21
-8.1903642125984248
0
LINE
8
BLACK
6
CONTINUOUS
10
10.8152621259842512
20
-8.1903642125984248
11
10.8148212204724405
21
-8.1914286220472441
0
LINE
8
BLACK
6
CONTINUOUS
10
10.8148212204724405
20
-8.1914286220472441
11
10.81400657480315
21
-8.1922432677165347
0
LINE
8
BLACK
6
CONTINUOUS
10
10.81400657480315
20
-8.1922432677165347
11
10.8129421653543307
21
-8.1926841732283471
0
LINE
8
BLACK
6
CONTINUOUS
10
10.8129421653543307
20
-8.1926841732283471
11
10.8123661023622049
21
-8.1927409055118101
0
LINE
8
BLACK
6
CONTINUOUS
10
10.8123661023622049
20
-8.1927409055118101
11
10.7898689370078742
21
-8.1927409055118101
0
LINE
8
BLACK
6
CONTINUOUS
10
10.7898689370078742
20
-8.1927409055118101
11
10.7892928740157483
21
-8.1926841732283471
0
LINE
8
BLACK
6
CONTINUOUS
10
10.7892928740157483
20
-8.1926841732283471
11
10.7882284645669291
21
-8.1922432677165347
0
LINE
8
BLACK
6
CONTINUOUS
10
10.7882284645669291
20
-8.1922432677165347
11
10.7874138188976367
21
-8.1914286220472441
0
LINE
8
BLACK
6
CONTINUOUS
10
10.7874138188976367
20
-8.1914286220472441
11
10.7869729133858261
21
-8.1903642125984248
0
LINE
8
BLACK
6
CONTINUOUS
10
10.7869729133858261
20
-8.1903642125984248
11
10.7869729133858261
21
-8.1892120866141731
0
LINE
8
BLACK
6
CONTINUOUS
10
10.7869729133858261
20
-8.1892120866141731
11
10.7874138188976367
21
-8.1881476771653539
0
LINE
8
BLACK
6
CONTINUOUS
10
10.7874138188976367
20
-8.1881476771653539
11
10.7882284645669291
21
-8.1873330314960633
0
LINE
8
BLACK
6
CONTINUOUS
10
10.7882284645669291
20
-8.1873330314960633
11
10.7892928740157483
21
-8.1868921259842526
0
LINE
8
BLACK
6
CONTINUOUS
10
10.7892928740157483
20
-8.1868921259842526
11
10.7898689370078742
21
-8.1868353937007878
0
LINE
8
BLACK
6
CONTINUOUS
10
10.7898689370078742
20
-8.1868353937007878
11
10.7981647637795266
21
-8.1868353937007878
0
LINE
8
BLACK
6
CONTINUOUS
10
10.7981647637795266
20
-8.1868353937007878
11
10.7981647637795266
21
-8.1504180708661416
0
LINE
8
BLACK
6
CONTINUOUS
10
10.7981647637795266
20
-8.1504180708661416
11
10.7981649606299204
21
-8.1504159842519677
0
LINE
8
BLACK
6
CONTINUOUS
10
10.7981649606299204
20
-8.1504159842519677
11
10.7981647637795266
21
-8.1504149606299219
0
LINE
8
BLACK
6
CONTINUOUS
10
10.7981647637795266
20
-8.1504149606299219
11
10.7981653543307079
21
-8.1504119291338579
0
LINE
8
BLACK
6
CONTINUOUS
10
10.7981653543307079
20
-8.1504119291338579
11
10.7982214960629914
21
-8.1498420078740157
0
LINE
8
BLACK
6
CONTINUOUS
10
10.7982214960629914
20
-8.1498420078740157
11
10.7983333464566922
21
-8.149571889763779
0
LINE
8
BLACK
6
CONTINUOUS
10
10.7983333464566922
20
-8.149571889763779
11
10.798390708661417
21
-8.1492852755905503
0
LINE
8
BLACK
6
CONTINUOUS
10
10.798390708661417
20
-8.1492852755905503
11
10.7985516535433064
21
-8.1490448818897629
0
LINE
8
BLACK
6
CONTINUOUS
10
10.7985516535433064
20
-8.1490448818897629
11
10.7986624015748021
21
-8.1487775984251964
0
LINE
8
BLACK
6
CONTINUOUS
10
10.7986624015748021
20
-8.1487775984251964
11
10.7988690944881895
21
-8.148570866141732
0
LINE
8
BLACK
6
CONTINUOUS
10
10.7988690944881895
20
-8.148570866141732
11
10.7990317716535422
21
-8.1483279921259832
0
LINE
8
BLACK
6
CONTINUOUS
10
10.7990317716535422
20
-8.1483279921259832
11
10.7992724803149596
21
-8.1481674803149602
0
LINE
8
BLACK
6
CONTINUOUS
10
10.7992724803149596
20
-8.1481674803149602
11
10.7994770472440944
21
-8.1479629527559059
0
LINE
8
BLACK
6
CONTINUOUS
10
10.7994770472440944
20
-8.1479629527559059
11
10.7997471259842523
21
-8.1478510629921264
0
LINE
8
BLACK
6
CONTINUOUS
10
10.7997471259842523
20
-8.1478510629921264
11
10.7999903937007868
21
-8.1476888976377957
0
LINE
8
BLACK
6
CONTINUOUS
10
10.7999903937007868
20
-8.1476888976377957
11
10.8002741732283454
21
-8.1476327559055122
0
LINE
8
BLACK
6
CONTINUOUS
10
10.8002741732283454
20
-8.1476327559055122
11
10.8005414566929137
21
-8.1475220472440935
0
LINE
8
BLACK
6
CONTINUOUS
10
10.8005414566929137
20
-8.1475220472440935
11
10.8008338582677155
21
-8.1475220472440935
0
LINE
8
BLACK
6
CONTINUOUS
10
10.8008338582677155
20
-8.1475220472440935
11
10.8011206299212592
21
-8.1474653149606304
0
LINE
8
BLACK
6
CONTINUOUS
10
10.8011206299212592
20
-8.1474653149606304
11
10.8014042913385833
21
-8.1475220472440935
0
LINE
8
BLACK
6
CONTINUOUS
10
10.8860580314960629
20
-8.1475220472440935
11
10.8871224409448821
21
-8.1479629527559059
0
LINE
8
BLACK
6
CONTINUOUS
10
10.8871224409448821
20
-8.1479629527559059
11
10.8879370866141727
21
-8.1487775984251964
0
LINE
8
BLACK
6
CONTINUOUS
10
10.8879370866141727
20
-8.1487775984251964
11
10.8883779921259833
21
-8.1498420078740157
0
LINE
8
BLACK
6
CONTINUOUS
10
10.8883779921259833
20
-8.1498420078740157
11
10.8883779921259833
21
-8.1509941338582674
0
LINE
8
BLACK
6
CONTINUOUS
10
10.8883779921259833
20
-8.1509941338582674
11
10.8879370866141727
21
-8.1520585433070867
0
LINE
8
BLACK
6
CONTINUOUS
10
10.8879370866141727
20
-8.1520585433070867
11
10.8871224409448821
21
-8.1528731889763773
0
LINE
8
BLACK
6
CONTINUOUS
10
10.8871224409448821
20
-8.1528731889763773
11
10.8860580314960629
21
-8.1533140944881897
0
LINE
8
BLACK
6
CONTINUOUS
10
10.8860580314960629
20
-8.1533140944881897
11
10.885481968503937
21
-8.1533708267716527
0
LINE
8
BLACK
6
CONTINUOUS
10
10.885481968503937
20
-8.1533708267716527
11
10.8676172047244091
21
-8.1533708267716527
0
LINE
8
BLACK
6
CONTINUOUS
10
10.8676172047244091
20
-8.1533708267716527
11
10.8764555511811025
21
-8.1634717716535423
0
LINE
8
BLACK
6
CONTINUOUS
10
10.8764555511811025
20
-8.1634717716535423
11
10.8766335433070864
21
-8.1637207480314959
0
LINE
8
BLACK
6
CONTINUOUS
10
10.8766335433070864
20
-8.1637207480314959
11
10.8766885039370074
21
-8.1637757086614169
0
LINE
8
BLACK
6
CONTINUOUS
10
10.8766885039370074
20
-8.1637757086614169
11
10.8767100787401567
21
-8.1638277952755907
0
LINE
8
BLACK
6
CONTINUOUS
10
10.8767100787401567
20
-8.1638277952755907
11
10.8767922047244099
21
-8.1639426771653536
0
LINE
8
BLACK
6
CONTINUOUS
10
10.8767922047244099
20
-8.1639426771653536
11
10.8769457874015743
21
-8.1643968897637791
0
LINE
8
BLACK
6
CONTINUOUS
10
10.8769457874015743
20
-8.1643968897637791
11
10.877129409448818
21
-8.1648401181102361
0
LINE
8
BLACK
6
CONTINUOUS
10
10.877129409448818
20
-8.1648401181102361
11
10.877129409448818
21
-8.1649397244094484
0
LINE
8
BLACK
6
CONTINUOUS
10
10.877129409448818
20
-8.1649397244094484
11
10.8771612992125988
21
-8.1650340551181095
0
LINE
8
BLACK
6
CONTINUOUS
10
10.8771612992125988
20
-8.1650340551181095
11
10.877129409448818
21
-8.1655125196850395
0
LINE
8
BLACK
6
CONTINUOUS
10
10.877129409448818
20
-8.1655125196850395
11
10.877129409448818
21
-8.1659922440944879
0
LINE
8
BLACK
6
CONTINUOUS
10
10.877129409448818
20
-8.1659922440944879
11
10.8770912992125979
21
-8.1660842125984257
0
LINE
8
BLACK
6
CONTINUOUS
10
10.8770912992125979
20
-8.1660842125984257
11
10.8770846850393692
21
-8.1661835826771654
0
LINE
8
BLACK
6
CONTINUOUS
10
10.8770846850393692
20
-8.1661835826771654
11
10.8768719685039361
21
-8.1666137007874013
0
LINE
8
BLACK
6
CONTINUOUS
10
10.8768719685039361
20
-8.1666137007874013
11
10.8766885039370074
21
-8.1670566535433071
0
LINE
8
BLACK
6
CONTINUOUS
10
10.8766885039370074
20
-8.1670566535433071
11
10.8766181496062995
21
-8.1671269685039363
0
LINE
8
BLACK
6
CONTINUOUS
10
10.8766181496062995
20
-8.1671269685039363
11
10.8765739763779532
21
-8.1672163385826764
0
LINE
8
BLACK
6
CONTINUOUS
10
10.8765739763779532
20
-8.1672163385826764
11
10.8762128346456688
21
-8.1675322834645669
0
LINE
8
BLACK
6
CONTINUOUS
10
10.8762128346456688
20
-8.1675322834645669
11
10.8758738582677168
21
-8.1678712992125977
0
LINE
8
BLACK
6
CONTINUOUS
10
10.8758738582677168
20
-8.1678712992125977
11
10.8757818503937003
21
-8.1679094094488178
0
LINE
8
BLACK
6
CONTINUOUS
10
10.8757818503937003
20
-8.1679094094488178
11
10.8757068897637801
21
-8.1679750000000002
0
LINE
8
BLACK
6
CONTINUOUS
10
10.8757068897637801
20
-8.1679750000000002
11
10.8752526377952758
21
-8.1681285826771646
0
LINE
8
BLACK
6
CONTINUOUS
10
10.8752526377952758
20
-8.1681285826771646
11
10.8748094488188976
21
-8.1683122047244101
0
LINE
8
BLACK
6
CONTINUOUS
10
10.8748094488188976
20
-8.1683122047244101
11
10.8746688582677162
21
-8.168326023622047
0
LINE
8
BLACK
6
CONTINUOUS
10
10.8746688582677162
20
-8.168326023622047
11
10.8746155118110241
21
-8.1683440944881891
0
LINE
8
BLACK
6
CONTINUOUS
10
10.8746155118110241
20
-8.1683440944881891
11
10.874538031496062
21
-8.1683388976377955
0
LINE
8
BLACK
6
CONTINUOUS
10
10.874538031496062
20
-8.1683388976377955
11
10.8742333858267717
21
-8.1683689370078731
0
LINE
8
BLACK
6
CONTINUOUS
10
10.8742333858267717
20
-8.1683689370078731
11
10.8693061417322827
21
-8.1683689370078731
0
LINE
8
BLACK
6
CONTINUOUS
10
10.8693061417322827
20
-8.1683689370078731
11
10.8666086614173221
21
-8.1697176771653535
0
LINE
8
BLACK
6
CONTINUOUS
10
10.8666086614173221
20
-8.1697176771653535
11
10.8654115354330703
21
-8.1709148031496053
0
LINE
8
BLACK
6
CONTINUOUS
10
10.8654115354330703
20
-8.1709148031496053
11
10.8640627952755899
21
-8.1736122834645659
0
LINE
8
BLACK
6
CONTINUOUS
10
10.8640627952755899
20
-8.1736122834645659
11
10.8640627952755899
21
-8.1815920078740163
0
LINE
8
BLACK
6
CONTINUOUS
10
10.8640627952755899
20
-8.1815920078740163
11
10.8654115354330703
21
-8.1842894881889769
0
LINE
8
BLACK
6
CONTINUOUS
10
10.8654115354330703
20
-8.1842894881889769
11
10.8666086614173221
21
-8.1854866535433075
0
LINE
8
BLACK
6
CONTINUOUS
10
10.8666086614173221
20
-8.1854866535433075
11
10.8693061417322827
21
-8.1868353937007878
0
LINE
8
BLACK
6
CONTINUOUS
10
10.8693061417322827
20
-8.1868353937007878
11
10.8791606299212589
21
-8.1868353937007878
0
LINE
8
BLACK
6
CONTINUOUS
10
10.8791606299212589
20
-8.1868353937007878
11
10.8818580708661408
21
-8.1854866535433075
0
LINE
8
BLACK
6
CONTINUOUS
10
10.8818580708661408
20
-8.1854866535433075
11
10.8833940157480313
21
-8.1839507086614169
0
LINE
8
BLACK
6
CONTINUOUS
10
10.8833940157480313
20
-8.1839507086614169
11
10.8838414960629919
21
-8.1835834645669294
0
LINE
8
BLACK
6
CONTINUOUS
10
10.8838414960629919
20
-8.1835834645669294
11
10.8849059055118111
21
-8.1831425590551188
0
LINE
8
BLACK
6
CONTINUOUS
10
10.8849059055118111
20
-8.1831425590551188
11
10.8860579921259841
21
-8.1831425590551188
0
LINE
8
BLACK
6
CONTINUOUS
10
10.8860579921259841
20
-8.1831425590551188
11
10.8871224015748034
21
-8.1835834251968507
0
LINE
8
BLACK
6
CONTINUOUS
10
10.8871224015748034
20
-8.1835834251968507
11
10.8879370866141727
21
-8.18439811023622
0
LINE
8
BLACK
6
CONTINUOUS
10
10.8879370866141727
20
-8.18439811023622
11
10.8883779921259833
21
-8.1854625196850392
0
LINE
8
BLACK
6
CONTINUOUS
10
10.8883779921259833
20
-8.1854625196850392
11
10.8883779921259833
21
-8.1866146062992122
0
LINE
8
BLACK
6
CONTINUOUS
10
10.8883779921259833
20
-8.1866146062992122
11
10.8879371259842515
21
-8.1876790157480315
0
LINE
8
BLACK
6
CONTINUOUS
10
10.8879371259842515
20
-8.1876790157480315
11
10.8875698818897639
21
-8.188126496062992
0
LINE
8
BLACK
6
CONTINUOUS
10
10.8875698818897639
20
-8.188126496062992
11
10.8856951574803151
21
-8.1900012598425196
0
LINE
8
BLACK
6
CONTINUOUS
10
10.8856951574803151
20
-8.1900012598425196
11
10.8854687795275584
21
-8.190187007874016
0
LINE
8
BLACK
6
CONTINUOUS
10
10.8854687795275584
20
-8.190187007874016
11
10.885417598425196
21
-8.1902460629921254
0
LINE
8
BLACK
6
CONTINUOUS
10
10.885417598425196
20
-8.1902460629921254
11
10.8853286220472434
21
-8.1903020472440939
0
LINE
8
BLACK
6
CONTINUOUS
10
10.8853286220472434
20
-8.1903020472440939
11
10.8852476771653546
21
-8.1903685039370071
0
LINE
8
BLACK
6
CONTINUOUS
10
10.8852476771653546
20
-8.1903685039370071
11
10.8851757086614178
21
-8.190398307086614
0
LINE
8
BLACK
6
CONTINUOUS
10
10.8851757086614178
20
-8.190398307086614
11
10.884927716535433
21
-8.1905544094488185
0
LINE
8
BLACK
6
CONTINUOUS
10
10.884927716535433
20
-8.1905544094488185
11
10.8811781889763779
21
-8.1924291732283461
0
LINE
8
BLACK
6
CONTINUOUS
10
10.8811781889763779
20
-8.1924291732283461
11
10.880637559055117
21
-8.1926360629921255
0
LINE
8
BLACK
6
CONTINUOUS
10
10.880637559055117
20
-8.1926360629921255
11
10.8805317322834636
21
-8.1926435433070868
0
LINE
8
BLACK
6
CONTINUOUS
10
10.8805317322834636
20
-8.1926435433070868
11
10.8804337401574802
21
-8.1926841732283471
0
LINE
8
BLACK
6
CONTINUOUS
10
10.8804337401574802
20
-8.1926841732283471
11
10.8798576771653543
21
-8.1927409055118101
0
LINE
8
BLACK
6
CONTINUOUS
10
10.8798576771653543
20
-8.1927409055118101
11
10.868609094488189
21
-8.1927409055118101
0
LINE
8
BLACK
6
CONTINUOUS
10
10.868609094488189
20
-8.1927409055118101
11
10.8680330314960631
21
-8.1926841732283471
0
LINE
8
BLACK
6
CONTINUOUS
10
10.8680330314960631
20
-8.1926841732283471
11
10.867935039370078
21
-8.1926435826771655
0
LINE
8
BLACK
6
CONTINUOUS
10
10.867935039370078
20
-8.1926435826771655
11
10.8678291732283459
21
-8.1926360629921255
0
LINE
8
BLACK
6
CONTINUOUS
10
10.8678291732283459
20
-8.1926360629921255
11
10.8672885826771655
21
-8.1924291732283461
0
LINE
8
BLACK
6
CONTINUOUS
10
10.8672885826771655
20
-8.1924291732283461
11
10.8635390551181104
21
-8.1905544094488185
0
LINE
8
BLACK
6
CONTINUOUS
10
10.8635390551181104
20
-8.1905544094488185
11
10.8632910236220468
21
-8.190398307086614
0
LINE
8
BLACK
6
CONTINUOUS
10
10.8632910236220468
20
-8.190398307086614
11
10.8632190944881888
21
-8.1903685039370071
0
LINE
8
BLACK
6
CONTINUOUS
10
10.8632190944881888
20
-8.1903685039370071
11
10.8631381102362194
21
-8.1903020472440939
0
LINE
8
BLACK
6
CONTINUOUS
10
10.8631381102362194
20
-8.1903020472440939
11
10.8630491732283456
21
-8.1902460629921254
0
LINE
8
BLACK
6
CONTINUOUS
10
10.8630491732283456
20
-8.1902460629921254
11
10.8629979527559044
21
-8.190187007874016
0
LINE
8
BLACK
6
CONTINUOUS
10
10.8629979527559044
20
-8.190187007874016
11
10.8627716141732282
21
-8.1900012598425196
0
LINE
8
BLACK
6
CONTINUOUS
10
10.8627716141732282
20
-8.1900012598425196
11
10.8608968503937007
21
-8.1881264566929133
0
LINE
8
BLACK
6
CONTINUOUS
10
10.8608968503937007
20
-8.1881264566929133
11
10.8607111023622043
21
-8.1879001181102353
0
LINE
8
BLACK
6
CONTINUOUS
10
10.8607111023622043
20
-8.1879001181102353
11
10.8606521259842523
21
-8.1878489763779534
0
LINE
8
BLACK
6
CONTINUOUS
10
10.8606521259842523
20
-8.1878489763779534
11
10.8605961417322838
21
-8.1877600393700778
0
LINE
8
BLACK
6
CONTINUOUS
10
10.8605961417322838
20
-8.1877600393700778
11
10.8605296456692919
21
-8.1876790157480315
0
LINE
8
BLACK
6
CONTINUOUS
10
10.8605296456692919
20
-8.1876790157480315
11
10.8604998031496063
21
-8.1876069685039372
0
LINE
8
BLACK
6
CONTINUOUS
10
10.8604998031496063
20
-8.1876069685039372
11
10.8603437795275592
21
-8.1873590944881887
0
LINE
8
BLACK
6
CONTINUOUS
10
10.8603437795275592
20
-8.1873590944881887
11
10.8584690157480317
21
-8.1836095669291335
0
LINE
8
BLACK
6
CONTINUOUS
10
10.8584690157480317
20
-8.1836095669291335
11
10.8582621259842522
21
-8.1830689370078744
0
LINE
8
BLACK
6
CONTINUOUS
10
10.8582621259842522
20
-8.1830689370078744
11
10.8582546062992122
21
-8.182963110236221
0
LINE
8
BLACK
6
CONTINUOUS
10
10.8582546062992122
20
-8.182963110236221
11
10.8582140157480307
21
-8.1828651181102359
0
LINE
8
BLACK
6
CONTINUOUS
10
10.8582140157480307
20
-8.1828651181102359
11
10.8581572834645659
21
-8.18228905511811
0
LINE
8
BLACK
6
CONTINUOUS
10
10.8581572834645659
20
-8.18228905511811
11
10.8581572834645659
21
-8.1729152362204722
0
LINE
8
BLACK
6
CONTINUOUS
10
10.8581572834645659
20
-8.1729152362204722
11
10.8582140157480307
21
-8.1723391732283464
0
LINE
8
BLACK
6
CONTINUOUS
10
10.8582140157480307
20
-8.1723391732283464
11
10.8582546062992122
21
-8.1722411417322824
0
LINE
8
BLACK
6
CONTINUOUS
10
10.8582546062992122
20
-8.1722411417322824
11
10.8582621259842522
21
-8.1721353543307078
0
LINE
8
BLACK
6
CONTINUOUS
10
10.8582621259842522
20
-8.1721353543307078
11
10.8584690157480317
21
-8.1715947244094487
0
LINE
8
BLACK
6
CONTINUOUS
10
10.8584690157480317
20
-8.1715947244094487
11
10.8603437795275592
21
-8.1678451968503936
0
LINE
8
BLACK
6
CONTINUOUS
10
10.8603437795275592
20
-8.1678451968503936
11
10.860499842519685
21
-8.16759716535433
0
LINE
8
BLACK
6
CONTINUOUS
10
10.860499842519685
20
-8.16759716535433
11
10.8605296850393707
21
-8.167525236220472
0
LINE
8
BLACK
6
CONTINUOUS
10
10.8605296850393707
20
-8.167525236220472
11
10.8605961417322838
21
-8.1674442519685044
0
LINE
8
BLACK
6
CONTINUOUS
10
10.8605961417322838
20
-8.1674442519685044
11
10.8606521259842523
21
-8.1673553149606306
0
LINE
8
BLACK
6
CONTINUOUS
10
10.8606521259842523
20
-8.1673553149606306
11
10.8607111023622043
21
-8.1673041338582681
0
LINE
8
BLACK
6
CONTINUOUS
10
10.8607111023622043
20
-8.1673041338582681
11
10.8608968897637794
21
-8.1670777952755902
0
LINE
8
BLACK
6
CONTINUOUS
10
10.8608968897637794
20
-8.1670777952755902
11
10.862771653543307
21
-8.1652030314960626
0
LINE
8
BLACK
6
CONTINUOUS
10
10.862771653543307
20
-8.1652030314960626
11
10.8629979921259832
21
-8.1650172440944875
0
LINE
8
BLACK
6
CONTINUOUS
10
10.8629979921259832
20
-8.1650172440944875
11
10.8630491732283456
21
-8.1649582677165355
0
LINE
8
BLACK
6
CONTINUOUS
10
10.8630491732283456
20
-8.1649582677165355
11
10.8631381102362194
21
-8.164902283464567
0
LINE
8
BLACK
6
CONTINUOUS
10
10.8631381102362194
20
-8.164902283464567
11
10.8632190944881888
21
-8.1648358267716539
0
LINE
8
BLACK
6
CONTINUOUS
10
10.8632190944881888
20
-8.1648358267716539
11
10.8632910236220468
21
-8.1648059842519682
0
LINE
8
BLACK
6
CONTINUOUS
10
10.8632910236220468
20
-8.1648059842519682
11
10.8635390551181104
21
-8.1646499212598425
0
LINE
8
BLACK
6
CONTINUOUS
10
10.8635390551181104
20
-8.1646499212598425
11
10.8672885826771655
21
-8.1627751574803149
0
LINE
8
BLACK
6
CONTINUOUS
10
10.8672885826771655
20
-8.1627751574803149
11
10.8678207480314963
21
-8.1625714566929126
0
LINE
8
BLACK
6
CONTINUOUS
10
10.8678207480314963
20
-8.1625714566929126
11
10.858887874015748
21
-8.1523624803149612
0
LINE
8
BLACK
6
CONTINUOUS
10
10.858887874015748
20
-8.1523624803149612
11
10.8587098425196853
21
-8.1521134645669289
0
LINE
8
BLACK
6
CONTINUOUS
10
10.8587098425196853
20
-8.1521134645669289
11
10.8586549212598431
21
-8.1520585433070867
0
LINE
8
BLACK
6
CONTINUOUS
10
10.8586549212598431
20
-8.1520585433070867
11
10.8586333070866132
21
-8.1520064173228342
0
LINE
8
BLACK
6
CONTINUOUS
10
10.8586333070866132
20
-8.1520064173228342
11
10.8585512204724406
21
-8.15189157480315
0
LINE
8
BLACK
6
CONTINUOUS
10
10.8585512204724406
20
-8.15189157480315
11
10.8583975984251975
21
-8.1514373228346457
0
LINE
8
BLACK
6
CONTINUOUS
10
10.8583975984251975
20
-8.1514373228346457
11
10.8582140157480307
21
-8.1509941338582674
0
LINE
8
BLACK
6
CONTINUOUS
10
10.8582140157480307
20
-8.1509941338582674
11
10.8582140157480307
21
-8.1508944881889764
0
LINE
8
BLACK
6
CONTINUOUS
10
10.8582140157480307
20
-8.1508944881889764
11
10.8581821259842517
21
-8.150800196850394
0
LINE
8
BLACK
6
CONTINUOUS
10
10.8581821259842517
20
-8.150800196850394
11
10.8582140157480307
21
-8.1503216929133853
0
LINE
8
BLACK
6
CONTINUOUS
10
10.8582140157480307
20
-8.1503216929133853
11
10.8582140157480307
21
-8.1498420078740157
0
LINE
8
BLACK
6
CONTINUOUS
10
10.8582140157480307
20
-8.1498420078740157
11
10.8582520866141738
21
-8.1497499999999992
0
LINE
8
BLACK
6
CONTINUOUS
10
10.8582520866141738
20
-8.1497499999999992
11
10.8582587401574795
21
-8.1496506692913382
0
LINE
8
BLACK
6
CONTINUOUS
10
10.8582587401574795
20
-8.1496506692913382
11
10.8584714173228338
21
-8.1492205118110235
0
LINE
8
BLACK
6
CONTINUOUS
10
10.8584714173228338
20
-8.1492205118110235
11
10.8586549212598431
21
-8.1487775984251964
0
LINE
8
BLACK
6
CONTINUOUS
10
10.8586549212598431
20
-8.1487775984251964
11
10.8587252362204723
21
-8.1487072440944885
0
LINE
8
BLACK
6
CONTINUOUS
10
10.8587252362204723
20
-8.1487072440944885
11
10.8587694488188973
21
-8.1486179133858272
0
LINE
8
BLACK
6
CONTINUOUS
10
10.8587694488188973
20
-8.1486179133858272
11
10.8591305511811029
21
-8.1483019291338579
0
LINE
8
BLACK
6
CONTINUOUS
10
10.8591305511811029
20
-8.1483019291338579
11
10.8594695669291337
21
-8.1479629527559059
0
LINE
8
BLACK
6
CONTINUOUS
10
10.8594695669291337
20
-8.1479629527559059
11
10.8595615354330715
21
-8.147924803149607
0
LINE
8
BLACK
6
CONTINUOUS
10
10.8595615354330715
20
-8.147924803149607
11
10.8596365354330704
21
-8.1478592519685034
0
LINE
8
BLACK
6
CONTINUOUS
10
10.8596365354330704
20
-8.1478592519685034
11
10.8600907480314959
21
-8.1477056299212602
0
LINE
8
BLACK
6
CONTINUOUS
10
10.8600907480314959
20
-8.1477056299212602
11
10.8605339763779529
21
-8.1475220472440935
0
LINE
8
BLACK
6
CONTINUOUS
10
10.8605339763779529
20
-8.1475220472440935
11
10.8606745275590555
21
-8.1475081889763779
0
LINE
8
BLACK
6
CONTINUOUS
10
10.8606745275590555
20
-8.1475081889763779
11
10.8607279133858263
21
-8.1474901574803145
0
LINE
8
BLACK
6
CONTINUOUS
10
10.8607279133858263
20
-8.1474901574803145
11
10.8608053543307079
21
-8.1474953149606293
0
LINE
8
BLACK
6
CONTINUOUS
10
10.8608053543307079
20
-8.1474953149606293
11
10.8611100393700788
21
-8.1474653149606304
0
LINE
8
BLACK
6
CONTINUOUS
10
10.8611100393700788
20
-8.1474653149606304
11
10.885481968503937
21
-8.1474653149606304
0
LINE
8
BLACK
6
CONTINUOUS
10
10.885481968503937
20
-8.1474653149606304
11
10.8860580314960629
21
-8.1475220472440935
0
LINE
8
BLACK
6
CONTINUOUS
10
10.8513237007874022
20
-8.1478528346456685
11
10.8521940944881887
21
-8.148607716535432
0
LINE
8
BLACK
6
CONTINUOUS
10
10.8521940944881887
20
-8.148607716535432
11
10.8527092913385825
21
-8.1496381889763772
0
LINE
8
BLACK
6
CONTINUOUS
10
10.8527092913385825
20
-8.1496381889763772
11
10.8527909842519676
21
-8.150787401574803
0
LINE
8
BLACK
6
CONTINUOUS
10
10.8527909842519676
20
-8.150787401574803
11
10.8526626377952748
21
-8.1513518110236216
0
LINE
8
BLACK
6
CONTINUOUS
10
10.8526626377952748
20
-8.1513518110236216
11
10.839539291338582
21
-8.190721889763779
0
LINE
8
BLACK
6
CONTINUOUS
10
10.839539291338582
20
-8.190721889763779
11
10.8393033070866132
21
-8.1912504724409452
0
LINE
8
BLACK
6
CONTINUOUS
10
10.8393033070866132
20
-8.1912504724409452
11
10.8391650393700782
21
-8.1914098425196844
0
LINE
8
BLACK
6
CONTINUOUS
10
10.8391650393700782
20
-8.1914098425196844
11
10.8390707480314958
21
-8.1915985039370085
0
LINE
8
BLACK
6
CONTINUOUS
10
10.8390707480314958
20
-8.1915985039370085
11
10.8387910629921258
21
-8.1918410629921254
0
LINE
8
BLACK
6
CONTINUOUS
10
10.8387910629921258
20
-8.1918410629921254
11
10.8385484251968496
21
-8.192120826771653
0
LINE
8
BLACK
6
CONTINUOUS
10
10.8385484251968496
20
-8.192120826771653
11
10.8383596850393698
21
-8.1922151574803141
0
LINE
8
BLACK
6
CONTINUOUS
10
10.8383596850393698
20
-8.1922151574803141
11
10.8382003543307093
21
-8.1923533858267721
0
LINE
8
BLACK
6
CONTINUOUS
10
10.8382003543307093
20
-8.1923533858267721
11
10.8378490944881882
21
-8.1924704330708664
0
LINE
8
BLACK
6
CONTINUOUS
10
10.8378490944881882
20
-8.1924704330708664
11
10.8375179921259832
21
-8.1926360236220468
0
LINE
8
BLACK
6
CONTINUOUS
10
10.8375179921259832
20
-8.1926360236220468
11
10.8373075590551178
21
-8.1926509448818887
0
LINE
8
BLACK
6
CONTINUOUS
10
10.8373075590551178
20
-8.1926509448818887
11
10.8371073622047245
21
-8.1927177165354337
0
LINE
8
BLACK
6
CONTINUOUS
10
10.8371073622047245
20
-8.1927177165354337
11
10.8367380708661418
21
-8.1926914566929128
0
LINE
8
BLACK
6
CONTINUOUS
10
10.8367380708661418
20
-8.1926914566929128
11
10.8363687795275592
21
-8.1927177165354337
0
LINE
8
BLACK
6
CONTINUOUS
10
10.8363687795275592
20
-8.1927177165354337
11
10.8361685433070871
21
-8.1926509448818887
0
LINE
8
BLACK
6
CONTINUOUS
10
10.8361685433070871
20
-8.1926509448818887
11
10.8359581496062987
21
-8.1926360236220468
0
LINE
8
BLACK
6
CONTINUOUS
10
10.8359581496062987
20
-8.1926360236220468
11
10.8356271259842512
21
-8.1924704724409452
0
LINE
8
BLACK
6
CONTINUOUS
10
10.8356271259842512
20
-8.1924704724409452
11
10.8352757480314956
21
-8.1923533858267721
0
LINE
8
BLACK
6
CONTINUOUS
10
10.8352757480314956
20
-8.1923533858267721
11
10.8351162598425201
21
-8.1922150393700779
0
LINE
8
BLACK
6
CONTINUOUS
10
10.8351162598425201
20
-8.1922150393700779
11
10.8349277165354323
21
-8.1921207874015742
0
LINE
8
BLACK
6
CONTINUOUS
10
10.8349277165354323
20
-8.1921207874015742
11
10.8346852362204729
21
-8.1918412204724405
0
LINE
8
BLACK
6
CONTINUOUS
10
10.8346852362204729
20
-8.1918412204724405
11
10.8344053937007878
21
-8.1915985039370085
0
LINE
8
BLACK
6
CONTINUOUS
10
10.8344053937007878
20
-8.1915985039370085
11
10.8343110236220461
21
-8.1914097637795269
0
LINE
8
BLACK
6
CONTINUOUS
10
10.8343110236220461
20
-8.1914097637795269
11
10.8341728346456687
21
-8.1912504330708664
0
LINE
8
BLACK
6
CONTINUOUS
10
10.8341728346456687
20
-8.1912504330708664
11
10.8339368503936999
21
-8.190721889763779
0
LINE
8
BLACK
6
CONTINUOUS
10
10.8339368503936999
20
-8.190721889763779
11
10.820813503937007
21
-8.1513518110236216
0
LINE
8
BLACK
6
CONTINUOUS
10
10.820813503937007
20
-8.1513518110236216
11
10.8206851574803142
21
-8.1507873622047242
0
LINE
8
BLACK
6
CONTINUOUS
10
10.8206851574803142
20
-8.1507873622047242
11
10.8207668503937011
21
-8.1496381496062984
0
LINE
8
BLACK
6
CONTINUOUS
10
10.8207668503937011
20
-8.1496381496062984
11
10.8212820472440949
21
-8.148607716535432
0
LINE
8
BLACK
6
CONTINUOUS
10
10.8212820472440949
20
-8.148607716535432
11
10.8221524015748027
21
-8.1478528346456685
0
LINE
8
BLACK
6
CONTINUOUS
10
10.8221524015748027
20
-8.1478528346456685
11
10.8232454330708663
21
-8.1474885039370069
0
LINE
8
BLACK
6
CONTINUOUS
10
10.8232454330708663
20
-8.1474885039370069
11
10.8243946456692903
21
-8.1475701968503937
0
LINE
8
BLACK
6
CONTINUOUS
10
10.8243946456692903
20
-8.1475701968503937
11
10.8254250787401567
21
-8.1480853937007875
0
LINE
8
BLACK
6
CONTINUOUS
10
10.8254250787401567
20
-8.1480853937007875
11
10.8261799606299203
21
-8.1489557480314954
0
LINE
8
BLACK
6
CONTINUOUS
10
10.8261799606299203
20
-8.1489557480314954
11
10.8264159448818891
21
-8.1494843307086615
0
LINE
8
BLACK
6
CONTINUOUS
10
10.8264159448818891
20
-8.1494843307086615
11
10.8367380708661418
21
-8.180450708661418
0
LINE
8
BLACK
6
CONTINUOUS
10
10.8367380708661418
20
-8.180450708661418
11
10.8470601968503928
21
-8.1494843307086615
0
LINE
8
BLACK
6
CONTINUOUS
10
10.8470601968503928
20
-8.1494843307086615
11
10.8472961811023616
21
-8.1489557874015741
0
LINE
8
BLACK
6
CONTINUOUS
10
10.8472961811023616
20
-8.1489557874015741
11
10.8480510629921252
21
-8.1480854330708663
0
LINE
8
BLACK
6
CONTINUOUS
10
10.8480510629921252
20
-8.1480854330708663
11
10.8490814960629915
21
-8.1475701968503937
0
LINE
8
BLACK
6
CONTINUOUS
10
10.8490814960629915
20
-8.1475701968503937
11
10.8502307086614174
21
-8.1474885039370069
0
LINE
8
BLACK
6
CONTINUOUS
10
10.8502307086614174
20
-8.1474885039370069
11
10.8513237007874022
21
-8.1478528346456685
0
LINE
8
BLACK
6
CONTINUOUS
10
10.9216785826771652
20
-8.1475220472440935
11
10.9227429921259844
21
-8.1479629527559059
0
LINE
8
BLACK
6
CONTINUOUS
10
10.9227429921259844
20
-8.1479629527559059
11
10.923557637795275
21
-8.1487775984251964
0
LINE
8
BLACK
6
CONTINUOUS
10
10.923557637795275
20
-8.1487775984251964
11
10.9239985433070856
21
-8.1498420078740157
0
LINE
8
BLACK
6
CONTINUOUS
10
10.9239985433070856
20
-8.1498420078740157
11
10.9240552755905505
21
-8.1504180708661416
0
LINE
8
BLACK
6
CONTINUOUS
10
10.9240552755905505
20
-8.1504180708661416
11
10.9240552755905505
21
-8.189788149606299
0
LINE
8
BLACK
6
CONTINUOUS
10
10.9240552755905505
20
-8.189788149606299
11
10.9239985433070856
21
-8.1903642125984248
0
LINE
8
BLACK
6
CONTINUOUS
10
10.9239985433070856
20
-8.1903642125984248
11
10.923557637795275
21
-8.1914286220472441
0
LINE
8
BLACK
6
CONTINUOUS
10
10.923557637795275
20
-8.1914286220472441
11
10.9227429921259844
21
-8.1922432677165347
0
LINE
8
BLACK
6
CONTINUOUS
10
10.9227429921259844
20
-8.1922432677165347
11
10.9216785826771652
21
-8.1926841732283471
0
LINE
8
BLACK
6
CONTINUOUS
10
10.9216785826771652
20
-8.1926841732283471
11
10.9205264566929134
21
-8.1926841732283471
0
LINE
8
BLACK
6
CONTINUOUS
10
10.9205264566929134
20
-8.1926841732283471
11
10.9194620472440942
21
-8.1922432677165347
0
LINE
8
BLACK
6
CONTINUOUS
10
10.9194620472440942
20
-8.1922432677165347
11
10.9186474015748036
21
-8.1914286220472441
0
LINE
8
BLACK
6
CONTINUOUS
10
10.9186474015748036
20
-8.1914286220472441
11
10.9182064960629912
21
-8.1903642125984248
0
LINE
8
BLACK
6
CONTINUOUS
10
10.9182064960629912
20
-8.1903642125984248
11
10.9181497637795282
21
-8.189788149606299
0
LINE
8
BLACK
6
CONTINUOUS
10
10.9181497637795282
20
-8.189788149606299
11
10.9181497637795282
21
-8.1739932283464558
0
LINE
8
BLACK
6
CONTINUOUS
10
10.9181497637795282
20
-8.1739932283464558
11
10.9061044094488189
21
-8.1739932283464558
0
LINE
8
BLACK
6
CONTINUOUS
10
10.9061044094488189
20
-8.1739932283464558
11
10.905528346456693
21
-8.1739364960629928
0
LINE
8
BLACK
6
CONTINUOUS
10
10.905528346456693
20
-8.1739364960629928
11
10.9054303543307078
21
-8.1738959055118112
0
LINE
8
BLACK
6
CONTINUOUS
10
10.9054303543307078
20
-8.1738959055118112
11
10.9053244881889757
21
-8.1738883858267712
0
LINE
8
BLACK
6
CONTINUOUS
10
10.9053244881889757
20
-8.1738883858267712
11
10.9047838976377953
21
-8.1736814960629918
0
LINE
8
BLACK
6
CONTINUOUS
10
10.9047838976377953
20
-8.1736814960629918
11
10.9010343700787402
21
-8.1718067322834642
0
LINE
8
BLACK
6
CONTINUOUS
10
10.9010343700787402
20
-8.1718067322834642
11
10.9007863385826766
21
-8.1716506299212597
0
LINE
8
BLACK
6
CONTINUOUS
10
10.9007863385826766
20
-8.1716506299212597
11
10.9007144094488186
21
-8.1716208267716528
0
LINE
8
BLACK
6
CONTINUOUS
10
10.9007144094488186
20
-8.1716208267716528
11
10.9006334251968493
21
-8.1715543307086609
0
LINE
8
BLACK
6
CONTINUOUS
10
10.9006334251968493
20
-8.1715543307086609
11
10.9005444881889755
21
-8.1714983858267711
0
LINE
8
BLACK
6
CONTINUOUS
10
10.9005444881889755
20
-8.1714983858267711
11
10.9004933070866148
21
-8.1714393700787404
0
LINE
8
BLACK
6
CONTINUOUS
10
10.9004933070866148
20
-8.1714393700787404
11
10.9002669685039368
21
-8.171253622047244
0
LINE
8
BLACK
6
CONTINUOUS
10
10.9002669685039368
20
-8.171253622047244
11
10.8983922047244093
21
-8.1693788582677165
0
LINE
8
BLACK
6
CONTINUOUS
10
10.8983922047244093
20
-8.1693788582677165
11
10.8982064173228341
21
-8.1691524803149598
0
LINE
8
BLACK
6
CONTINUOUS
10
10.8982064173228341
20
-8.1691524803149598
11
10.8981474409448822
21
-8.1691013385826778
0
LINE
8
BLACK
6
CONTINUOUS
10
10.8981474409448822
20
-8.1691013385826778
11
10.8980914566929137
21
-8.1690123622047235
0
LINE
8
BLACK
6
CONTINUOUS
10
10.8980914566929137
20
-8.1690123622047235
11
10.8980250000000005
21
-8.1689314173228347
0
LINE
8
BLACK
6
CONTINUOUS
10
10.8980250000000005
20
-8.1689314173228347
11
10.8979951574803149
21
-8.1688594488188979
0
LINE
8
BLACK
6
CONTINUOUS
10
10.8979951574803149
20
-8.1688594488188979
11
10.8978390944881891
21
-8.1686114566929131
0
LINE
8
BLACK
6
CONTINUOUS
10
10.8978390944881891
20
-8.1686114566929131
11
10.8959643307086615
21
-8.164861929133858
0
LINE
8
BLACK
6
CONTINUOUS
10
10.8959643307086615
20
-8.164861929133858
11
10.8957574409448821
21
-8.1643212992125989
0
LINE
8
BLACK
6
CONTINUOUS
10
10.8957574409448821
20
-8.1643212992125989
11
10.8957499212598421
21
-8.1642154724409455
0
LINE
8
BLACK
6
CONTINUOUS
10
10.8957499212598421
20
-8.1642154724409455
11
10.8957093307086605
21
-8.1641174803149603
0
LINE
8
BLACK
6
CONTINUOUS
10
10.8957093307086605
20
-8.1641174803149603
11
10.8956525984251957
21
-8.1635414173228344
0
LINE
8
BLACK
6
CONTINUOUS
10
10.8956525984251957
20
-8.1635414173228344
11
10.8956525984251957
21
-8.1579171259842518
0
LINE
8
BLACK
6
CONTINUOUS
10
10.8956525984251957
20
-8.1579171259842518
11
10.8957093307086605
21
-8.1573410629921259
0
LINE
8
BLACK
6
CONTINUOUS
10
10.8957093307086605
20
-8.1573410629921259
11
10.8957499212598421
21
-8.157243031496062
0
LINE
8
BLACK
6
CONTINUOUS
10
10.8957499212598421
20
-8.157243031496062
11
10.8957574409448821
21
-8.1571372440944874
0
LINE
8
BLACK
6
CONTINUOUS
10
10.8957574409448821
20
-8.1571372440944874
11
10.8959643307086615
21
-8.1565966141732282
0
LINE
8
BLACK
6
CONTINUOUS
10
10.8959643307086615
20
-8.1565966141732282
11
10.8978390944881891
21
-8.1528470866141731
0
LINE
8
BLACK
6
CONTINUOUS
10
10.8978390944881891
20
-8.1528470866141731
11
10.8979951574803149
21
-8.1525990551181096
0
LINE
8
BLACK
6
CONTINUOUS
10
10.8979951574803149
20
-8.1525990551181096
11
10.8980250000000005
21
-8.1525271259842516
0
LINE
8
BLACK
6
CONTINUOUS
10
10.8980250000000005
20
-8.1525271259842516
11
10.8980914566929137
21
-8.152446141732284
0
LINE
8
BLACK
6
CONTINUOUS
10
10.8980914566929137
20
-8.152446141732284
11
10.8981474409448822
21
-8.1523572047244084
0
LINE
8
BLACK
6
CONTINUOUS
10
10.8981474409448822
20
-8.1523572047244084
11
10.8982064173228341
21
-8.1523060236220477
0
LINE
8
BLACK
6
CONTINUOUS
10
10.8982064173228341
20
-8.1523060236220477
11
10.8983922047244093
21
-8.1520796850393697
0
LINE
8
BLACK
6
CONTINUOUS
10
10.8983922047244093
20
-8.1520796850393697
11
10.9002669685039368
21
-8.1502049212598422
0
LINE
8
BLACK
6
CONTINUOUS
10
10.9002669685039368
20
-8.1502049212598422
11
10.9004933070866148
21
-8.150019133858267
0
LINE
8
BLACK
6
CONTINUOUS
10
10.9004933070866148
20
-8.150019133858267
11
10.9005444881889755
21
-8.1499601574803151
0
LINE
8
BLACK
6
CONTINUOUS
10
10.9005444881889755
20
-8.1499601574803151
11
10.9006334251968493
21
-8.1499041732283466
0
LINE
8
BLACK
6
CONTINUOUS
10
10.9006334251968493
20
-8.1499041732283466
11
10.9007144094488186
21
-8.1498377165354334
0
LINE
8
BLACK
6
CONTINUOUS
10
10.9007144094488186
20
-8.1498377165354334
11
10.9007863385826766
21
-8.1498078740157478
0
LINE
8
BLACK
6
CONTINUOUS
10
10.9007863385826766
20
-8.1498078740157478
11
10.9010343700787402
21
-8.149651811023622
0
LINE
8
BLACK
6
CONTINUOUS
10
10.9010343700787402
20
-8.149651811023622
11
10.9047838976377953
21
-8.1477770472440945
0
LINE
8
BLACK
6
CONTINUOUS
10
10.9047838976377953
20
-8.1477770472440945
11
10.9053244881889757
21
-8.147570157480315
0
LINE
8
BLACK
6
CONTINUOUS
10
10.9053244881889757
20
-8.147570157480315
11
10.9054303543307078
21
-8.1475625984251963
0
LINE
8
BLACK
6
CONTINUOUS
10
10.9054303543307078
20
-8.1475625984251963
11
10.905528346456693
21
-8.1475220472440935
0
LINE
8
BLACK
6
CONTINUOUS
10
10.905528346456693
20
-8.1475220472440935
11
10.9061044094488189
21
-8.1474653149606304
0
LINE
8
BLACK
6
CONTINUOUS
10
10.9061044094488189
20
-8.1474653149606304
11
10.9211025196850393
21
-8.1474653149606304
0
LINE
8
BLACK
6
CONTINUOUS
10
10.9211025196850393
20
-8.1474653149606304
11
10.9216785826771652
21
-8.1475220472440935
0
LINE
8
BLACK
6
CONTINUOUS
10
10.9041039763779519
20
-8.154719566929133
11
10.9029068503937001
21
-8.1559166929133848
0
LINE
8
BLACK
6
CONTINUOUS
10
10.9029068503937001
20
-8.1559166929133848
11
10.9015581102362198
21
-8.1586141732283455
0
LINE
8
BLACK
6
CONTINUOUS
10
10.9015581102362198
20
-8.1586141732283455
11
10.9015581102362198
21
-8.1628443700787408
0
LINE
8
BLACK
6
CONTINUOUS
10
10.9015581102362198
20
-8.1628443700787408
11
10.9029068503937001
21
-8.1655418503937014
0
LINE
8
BLACK
6
CONTINUOUS
10
10.9029068503937001
20
-8.1655418503937014
11
10.9041039763779519
21
-8.1667389763779532
0
LINE
8
BLACK
6
CONTINUOUS
10
10.9041039763779519
20
-8.1667389763779532
11
10.9068014566929126
21
-8.1680877165354335
0
LINE
8
BLACK
6
CONTINUOUS
10
10.9068014566929126
20
-8.1680877165354335
11
10.9181497637795282
21
-8.1680877165354335
0
LINE
8
BLACK
6
CONTINUOUS
10
10.9181497637795282
20
-8.1680877165354335
11
10.9181497637795282
21
-8.1533708267716527
0
LINE
8
BLACK
6
CONTINUOUS
10
10.9181497637795282
20
-8.1533708267716527
11
10.9068014566929126
21
-8.1533708267716527
0
LINE
8
BLACK
6
CONTINUOUS
10
10.9068014566929126
20
-8.1533708267716527
11
10.9041039763779519
21
-8.154719566929133
0
LINE
8
BLACK
6
CONTINUOUS
10
10.9572991338582675
20
-8.1475220472440935
11
10.9583635433070867
21
-8.1479629527559059
0
LINE
8
BLACK
6
CONTINUOUS
10
10.9583635433070867
20
-8.1479629527559059
11
10.9591781889763773
21
-8.1487775984251964
0
LINE
8
BLACK
6
CONTINUOUS
10
10.9591781889763773
20
-8.1487775984251964
11
10.9596190944881879
21
-8.1498420078740157
0
LINE
8
BLACK
6
CONTINUOUS
10
10.9596190944881879
20
-8.1498420078740157
11
10.9596190944881879
21
-8.1509941338582674
0
LINE
8
BLACK
6
CONTINUOUS
10
10.9596190944881879
20
-8.1509941338582674
11
10.9591781889763773
21
-8.1520585433070867
0
LINE
8
BLACK
6
CONTINUOUS
10
10.9591781889763773
20
-8.1520585433070867
11
10.9583635433070867
21
-8.1528731889763773
0
LINE
8
BLACK
6
CONTINUOUS
10
10.9583635433070867
20
-8.1528731889763773
11
10.9572991338582675
21
-8.1533140944881897
0
LINE
8
BLACK
6
CONTINUOUS
10
10.9572991338582675
20
-8.1533140944881897
11
10.9567230708661416
21
-8.1533708267716527
0
LINE
8
BLACK
6
CONTINUOUS
10
10.9567230708661416
20
-8.1533708267716527
11
10.9484272440944874
21
-8.1533708267716527
0
LINE
8
BLACK
6
CONTINUOUS
10
10.9484272440944874
20
-8.1533708267716527
11
10.9484272440944874
21
-8.189788149606299
0
LINE
8
BLACK
6
CONTINUOUS
10
10.9484272440944874
20
-8.189788149606299
11
10.9483705118110226
21
-8.1903642125984248
0
LINE
8
BLACK
6
CONTINUOUS
10
10.9483705118110226
20
-8.1903642125984248
11
10.947929606299212
21
-8.1914286220472441
0
LINE
8
BLACK
6
CONTINUOUS
10
10.947929606299212
20
-8.1914286220472441
11
10.9471149606299214
21
-8.1922432677165347
0
LINE
8
BLACK
6
CONTINUOUS
10
10.9471149606299214
20
-8.1922432677165347
11
10.9460505511811022
21
-8.1926841732283471
0
LINE
8
BLACK
6
CONTINUOUS
10
10.9460505511811022
20
-8.1926841732283471
11
10.9448984251968504
21
-8.1926841732283471
0
LINE
8
BLACK
6
CONTINUOUS
10
10.9448984251968504
20
-8.1926841732283471
11
10.9438340157480312
21
-8.1922432677165347
0
LINE
8
BLACK
6
CONTINUOUS
10
10.9438340157480312
20
-8.1922432677165347
11
10.9430193700787406
21
-8.1914286220472441
0
LINE
8
BLACK
6
CONTINUOUS
10
10.9430193700787406
20
-8.1914286220472441
11
10.9425784645669282
21
-8.1903642125984248
0
LINE
8
BLACK
6
CONTINUOUS
10
10.9425784645669282
20
-8.1903642125984248
11
10.9425217322834651
21
-8.189788149606299
0
LINE
8
BLACK
6
CONTINUOUS
10
10.9425217322834651
20
-8.189788149606299
11
10.9425217322834651
21
-8.1533708267716527
0
LINE
8
BLACK
6
CONTINUOUS
10
10.9425217322834651
20
-8.1533708267716527
11
10.934225905511811
21
-8.1533708267716527
0
LINE
8
BLACK
6
CONTINUOUS
10
10.934225905511811
20
-8.1533708267716527
11
10.9336498425196851
21
-8.1533140944881897
0
LINE
8
BLACK
6
CONTINUOUS
10
10.9336498425196851
20
-8.1533140944881897
11
10.9325854330708658
21
-8.1528731889763773
0
LINE
8
BLACK
6
CONTINUOUS
10
10.9325854330708658
20
-8.1528731889763773
11
10.9317707874015753
21
-8.1520585433070867
0
LINE
8
BLACK
6
CONTINUOUS
10
10.9317707874015753
20
-8.1520585433070867
11
10.9313298818897628
21
-8.1509941338582674
0
LINE
8
BLACK
6
CONTINUOUS
10
10.9313298818897628
20
-8.1509941338582674
11
10.9313298818897628
21
-8.1498420078740157
0
LINE
8
BLACK
6
CONTINUOUS
10
10.9313298818897628
20
-8.1498420078740157
11
10.9317707874015753
21
-8.1487775984251964
0
LINE
8
BLACK
6
CONTINUOUS
10
10.9317707874015753
20
-8.1487775984251964
11
10.9325854330708658
21
-8.1479629527559059
0
LINE
8
BLACK
6
CONTINUOUS
10
10.9325854330708658
20
-8.1479629527559059
11
10.9336498425196851
21
-8.1475220472440935
0
LINE
8
BLACK
6
CONTINUOUS
10
10.9336498425196851
20
-8.1475220472440935
11
10.934225905511811
21
-8.1474653149606304
0
LINE
8
BLACK
6
CONTINUOUS
10
10.934225905511811
20
-8.1474653149606304
11
10.9567230708661416
21
-8.1474653149606304
0
LINE
8
BLACK
6
CONTINUOUS
10
10.9567230708661416
20
-8.1474653149606304
11
10.9572991338582675
21
-8.1475220472440935
0
LINE
8
BLACK
6
CONTINUOUS
10
2.5638003543307084
20
-7.9845771259842522
11
2.5646149999999999
21
-7.9853917716535427
0
LINE
8
BLACK
6
CONTINUOUS
10
2.5646149999999999
20
-7.9853917716535427
11
2.565055905511811
21
-7.986456181102362
0
LINE
8
BLACK
6
CONTINUOUS
10
2.565055905511811
20
-7.986456181102362
11
2.5651126377952753
21
-7.9870322440944879
0
LINE
8
BLACK
6
CONTINUOUS
10
2.5651126377952753
20
-7.9870322440944879
11
2.5651126377952753
21
-7.9972028346456687
0
LINE
8
BLACK
6
CONTINUOUS
10
2.5651126377952753
20
-7.9972028346456687
11
2.5677841732283464
21
-7.9972028346456687
0
LINE
8
BLACK
6
CONTINUOUS
10
2.5677841732283464
20
-7.9972028346456687
11
2.5683602362204723
21
-7.9972595669291335
0
LINE
8
BLACK
6
CONTINUOUS
10
2.5683602362204723
20
-7.9972595669291335
11
2.5694246456692911
21
-7.9977004724409451
0
LINE
8
BLACK
6
CONTINUOUS
10
2.5694246456692911
20
-7.9977004724409451
11
2.5702392913385825
21
-7.9985151181102356
0
LINE
8
BLACK
6
CONTINUOUS
10
2.5702392913385825
20
-7.9985151181102356
11
2.5706801968503936
21
-7.9995795275590549
0
LINE
8
BLACK
6
CONTINUOUS
10
2.5706801968503936
20
-7.9995795275590549
11
2.5706801968503936
21
-8.0007316535433066
0
LINE
8
BLACK
6
CONTINUOUS
10
2.5706801968503936
20
-8.0007316535433066
11
2.5702392913385825
21
-8.0017960629921259
0
LINE
8
BLACK
6
CONTINUOUS
10
2.5702392913385825
20
-8.0017960629921259
11
2.5694246456692911
21
-8.0026107086614164
0
LINE
8
BLACK
6
CONTINUOUS
10
2.5694246456692911
20
-8.0026107086614164
11
2.5683602362204723
21
-8.0030516141732289
0
LINE
8
BLACK
6
CONTINUOUS
10
2.5683602362204723
20
-8.0030516141732289
11
2.5677841732283464
21
-8.0031083464566919
0
LINE
8
BLACK
6
CONTINUOUS
10
2.5677841732283464
20
-8.0031083464566919
11
2.5651126377952753
21
-8.0031083464566919
0
LINE
8
BLACK
6
CONTINUOUS
10
2.5651126377952753
20
-8.0031083464566919
11
2.5651126377952753
21
-8.0207779921259839
0
LINE
8
BLACK
6
CONTINUOUS
10
2.5651126377952753
20
-8.0207779921259839
11
2.565055905511811
21
-8.0213540551181097
0
LINE
8
BLACK
6
CONTINUOUS
10
2.565055905511811
20
-8.0213540551181097
11
2.5650152755905511
21
-8.0214520472440949
0
LINE
8
BLACK
6
CONTINUOUS
10
2.5650152755905511
20
-8.0214520472440949
11
2.5650077952755903
21
-8.0215578740157483
0
LINE
8
BLACK
6
CONTINUOUS
10
2.5650077952755903
20
-8.0215578740157483
11
2.5648009055118108
21
-8.0220985039370074
0
LINE
8
BLACK
6
CONTINUOUS
10
2.5648009055118108
20
-8.0220985039370074
11
2.5629261417322833
21
-8.0258480708661413
0
LINE
8
BLACK
6
CONTINUOUS
10
2.5629261417322833
20
-8.0258480708661413
11
2.562865472440945
21
-8.0259444094488188
0
LINE
8
BLACK
6
CONTINUOUS
10
2.562865472440945
20
-8.0259444094488188
11
2.5628503543307084
21
-8.0259898425196852
0
LINE
8
BLACK
6
CONTINUOUS
10
2.5628503543307084
20
-8.0259898425196852
11
2.5628012992125986
21
-8.0260463779527562
0
LINE
8
BLACK
6
CONTINUOUS
10
2.5628012992125986
20
-8.0260463779527562
11
2.5626177952755906
21
-8.026337952755906
0
LINE
8
BLACK
6
CONTINUOUS
10
2.5626177952755906
20
-8.026337952755906
11
2.5623380708661418
21
-8.0265805118110229
0
LINE
8
BLACK
6
CONTINUOUS
10
2.5623380708661418
20
-8.0265805118110229
11
2.5620955118110236
21
-8.0268602362204717
0
LINE
8
BLACK
6
CONTINUOUS
10
2.5620955118110236
20
-8.0268602362204717
11
2.5618039370078738
21
-8.027043740157481
0
LINE
8
BLACK
6
CONTINUOUS
10
2.5618039370078738
20
-8.027043740157481
11
2.5617474015748032
21
-8.0270927952755908
0
LINE
8
BLACK
6
CONTINUOUS
10
2.5617474015748032
20
-8.0270927952755908
11
2.5617019685039368
21
-8.0271079133858265
0
LINE
8
BLACK
6
CONTINUOUS
10
2.5617019685039368
20
-8.0271079133858265
11
2.5616056299212597
21
-8.0271685826771648
0
LINE
8
BLACK
6
CONTINUOUS
10
2.5616056299212597
20
-8.0271685826771648
11
2.5578561023622046
21
-8.0290433464566924
0
LINE
8
BLACK
6
CONTINUOUS
10
2.5578561023622046
20
-8.0290433464566924
11
2.557315472440945
21
-8.0292502362204718
0
LINE
8
BLACK
6
CONTINUOUS
10
2.557315472440945
20
-8.0292502362204718
11
2.5572096456692912
21
-8.0292577165354331
0
LINE
8
BLACK
6
CONTINUOUS
10
2.5572096456692912
20
-8.0292577165354331
11
2.5571116535433069
21
-8.0292983464566934
0
LINE
8
BLACK
6
CONTINUOUS
10
2.5571116535433069
20
-8.0292983464566934
11
2.5565355905511811
21
-8.0293550787401564
0
LINE
8
BLACK
6
CONTINUOUS
10
2.5565355905511811
20
-8.0293550787401564
11
2.552786062992126
21
-8.0293550787401564
0
LINE
8
BLACK
6
CONTINUOUS
10
2.552786062992126
20
-8.0293550787401564
11
2.5522100000000001
21
-8.0292983464566934
0
LINE
8
BLACK
6
CONTINUOUS
10
2.5522100000000001
20
-8.0292983464566934
11
2.5511455905511808
21
-8.028857440944881
0
LINE
8
BLACK
6
CONTINUOUS
10
2.5511455905511808
20
-8.028857440944881
11
2.5503309448818898
21
-8.0280427952755904
0
LINE
8
BLACK
6
CONTINUOUS
10
2.5503309448818898
20
-8.0280427952755904
11
2.5498900393700787
21
-8.0269783858267711
0
LINE
8
BLACK
6
CONTINUOUS
10
2.5498900393700787
20
-8.0269783858267711
11
2.5498900393700787
21
-8.0258262598425194
0
LINE
8
BLACK
6
CONTINUOUS
10
2.5498900393700787
20
-8.0258262598425194
11
2.5503309448818898
21
-8.0247618503937002
0
LINE
8
BLACK
6
CONTINUOUS
10
2.5503309448818898
20
-8.0247618503937002
11
2.5511455905511808
21
-8.0239472047244096
0
LINE
8
BLACK
6
CONTINUOUS
10
2.5511455905511808
20
-8.0239472047244096
11
2.5522100000000001
21
-8.0235062992125989
0
LINE
8
BLACK
6
CONTINUOUS
10
2.5522100000000001
20
-8.0235062992125989
11
2.552786062992126
21
-8.0234495669291341
0
LINE
8
BLACK
6
CONTINUOUS
10
2.552786062992126
20
-8.0234495669291341
11
2.5558385433070865
21
-8.0234495669291341
0
LINE
8
BLACK
6
CONTINUOUS
10
2.5558385433070865
20
-8.0234495669291341
11
2.5580842519685039
21
-8.022326692913385
0
LINE
8
BLACK
6
CONTINUOUS
10
2.5580842519685039
20
-8.022326692913385
11
2.5592071259842517
21
-8.0200809448818902
0
LINE
8
BLACK
6
CONTINUOUS
10
2.5592071259842517
20
-8.0200809448818902
11
2.5592071259842517
21
-8.0031083464566919
0
LINE
8
BLACK
6
CONTINUOUS
10
2.5592071259842517
20
-8.0031083464566919
11
2.552786062992126
21
-8.0031083464566919
0
LINE
8
BLACK
6
CONTINUOUS
10
2.552786062992126
20
-8.0031083464566919
11
2.5522100000000001
21
-8.0030516141732289
0
LINE
8
BLACK
6
CONTINUOUS
10
2.5522100000000001
20
-8.0030516141732289
11
2.5511455905511808
21
-8.0026107086614164
0
LINE
8
BLACK
6
CONTINUOUS
10
2.5511455905511808
20
-8.0026107086614164
11
2.5503309448818898
21
-8.0017960629921259
0
LINE
8
BLACK
6
CONTINUOUS
10
2.5503309448818898
20
-8.0017960629921259
11
2.5498900393700787
21
-8.0007316535433066
0
LINE
8
BLACK
6
CONTINUOUS
10
2.5498900393700787
20
-8.0007316535433066
11
2.5498900393700787
21
-7.9995795275590549
0
LINE
8
BLACK
6
CONTINUOUS
10
2.5498900393700787
20
-7.9995795275590549
11
2.5503309448818898
21
-7.9985151181102356
0
LINE
8
BLACK
6
CONTINUOUS
10
2.5503309448818898
20
-7.9985151181102356
11
2.5511455905511808
21
-7.9977004724409451
0
LINE
8
BLACK
6
CONTINUOUS
10
2.5511455905511808
20
-7.9977004724409451
11
2.5522100000000001
21
-7.9972595669291335
0
LINE
8
BLACK
6
CONTINUOUS
10
2.5522100000000001
20
-7.9972595669291335
11
2.552786062992126
21
-7.9972028346456687
0
LINE
8
BLACK
6
CONTINUOUS
10
2.552786062992126
20
-7.9972028346456687
11
2.5592071259842517
21
-7.9972028346456687
0
LINE
8
BLACK
6
CONTINUOUS
10
2.5592071259842517
20
-7.9972028346456687
11
2.5592071259842517
21
-7.9870322440944879
0
LINE
8
BLACK
6
CONTINUOUS
10
2.5592071259842517
20
-7.9870322440944879
11
2.5592638582677165
21
-7.986456181102362
0
LINE
8
BLACK
6
CONTINUOUS
10
2.5592638582677165
20
-7.986456181102362
11
2.5597047637795276
21
-7.9853917716535427
0
LINE
8
BLACK
6
CONTINUOUS
10
2.5597047637795276
20
-7.9853917716535427
11
2.5605194094488186
21
-7.9845771259842522
0
LINE
8
BLACK
6
CONTINUOUS
10
2.5605194094488186
20
-7.9845771259842522
11
2.5615838188976379
21
-7.9841362204724406
0
LINE
8
BLACK
6
CONTINUOUS
10
2.5615838188976379
20
-7.9841362204724406
11
2.5627359448818896
21
-7.9841362204724406
0
LINE
8
BLACK
6
CONTINUOUS
10
2.5627359448818896
20
-7.9841362204724406
11
2.5638003543307084
21
-7.9845771259842522
0
LINE
8
BLACK
6
CONTINUOUS
10
2.6471003937007875
20
-7.9972595669291335
11
2.6471983858267718
21
-7.9973001574803151
0
LINE
8
BLACK
6
CONTINUOUS
10
2.6471983858267718
20
-7.9973001574803151
11
2.6473042125984252
21
-7.9973076771653542
0
LINE
8
BLACK
6
CONTINUOUS
10
2.6473042125984252
20
-7.9973076771653542
11
2.6478448425196848
21
-7.9975145669291337
0
LINE
8
BLACK
6
CONTINUOUS
10
2.6478448425196848
20
-7.9975145669291337
11
2.6515943700787399
21
-7.9993893307086612
0
LINE
8
BLACK
6
CONTINUOUS
10
2.6515943700787399
20
-7.9993893307086612
11
2.6518423622047242
21
-7.999545393700787
0
LINE
8
BLACK
6
CONTINUOUS
10
2.6518423622047242
20
-7.999545393700787
11
2.6519143307086614
21
-7.9995752362204726
0
LINE
8
BLACK
6
CONTINUOUS
10
2.6519143307086614
20
-7.9995752362204726
11
2.6519952755905511
21
-7.9996416929133858
0
LINE
8
BLACK
6
CONTINUOUS
10
2.6519952755905511
20
-7.9996416929133858
11
2.6520842519685037
21
-7.9996976771653543
0
LINE
8
BLACK
6
CONTINUOUS
10
2.6520842519685037
20
-7.9996976771653543
11
2.6521353937007874
21
-7.9997566535433071
0
LINE
8
BLACK
6
CONTINUOUS
10
2.6521353937007874
20
-7.9997566535433071
11
2.6523617716535433
21
-7.9999424409448814
0
LINE
8
BLACK
6
CONTINUOUS
10
2.6523617716535433
20
-7.9999424409448814
11
2.6542365354330708
21
-8.0018172047244089
0
LINE
8
BLACK
6
CONTINUOUS
10
2.6542365354330708
20
-8.0018172047244089
11
2.6544222834645668
21
-8.0020435433070869
0
LINE
8
BLACK
6
CONTINUOUS
10
2.6544222834645668
20
-8.0020435433070869
11
2.6544812992125983
21
-8.0020947244094494
0
LINE
8
BLACK
6
CONTINUOUS
10
2.6544812992125983
20
-8.0020947244094494
11
2.6545372440944881
21
-8.0021836614173232
0
LINE
8
BLACK
6
CONTINUOUS
10
2.6545372440944881
20
-8.0021836614173232
11
2.6546037401574805
21
-8.0022646456692907
0
LINE
8
BLACK
6
CONTINUOUS
10
2.6546037401574805
20
-8.0022646456692907
11
2.6546335433070865
21
-8.0023365748031487
0
LINE
8
BLACK
6
CONTINUOUS
10
2.6546335433070865
20
-8.0023365748031487
11
2.6547896456692914
21
-8.0025846062992123
0
LINE
8
BLACK
6
CONTINUOUS
10
2.6547896456692914
20
-8.0025846062992123
11
2.656664409448819
21
-8.0063341338582674
0
LINE
8
BLACK
6
CONTINUOUS
10
2.656664409448819
20
-8.0063341338582674
11
2.6568712992125985
21
-8.0068747244094478
0
LINE
8
BLACK
6
CONTINUOUS
10
2.6568712992125985
20
-8.0068747244094478
11
2.6568788188976376
21
-8.0069805905511817
0
LINE
8
BLACK
6
CONTINUOUS
10
2.6568788188976376
20
-8.0069805905511817
11
2.6569194094488187
21
-8.0070785826771651
0
LINE
8
BLACK
6
CONTINUOUS
10
2.6569194094488187
20
-8.0070785826771651
11
2.6569761417322835
21
-8.007654645669291
0
LINE
8
BLACK
6
CONTINUOUS
10
2.6569761417322835
20
-8.007654645669291
11
2.6569761417322835
21
-8.0189032283464563
0
LINE
8
BLACK
6
CONTINUOUS
10
2.6569761417322835
20
-8.0189032283464563
11
2.6569194094488187
21
-8.0194792913385822
0
LINE
8
BLACK
6
CONTINUOUS
10
2.6569194094488187
20
-8.0194792913385822
11
2.6568788188976376
21
-8.0195772440944886
0
LINE
8
BLACK
6
CONTINUOUS
10
2.6568788188976376
20
-8.0195772440944886
11
2.6568712992125985
21
-8.0196831496062995
0
LINE
8
BLACK
6
CONTINUOUS
10
2.6568712992125985
20
-8.0196831496062995
11
2.656664409448819
21
-8.0202237401574799
0
LINE
8
BLACK
6
CONTINUOUS
10
2.656664409448819
20
-8.0202237401574799
11
2.6547896456692914
21
-8.023973267716535
0
LINE
8
BLACK
6
CONTINUOUS
10
2.6547896456692914
20
-8.023973267716535
11
2.6546335826771652
21
-8.0242211417322835
0
LINE
8
BLACK
6
CONTINUOUS
10
2.6546335826771652
20
-8.0242211417322835
11
2.6546037795275592
21
-8.0242931889763778
0
LINE
8
BLACK
6
CONTINUOUS
10
2.6546037795275592
20
-8.0242931889763778
11
2.6545372440944881
21
-8.0243742125984259
0
LINE
8
BLACK
6
CONTINUOUS
10
2.6545372440944881
20
-8.0243742125984259
11
2.6544812992125983
21
-8.0244631496062997
0
LINE
8
BLACK
6
CONTINUOUS
10
2.6544812992125983
20
-8.0244631496062997
11
2.6544222834645668
21
-8.0245142913385816
0
LINE
8
BLACK
6
CONTINUOUS
10
2.6544222834645668
20
-8.0245142913385816
11
2.6542365354330708
21
-8.0247406692913383
0
LINE
8
BLACK
6
CONTINUOUS
10
2.6542365354330708
20
-8.0247406692913383
11
2.652361811023622
21
-8.0266154330708659
0
LINE
8
BLACK
6
CONTINUOUS
10
2.652361811023622
20
-8.0266154330708659
11
2.6521354330708662
21
-8.0268011811023623
0
LINE
8
BLACK
6
CONTINUOUS
10
2.6521354330708662
20
-8.0268011811023623
11
2.6520842519685037
21
-8.0268602362204717
0
LINE
8
BLACK
6
CONTINUOUS
10
2.6520842519685037
20
-8.0268602362204717
11
2.6519952755905511
21
-8.0269162204724402
0
LINE
8
BLACK
6
CONTINUOUS
10
2.6519952755905511
20
-8.0269162204724402
11
2.6519143307086614
21
-8.0269826771653534
0
LINE
8
BLACK
6
CONTINUOUS
10
2.6519143307086614
20
-8.0269826771653534
11
2.6518423622047242
21
-8.0270124803149603
0
LINE
8
BLACK
6
CONTINUOUS
10
2.6518423622047242
20
-8.0270124803149603
11
2.6515943700787399
21
-8.0271685826771648
0
LINE
8
BLACK
6
CONTINUOUS
10
2.6515943700787399
20
-8.0271685826771648
11
2.6478448425196848
21
-8.0290433464566924
0
LINE
8
BLACK
6
CONTINUOUS
10
2.6478448425196848
20
-8.0290433464566924
11
2.6473042125984252
21
-8.0292502362204718
0
LINE
8
BLACK
6
CONTINUOUS
10
2.6473042125984252
20
-8.0292502362204718
11
2.6471983858267718
21
-8.0292577165354331
0
LINE
8
BLACK
6
CONTINUOUS
10
2.6471983858267718
20
-8.0292577165354331
11
2.6471003937007875
21
-8.0292983464566934
0
LINE
8
BLACK
6
CONTINUOUS
10
2.6471003937007875
20
-8.0292983464566934
11
2.6465243307086612
21
-8.0293550787401564
0
LINE
8
BLACK
6
CONTINUOUS
10
2.6465243307086612
20
-8.0293550787401564
11
2.6409000393700786
21
-8.0293550787401564
0
LINE
8
BLACK
6
CONTINUOUS
10
2.6409000393700786
20
-8.0293550787401564
11
2.6403239763779527
21
-8.0292983464566934
0
LINE
8
BLACK
6
CONTINUOUS
10
2.6403239763779527
20
-8.0292983464566934
11
2.6402259842519684
21
-8.0292577559055118
0
LINE
8
BLACK
6
CONTINUOUS
10
2.6402259842519684
20
-8.0292577559055118
11
2.6401201181102363
21
-8.0292502362204718
0
LINE
8
BLACK
6
CONTINUOUS
10
2.6401201181102363
20
-8.0292502362204718
11
2.639579527559055
21
-8.0290433464566924
0
LINE
8
BLACK
6
CONTINUOUS
10
2.639579527559055
20
-8.0290433464566924
11
2.6358299999999999
21
-8.0271685826771648
0
LINE
8
BLACK
6
CONTINUOUS
10
2.6358299999999999
20
-8.0271685826771648
11
2.6355819685039368
21
-8.0270124803149603
0
LINE
8
BLACK
6
CONTINUOUS
10
2.6355819685039368
20
-8.0270124803149603
11
2.6355100393700788
21
-8.0269826771653534
0
LINE
8
BLACK
6
CONTINUOUS
10
2.6355100393700788
20
-8.0269826771653534
11
2.6354290551181103
21
-8.0269162204724402
0
LINE
8
BLACK
6
CONTINUOUS
10
2.6354290551181103
20
-8.0269162204724402
11
2.6353401181102361
21
-8.0268602362204717
0
LINE
8
BLACK
6
CONTINUOUS
10
2.6353401181102361
20
-8.0268602362204717
11
2.6352888976377953
21
-8.0268011811023623
0
LINE
8
BLACK
6
CONTINUOUS
10
2.6352888976377953
20
-8.0268011811023623
11
2.6350625590551182
21
-8.0266154330708659
0
LINE
8
BLACK
6
CONTINUOUS
10
2.6350625590551182
20
-8.0266154330708659
11
2.6331877952755907
21
-8.0247406299212596
0
LINE
8
BLACK
6
CONTINUOUS
10
2.6331877952755907
20
-8.0247406299212596
11
2.6330020472440943
21
-8.0245142913385816
0
LINE
8
BLACK
6
CONTINUOUS
10
2.6330020472440943
20
-8.0245142913385816
11
2.6329430708661419
21
-8.0244631496062997
0
LINE
8
BLACK
6
CONTINUOUS
10
2.6329430708661419
20
-8.0244631496062997
11
2.6328870866141734
21
-8.0243742125984259
0
LINE
8
BLACK
6
CONTINUOUS
10
2.6328870866141734
20
-8.0243742125984259
11
2.632820590551181
21
-8.0242931889763778
0
LINE
8
BLACK
6
CONTINUOUS
10
2.632820590551181
20
-8.0242931889763778
11
2.6327907480314958
21
-8.0242211417322835
0
LINE
8
BLACK
6
CONTINUOUS
10
2.6327907480314958
20
-8.0242211417322835
11
2.6326347244094488
21
-8.023973267716535
0
LINE
8
BLACK
6
CONTINUOUS
10
2.6326347244094488
20
-8.023973267716535
11
2.6307599606299212
21
-8.0202237401574799
0
LINE
8
BLACK
6
CONTINUOUS
10
2.6307599606299212
20
-8.0202237401574799
11
2.6305530708661418
21
-8.0196831102362207
0
LINE
8
BLACK
6
CONTINUOUS
10
2.6305530708661418
20
-8.0196831102362207
11
2.6305455511811022
21
-8.0195772834645673
0
LINE
8
BLACK
6
CONTINUOUS
10
2.6305455511811022
20
-8.0195772834645673
11
2.6305049606299211
21
-8.0194792913385822
0
LINE
8
BLACK
6
CONTINUOUS
10
2.6305049606299211
20
-8.0194792913385822
11
2.6304482283464568
21
-8.0189032283464563
0
LINE
8
BLACK
6
CONTINUOUS
10
2.6304482283464568
20
-8.0189032283464563
11
2.6304482283464568
21
-8.007654645669291
0
LINE
8
BLACK
6
CONTINUOUS
10
2.6304482283464568
20
-8.007654645669291
11
2.6305049606299211
21
-8.0070785826771651
0
LINE
8
BLACK
6
CONTINUOUS
10
2.6305049606299211
20
-8.0070785826771651
11
2.6305455511811022
21
-8.006980551181103
0
LINE
8
BLACK
6
CONTINUOUS
10
2.6305455511811022
20
-8.006980551181103
11
2.6305530708661418
21
-8.0068747637795266
0
LINE
8
BLACK
6
CONTINUOUS
10
2.6305530708661418
20
-8.0068747637795266
11
2.6307599606299212
21
-8.0063341338582674
0
LINE
8
BLACK
6
CONTINUOUS
10
2.6307599606299212
20
-8.0063341338582674
11
2.6326347244094488
21
-8.0025846062992123
0
LINE
8
BLACK
6
CONTINUOUS
10
2.6326347244094488
20
-8.0025846062992123
11
2.6327907874015746
21
-8.0023365748031487
0
LINE
8
BLACK
6
CONTINUOUS
10
2.6327907874015746
20
-8.0023365748031487
11
2.6328206299212598
21
-8.0022646456692907
0
LINE
8
BLACK
6
CONTINUOUS
10
2.6328206299212598
20
-8.0022646456692907
11
2.6328870866141734
21
-8.0021836614173232
0
LINE
8
BLACK
6
CONTINUOUS
10
2.6328870866141734
20
-8.0021836614173232
11
2.6329430708661419
21
-8.0020947244094494
0
LINE
8
BLACK
6
CONTINUOUS
10
2.6329430708661419
20
-8.0020947244094494
11
2.6330020472440943
21
-8.0020435433070869
0
LINE
8
BLACK
6
CONTINUOUS
10
2.6330020472440943
20
-8.0020435433070869
11
2.6331878346456694
21
-8.0018172047244089
0
LINE
8
BLACK
6
CONTINUOUS
10
2.6331878346456694
20
-8.0018172047244089
11
2.635062598425197
21
-7.9999424409448814
0
LINE
8
BLACK
6
CONTINUOUS
10
2.635062598425197
20
-7.9999424409448814
11
2.635288937007874
21
-7.9997566535433071
0
LINE
8
BLACK
6
CONTINUOUS
10
2.635288937007874
20
-7.9997566535433071
11
2.6353401181102361
21
-7.9996976771653543
0
LINE
8
BLACK
6
CONTINUOUS
10
2.6353401181102361
20
-7.9996976771653543
11
2.6354290551181103
21
-7.9996416929133858
0
LINE
8
BLACK
6
CONTINUOUS
10
2.6354290551181103
20
-7.9996416929133858
11
2.6355100393700788
21
-7.9995752362204726
0
LINE
8
BLACK
6
CONTINUOUS
10
2.6355100393700788
20
-7.9995752362204726
11
2.6355819685039368
21
-7.999545393700787
0
LINE
8
BLACK
6
CONTINUOUS
10
2.6355819685039368
20
-7.999545393700787
11
2.6358299999999999
21
-7.9993893307086612
0
LINE
8
BLACK
6
CONTINUOUS
10
2.6358299999999999
20
-7.9993893307086612
11
2.639579527559055
21
-7.9975145669291337
0
LINE
8
BLACK
6
CONTINUOUS
10
2.639579527559055
20
-7.9975145669291337
11
2.6401201181102363
21
-7.9973076771653542
0
LINE
8
BLACK
6
CONTINUOUS
10
2.6401201181102363
20
-7.9973076771653542
11
2.6402259842519684
21
-7.9973001181102363
0
LINE
8
BLACK
6
CONTINUOUS
10
2.6402259842519684
20
-7.9973001181102363
11
2.6403239763779527
21
-7.9972595669291335
0
LINE
8
BLACK
6
CONTINUOUS
10
2.6403239763779527
20
-7.9972595669291335
11
2.6409000393700786
21
-7.9972028346456687
0
LINE
8
BLACK
6
CONTINUOUS
10
2.6409000393700786
20
-7.9972028346456687
11
2.6465243307086612
21
-7.9972028346456687
0
LINE
8
BLACK
6
CONTINUOUS
10
2.6465243307086612
20
-7.9972028346456687
11
2.6471003937007875
21
-7.9972595669291335
0
LINE
8
BLACK
6
CONTINUOUS
10
2.6388996062992125
20
-8.0044570866141722
11
2.6377024803149607
21
-8.0056542125984258
0
LINE
8
BLACK
6
CONTINUOUS
10
2.6377024803149607
20
-8.0056542125984258
11
2.6363537401574804
21
-8.0083516929133864
0
LINE
8
BLACK
6
CONTINUOUS
10
2.6363537401574804
20
-8.0083516929133864
11
2.6363537401574804
21
-8.0182061811023626
0
LINE
8
BLACK
6
CONTINUOUS
10
2.6363537401574804
20
-8.0182061811023626
11
2.6377024803149607
21
-8.0209036614173232
0
LINE
8
BLACK
6
CONTINUOUS
10
2.6377024803149607
20
-8.0209036614173232
11
2.6388996062992125
21
-8.0221008267716538
0
LINE
8
BLACK
6
CONTINUOUS
10
2.6388996062992125
20
-8.0221008267716538
11
2.6415970866141731
21
-8.0234495669291341
0
LINE
8
BLACK
6
CONTINUOUS
10
2.6415970866141731
20
-8.0234495669291341
11
2.6458272834645671
21
-8.0234495669291341
0
LINE
8
BLACK
6
CONTINUOUS
10
2.6458272834645671
20
-8.0234495669291341
11
2.648524724409449
21
-8.0221008267716538
0
LINE
8
BLACK
6
CONTINUOUS
10
2.648524724409449
20
-8.0221008267716538
11
2.6497218503937008
21
-8.0209036614173232
0
LINE
8
BLACK
6
CONTINUOUS
10
2.6497218503937008
20
-8.0209036614173232
11
2.6510706299212599
21
-8.0182061811023626
0
LINE
8
BLACK
6
CONTINUOUS
10
2.6510706299212599
20
-8.0182061811023626
11
2.6510706299212599
21
-8.0083516929133864
0
LINE
8
BLACK
6
CONTINUOUS
10
2.6510706299212599
20
-8.0083516929133864
11
2.6497218897637795
21
-8.0056542125984258
0
LINE
8
BLACK
6
CONTINUOUS
10
2.6497218897637795
20
-8.0056542125984258
11
2.6485247637795273
21
-8.0044570866141722
0
LINE
8
BLACK
6
CONTINUOUS
10
2.6485247637795273
20
-8.0044570866141722
11
2.6458272834645671
21
-8.0031083464566919
0
LINE
8
BLACK
6
CONTINUOUS
10
2.6458272834645671
20
-8.0031083464566919
11
2.6415970866141731
21
-8.0031083464566919
0
LINE
8
BLACK
6
CONTINUOUS
10
2.6415970866141731
20
-8.0031083464566919
11
2.6388996062992125
21
-8.0044570866141722
0
LINE
8
BLACK
6
CONTINUOUS
10
2.7156563779527558
20
-7.9845771259842522
11
2.7164710236220473
21
-7.9853917716535427
0
LINE
8
BLACK
6
CONTINUOUS
10
2.7164710236220473
20
-7.9853917716535427
11
2.7169119291338584
21
-7.986456181102362
0
LINE
8
BLACK
6
CONTINUOUS
10
2.7169119291338584
20
-7.986456181102362
11
2.7169686614173227
21
-7.9870322440944879
0
LINE
8
BLACK
6
CONTINUOUS
10
2.7169686614173227
20
-7.9870322440944879
11
2.7169686614173227
21
-7.9972028346456687
0
LINE
8
BLACK
6
CONTINUOUS
10
2.7169686614173227
20
-7.9972028346456687
11
2.7196401968503938
21
-7.9972028346456687
0
LINE
8
BLACK
6
CONTINUOUS
10
2.7196401968503938
20
-7.9972028346456687
11
2.7202162598425197
21
-7.9972595669291335
0
LINE
8
BLACK
6
CONTINUOUS
10
2.7202162598425197
20
-7.9972595669291335
11
2.7212806692913385
21
-7.9977004724409451
0
LINE
8
BLACK
6
CONTINUOUS
10
2.7212806692913385
20
-7.9977004724409451
11
2.72209531496063
21
-7.9985151181102356
0
LINE
8
BLACK
6
CONTINUOUS
10
2.72209531496063
20
-7.9985151181102356
11
2.722536220472441
21
-7.9995795275590549
0
LINE
8
BLACK
6
CONTINUOUS
10
2.722536220472441
20
-7.9995795275590549
11
2.722536220472441
21
-8.0007316535433066
0
LINE
8
BLACK
6
CONTINUOUS
10
2.722536220472441
20
-8.0007316535433066
11
2.72209531496063
21
-8.0017960629921259
0
LINE
8
BLACK
6
CONTINUOUS
10
2.72209531496063
20
-8.0017960629921259
11
2.7212806692913385
21
-8.0026107086614164
0
LINE
8
BLACK
6
CONTINUOUS
10
2.7212806692913385
20
-8.0026107086614164
11
2.7202162598425197
21
-8.0030516141732289
0
LINE
8
BLACK
6
CONTINUOUS
10
2.7202162598425197
20
-8.0030516141732289
11
2.7196401968503938
21
-8.0031083464566919
0
LINE
8
BLACK
6
CONTINUOUS
10
2.7196401968503938
20
-8.0031083464566919
11
2.7169686614173227
21
-8.0031083464566919
0
LINE
8
BLACK
6
CONTINUOUS
10
2.7169686614173227
20
-8.0031083464566919
11
2.7169686614173227
21
-8.0207779921259839
0
LINE
8
BLACK
6
CONTINUOUS
10
2.7169686614173227
20
-8.0207779921259839
11
2.7169119291338584
21
-8.0213540551181097
0
LINE
8
BLACK
6
CONTINUOUS
10
2.7169119291338584
20
-8.0213540551181097
11
2.7168712992125985
21
-8.0214520472440949
0
LINE
8
BLACK
6
CONTINUOUS
10
2.7168712992125985
20
-8.0214520472440949
11
2.7168638188976377
21
-8.0215578740157483
0
LINE
8
BLACK
6
CONTINUOUS
10
2.7168638188976377
20
-8.0215578740157483
11
2.7166569291338583
21
-8.0220985039370074
0
LINE
8
BLACK
6
CONTINUOUS
10
2.7166569291338583
20
-8.0220985039370074
11
2.7147821653543307
21
-8.0258480708661413
0
LINE
8
BLACK
6
CONTINUOUS
10
2.7147821653543307
20
-8.0258480708661413
11
2.714721496062992
21
-8.0259444094488188
0
LINE
8
BLACK
6
CONTINUOUS
10
2.714721496062992
20
-8.0259444094488188
11
2.7147063779527558
21
-8.0259898425196852
0
LINE
8
BLACK
6
CONTINUOUS
10
2.7147063779527558
20
-8.0259898425196852
11
2.7146573228346456
21
-8.0260463779527562
0
LINE
8
BLACK
6
CONTINUOUS
10
2.7146573228346456
20
-8.0260463779527562
11
2.7144738188976376
21
-8.026337952755906
0
LINE
8
BLACK
6
CONTINUOUS
10
2.7144738188976376
20
-8.026337952755906
11
2.7141940944881888
21
-8.0265805118110229
0
LINE
8
BLACK
6
CONTINUOUS
10
2.7141940944881888
20
-8.0265805118110229
11
2.713951535433071
21
-8.0268602362204717
0
LINE
8
BLACK
6
CONTINUOUS
10
2.713951535433071
20
-8.0268602362204717
11
2.7136599606299212
21
-8.027043740157481
0
LINE
8
BLACK
6
CONTINUOUS
10
2.7136599606299212
20
-8.027043740157481
11
2.7136034251968502
21
-8.0270927952755908
0
LINE
8
BLACK
6
CONTINUOUS
10
2.7136034251968502
20
-8.0270927952755908
11
2.7135579921259843
21
-8.0271079133858265
0
LINE
8
BLACK
6
CONTINUOUS
10
2.7135579921259843
20
-8.0271079133858265
11
2.7134616535433072
21
-8.0271685826771648
0
LINE
8
BLACK
6
CONTINUOUS
10
2.7134616535433072
20
-8.0271685826771648
11
2.709712125984252
21
-8.0290433464566924
0
LINE
8
BLACK
6
CONTINUOUS
10
2.709712125984252
20
-8.0290433464566924
11
2.709171496062992
21
-8.0292502362204718
0
LINE
8
BLACK
6
CONTINUOUS
10
2.709171496062992
20
-8.0292502362204718
11
2.7090656692913386
21
-8.0292577165354331
0
LINE
8
BLACK
6
CONTINUOUS
10
2.7090656692913386
20
-8.0292577165354331
11
2.7089676771653544
21
-8.0292983464566934
0
LINE
8
BLACK
6
CONTINUOUS
10
2.7089676771653544
20
-8.0292983464566934
11
2.7083916141732285
21
-8.0293550787401564
0
LINE
8
BLACK
6
CONTINUOUS
10
2.7083916141732285
20
-8.0293550787401564
11
2.7046420866141734
21
-8.0293550787401564
0
LINE
8
BLACK
6
CONTINUOUS
10
2.7046420866141734
20
-8.0293550787401564
11
2.7040660236220471
21
-8.0292983464566934
0
LINE
8
BLACK
6
CONTINUOUS
10
2.7040660236220471
20
-8.0292983464566934
11
2.7030016141732283
21
-8.028857440944881
0
LINE
8
BLACK
6
CONTINUOUS
10
2.7030016141732283
20
-8.028857440944881
11
2.7021869685039368
21
-8.0280427952755904
0
LINE
8
BLACK
6
CONTINUOUS
10
2.7021869685039368
20
-8.0280427952755904
11
2.7017460629921257
21
-8.0269783858267711
0
LINE
8
BLACK
6
CONTINUOUS
10
2.7017460629921257
20
-8.0269783858267711
11
2.7017460629921257
21
-8.0258262598425194
0
LINE
8
BLACK
6
CONTINUOUS
10
2.7017460629921257
20
-8.0258262598425194
11
2.7021869685039368
21
-8.0247618503937002
0
LINE
8
BLACK
6
CONTINUOUS
10
2.7021869685039368
20
-8.0247618503937002
11
2.7030016141732283
21
-8.0239472047244096
0
LINE
8
BLACK
6
CONTINUOUS
10
2.7030016141732283
20
-8.0239472047244096
11
2.7040660236220471
21
-8.0235062992125989
0
LINE
8
BLACK
6
CONTINUOUS
10
2.7040660236220471
20
-8.0235062992125989
11
2.7046420866141734
21
-8.0234495669291341
0
LINE
8
BLACK
6
CONTINUOUS
10
2.7046420866141734
20
-8.0234495669291341
11
2.7076945669291339
21
-8.0234495669291341
0
LINE
8
BLACK
6
CONTINUOUS
10
2.7076945669291339
20
-8.0234495669291341
11
2.7099402755905513
21
-8.022326692913385
0
LINE
8
BLACK
6
CONTINUOUS
10
2.7099402755905513
20
-8.022326692913385
11
2.7110631496062991
21
-8.0200809448818902
0
LINE
8
BLACK
6
CONTINUOUS
10
2.7110631496062991
20
-8.0200809448818902
11
2.7110631496062991
21
-8.0031083464566919
0
LINE
8
BLACK
6
CONTINUOUS
10
2.7110631496062991
20
-8.0031083464566919
11
2.7046420866141734
21
-8.0031083464566919
0
LINE
8
BLACK
6
CONTINUOUS
10
2.7046420866141734
20
-8.0031083464566919
11
2.7040660236220471
21
-8.0030516141732289
0
LINE
8
BLACK
6
CONTINUOUS
10
2.7040660236220471
20
-8.0030516141732289
11
2.7030016141732283
21
-8.0026107086614164
0
LINE
8
BLACK
6
CONTINUOUS
10
2.7030016141732283
20
-8.0026107086614164
11
2.7021869685039368
21
-8.0017960629921259
0
LINE
8
BLACK
6
CONTINUOUS
10
2.7021869685039368
20
-8.0017960629921259
11
2.7017460629921257
21
-8.0007316535433066
0
LINE
8
BLACK
6
CONTINUOUS
10
2.7017460629921257
20
-8.0007316535433066
11
2.7017460629921257
21
-7.9995795275590549
0
LINE
8
BLACK
6
CONTINUOUS
10
2.7017460629921257
20
-7.9995795275590549
11
2.7021869685039368
21
-7.9985151181102356
0
LINE
8
BLACK
6
CONTINUOUS
10
2.7021869685039368
20
-7.9985151181102356
11
2.7030016141732283
21
-7.9977004724409451
0
LINE
8
BLACK
6
CONTINUOUS
10
2.7030016141732283
20
-7.9977004724409451
11
2.7040660236220471
21
-7.9972595669291335
0
LINE
8
BLACK
6
CONTINUOUS
10
2.7040660236220471
20
-7.9972595669291335
11
2.7046420866141734
21
-7.9972028346456687
0
LINE
8
BLACK
6
CONTINUOUS
10
2.7046420866141734
20
-7.9972028346456687
11
2.7110631496062991
21
-7.9972028346456687
0
LINE
8
BLACK
6
CONTINUOUS
10
2.7110631496062991
20
-7.9972028346456687
11
2.7110631496062991
21
-7.9870322440944879
0
LINE
8
BLACK
6
CONTINUOUS
10
2.7110631496062991
20
-7.9870322440944879
11
2.7111198818897639
21
-7.986456181102362
0
LINE
8
BLACK
6
CONTINUOUS
10
2.7111198818897639
20
-7.986456181102362
11
2.7115607874015746
21
-7.9853917716535427
0
LINE
8
BLACK
6
CONTINUOUS
10
2.7115607874015746
20
-7.9853917716535427
11
2.712375433070866
21
-7.9845771259842522
0
LINE
8
BLACK
6
CONTINUOUS
10
2.712375433070866
20
-7.9845771259842522
11
2.7134398425196848
21
-7.9841362204724406
0
LINE
8
BLACK
6
CONTINUOUS
10
2.7134398425196848
20
-7.9841362204724406
11
2.714591968503937
21
-7.9841362204724406
0
LINE
8
BLACK
6
CONTINUOUS
10
2.714591968503937
20
-7.9841362204724406
11
2.7156563779527558
21
-7.9845771259842522
0
LINE
8
BLACK
6
CONTINUOUS
10
2.7427134645669291
20
-7.9972595669291335
11
2.7428114566929134
21
-7.9973001574803151
0
LINE
8
BLACK
6
CONTINUOUS
10
2.7428114566929134
20
-7.9973001574803151
11
2.7429172834645668
21
-7.9973076771653542
0
LINE
8
BLACK
6
CONTINUOUS
10
2.7429172834645668
20
-7.9973076771653542
11
2.7434579133858268
21
-7.9975145669291337
0
LINE
8
BLACK
6
CONTINUOUS
10
2.7434579133858268
20
-7.9975145669291337
11
2.7472074409448819
21
-7.9993893307086612
0
LINE
8
BLACK
6
CONTINUOUS
10
2.7472074409448819
20
-7.9993893307086612
11
2.747303779527559
21
-7.9994499606299208
0
LINE
8
BLACK
6
CONTINUOUS
10
2.747303779527559
20
-7.9994499606299208
11
2.7473492125984253
21
-7.9994651181102361
0
LINE
8
BLACK
6
CONTINUOUS
10
2.7473492125984253
20
-7.9994651181102361
11
2.747405748031496
21
-7.9995141338582672
0
LINE
8
BLACK
6
CONTINUOUS
10
2.747405748031496
20
-7.9995141338582672
11
2.7476973228346457
21
-7.9996976771653543
0
LINE
8
BLACK
6
CONTINUOUS
10
2.7476973228346457
20
-7.9996976771653543
11
2.7479398818897636
21
-7.9999773622047243
0
LINE
8
BLACK
6
CONTINUOUS
10
2.7479398818897636
20
-7.9999773622047243
11
2.7482196062992124
21
-8.0002199606299218
0
LINE
8
BLACK
6
CONTINUOUS
10
2.7482196062992124
20
-8.0002199606299218
11
2.7484031102362203
21
-8.0005114960629911
0
LINE
8
BLACK
6
CONTINUOUS
10
2.7484031102362203
20
-8.0005114960629911
11
2.7484521653543306
21
-8.0005680708661409
0
LINE
8
BLACK
6
CONTINUOUS
10
2.7484521653543306
20
-8.0005680708661409
11
2.7484672834645667
21
-8.0006134645669285
0
LINE
8
BLACK
6
CONTINUOUS
10
2.7484672834645667
20
-8.0006134645669285
11
2.7485279527559054
21
-8.0007098425196848
0
LINE
8
BLACK
6
CONTINUOUS
10
2.7485279527559054
20
-8.0007098425196848
11
2.750402716535433
21
-8.0044593700787399
0
LINE
8
BLACK
6
CONTINUOUS
10
2.750402716535433
20
-8.0044593700787399
11
2.7506096062992125
21
-8.0049999606299203
0
LINE
8
BLACK
6
CONTINUOUS
10
2.7506096062992125
20
-8.0049999606299203
11
2.750617125984252
21
-8.0051058267716542
0
LINE
8
BLACK
6
CONTINUOUS
10
2.750617125984252
20
-8.0051058267716542
11
2.7506577165354331
21
-8.0052038188976375
0
LINE
8
BLACK
6
CONTINUOUS
10
2.7506577165354331
20
-8.0052038188976375
11
2.7507144488188975
21
-8.0057798818897634
0
LINE
8
BLACK
6
CONTINUOUS
10
2.7507144488188975
20
-8.0057798818897634
11
2.7507144488188975
21
-8.007654645669291
0
LINE
8
BLACK
6
CONTINUOUS
10
2.7507144488188975
20
-8.007654645669291
11
2.7506577165354331
21
-8.0082307086614168
0
LINE
8
BLACK
6
CONTINUOUS
10
2.7506577165354331
20
-8.0082307086614168
11
2.750617125984252
21
-8.0083286614173232
0
LINE
8
BLACK
6
CONTINUOUS
10
2.750617125984252
20
-8.0083286614173232
11
2.7506096062992125
21
-8.0084345669291341
0
LINE
8
BLACK
6
CONTINUOUS
10
2.7506096062992125
20
-8.0084345669291341
11
2.750402716535433
21
-8.0089751574803145
0
LINE
8
BLACK
6
CONTINUOUS
10
2.750402716535433
20
-8.0089751574803145
11
2.7485279527559054
21
-8.0127246850393696
0
LINE
8
BLACK
6
CONTINUOUS
10
2.7485279527559054
20
-8.0127246850393696
11
2.7484672834645667
21
-8.0128210236220472
0
LINE
8
BLACK
6
CONTINUOUS
10
2.7484672834645667
20
-8.0128210236220472
11
2.7484521653543306
21
-8.0128664566929135
0
LINE
8
BLACK
6
CONTINUOUS
10
2.7484521653543306
20
-8.0128664566929135
11
2.7484031102362203
21
-8.0129229921259846
0
LINE
8
BLACK
6
CONTINUOUS
10
2.7484031102362203
20
-8.0129229921259846
11
2.7482196062992124
21
-8.0132145669291344
0
LINE
8
BLACK
6
CONTINUOUS
10
2.7482196062992124
20
-8.0132145669291344
11
2.7479398818897636
21
-8.0134571259842513
0
LINE
8
BLACK
6
CONTINUOUS
10
2.7479398818897636
20
-8.0134571259842513
11
2.7476973228346457
21
-8.0137368503937001
0
LINE
8
BLACK
6
CONTINUOUS
10
2.7476973228346457
20
-8.0137368503937001
11
2.747405748031496
21
-8.0139203543307076
0
LINE
8
BLACK
6
CONTINUOUS
10
2.747405748031496
20
-8.0139203543307076
11
2.7473492125984253
21
-8.0139694094488192
0
LINE
8
BLACK
6
CONTINUOUS
10
2.7473492125984253
20
-8.0139694094488192
11
2.747303779527559
21
-8.0139845275590549
0
LINE
8
BLACK
6
CONTINUOUS
10
2.747303779527559
20
-8.0139845275590549
11
2.7472074409448819
21
-8.0140451968503932
0
LINE
8
BLACK
6
CONTINUOUS
10
2.7472074409448819
20
-8.0140451968503932
11
2.7434579133858268
21
-8.0159199606299207
0
LINE
8
BLACK
6
CONTINUOUS
10
2.7434579133858268
20
-8.0159199606299207
11
2.7429172834645668
21
-8.0161268503937002
0
LINE
8
BLACK
6
CONTINUOUS
10
2.7429172834645668
20
-8.0161268503937002
11
2.7428114566929134
21
-8.0161343307086614
0
LINE
8
BLACK
6
CONTINUOUS
10
2.7428114566929134
20
-8.0161343307086614
11
2.7427134645669291
21
-8.0161749606299217
0
LINE
8
BLACK
6
CONTINUOUS
10
2.7427134645669291
20
-8.0161749606299217
11
2.7421374015748032
21
-8.0162316929133848
0
LINE
8
BLACK
6
CONTINUOUS
10
2.7421374015748032
20
-8.0162316929133848
11
2.7372101574803147
21
-8.0162316929133848
0
LINE
8
BLACK
6
CONTINUOUS
10
2.7372101574803147
20
-8.0162316929133848
11
2.734964409448819
21
-8.0173545275590552
0
LINE
8
BLACK
6
CONTINUOUS
10
2.734964409448819
20
-8.0173545275590552
11
2.7338415748031495
21
-8.0196002755905518
0
LINE
8
BLACK
6
CONTINUOUS
10
2.7338415748031495
20
-8.0196002755905518
11
2.7338415748031495
21
-8.0200809448818902
0
LINE
8
BLACK
6
CONTINUOUS
10
2.7338415748031495
20
-8.0200809448818902
11
2.734964409448819
21
-8.022326692913385
0
LINE
8
BLACK
6
CONTINUOUS
10
2.734964409448819
20
-8.022326692913385
11
2.7372101574803147
21
-8.0234495669291341
0
LINE
8
BLACK
6
CONTINUOUS
10
2.7372101574803147
20
-8.0234495669291341
11
2.7433151181102362
21
-8.0234495669291341
0
LINE
8
BLACK
6
CONTINUOUS
10
2.7433151181102362
20
-8.0234495669291341
11
2.7464411811023623
21
-8.0218865354330706
0
LINE
8
BLACK
6
CONTINUOUS
10
2.7464411811023623
20
-8.0218865354330706
11
2.7469817716535432
21
-8.0216796456692911
0
LINE
8
BLACK
6
CONTINUOUS
10
2.7469817716535432
20
-8.0216796456692911
11
2.7481309842519686
21
-8.0215979921259848
0
LINE
8
BLACK
6
CONTINUOUS
10
2.7481309842519686
20
-8.0215979921259848
11
2.7492239763779529
21
-8.0219623228346446
0
LINE
8
BLACK
6
CONTINUOUS
10
2.7492239763779529
20
-8.0219623228346446
11
2.7500943307086612
21
-8.0227171653543312
0
LINE
8
BLACK
6
CONTINUOUS
10
2.7500943307086612
20
-8.0227171653543312
11
2.7506096062992125
21
-8.0237476771653533
0
LINE
8
BLACK
6
CONTINUOUS
10
2.7506096062992125
20
-8.0237476771653533
11
2.7506912598425197
21
-8.0248968897637791
0
LINE
8
BLACK
6
CONTINUOUS
10
2.7506912598425197
20
-8.0248968897637791
11
2.7503269291338581
21
-8.0259898425196852
0
LINE
8
BLACK
6
CONTINUOUS
10
2.7503269291338581
20
-8.0259898425196852
11
2.7495720866141733
21
-8.0268602362204717
0
LINE
8
BLACK
6
CONTINUOUS
10
2.7495720866141733
20
-8.0268602362204717
11
2.7490822047244095
21
-8.0271685826771648
0
LINE
8
BLACK
6
CONTINUOUS
10
2.7490822047244095
20
-8.0271685826771648
11
2.7453326771653543
21
-8.0290433464566924
0
LINE
8
BLACK
6
CONTINUOUS
10
2.7453326771653543
20
-8.0290433464566924
11
2.7447920472440943
21
-8.0292502362204718
0
LINE
8
BLACK
6
CONTINUOUS
10
2.7447920472440943
20
-8.0292502362204718
11
2.7446862204724409
21
-8.0292577165354331
0
LINE
8
BLACK
6
CONTINUOUS
10
2.7446862204724409
20
-8.0292577165354331
11
2.7445882283464567
21
-8.0292983464566934
0
LINE
8
BLACK
6
CONTINUOUS
10
2.7445882283464567
20
-8.0292983464566934
11
2.7440121653543308
21
-8.0293550787401564
0
LINE
8
BLACK
6
CONTINUOUS
10
2.7440121653543308
20
-8.0293550787401564
11
2.7365131102362206
21
-8.0293550787401564
0
LINE
8
BLACK
6
CONTINUOUS
10
2.7365131102362206
20
-8.0293550787401564
11
2.7359370472440943
21
-8.0292983464566934
0
LINE
8
BLACK
6
CONTINUOUS
10
2.7359370472440943
20
-8.0292983464566934
11
2.73583905511811
21
-8.0292577559055118
0
LINE
8
BLACK
6
CONTINUOUS
10
2.73583905511811
20
-8.0292577559055118
11
2.7357331889763778
21
-8.0292502362204718
0
LINE
8
BLACK
6
CONTINUOUS
10
2.7357331889763778
20
-8.0292502362204718
11
2.7351925984251966
21
-8.0290433464566924
0
LINE
8
BLACK
6
CONTINUOUS
10
2.7351925984251966
20
-8.0290433464566924
11
2.7314430708661415
21
-8.0271685826771648
0
LINE
8
BLACK
6
CONTINUOUS
10
2.7314430708661415
20
-8.0271685826771648
11
2.7313466929133856
21
-8.0271079133858265
0
LINE
8
BLACK
6
CONTINUOUS
10
2.7313466929133856
20
-8.0271079133858265
11
2.7313012992125985
21
-8.0270927952755908
0
LINE
8
BLACK
6
CONTINUOUS
10
2.7313012992125985
20
-8.0270927952755908
11
2.7312447244094487
21
-8.027043740157481
0
LINE
8
BLACK
6
CONTINUOUS
10
2.7312447244094487
20
-8.027043740157481
11
2.7309531889763781
21
-8.0268602362204717
0
LINE
8
BLACK
6
CONTINUOUS
10
2.7309531889763781
20
-8.0268602362204717
11
2.7307105118110235
21
-8.0265803937007867
0
LINE
8
BLACK
6
CONTINUOUS
10
2.7307105118110235
20
-8.0265803937007867
11
2.730430905511811
21
-8.0263379133858272
0
LINE
8
BLACK
6
CONTINUOUS
10
2.730430905511811
20
-8.0263379133858272
11
2.7302474015748031
21
-8.026046417322835
0
LINE
8
BLACK
6
CONTINUOUS
10
2.7302474015748031
20
-8.026046417322835
11
2.7301983464566928
21
-8.0259898425196852
0
LINE
8
BLACK
6
CONTINUOUS
10
2.7301983464566928
20
-8.0259898425196852
11
2.7301831889763779
21
-8.0259443700787401
0
LINE
8
BLACK
6
CONTINUOUS
10
2.7301831889763779
20
-8.0259443700787401
11
2.7301225590551179
21
-8.0258480708661413
0
LINE
8
BLACK
6
CONTINUOUS
10
2.7301225590551179
20
-8.0258480708661413
11
2.7282477952755904
21
-8.0220985039370074
0
LINE
8
BLACK
6
CONTINUOUS
10
2.7282477952755904
20
-8.0220985039370074
11
2.7280409055118109
21
-8.0215578740157483
0
LINE
8
BLACK
6
CONTINUOUS
10
2.7280409055118109
20
-8.0215578740157483
11
2.7280333858267718
21
-8.0214520472440949
0
LINE
8
BLACK
6
CONTINUOUS
10
2.7280333858267718
20
-8.0214520472440949
11
2.7279927952755907
21
-8.0213540551181097
0
LINE
8
BLACK
6
CONTINUOUS
10
2.7279927952755907
20
-8.0213540551181097
11
2.7279360629921259
21
-8.0207779921259839
0
LINE
8
BLACK
6
CONTINUOUS
10
2.7279360629921259
20
-8.0207779921259839
11
2.7279360629921259
21
-8.0189032283464563
0
LINE
8
BLACK
6
CONTINUOUS
10
2.7279360629921259
20
-8.0189032283464563
11
2.7279927952755907
21
-8.0183271653543304
0
LINE
8
BLACK
6
CONTINUOUS
10
2.7279927952755907
20
-8.0183271653543304
11
2.7280333858267718
21
-8.0182291338582683
0
LINE
8
BLACK
6
CONTINUOUS
10
2.7280333858267718
20
-8.0182291338582683
11
2.7280409055118109
21
-8.0181233464566919
0
LINE
8
BLACK
6
CONTINUOUS
10
2.7280409055118109
20
-8.0181233464566919
11
2.7282477952755904
21
-8.0175827165354328
0
LINE
8
BLACK
6
CONTINUOUS
10
2.7282477952755904
20
-8.0175827165354328
11
2.7301225590551179
21
-8.0138331889763776
0
LINE
8
BLACK
6
CONTINUOUS
10
2.7301225590551179
20
-8.0138331889763776
11
2.7301831889763779
21
-8.0137368110236213
0
LINE
8
BLACK
6
CONTINUOUS
10
2.7301831889763779
20
-8.0137368110236213
11
2.7301983464566928
21
-8.0136914173228337
0
LINE
8
BLACK
6
CONTINUOUS
10
2.7301983464566928
20
-8.0136914173228337
11
2.7302473622047243
21
-8.0136348425196857
0
LINE
8
BLACK
6
CONTINUOUS
10
2.7302473622047243
20
-8.0136348425196857
11
2.730430905511811
21
-8.0133433070866147
0
LINE
8
BLACK
6
CONTINUOUS
10
2.730430905511811
20
-8.0133433070866147
11
2.730710590551181
21
-8.0131007086614172
0
LINE
8
BLACK
6
CONTINUOUS
10
2.730710590551181
20
-8.0131007086614172
11
2.7309531889763781
21
-8.0128210236220472
0
LINE
8
BLACK
6
CONTINUOUS
10
2.7309531889763781
20
-8.0128210236220472
11
2.7312447244094487
21
-8.0126374803149609
0
LINE
8
BLACK
6
CONTINUOUS
10
2.7312447244094487
20
-8.0126374803149609
11
2.7313012992125985
21
-8.0125884645669281
0
LINE
8
BLACK
6
CONTINUOUS
10
2.7313012992125985
20
-8.0125884645669281
11
2.7313466929133856
21
-8.0125733070866136
0
LINE
8
BLACK
6
CONTINUOUS
10
2.7313466929133856
20
-8.0125733070866136
11
2.7314430708661415
21
-8.0125126771653541
0
LINE
8
BLACK
6
CONTINUOUS
10
2.7314430708661415
20
-8.0125126771653541
11
2.7351925984251966
21
-8.0106379133858265
0
LINE
8
BLACK
6
CONTINUOUS
10
2.7351925984251966
20
-8.0106379133858265
11
2.7357331889763778
21
-8.0104310236220471
0
LINE
8
BLACK
6
CONTINUOUS
10
2.7357331889763778
20
-8.0104310236220471
11
2.73583905511811
21
-8.0104234645669283
0
LINE
8
BLACK
6
CONTINUOUS
10
2.73583905511811
20
-8.0104234645669283
11
2.7359370472440943
21
-8.0103829133858273
0
LINE
8
BLACK
6
CONTINUOUS
10
2.7359370472440943
20
-8.0103829133858273
11
2.7365131102362206
21
-8.0103261811023625
0
LINE
8
BLACK
6
CONTINUOUS
10
2.7365131102362206
20
-8.0103261811023625
11
2.7414403543307087
21
-8.0103261811023625
0
LINE
8
BLACK
6
CONTINUOUS
10
2.7414403543307087
20
-8.0103261811023625
11
2.743686062992126
21
-8.0092033070866133
0
LINE
8
BLACK
6
CONTINUOUS
10
2.743686062992126
20
-8.0092033070866133
11
2.7448089370078739
21
-8.0069575984251973
0
LINE
8
BLACK
6
CONTINUOUS
10
2.7448089370078739
20
-8.0069575984251973
11
2.7448089370078739
21
-8.0064769291338589
0
LINE
8
BLACK
6
CONTINUOUS
10
2.7448089370078739
20
-8.0064769291338589
11
2.743686062992126
21
-8.0042311811023623
0
LINE
8
BLACK
6
CONTINUOUS
10
2.743686062992126
20
-8.0042311811023623
11
2.7414403543307087
21
-8.0031083464566919
0
LINE
8
BLACK
6
CONTINUOUS
10
2.7414403543307087
20
-8.0031083464566919
11
2.7372101574803147
21
-8.0031083464566919
0
LINE
8
BLACK
6
CONTINUOUS
10
2.7372101574803147
20
-8.0031083464566919
11
2.734084094488189
21
-8.0046713779527554
0
LINE
8
BLACK
6
CONTINUOUS
10
2.734084094488189
20
-8.0046713779527554
11
2.733543464566929
21
-8.0048782677165349
0
LINE
8
BLACK
6
CONTINUOUS
10
2.733543464566929
20
-8.0048782677165349
11
2.7323942519685041
21
-8.004959921259843
0
LINE
8
BLACK
6
CONTINUOUS
10
2.7323942519685041
20
-8.004959921259843
11
2.7313012992125985
21
-8.0045955905511814
0
LINE
8
BLACK
6
CONTINUOUS
10
2.7313012992125985
20
-8.0045955905511814
11
2.730430905511811
21
-8.0038407480314966
0
LINE
8
BLACK
6
CONTINUOUS
10
2.730430905511811
20
-8.0038407480314966
11
2.7299156692913384
21
-8.0028102362204727
0
LINE
8
BLACK
6
CONTINUOUS
10
2.7299156692913384
20
-8.0028102362204727
11
2.7298340157480316
21
-8.0016610236220469
0
LINE
8
BLACK
6
CONTINUOUS
10
2.7298340157480316
20
-8.0016610236220469
11
2.7301983464566928
21
-8.0005680708661409
0
LINE
8
BLACK
6
CONTINUOUS
10
2.7301983464566928
20
-8.0005680708661409
11
2.7309531889763781
21
-7.9996976771653543
0
LINE
8
BLACK
6
CONTINUOUS
10
2.7309531889763781
20
-7.9996976771653543
11
2.7314430708661415
21
-7.9993893307086612
0
LINE
8
BLACK
6
CONTINUOUS
10
2.7314430708661415
20
-7.9993893307086612
11
2.7351925984251966
21
-7.9975145669291337
0
LINE
8
BLACK
6
CONTINUOUS
10
2.7351925984251966
20
-7.9975145669291337
11
2.7357331889763778
21
-7.9973076771653542
0
LINE
8
BLACK
6
CONTINUOUS
10
2.7357331889763778
20
-7.9973076771653542
11
2.73583905511811
21
-7.9973001181102363
0
LINE
8
BLACK
6
CONTINUOUS
10
2.73583905511811
20
-7.9973001181102363
11
2.7359370472440943
21
-7.9972595669291335
0
LINE
8
BLACK
6
CONTINUOUS
10
2.7359370472440943
20
-7.9972595669291335
11
2.7365131102362206
21
-7.9972028346456687
0
LINE
8
BLACK
6
CONTINUOUS
10
2.7365131102362206
20
-7.9972028346456687
11
2.7421374015748032
21
-7.9972028346456687
0
LINE
8
BLACK
6
CONTINUOUS
10
2.7421374015748032
20
-7.9972028346456687
11
2.7427134645669291
21
-7.9972595669291335
0
LINE
8
BLACK
6
CONTINUOUS
10
2.7764592519685038
20
-7.9972595669291335
11
2.7765572440944881
21
-7.9973001574803151
0
LINE
8
BLACK
6
CONTINUOUS
10
2.7765572440944881
20
-7.9973001574803151
11
2.7766630708661415
21
-7.9973076771653542
0
LINE
8
BLACK
6
CONTINUOUS
10
2.7766630708661415
20
-7.9973076771653542
11
2.7772037007874015
21
-7.9975145669291337
0
LINE
8
BLACK
6
CONTINUOUS
10
2.7772037007874015
20
-7.9975145669291337
11
2.7809532283464566
21
-7.9993893307086612
0
LINE
8
BLACK
6
CONTINUOUS
10
2.7809532283464566
20
-7.9993893307086612
11
2.7810495669291337
21
-7.9994499606299208
0
LINE
8
BLACK
6
CONTINUOUS
10
2.7810495669291337
20
-7.9994499606299208
11
2.7810950000000001
21
-7.9994651181102361
0
LINE
8
BLACK
6
CONTINUOUS
10
2.7810950000000001
20
-7.9994651181102361
11
2.7811515354330707
21
-7.9995141338582672
0
LINE
8
BLACK
6
CONTINUOUS
10
2.7811515354330707
20
-7.9995141338582672
11
2.7814431102362205
21
-7.9996976771653543
0
LINE
8
BLACK
6
CONTINUOUS
10
2.7814431102362205
20
-7.9996976771653543
11
2.7816856692913383
21
-7.9999773622047243
0
LINE
8
BLACK
6
CONTINUOUS
10
2.7816856692913383
20
-7.9999773622047243
11
2.7819653937007875
21
-8.0002199606299218
0
LINE
8
BLACK
6
CONTINUOUS
10
2.7819653937007875
20
-8.0002199606299218
11
2.782148897637795
21
-8.0005114960629911
0
LINE
8
BLACK
6
CONTINUOUS
10
2.782148897637795
20
-8.0005114960629911
11
2.7821979527559053
21
-8.0005680708661409
0
LINE
8
BLACK
6
CONTINUOUS
10
2.7821979527559053
20
-8.0005680708661409
11
2.7822130708661419
21
-8.0006134645669285
0
LINE
8
BLACK
6
CONTINUOUS
10
2.7822130708661419
20
-8.0006134645669285
11
2.7822737401574802
21
-8.0007098425196848
0
LINE
8
BLACK
6
CONTINUOUS
10
2.7822737401574802
20
-8.0007098425196848
11
2.7841485039370077
21
-8.0044593700787399
0
LINE
8
BLACK
6
CONTINUOUS
10
2.7841485039370077
20
-8.0044593700787399
11
2.7843553937007872
21
-8.0049999606299203
0
LINE
8
BLACK
6
CONTINUOUS
10
2.7843553937007872
20
-8.0049999606299203
11
2.7843629133858268
21
-8.0051058267716542
0
LINE
8
BLACK
6
CONTINUOUS
10
2.7843629133858268
20
-8.0051058267716542
11
2.7844035039370079
21
-8.0052038188976375
0
LINE
8
BLACK
6
CONTINUOUS
10
2.7844035039370079
20
-8.0052038188976375
11
2.7844602362204722
21
-8.0057798818897634
0
LINE
8
BLACK
6
CONTINUOUS
10
2.7844602362204722
20
-8.0057798818897634
11
2.7844602362204722
21
-8.0207779921259839
0
LINE
8
BLACK
6
CONTINUOUS
10
2.7844602362204722
20
-8.0207779921259839
11
2.7844035039370079
21
-8.0213540551181097
0
LINE
8
BLACK
6
CONTINUOUS
10
2.7844035039370079
20
-8.0213540551181097
11
2.784362874015748
21
-8.0214520472440949
0
LINE
8
BLACK
6
CONTINUOUS
10
2.784362874015748
20
-8.0214520472440949
11
2.7843553937007872
21
-8.0215578740157483
0
LINE
8
BLACK
6
CONTINUOUS
10
2.7843553937007872
20
-8.0215578740157483
11
2.7841485039370077
21
-8.0220985039370074
0
LINE
8
BLACK
6
CONTINUOUS
10
2.7841485039370077
20
-8.0220985039370074
11
2.7822737401574802
21
-8.0258480708661413
0
LINE
8
BLACK
6
CONTINUOUS
10
2.7822737401574802
20
-8.0258480708661413
11
2.7822130708661419
21
-8.0259444094488188
0
LINE
8
BLACK
6
CONTINUOUS
10
2.7822130708661419
20
-8.0259444094488188
11
2.7821979527559053
21
-8.0259898425196852
0
LINE
8
BLACK
6
CONTINUOUS
10
2.7821979527559053
20
-8.0259898425196852
11
2.782148897637795
21
-8.0260463779527562
0
LINE
8
BLACK
6
CONTINUOUS
10
2.782148897637795
20
-8.0260463779527562
11
2.7819653937007875
21
-8.026337952755906
0
LINE
8
BLACK
6
CONTINUOUS
10
2.7819653937007875
20
-8.026337952755906
11
2.7816856692913383
21
-8.0265805118110229
0
LINE
8
BLACK
6
CONTINUOUS
10
2.7816856692913383
20
-8.0265805118110229
11
2.7814431102362205
21
-8.0268602362204717
0
LINE
8
BLACK
6
CONTINUOUS
10
2.7814431102362205
20
-8.0268602362204717
11
2.7811515354330707
21
-8.027043740157481
0
LINE
8
BLACK
6
CONTINUOUS
10
2.7811515354330707
20
-8.027043740157481
11
2.7810950000000001
21
-8.0270927952755908
0
LINE
8
BLACK
6
CONTINUOUS
10
2.7810950000000001
20
-8.0270927952755908
11
2.7810495669291337
21
-8.0271079133858265
0
LINE
8
BLACK
6
CONTINUOUS
10
2.7810495669291337
20
-8.0271079133858265
11
2.7809532283464566
21
-8.0271685826771648
0
LINE
8
BLACK
6
CONTINUOUS
10
2.7809532283464566
20
-8.0271685826771648
11
2.7772037007874015
21
-8.0290433464566924
0
LINE
8
BLACK
6
CONTINUOUS
10
2.7772037007874015
20
-8.0290433464566924
11
2.7766630708661415
21
-8.0292502362204718
0
LINE
8
BLACK
6
CONTINUOUS
10
2.7766630708661415
20
-8.0292502362204718
11
2.7765572440944881
21
-8.0292577165354331
0
LINE
8
BLACK
6
CONTINUOUS
10
2.7765572440944881
20
-8.0292577165354331
11
2.7764592519685038
21
-8.0292983464566934
0
LINE
8
BLACK
6
CONTINUOUS
10
2.7764592519685038
20
-8.0292983464566934
11
2.775883188976378
21
-8.0293550787401564
0
LINE
8
BLACK
6
CONTINUOUS
10
2.775883188976378
20
-8.0293550787401564
11
2.7683841338582678
21
-8.0293550787401564
0
LINE
8
BLACK
6
CONTINUOUS
10
2.7683841338582678
20
-8.0293550787401564
11
2.7678080708661419
21
-8.0292983464566934
0
LINE
8
BLACK
6
CONTINUOUS
10
2.7678080708661419
20
-8.0292983464566934
11
2.7677100787401576
21
-8.0292577559055118
0
LINE
8
BLACK
6
CONTINUOUS
10
2.7677100787401576
20
-8.0292577559055118
11
2.767604212598425
21
-8.0292502362204718
0
LINE
8
BLACK
6
CONTINUOUS
10
2.767604212598425
20
-8.0292502362204718
11
2.7670636220472442
21
-8.0290433464566924
0
LINE
8
BLACK
6
CONTINUOUS
10
2.7670636220472442
20
-8.0290433464566924
11
2.7633140944881891
21
-8.0271685826771648
0
LINE
8
BLACK
6
CONTINUOUS
10
2.7633140944881891
20
-8.0271685826771648
11
2.7628242125984253
21
-8.0268602362204717
0
LINE
8
BLACK
6
CONTINUOUS
10
2.7628242125984253
20
-8.0268602362204717
11
2.76206937007874
21
-8.0259898425196852
0
LINE
8
BLACK
6
CONTINUOUS
10
2.76206937007874
20
-8.0259898425196852
11
2.7617050393700788
21
-8.0248968897637791
0
LINE
8
BLACK
6
CONTINUOUS
10
2.7617050393700788
20
-8.0248968897637791
11
2.7617866929133856
21
-8.0237476771653533
0
LINE
8
BLACK
6
CONTINUOUS
10
2.7617866929133856
20
-8.0237476771653533
11
2.7623019291338582
21
-8.0227171653543312
0
LINE
8
BLACK
6
CONTINUOUS
10
2.7623019291338582
20
-8.0227171653543312
11
2.7631723228346456
21
-8.0219623228346446
0
LINE
8
BLACK
6
CONTINUOUS
10
2.7631723228346456
20
-8.0219623228346446
11
2.7642652755905512
21
-8.0215979921259848
0
LINE
8
BLACK
6
CONTINUOUS
10
2.7642652755905512
20
-8.0215979921259848
11
2.7654144881889762
21
-8.0216796456692911
0
LINE
8
BLACK
6
CONTINUOUS
10
2.7654144881889762
20
-8.0216796456692911
11
2.7659551181102362
21
-8.0218865354330706
0
LINE
8
BLACK
6
CONTINUOUS
10
2.7659551181102362
20
-8.0218865354330706
11
2.7690811811023623
21
-8.0234495669291341
0
LINE
8
BLACK
6
CONTINUOUS
10
2.7690811811023623
20
-8.0234495669291341
11
2.7751861417322834
21
-8.0234495669291341
0
LINE
8
BLACK
6
CONTINUOUS
10
2.7751861417322834
20
-8.0234495669291341
11
2.7774318503937008
21
-8.022326692913385
0
LINE
8
BLACK
6
CONTINUOUS
10
2.7774318503937008
20
-8.022326692913385
11
2.7785547244094486
21
-8.0200809448818902
0
LINE
8
BLACK
6
CONTINUOUS
10
2.7785547244094486
20
-8.0200809448818902
11
2.7785547244094486
21
-8.0156995669291344
0
LINE
8
BLACK
6
CONTINUOUS
10
2.7785547244094486
20
-8.0156995669291344
11
2.7621807480314962
21
-8.0124248425196853
0
LINE
8
BLACK
6
CONTINUOUS
10
2.7621807480314962
20
-8.0124248425196853
11
2.7616270078740155
21
-8.012256220472441
0
LINE
8
BLACK
6
CONTINUOUS
10
2.7616270078740155
20
-8.012256220472441
11
2.7613866141732282
21
-8.0120951968503942
0
LINE
8
BLACK
6
CONTINUOUS
10
2.7613866141732282
20
-8.0120951968503942
11
2.76111937007874
21
-8.0119845275590542
0
LINE
8
BLACK
6
CONTINUOUS
10
2.76111937007874
20
-8.0119845275590542
11
2.7609126377952755
21
-8.0117777952755898
0
LINE
8
BLACK
6
CONTINUOUS
10
2.7609126377952755
20
-8.0117777952755898
11
2.7606697244094489
21
-8.0116151181102353
0
LINE
8
BLACK
6
CONTINUOUS
10
2.7606697244094489
20
-8.0116151181102353
11
2.7605092519685037
21
-8.011374409448818
0
LINE
8
BLACK
6
CONTINUOUS
10
2.7605092519685037
20
-8.011374409448818
11
2.760304724409449
21
-8.0111698818897636
0
LINE
8
BLACK
6
CONTINUOUS
10
2.760304724409449
20
-8.0111698818897636
11
2.7601928346456694
21
-8.0108998031496057
0
LINE
8
BLACK
6
CONTINUOUS
10
2.7601928346456694
20
-8.0108998031496057
11
2.7600306692913383
21
-8.0106565354330712
0
LINE
8
BLACK
6
CONTINUOUS
10
2.7600306692913383
20
-8.0106565354330712
11
2.7599744881889765
21
-8.0103727165354321
0
LINE
8
BLACK
6
CONTINUOUS
10
2.7599744881889765
20
-8.0103727165354321
11
2.7598638188976379
21
-8.0101054724409444
0
LINE
8
BLACK
6
CONTINUOUS
10
2.7598638188976379
20
-8.0101054724409444
11
2.7598070866141731
21
-8.0095294094488185
0
LINE
8
BLACK
6
CONTINUOUS
10
2.7598070866141731
20
-8.0095294094488185
11
2.7598070866141731
21
-8.0057798818897634
0
LINE
8
BLACK
6
CONTINUOUS
10
2.7598070866141731
20
-8.0057798818897634
11
2.7598638188976379
21
-8.0052038188976375
0
LINE
8
BLACK
6
CONTINUOUS
10
2.7598638188976379
20
-8.0052038188976375
11
2.759904409448819
21
-8.0051057874015754
0
LINE
8
BLACK
6
CONTINUOUS
10
2.759904409448819
20
-8.0051057874015754
11
2.7599119291338581
21
-8.004999999999999
0
LINE
8
BLACK
6
CONTINUOUS
10
2.7599119291338581
20
-8.004999999999999
11
2.7601188188976375
21
-8.0044593700787399
0
LINE
8
BLACK
6
CONTINUOUS
10
2.7601188188976375
20
-8.0044593700787399
11
2.7619935826771651
21
-8.0007098425196848
0
LINE
8
BLACK
6
CONTINUOUS
10
2.7619935826771651
20
-8.0007098425196848
11
2.7620542125984251
21
-8.0006134645669285
0
LINE
8
BLACK
6
CONTINUOUS
10
2.7620542125984251
20
-8.0006134645669285
11
2.76206937007874
21
-8.0005680708661409
0
LINE
8
BLACK
6
CONTINUOUS
10
2.76206937007874
20
-8.0005680708661409
11
2.7621183858267715
21
-8.0005114960629911
0
LINE
8
BLACK
6
CONTINUOUS
10
2.7621183858267715
20
-8.0005114960629911
11
2.7623019291338582
21
-8.0002199606299218
0
LINE
8
BLACK
6
CONTINUOUS
10
2.7623019291338582
20
-8.0002199606299218
11
2.7625816141732282
21
-7.9999773622047243
0
LINE
8
BLACK
6
CONTINUOUS
10
2.7625816141732282
20
-7.9999773622047243
11
2.7628242125984253
21
-7.9996976771653543
0
LINE
8
BLACK
6
CONTINUOUS
10
2.7628242125984253
20
-7.9996976771653543
11
2.7631157480314958
21
-7.9995141338582672
0
LINE
8
BLACK
6
CONTINUOUS
10
2.7631157480314958
20
-7.9995141338582672
11
2.7631723228346456
21
-7.9994651181102361
0
LINE
8
BLACK
6
CONTINUOUS
10
2.7631723228346456
20
-7.9994651181102361
11
2.7632177165354328
21
-7.9994499606299208
0
LINE
8
BLACK
6
CONTINUOUS
10
2.7632177165354328
20
-7.9994499606299208
11
2.7633140944881891
21
-7.9993893307086612
0
LINE
8
BLACK
6
CONTINUOUS
10
2.7633140944881891
20
-7.9993893307086612
11
2.7670636220472442
21
-7.9975145669291337
0
LINE
8
BLACK
6
CONTINUOUS
10
2.7670636220472442
20
-7.9975145669291337
11
2.767604212598425
21
-7.9973076771653542
0
LINE
8
BLACK
6
CONTINUOUS
10
2.767604212598425
20
-7.9973076771653542
11
2.7677100787401576
21
-7.9973001181102363
0
LINE
8
BLACK
6
CONTINUOUS
10
2.7677100787401576
20
-7.9973001181102363
11
2.7678080708661419
21
-7.9972595669291335
0
LINE
8
BLACK
6
CONTINUOUS
10
2.7678080708661419
20
-7.9972595669291335
11
2.7683841338582678
21
-7.9972028346456687
0
LINE
8
BLACK
6
CONTINUOUS
10
2.7683841338582678
20
-7.9972028346456687
11
2.775883188976378
21
-7.9972028346456687
0
LINE
8
BLACK
6
CONTINUOUS
10
2.775883188976378
20
-7.9972028346456687
11
2.7764592519685038
21
-7.9972595669291335
0
LINE
8
BLACK
6
CONTINUOUS
10
2.7668354330708662
20
-8.0042311811023623
11
2.7657125984251967
21
-8.0064769291338589
0
LINE
8
BLACK
6
CONTINUOUS
10
2.7657125984251967
20
-8.0064769291338589
11
2.7657125984251967
21
-8.007108700787402
0
LINE
8
BLACK
6
CONTINUOUS
10
2.7657125984251967
20
-8.007108700787402
11
2.7785547244094486
21
-8.0096771259842523
0
LINE
8
BLACK
6
CONTINUOUS
10
2.7785547244094486
20
-8.0096771259842523
11
2.7785547244094486
21
-8.0064769291338589
0
LINE
8
BLACK
6
CONTINUOUS
10
2.7785547244094486
20
-8.0064769291338589
11
2.7774318503937008
21
-8.0042311811023623
0
LINE
8
BLACK
6
CONTINUOUS
10
2.7774318503937008
20
-8.0042311811023623
11
2.7751861417322834
21
-8.0031083464566919
0
LINE
8
BLACK
6
CONTINUOUS
10
2.7751861417322834
20
-8.0031083464566919
11
2.7690811811023623
21
-8.0031083464566919
0
LINE
8
BLACK
6
CONTINUOUS
10
2.7690811811023623
20
-8.0031083464566919
11
2.7668354330708662
21
-8.0042311811023623
0
LINE
8
BLACK
6
CONTINUOUS
10
2.5927322047244092
20
-7.9972595669291335
11
2.5928301968503935
21
-7.9973001574803151
0
LINE
8
BLACK
6
CONTINUOUS
10
2.5928301968503935
20
-7.9973001574803151
11
2.5929360236220473
21
-7.9973076771653542
0
LINE
8
BLACK
6
CONTINUOUS
10
2.5929360236220473
20
-7.9973076771653542
11
2.5934766535433069
21
-7.9975145669291337
0
LINE
8
BLACK
6
CONTINUOUS
10
2.5934766535433069
20
-7.9975145669291337
11
2.5953761023622048
21
-7.9984642913385828
0
LINE
8
BLACK
6
CONTINUOUS
10
2.5953761023622048
20
-7.9984642913385828
11
2.5961399606299214
21
-7.9977004724409451
0
LINE
8
BLACK
6
CONTINUOUS
10
2.5961399606299214
20
-7.9977004724409451
11
2.5972043700787402
21
-7.9972595669291335
0
LINE
8
BLACK
6
CONTINUOUS
10
2.5972043700787402
20
-7.9972595669291335
11
2.5983564960629919
21
-7.9972595669291335
0
LINE
8
BLACK
6
CONTINUOUS
10
2.5983564960629919
20
-7.9972595669291335
11
2.5994209055118112
21
-7.9977004724409451
0
LINE
8
BLACK
6
CONTINUOUS
10
2.5994209055118112
20
-7.9977004724409451
11
2.6002355511811022
21
-7.9985151181102356
0
LINE
8
BLACK
6
CONTINUOUS
10
2.6002355511811022
20
-7.9985151181102356
11
2.6006764566929133
21
-7.9995795275590549
0
LINE
8
BLACK
6
CONTINUOUS
10
2.6006764566929133
20
-7.9995795275590549
11
2.6007331889763781
21
-8.0001555905511808
0
LINE
8
BLACK
6
CONTINUOUS
10
2.6007331889763781
20
-8.0001555905511808
11
2.6007331889763781
21
-8.0264023228346453
0
LINE
8
BLACK
6
CONTINUOUS
10
2.6007331889763781
20
-8.0264023228346453
11
2.6006764566929133
21
-8.0269783858267711
0
LINE
8
BLACK
6
CONTINUOUS
10
2.6006764566929133
20
-8.0269783858267711
11
2.6002355511811022
21
-8.0280427952755904
0
LINE
8
BLACK
6
CONTINUOUS
10
2.6002355511811022
20
-8.0280427952755904
11
2.5994209055118112
21
-8.028857440944881
0
LINE
8
BLACK
6
CONTINUOUS
10
2.5994209055118112
20
-8.028857440944881
11
2.5983564960629919
21
-8.0292983464566934
0
LINE
8
BLACK
6
CONTINUOUS
10
2.5983564960629919
20
-8.0292983464566934
11
2.5972043700787402
21
-8.0292983464566934
0
LINE
8
BLACK
6
CONTINUOUS
10
2.5972043700787402
20
-8.0292983464566934
11
2.5961399606299214
21
-8.028857440944881
0
LINE
8
BLACK
6
CONTINUOUS
10
2.5961399606299214
20
-8.028857440944881
11
2.5953253149606299
21
-8.0280427952755904
0
LINE
8
BLACK
6
CONTINUOUS
10
2.5953253149606299
20
-8.0280427952755904
11
2.5948844094488188
21
-8.0269783858267711
0
LINE
8
BLACK
6
CONTINUOUS
10
2.5948844094488188
20
-8.0269783858267711
11
2.5948276771653545
21
-8.0264023228346453
0
LINE
8
BLACK
6
CONTINUOUS
10
2.5948276771653545
20
-8.0264023228346453
11
2.5948276771653545
21
-8.0051281889763786
0
LINE
8
BLACK
6
CONTINUOUS
10
2.5948276771653545
20
-8.0051281889763786
11
2.5941565748031494
21
-8.0044570866141722
0
LINE
8
BLACK
6
CONTINUOUS
10
2.5941565748031494
20
-8.0044570866141722
11
2.5914590944881888
21
-8.0031083464566919
0
LINE
8
BLACK
6
CONTINUOUS
10
2.5914590944881888
20
-8.0031083464566919
11
2.5872288976377953
21
-8.0031083464566919
0
LINE
8
BLACK
6
CONTINUOUS
10
2.5872288976377953
20
-8.0031083464566919
11
2.5849831496062992
21
-8.0042311811023623
0
LINE
8
BLACK
6
CONTINUOUS
10
2.5849831496062992
20
-8.0042311811023623
11
2.5838603149606301
21
-8.0064769291338589
0
LINE
8
BLACK
6
CONTINUOUS
10
2.5838603149606301
20
-8.0064769291338589
11
2.5838603149606301
21
-8.0264023228346453
0
LINE
8
BLACK
6
CONTINUOUS
10
2.5838603149606301
20
-8.0264023228346453
11
2.5838035826771653
21
-8.0269783858267711
0
LINE
8
BLACK
6
CONTINUOUS
10
2.5838035826771653
20
-8.0269783858267711
11
2.5833626771653542
21
-8.0280427952755904
0
LINE
8
BLACK
6
CONTINUOUS
10
2.5833626771653542
20
-8.0280427952755904
11
2.5825480314960627
21
-8.028857440944881
0
LINE
8
BLACK
6
CONTINUOUS
10
2.5825480314960627
20
-8.028857440944881
11
2.5814836220472439
21
-8.0292983464566934
0
LINE
8
BLACK
6
CONTINUOUS
10
2.5814836220472439
20
-8.0292983464566934
11
2.5803314960629922
21
-8.0292983464566934
0
LINE
8
BLACK
6
CONTINUOUS
10
2.5803314960629922
20
-8.0292983464566934
11
2.5792670866141734
21
-8.028857440944881
0
LINE
8
BLACK
6
CONTINUOUS
10
2.5792670866141734
20
-8.028857440944881
11
2.5784524409448819
21
-8.0280427952755904
0
LINE
8
BLACK
6
CONTINUOUS
10
2.5784524409448819
20
-8.0280427952755904
11
2.5780115354330708
21
-8.0269783858267711
0
LINE
8
BLACK
6
CONTINUOUS
10
2.5780115354330708
20
-8.0269783858267711
11
2.5779548031496065
21
-8.0264023228346453
0
LINE
8
BLACK
6
CONTINUOUS
10
2.5779548031496065
20
-8.0264023228346453
11
2.5779548031496065
21
-8.0057798818897634
0
LINE
8
BLACK
6
CONTINUOUS
10
2.5779548031496065
20
-8.0057798818897634
11
2.5780115354330708
21
-8.0052038188976375
0
LINE
8
BLACK
6
CONTINUOUS
10
2.5780115354330708
20
-8.0052038188976375
11
2.5780521259842519
21
-8.0051057874015754
0
LINE
8
BLACK
6
CONTINUOUS
10
2.5780521259842519
20
-8.0051057874015754
11
2.5780596456692915
21
-8.004999999999999
0
LINE
8
BLACK
6
CONTINUOUS
10
2.5780596456692915
20
-8.004999999999999
11
2.5782665354330709
21
-8.0044593700787399
0
LINE
8
BLACK
6
CONTINUOUS
10
2.5782665354330709
20
-8.0044593700787399
11
2.5801412992125985
21
-8.0007098425196848
0
LINE
8
BLACK
6
CONTINUOUS
10
2.5801412992125985
20
-8.0007098425196848
11
2.580201929133858
21
-8.0006134645669285
0
LINE
8
BLACK
6
CONTINUOUS
10
2.580201929133858
20
-8.0006134645669285
11
2.5802170866141734
21
-8.0005680708661409
0
LINE
8
BLACK
6
CONTINUOUS
10
2.5802170866141734
20
-8.0005680708661409
11
2.5802661023622049
21
-8.0005114960629911
0
LINE
8
BLACK
6
CONTINUOUS
10
2.5802661023622049
20
-8.0005114960629911
11
2.5804496456692911
21
-8.0002199606299218
0
LINE
8
BLACK
6
CONTINUOUS
10
2.5804496456692911
20
-8.0002199606299218
11
2.5807293307086612
21
-7.9999773622047243
0
LINE
8
BLACK
6
CONTINUOUS
10
2.5807293307086612
20
-7.9999773622047243
11
2.5809719291338582
21
-7.9996976771653543
0
LINE
8
BLACK
6
CONTINUOUS
10
2.5809719291338582
20
-7.9996976771653543
11
2.5812634645669292
21
-7.9995141338582672
0
LINE
8
BLACK
6
CONTINUOUS
10
2.5812634645669292
20
-7.9995141338582672
11
2.5813200393700786
21
-7.9994651181102361
0
LINE
8
BLACK
6
CONTINUOUS
10
2.5813200393700786
20
-7.9994651181102361
11
2.5813654330708662
21
-7.9994499606299208
0
LINE
8
BLACK
6
CONTINUOUS
10
2.5813654330708662
20
-7.9994499606299208
11
2.581461811023622
21
-7.9993893307086612
0
LINE
8
BLACK
6
CONTINUOUS
10
2.581461811023622
20
-7.9993893307086612
11
2.5852113385826772
21
-7.9975145669291337
0
LINE
8
BLACK
6
CONTINUOUS
10
2.5852113385826772
20
-7.9975145669291337
11
2.5857519291338584
21
-7.9973076771653542
0
LINE
8
BLACK
6
CONTINUOUS
10
2.5857519291338584
20
-7.9973076771653542
11
2.5858577952755906
21
-7.9973001181102363
0
LINE
8
BLACK
6
CONTINUOUS
10
2.5858577952755906
20
-7.9973001181102363
11
2.5859557874015748
21
-7.9972595669291335
0
LINE
8
BLACK
6
CONTINUOUS
10
2.5859557874015748
20
-7.9972595669291335
11
2.5865318503937007
21
-7.9972028346456687
0
LINE
8
BLACK
6
CONTINUOUS
10
2.5865318503937007
20
-7.9972028346456687
11
2.5921561417322834
21
-7.9972028346456687
0
LINE
8
BLACK
6
CONTINUOUS
10
2.5921561417322834
20
-7.9972028346456687
11
2.5927322047244092
21
-7.9972595669291335
0
LINE
8
BLACK
6
CONTINUOUS
10
2.6181685433070867
20
-7.9977004724409451
11
2.6189831889763777
21
-7.9985151181102356
0
LINE
8
BLACK
6
CONTINUOUS
10
2.6189831889763777
20
-7.9985151181102356
11
2.6194240944881888
21
-7.9995795275590549
0
LINE
8
BLACK
6
CONTINUOUS
10
2.6194240944881888
20
-7.9995795275590549
11
2.6194808267716536
21
-8.0001555905511808
0
LINE
8
BLACK
6
CONTINUOUS
10
2.6194808267716536
20
-8.0001555905511808
11
2.6194808267716536
21
-8.0264023228346453
0
LINE
8
BLACK
6
CONTINUOUS
10
2.6194808267716536
20
-8.0264023228346453
11
2.6194240944881888
21
-8.0269783858267711
0
LINE
8
BLACK
6
CONTINUOUS
10
2.6194240944881888
20
-8.0269783858267711
11
2.6189831889763777
21
-8.0280427952755904
0
LINE
8
BLACK
6
CONTINUOUS
10
2.6189831889763777
20
-8.0280427952755904
11
2.6181685433070867
21
-8.028857440944881
0
LINE
8
BLACK
6
CONTINUOUS
10
2.6181685433070867
20
-8.028857440944881
11
2.6171041338582675
21
-8.0292983464566934
0
LINE
8
BLACK
6
CONTINUOUS
10
2.6171041338582675
20
-8.0292983464566934
11
2.6159520078740157
21
-8.0292983464566934
0
LINE
8
BLACK
6
CONTINUOUS
10
2.6159520078740157
20
-8.0292983464566934
11
2.6148875984251969
21
-8.028857440944881
0
LINE
8
BLACK
6
CONTINUOUS
10
2.6148875984251969
20
-8.028857440944881
11
2.6140729527559055
21
-8.0280427952755904
0
LINE
8
BLACK
6
CONTINUOUS
10
2.6140729527559055
20
-8.0280427952755904
11
2.6136320472440944
21
-8.0269783858267711
0
LINE
8
BLACK
6
CONTINUOUS
10
2.6136320472440944
20
-8.0269783858267711
11
2.61357531496063
21
-8.0264023228346453
0
LINE
8
BLACK
6
CONTINUOUS
10
2.61357531496063
20
-8.0264023228346453
11
2.61357531496063
21
-8.0001555905511808
0
LINE
8
BLACK
6
CONTINUOUS
10
2.61357531496063
20
-8.0001555905511808
11
2.6136320472440944
21
-7.9995795275590549
0
LINE
8
BLACK
6
CONTINUOUS
10
2.6136320472440944
20
-7.9995795275590549
11
2.6140729527559055
21
-7.9985151181102356
0
LINE
8
BLACK
6
CONTINUOUS
10
2.6140729527559055
20
-7.9985151181102356
11
2.6148875984251969
21
-7.9977004724409451
0
LINE
8
BLACK
6
CONTINUOUS
10
2.6148875984251969
20
-7.9977004724409451
11
2.6159520078740157
21
-7.9972595669291335
0
LINE
8
BLACK
6
CONTINUOUS
10
2.6159520078740157
20
-7.9972595669291335
11
2.6171041338582675
21
-7.9972595669291335
0
LINE
8
BLACK
6
CONTINUOUS
10
2.6171041338582675
20
-7.9972595669291335
11
2.6181685433070867
21
-7.9977004724409451
0
LINE
8
BLACK
6
CONTINUOUS
10
2.6920947637795276
20
-7.9841362204724406
11
2.6931591732283464
21
-7.9845771259842522
0
LINE
8
BLACK
6
CONTINUOUS
10
2.6931591732283464
20
-7.9845771259842522
11
2.6939738188976379
21
-7.9853917716535427
0
LINE
8
BLACK
6
CONTINUOUS
10
2.6939738188976379
20
-7.9853917716535427
11
2.694414724409449
21
-7.986456181102362
0
LINE
8
BLACK
6
CONTINUOUS
10
2.694414724409449
20
-7.986456181102362
11
2.6944714566929133
21
-7.9870322440944879
0
LINE
8
BLACK
6
CONTINUOUS
10
2.6944714566929133
20
-7.9870322440944879
11
2.6944714566929133
21
-8.0264023228346453
0
LINE
8
BLACK
6
CONTINUOUS
10
2.6944714566929133
20
-8.0264023228346453
11
2.694414724409449
21
-8.0269783858267711
0
LINE
8
BLACK
6
CONTINUOUS
10
2.694414724409449
20
-8.0269783858267711
11
2.6939738188976379
21
-8.0280427952755904
0
LINE
8
BLACK
6
CONTINUOUS
10
2.6939738188976379
20
-8.0280427952755904
11
2.6931591732283464
21
-8.028857440944881
0
LINE
8
BLACK
6
CONTINUOUS
10
2.6931591732283464
20
-8.028857440944881
11
2.6920947637795276
21
-8.0292983464566934
0
LINE
8
BLACK
6
CONTINUOUS
10
2.6920947637795276
20
-8.0292983464566934
11
2.6909426377952754
21
-8.0292983464566934
0
LINE
8
BLACK
6
CONTINUOUS
10
2.6909426377952754
20
-8.0292983464566934
11
2.6898782283464566
21
-8.028857440944881
0
LINE
8
BLACK
6
CONTINUOUS
10
2.6898782283464566
20
-8.028857440944881
11
2.6890635826771652
21
-8.0280427952755904
0
LINE
8
BLACK
6
CONTINUOUS
10
2.6890635826771652
20
-8.0280427952755904
11
2.6886226771653541
21
-8.0269783858267711
0
LINE
8
BLACK
6
CONTINUOUS
10
2.6886226771653541
20
-8.0269783858267711
11
2.6885659448818897
21
-8.0264023228346453
0
LINE
8
BLACK
6
CONTINUOUS
10
2.6885659448818897
20
-8.0264023228346453
11
2.6885659448818897
21
-8.0106074015748021
0
LINE
8
BLACK
6
CONTINUOUS
10
2.6885659448818897
20
-8.0106074015748021
11
2.6765205905511809
21
-8.0106074015748021
0
LINE
8
BLACK
6
CONTINUOUS
10
2.6765205905511809
20
-8.0106074015748021
11
2.675944527559055
21
-8.0105506692913391
0
LINE
8
BLACK
6
CONTINUOUS
10
2.675944527559055
20
-8.0105506692913391
11
2.6758465354330707
21
-8.0105100787401575
0
LINE
8
BLACK
6
CONTINUOUS
10
2.6758465354330707
20
-8.0105100787401575
11
2.6757406692913386
21
-8.0105025590551175
0
LINE
8
BLACK
6
CONTINUOUS
10
2.6757406692913386
20
-8.0105025590551175
11
2.6752000787401573
21
-8.0102956692913381
0
LINE
8
BLACK
6
CONTINUOUS
10
2.6752000787401573
20
-8.0102956692913381
11
2.6714505511811022
21
-8.0084209055118105
0
LINE
8
BLACK
6
CONTINUOUS
10
2.6714505511811022
20
-8.0084209055118105
11
2.6712025196850395
21
-8.008264803149606
0
LINE
8
BLACK
6
CONTINUOUS
10
2.6712025196850395
20
-8.008264803149606
11
2.6711305905511811
21
-8.0082349999999991
0
LINE
8
BLACK
6
CONTINUOUS
10
2.6711305905511811
20
-8.0082349999999991
11
2.6710496062992126
21
-8.0081685039370072
0
LINE
8
BLACK
6
CONTINUOUS
10
2.6710496062992126
20
-8.0081685039370072
11
2.6709606692913384
21
-8.0081125590551174
0
LINE
8
BLACK
6
CONTINUOUS
10
2.6709606692913384
20
-8.0081125590551174
11
2.6709094881889763
21
-8.0080535433070867
0
LINE
8
BLACK
6
CONTINUOUS
10
2.6709094881889763
20
-8.0080535433070867
11
2.6706831496062993
21
-8.0078677952755903
0
LINE
8
BLACK
6
CONTINUOUS
10
2.6706831496062993
20
-8.0078677952755903
11
2.6688083858267717
21
-8.0059930314960628
0
LINE
8
BLACK
6
CONTINUOUS
10
2.6688083858267717
20
-8.0059930314960628
11
2.668622598425197
21
-8.0057666535433061
0
LINE
8
BLACK
6
CONTINUOUS
10
2.668622598425197
20
-8.0057666535433061
11
2.6685636220472442
21
-8.0057155118110241
0
LINE
8
BLACK
6
CONTINUOUS
10
2.6685636220472442
20
-8.0057155118110241
11
2.6685076377952757
21
-8.0056265354330716
0
LINE
8
BLACK
6
CONTINUOUS
10
2.6685076377952757
20
-8.0056265354330716
11
2.6684411811023621
21
-8.005545590551181
0
LINE
8
BLACK
6
CONTINUOUS
10
2.6684411811023621
20
-8.005545590551181
11
2.6684113385826773
21
-8.0054736220472442
0
LINE
8
BLACK
6
CONTINUOUS
10
2.6684113385826773
20
-8.0054736220472442
11
2.6682552755905511
21
-8.0052256299212594
0
LINE
8
BLACK
6
CONTINUOUS
10
2.6682552755905511
20
-8.0052256299212594
11
2.6663805118110235
21
-8.0014761023622043
0
LINE
8
BLACK
6
CONTINUOUS
10
2.6663805118110235
20
-8.0014761023622043
11
2.6661736220472441
21
-8.0009354724409452
0
LINE
8
BLACK
6
CONTINUOUS
10
2.6661736220472441
20
-8.0009354724409452
11
2.6661661023622045
21
-8.0008296456692918
0
LINE
8
BLACK
6
CONTINUOUS
10
2.6661661023622045
20
-8.0008296456692918
11
2.6661255118110234
21
-8.0007316535433066
0
LINE
8
BLACK
6
CONTINUOUS
10
2.6661255118110234
20
-8.0007316535433066
11
2.6660687795275591
21
-8.0001555905511808
0
LINE
8
BLACK
6
CONTINUOUS
10
2.6660687795275591
20
-8.0001555905511808
11
2.6660687795275591
21
-7.9945312992125981
0
LINE
8
BLACK
6
CONTINUOUS
10
2.6660687795275591
20
-7.9945312992125981
11
2.6661255118110234
21
-7.9939552362204722
0
LINE
8
BLACK
6
CONTINUOUS
10
2.6661255118110234
20
-7.9939552362204722
11
2.6661661023622045
21
-7.9938572047244092
0
LINE
8
BLACK
6
CONTINUOUS
10
2.6661661023622045
20
-7.9938572047244092
11
2.6661736220472441
21
-7.9937514173228346
0
LINE
8
BLACK
6
CONTINUOUS
10
2.6661736220472441
20
-7.9937514173228346
11
2.6663805118110235
21
-7.9932107874015745
0
LINE
8
BLACK
6
CONTINUOUS
10
2.6663805118110235
20
-7.9932107874015745
11
2.6682552755905511
21
-7.9894612598425194
0
LINE
8
BLACK
6
CONTINUOUS
10
2.6682552755905511
20
-7.9894612598425194
11
2.6684113385826773
21
-7.9892132283464568
0
LINE
8
BLACK
6
CONTINUOUS
10
2.6684113385826773
20
-7.9892132283464568
11
2.6684411811023621
21
-7.9891412992125979
0
LINE
8
BLACK
6
CONTINUOUS
10
2.6684411811023621
20
-7.9891412992125979
11
2.6685076377952757
21
-7.9890603149606294
0
LINE
8
BLACK
6
CONTINUOUS
10
2.6685076377952757
20
-7.9890603149606294
11
2.6685636220472442
21
-7.9889713779527556
0
LINE
8
BLACK
6
CONTINUOUS
10
2.6685636220472442
20
-7.9889713779527556
11
2.668622598425197
21
-7.9889201968503931
0
LINE
8
BLACK
6
CONTINUOUS
10
2.668622598425197
20
-7.9889201968503931
11
2.6688083858267717
21
-7.9886938582677161
0
LINE
8
BLACK
6
CONTINUOUS
10
2.6688083858267717
20
-7.9886938582677161
11
2.6706831496062993
21
-7.9868190944881885
0
LINE
8
BLACK
6
CONTINUOUS
10
2.6706831496062993
20
-7.9868190944881885
11
2.6709094881889763
21
-7.9866333070866142
0
LINE
8
BLACK
6
CONTINUOUS
10
2.6709094881889763
20
-7.9866333070866142
11
2.6709606692913384
21
-7.9865743307086614
0
LINE
8
BLACK
6
CONTINUOUS
10
2.6709606692913384
20
-7.9865743307086614
11
2.6710496062992126
21
-7.9865183464566929
0
LINE
8
BLACK
6
CONTINUOUS
10
2.6710496062992126
20
-7.9865183464566929
11
2.6711305905511811
21
-7.9864518897637797
0
LINE
8
BLACK
6
CONTINUOUS
10
2.6711305905511811
20
-7.9864518897637797
11
2.6712025196850395
21
-7.9864220472440941
0
LINE
8
BLACK
6
CONTINUOUS
10
2.6712025196850395
20
-7.9864220472440941
11
2.6714505511811022
21
-7.9862659842519683
0
LINE
8
BLACK
6
CONTINUOUS
10
2.6714505511811022
20
-7.9862659842519683
11
2.6752000787401573
21
-7.9843912204724408
0
LINE
8
BLACK
6
CONTINUOUS
10
2.6752000787401573
20
-7.9843912204724408
11
2.6757406692913386
21
-7.9841843307086613
0
LINE
8
BLACK
6
CONTINUOUS
10
2.6757406692913386
20
-7.9841843307086613
11
2.6758465354330707
21
-7.9841767716535434
0
LINE
8
BLACK
6
CONTINUOUS
10
2.6758465354330707
20
-7.9841767716535434
11
2.675944527559055
21
-7.9841362204724406
0
LINE
8
BLACK
6
CONTINUOUS
10
2.675944527559055
20
-7.9841362204724406
11
2.6765205905511809
21
-7.9840794881889758
0
LINE
8
BLACK
6
CONTINUOUS
10
2.6765205905511809
20
-7.9840794881889758
11
2.6915187007874013
21
-7.9840794881889758
0
LINE
8
BLACK
6
CONTINUOUS
10
2.6915187007874013
20
-7.9840794881889758
11
2.6920947637795276
21
-7.9841362204724406
0
LINE
8
BLACK
6
CONTINUOUS
10
2.6745201574803148
20
-7.9913337401574802
11
2.673323031496063
21
-7.992530866141732
0
LINE
8
BLACK
6
CONTINUOUS
10
2.673323031496063
20
-7.992530866141732
11
2.6719742913385827
21
-7.9952283464566927
0
LINE
8
BLACK
6
CONTINUOUS
10
2.6719742913385827
20
-7.9952283464566927
11
2.6719742913385827
21
-7.9994585433070862
0
LINE
8
BLACK
6
CONTINUOUS
10
2.6719742913385827
20
-7.9994585433070862
11
2.673323031496063
21
-8.0021560236220477
0
LINE
8
BLACK
6
CONTINUOUS
10
2.673323031496063
20
-8.0021560236220477
11
2.6745201574803148
21
-8.0033531496062995
0
LINE
8
BLACK
6
CONTINUOUS
10
2.6745201574803148
20
-8.0033531496062995
11
2.6772176377952754
21
-8.0047018897637798
0
LINE
8
BLACK
6
CONTINUOUS
10
2.6772176377952754
20
-8.0047018897637798
11
2.6885659448818897
21
-8.0047018897637798
0
LINE
8
BLACK
6
CONTINUOUS
10
2.6885659448818897
20
-8.0047018897637798
11
2.6885659448818897
21
-7.9899849999999999
0
LINE
8
BLACK
6
CONTINUOUS
10
2.6885659448818897
20
-7.9899849999999999
11
2.6772176377952754
21
-7.9899849999999999
0
LINE
8
BLACK
6
CONTINUOUS
10
2.6772176377952754
20
-7.9899849999999999
11
2.6745201574803148
21
-7.9913337401574802
0
LINE
8
BLACK
6
CONTINUOUS
10
2.8059263385826769
20
-7.9806401181102364
11
2.8067409842519684
21
-7.981454763779527
0
LINE
8
BLACK
6
CONTINUOUS
10
2.8067409842519684
20
-7.981454763779527
11
2.8071818897637795
21
-7.9825191732283463
0
LINE
8
BLACK
6
CONTINUOUS
10
2.8071818897637795
20
-7.9825191732283463
11
2.8072386220472438
21
-7.9830952362204721
0
LINE
8
BLACK
6
CONTINUOUS
10
2.8072386220472438
20
-7.9830952362204721
11
2.8072386220472438
21
-7.9840794881889758
0
LINE
8
BLACK
6
CONTINUOUS
10
2.8072386220472438
20
-7.9840794881889758
11
2.8152532677165354
21
-7.9840794881889758
0
LINE
8
BLACK
6
CONTINUOUS
10
2.8152532677165354
20
-7.9840794881889758
11
2.8158293307086613
21
-7.9841362204724406
0
LINE
8
BLACK
6
CONTINUOUS
10
2.8158293307086613
20
-7.9841362204724406
11
2.8168937401574801
21
-7.9845771259842522
0
LINE
8
BLACK
6
CONTINUOUS
10
2.8168937401574801
20
-7.9845771259842522
11
2.8177083858267715
21
-7.9853917716535427
0
LINE
8
BLACK
6
CONTINUOUS
10
2.8177083858267715
20
-7.9853917716535427
11
2.8181492913385826
21
-7.986456181102362
0
LINE
8
BLACK
6
CONTINUOUS
10
2.8181492913385826
20
-7.986456181102362
11
2.8181492913385826
21
-7.9876083070866137
0
LINE
8
BLACK
6
CONTINUOUS
10
2.8181492913385826
20
-7.9876083070866137
11
2.8177083858267715
21
-7.988672716535433
0
LINE
8
BLACK
6
CONTINUOUS
10
2.8177083858267715
20
-7.988672716535433
11
2.8168937401574801
21
-7.9894873622047244
0
LINE
8
BLACK
6
CONTINUOUS
10
2.8168937401574801
20
-7.9894873622047244
11
2.8158293307086613
21
-7.9899282677165351
0
LINE
8
BLACK
6
CONTINUOUS
10
2.8158293307086613
20
-7.9899282677165351
11
2.8152532677165354
21
-7.9899849999999999
0
LINE
8
BLACK
6
CONTINUOUS
10
2.8152532677165354
20
-7.9899849999999999
11
2.8072386220472438
21
-7.9899849999999999
0
LINE
8
BLACK
6
CONTINUOUS
10
2.8072386220472438
20
-7.9899849999999999
11
2.8072386220472438
21
-7.993265826771653
0
LINE
8
BLACK
6
CONTINUOUS
10
2.8072386220472438
20
-7.993265826771653
11
2.8099101574803149
21
-7.993265826771653
0
LINE
8
BLACK
6
CONTINUOUS
10
2.8099101574803149
20
-7.993265826771653
11
2.8104862204724408
21
-7.9933225590551178
0
LINE
8
BLACK
6
CONTINUOUS
10
2.8104862204724408
20
-7.9933225590551178
11
2.8115506299212596
21
-7.9937634645669293
0
LINE
8
BLACK
6
CONTINUOUS
10
2.8115506299212596
20
-7.9937634645669293
11
2.8123652755905511
21
-7.9945781102362199
0
LINE
8
BLACK
6
CONTINUOUS
10
2.8123652755905511
20
-7.9945781102362199
11
2.8128061811023621
21
-7.9956425196850391
0
LINE
8
BLACK
6
CONTINUOUS
10
2.8128061811023621
20
-7.9956425196850391
11
2.8128061811023621
21
-7.9967946456692909
0
LINE
8
BLACK
6
CONTINUOUS
10
2.8128061811023621
20
-7.9967946456692909
11
2.8123652755905511
21
-7.9978590551181101
0
LINE
8
BLACK
6
CONTINUOUS
10
2.8123652755905511
20
-7.9978590551181101
11
2.8115506299212596
21
-7.9986737007874016
0
LINE
8
BLACK
6
CONTINUOUS
10
2.8115506299212596
20
-7.9986737007874016
11
2.8104862204724408
21
-7.9991146062992122
0
LINE
8
BLACK
6
CONTINUOUS
10
2.8104862204724408
20
-7.9991146062992122
11
2.8099101574803149
21
-7.999171338582677
0
LINE
8
BLACK
6
CONTINUOUS
10
2.8099101574803149
20
-7.999171338582677
11
2.8072386220472438
21
-7.999171338582677
0
LINE
8
BLACK
6
CONTINUOUS
10
2.8072386220472438
20
-7.999171338582677
11
2.8072386220472438
21
-8.016840984251969
0
LINE
8
BLACK
6
CONTINUOUS
10
2.8072386220472438
20
-8.016840984251969
11
2.8071818897637795
21
-8.0174170472440949
0
LINE
8
BLACK
6
CONTINUOUS
10
2.8071818897637795
20
-8.0174170472440949
11
2.8071412598425196
21
-8.0175150393700783
0
LINE
8
BLACK
6
CONTINUOUS
10
2.8071412598425196
20
-8.0175150393700783
11
2.8071337795275588
21
-8.0176208661417316
0
LINE
8
BLACK
6
CONTINUOUS
10
2.8071337795275588
20
-8.0176208661417316
11
2.8069574409448816
21
-8.018081653543307
0
LINE
8
BLACK
6
CONTINUOUS
10
2.8069574409448816
20
-8.018081653543307
11
2.8069574409448816
21
-8.0264023228346453
0
LINE
8
BLACK
6
CONTINUOUS
10
2.8069574409448816
20
-8.0264023228346453
11
2.8069007086614173
21
-8.0269783858267711
0
LINE
8
BLACK
6
CONTINUOUS
10
2.8069007086614173
20
-8.0269783858267711
11
2.8064598031496062
21
-8.0280427952755904
0
LINE
8
BLACK
6
CONTINUOUS
10
2.8064598031496062
20
-8.0280427952755904
11
2.8056451574803147
21
-8.028857440944881
0
LINE
8
BLACK
6
CONTINUOUS
10
2.8056451574803147
20
-8.028857440944881
11
2.8045807480314959
21
-8.0292983464566934
0
LINE
8
BLACK
6
CONTINUOUS
10
2.8045807480314959
20
-8.0292983464566934
11
2.8034286220472442
21
-8.0292983464566934
0
LINE
8
BLACK
6
CONTINUOUS
10
2.8034286220472442
20
-8.0292983464566934
11
2.8023642125984249
21
-8.028857440944881
0
LINE
8
BLACK
6
CONTINUOUS
10
2.8023642125984249
20
-8.028857440944881
11
2.8015495669291339
21
-8.0280427952755904
0
LINE
8
BLACK
6
CONTINUOUS
10
2.8015495669291339
20
-8.0280427952755904
11
2.8011086614173228
21
-8.0269783858267711
0
LINE
8
BLACK
6
CONTINUOUS
10
2.8011086614173228
20
-8.0269783858267711
11
2.801051929133858
21
-8.0264023228346453
0
LINE
8
BLACK
6
CONTINUOUS
10
2.801051929133858
20
-8.0264023228346453
11
2.801051929133858
21
-8.024571417322834
0
LINE
8
BLACK
6
CONTINUOUS
10
2.801051929133858
20
-8.024571417322834
11
2.7999820866141731
21
-8.0251063385826775
0
LINE
8
BLACK
6
CONTINUOUS
10
2.7999820866141731
20
-8.0251063385826775
11
2.7994414566929131
21
-8.025313228346457
0
LINE
8
BLACK
6
CONTINUOUS
10
2.7994414566929131
20
-8.025313228346457
11
2.7993356299212597
21
-8.0253207086614164
0
LINE
8
BLACK
6
CONTINUOUS
10
2.7993356299212597
20
-8.0253207086614164
11
2.7992376377952755
21
-8.0253613385826768
0
LINE
8
BLACK
6
CONTINUOUS
10
2.7992376377952755
20
-8.0253613385826768
11
2.7986615748031496
21
-8.0254180708661416
0
LINE
8
BLACK
6
CONTINUOUS
10
2.7986615748031496
20
-8.0254180708661416
11
2.7949120472440945
21
-8.0254180708661416
0
LINE
8
BLACK
6
CONTINUOUS
10
2.7949120472440945
20
-8.0254180708661416
11
2.7943359842519686
21
-8.0253613385826768
0
LINE
8
BLACK
6
CONTINUOUS
10
2.7943359842519686
20
-8.0253613385826768
11
2.7932715748031494
21
-8.0249204330708661
0
LINE
8
BLACK
6
CONTINUOUS
10
2.7932715748031494
20
-8.0249204330708661
11
2.7924569291338583
21
-8.0241057874015738
0
LINE
8
BLACK
6
CONTINUOUS
10
2.7924569291338583
20
-8.0241057874015738
11
2.7920160236220473
21
-8.0230413779527563
0
LINE
8
BLACK
6
CONTINUOUS
10
2.7920160236220473
20
-8.0230413779527563
11
2.7920160236220473
21
-8.0218892519685046
0
LINE
8
BLACK
6
CONTINUOUS
10
2.7920160236220473
20
-8.0218892519685046
11
2.7924569291338583
21
-8.0208248425196853
0
LINE
8
BLACK
6
CONTINUOUS
10
2.7924569291338583
20
-8.0208248425196853
11
2.7932715748031494
21
-8.020010196850393
0
LINE
8
BLACK
6
CONTINUOUS
10
2.7932715748031494
20
-8.020010196850393
11
2.7943359842519686
21
-8.0195692913385823
0
LINE
8
BLACK
6
CONTINUOUS
10
2.7943359842519686
20
-8.0195692913385823
11
2.7949120472440945
21
-8.0195125590551175
0
LINE
8
BLACK
6
CONTINUOUS
10
2.7949120472440945
20
-8.0195125590551175
11
2.797964527559055
21
-8.0195125590551175
0
LINE
8
BLACK
6
CONTINUOUS
10
2.797964527559055
20
-8.0195125590551175
11
2.8002102362204724
21
-8.0183896850393701
0
LINE
8
BLACK
6
CONTINUOUS
10
2.8002102362204724
20
-8.0183896850393701
11
2.801051929133858
21
-8.0167062992125988
0
LINE
8
BLACK
6
CONTINUOUS
10
2.801051929133858
20
-8.0167062992125988
11
2.801051929133858
21
-7.999171338582677
0
LINE
8
BLACK
6
CONTINUOUS
10
2.801051929133858
20
-7.999171338582677
11
2.7949120472440945
21
-7.999171338582677
0
LINE
8
BLACK
6
CONTINUOUS
10
2.7949120472440945
20
-7.999171338582677
11
2.7943359842519686
21
-7.9991146062992122
0
LINE
8
BLACK
6
CONTINUOUS
10
2.7943359842519686
20
-7.9991146062992122
11
2.7932715748031494
21
-7.9986737007874016
0
LINE
8
BLACK
6
CONTINUOUS
10
2.7932715748031494
20
-7.9986737007874016
11
2.7924569291338583
21
-7.9978590551181101
0
LINE
8
BLACK
6
CONTINUOUS
10
2.7924569291338583
20
-7.9978590551181101
11
2.7920160236220473
21
-7.9967946456692909
0
LINE
8
BLACK
6
CONTINUOUS
10
2.7920160236220473
20
-7.9967946456692909
11
2.7920160236220473
21
-7.9956425196850391
0
LINE
8
BLACK
6
CONTINUOUS
10
2.7920160236220473
20
-7.9956425196850391
11
2.7924569291338583
21
-7.9945781102362199
0
LINE
8
BLACK
6
CONTINUOUS
10
2.7924569291338583
20
-7.9945781102362199
11
2.7932715748031494
21
-7.9937634645669293
0
LINE
8
BLACK
6
CONTINUOUS
10
2.7932715748031494
20
-7.9937634645669293
11
2.7943359842519686
21
-7.9933225590551178
0
LINE
8
BLACK
6
CONTINUOUS
10
2.7943359842519686
20
-7.9933225590551178
11
2.7949120472440945
21
-7.993265826771653
0
LINE
8
BLACK
6
CONTINUOUS
10
2.7949120472440945
20
-7.993265826771653
11
2.801051929133858
21
-7.993265826771653
0
LINE
8
BLACK
6
CONTINUOUS
10
2.801051929133858
20
-7.993265826771653
11
2.801051929133858
21
-7.9899849999999999
0
LINE
8
BLACK
6
CONTINUOUS
10
2.801051929133858
20
-7.9899849999999999
11
2.7927561023622047
21
-7.9899849999999999
0
LINE
8
BLACK
6
CONTINUOUS
10
2.7927561023622047
20
-7.9899849999999999
11
2.7921800393700789
21
-7.9899282677165351
0
LINE
8
BLACK
6
CONTINUOUS
10
2.7921800393700789
20
-7.9899282677165351
11
2.7911156299212596
21
-7.9894873622047244
0
LINE
8
BLACK
6
CONTINUOUS
10
2.7911156299212596
20
-7.9894873622047244
11
2.7903009842519686
21
-7.988672716535433
0
LINE
8
BLACK
6
CONTINUOUS
10
2.7903009842519686
20
-7.988672716535433
11
2.7898600787401575
21
-7.9876083070866137
0
LINE
8
BLACK
6
CONTINUOUS
10
2.7898600787401575
20
-7.9876083070866137
11
2.7898600787401575
21
-7.986456181102362
0
LINE
8
BLACK
6
CONTINUOUS
10
2.7898600787401575
20
-7.986456181102362
11
2.7903009842519686
21
-7.9853917716535427
0
LINE
8
BLACK
6
CONTINUOUS
10
2.7903009842519686
20
-7.9853917716535427
11
2.7911156299212596
21
-7.9845771259842522
0
LINE
8
BLACK
6
CONTINUOUS
10
2.7911156299212596
20
-7.9845771259842522
11
2.7921800393700789
21
-7.9841362204724406
0
LINE
8
BLACK
6
CONTINUOUS
10
2.7921800393700789
20
-7.9841362204724406
11
2.7927561023622047
21
-7.9840794881889758
0
LINE
8
BLACK
6
CONTINUOUS
10
2.7927561023622047
20
-7.9840794881889758
11
2.8013331102362202
21
-7.9840794881889758
0
LINE
8
BLACK
6
CONTINUOUS
10
2.8013331102362202
20
-7.9840794881889758
11
2.8013331102362202
21
-7.9830952362204721
0
LINE
8
BLACK
6
CONTINUOUS
10
2.8013331102362202
20
-7.9830952362204721
11
2.801389842519685
21
-7.9825191732283463
0
LINE
8
BLACK
6
CONTINUOUS
10
2.801389842519685
20
-7.9825191732283463
11
2.8018307480314961
21
-7.981454763779527
0
LINE
8
BLACK
6
CONTINUOUS
10
2.8018307480314961
20
-7.981454763779527
11
2.8026453937007871
21
-7.9806401181102364
0
LINE
8
BLACK
6
CONTINUOUS
10
2.8026453937007871
20
-7.9806401181102364
11
2.8037098031496064
21
-7.9801992125984249
0
LINE
8
BLACK
6
CONTINUOUS
10
2.8037098031496064
20
-7.9801992125984249
11
2.8048619291338581
21
-7.9801992125984249
0
LINE
8
BLACK
6
CONTINUOUS
10
2.8048619291338581
20
-7.9801992125984249
11
2.8059263385826769
21
-7.9806401181102364
0
LINE
8
BLACK
6
CONTINUOUS
10
2.8892263779527561
20
-7.9933225590551178
11
2.8893243700787399
21
-7.9933631496062993
0
LINE
8
BLACK
6
CONTINUOUS
10
2.8893243700787399
20
-7.9933631496062993
11
2.8894301968503937
21
-7.9933706692913384
0
LINE
8
BLACK
6
CONTINUOUS
10
2.8894301968503937
20
-7.9933706692913384
11
2.8899708267716533
21
-7.9935775590551179
0
LINE
8
BLACK
6
CONTINUOUS
10
2.8899708267716533
20
-7.9935775590551179
11
2.8937203543307084
21
-7.9954523228346455
0
LINE
8
BLACK
6
CONTINUOUS
10
2.8937203543307084
20
-7.9954523228346455
11
2.8939683464566928
21
-7.9956083858267712
0
LINE
8
BLACK
6
CONTINUOUS
10
2.8939683464566928
20
-7.9956083858267712
11
2.89404031496063
21
-7.9956382283464569
0
LINE
8
BLACK
6
CONTINUOUS
10
2.89404031496063
20
-7.9956382283464569
11
2.8941212598425197
21
-7.99570468503937
0
LINE
8
BLACK
6
CONTINUOUS
10
2.8941212598425197
20
-7.99570468503937
11
2.8942102362204722
21
-7.9957606692913386
0
LINE
8
BLACK
6
CONTINUOUS
10
2.8942102362204722
20
-7.9957606692913386
11
2.894261377952756
21
-7.9958196456692914
0
LINE
8
BLACK
6
CONTINUOUS
10
2.894261377952756
20
-7.9958196456692914
11
2.8944877559055118
21
-7.9960054330708656
0
LINE
8
BLACK
6
CONTINUOUS
10
2.8944877559055118
20
-7.9960054330708656
11
2.8963625196850393
21
-7.9978801968503932
0
LINE
8
BLACK
6
CONTINUOUS
10
2.8963625196850393
20
-7.9978801968503932
11
2.8965482677165353
21
-7.9981065354330703
0
LINE
8
BLACK
6
CONTINUOUS
10
2.8965482677165353
20
-7.9981065354330703
11
2.8966072834645669
21
-7.9981577165354327
0
LINE
8
BLACK
6
CONTINUOUS
10
2.8966072834645669
20
-7.9981577165354327
11
2.8966632283464566
21
-7.9982466535433066
0
LINE
8
BLACK
6
CONTINUOUS
10
2.8966632283464566
20
-7.9982466535433066
11
2.8967297244094485
21
-7.998327637795275
0
LINE
8
BLACK
6
CONTINUOUS
10
2.8967297244094485
20
-7.998327637795275
11
2.896759527559055
21
-7.9983995669291339
0
LINE
8
BLACK
6
CONTINUOUS
10
2.896759527559055
20
-7.9983995669291339
11
2.8969156299212599
21
-7.9986475984251966
0
LINE
8
BLACK
6
CONTINUOUS
10
2.8969156299212599
20
-7.9986475984251966
11
2.8987903937007875
21
-8.0023971259842526
0
LINE
8
BLACK
6
CONTINUOUS
10
2.8987903937007875
20
-8.0023971259842526
11
2.898997283464567
21
-8.002937716535433
0
LINE
8
BLACK
6
CONTINUOUS
10
2.898997283464567
20
-8.002937716535433
11
2.8990048031496061
21
-8.0030435826771651
0
LINE
8
BLACK
6
CONTINUOUS
10
2.8990048031496061
20
-8.0030435826771651
11
2.8990453937007872
21
-8.0031415748031502
0
LINE
8
BLACK
6
CONTINUOUS
10
2.8990453937007872
20
-8.0031415748031502
11
2.899102125984252
21
-8.0037176377952761
0
LINE
8
BLACK
6
CONTINUOUS
10
2.899102125984252
20
-8.0037176377952761
11
2.899102125984252
21
-8.0149662204724414
0
LINE
8
BLACK
6
CONTINUOUS
10
2.899102125984252
20
-8.0149662204724414
11
2.8990453937007872
21
-8.0155422834645673
0
LINE
8
BLACK
6
CONTINUOUS
10
2.8990453937007872
20
-8.0155422834645673
11
2.8990048031496061
21
-8.0156402362204719
0
LINE
8
BLACK
6
CONTINUOUS
10
2.8990048031496061
20
-8.0156402362204719
11
2.898997283464567
21
-8.0157461417322828
0
LINE
8
BLACK
6
CONTINUOUS
10
2.898997283464567
20
-8.0157461417322828
11
2.8987903937007875
21
-8.016286732283465
0
LINE
8
BLACK
6
CONTINUOUS
10
2.8987903937007875
20
-8.016286732283465
11
2.8969156299212599
21
-8.0200362598425201
0
LINE
8
BLACK
6
CONTINUOUS
10
2.8969156299212599
20
-8.0200362598425201
11
2.8967595669291337
21
-8.0202841338582669
0
LINE
8
BLACK
6
CONTINUOUS
10
2.8967595669291337
20
-8.0202841338582669
11
2.8967297637795273
21
-8.0203561811023611
0
LINE
8
BLACK
6
CONTINUOUS
10
2.8967297637795273
20
-8.0203561811023611
11
2.8966632283464566
21
-8.0204372047244092
0
LINE
8
BLACK
6
CONTINUOUS
10
2.8966632283464566
20
-8.0204372047244092
11
2.8966072834645669
21
-8.0205261417322831
0
LINE
8
BLACK
6
CONTINUOUS
10
2.8966072834645669
20
-8.0205261417322831
11
2.8965482677165353
21
-8.0205772834645668
0
LINE
8
BLACK
6
CONTINUOUS
10
2.8965482677165353
20
-8.0205772834645668
11
2.8963625196850393
21
-8.0208036614173235
0
LINE
8
BLACK
6
CONTINUOUS
10
2.8963625196850393
20
-8.0208036614173235
11
2.8944877952755905
21
-8.022678425196851
0
LINE
8
BLACK
6
CONTINUOUS
10
2.8944877952755905
20
-8.022678425196851
11
2.8942614173228347
21
-8.0228641732283457
0
LINE
8
BLACK
6
CONTINUOUS
10
2.8942614173228347
20
-8.0228641732283457
11
2.8942102362204722
21
-8.0229232283464569
0
LINE
8
BLACK
6
CONTINUOUS
10
2.8942102362204722
20
-8.0229232283464569
11
2.8941212598425197
21
-8.0229792125984254
0
LINE
8
BLACK
6
CONTINUOUS
10
2.8941212598425197
20
-8.0229792125984254
11
2.89404031496063
21
-8.0230456692913386
0
LINE
8
BLACK
6
CONTINUOUS
10
2.89404031496063
20
-8.0230456692913386
11
2.8939683464566928
21
-8.0230754724409454
0
LINE
8
BLACK
6
CONTINUOUS
10
2.8939683464566928
20
-8.0230754724409454
11
2.8937203543307084
21
-8.02323157480315
0
LINE
8
BLACK
6
CONTINUOUS
10
2.8937203543307084
20
-8.02323157480315
11
2.8899708267716533
21
-8.0251063385826775
0
LINE
8
BLACK
6
CONTINUOUS
10
2.8899708267716533
20
-8.0251063385826775
11
2.8894301968503937
21
-8.025313228346457
0
LINE
8
BLACK
6
CONTINUOUS
10
2.8894301968503937
20
-8.025313228346457
11
2.8893243700787399
21
-8.0253207086614164
0
LINE
8
BLACK
6
CONTINUOUS
10
2.8893243700787399
20
-8.0253207086614164
11
2.8892263779527561
21
-8.0253613385826768
0
LINE
8
BLACK
6
CONTINUOUS
10
2.8892263779527561
20
-8.0253613385826768
11
2.8886503149606297
21
-8.0254180708661416
0
LINE
8
BLACK
6
CONTINUOUS
10
2.8886503149606297
20
-8.0254180708661416
11
2.8830260236220471
21
-8.0254180708661416
0
LINE
8
BLACK
6
CONTINUOUS
10
2.8830260236220471
20
-8.0254180708661416
11
2.8824499606299212
21
-8.0253613385826768
0
LINE
8
BLACK
6
CONTINUOUS
10
2.8824499606299212
20
-8.0253613385826768
11
2.8823519685039369
21
-8.0253207480314952
0
LINE
8
BLACK
6
CONTINUOUS
10
2.8823519685039369
20
-8.0253207480314952
11
2.8822461023622048
21
-8.025313228346457
0
LINE
8
BLACK
6
CONTINUOUS
10
2.8822461023622048
20
-8.025313228346457
11
2.8817055118110235
21
-8.0251063385826775
0
LINE
8
BLACK
6
CONTINUOUS
10
2.8817055118110235
20
-8.0251063385826775
11
2.8779559842519684
21
-8.02323157480315
0
LINE
8
BLACK
6
CONTINUOUS
10
2.8779559842519684
20
-8.02323157480315
11
2.8777079527559053
21
-8.0230754724409454
0
LINE
8
BLACK
6
CONTINUOUS
10
2.8777079527559053
20
-8.0230754724409454
11
2.8776360236220473
21
-8.0230456692913386
0
LINE
8
BLACK
6
CONTINUOUS
10
2.8776360236220473
20
-8.0230456692913386
11
2.8775550393700788
21
-8.0229792125984254
0
LINE
8
BLACK
6
CONTINUOUS
10
2.8775550393700788
20
-8.0229792125984254
11
2.8774661023622046
21
-8.0229232283464569
0
LINE
8
BLACK
6
CONTINUOUS
10
2.8774661023622046
20
-8.0229232283464569
11
2.8774148818897638
21
-8.0228641732283457
0
LINE
8
BLACK
6
CONTINUOUS
10
2.8774148818897638
20
-8.0228641732283457
11
2.8771885433070867
21
-8.022678425196851
0
LINE
8
BLACK
6
CONTINUOUS
10
2.8771885433070867
20
-8.022678425196851
11
2.8753137795275592
21
-8.0208036220472447
0
LINE
8
BLACK
6
CONTINUOUS
10
2.8753137795275592
20
-8.0208036220472447
11
2.8751280314960628
21
-8.0205772834645668
0
LINE
8
BLACK
6
CONTINUOUS
10
2.8751280314960628
20
-8.0205772834645668
11
2.87506905511811
21
-8.0205261417322831
0
LINE
8
BLACK
6
CONTINUOUS
10
2.87506905511811
20
-8.0205261417322831
11
2.8750130708661419
21
-8.0204372047244092
0
LINE
8
BLACK
6
CONTINUOUS
10
2.8750130708661419
20
-8.0204372047244092
11
2.8749465748031495
21
-8.0203561811023611
0
LINE
8
BLACK
6
CONTINUOUS
10
2.8749465748031495
20
-8.0203561811023611
11
2.8749167322834643
21
-8.0202841338582669
0
LINE
8
BLACK
6
CONTINUOUS
10
2.8749167322834643
20
-8.0202841338582669
11
2.8747607086614173
21
-8.0200362598425201
0
LINE
8
BLACK
6
CONTINUOUS
10
2.8747607086614173
20
-8.0200362598425201
11
2.8728859448818898
21
-8.016286732283465
0
LINE
8
BLACK
6
CONTINUOUS
10
2.8728859448818898
20
-8.016286732283465
11
2.8726790551181103
21
-8.0157461023622041
0
LINE
8
BLACK
6
CONTINUOUS
10
2.8726790551181103
20
-8.0157461023622041
11
2.8726715354330707
21
-8.0156402755905507
0
LINE
8
BLACK
6
CONTINUOUS
10
2.8726715354330707
20
-8.0156402755905507
11
2.8726309448818896
21
-8.0155422834645673
0
LINE
8
BLACK
6
CONTINUOUS
10
2.8726309448818896
20
-8.0155422834645673
11
2.8725742125984253
21
-8.0149662204724414
0
LINE
8
BLACK
6
CONTINUOUS
10
2.8725742125984253
20
-8.0149662204724414
11
2.8725742125984253
21
-8.0037176377952761
0
LINE
8
BLACK
6
CONTINUOUS
10
2.8725742125984253
20
-8.0037176377952761
11
2.8726309448818896
21
-8.0031415748031502
0
LINE
8
BLACK
6
CONTINUOUS
10
2.8726309448818896
20
-8.0031415748031502
11
2.8726715354330707
21
-8.0030435433070863
0
LINE
8
BLACK
6
CONTINUOUS
10
2.8726715354330707
20
-8.0030435433070863
11
2.8726790551181103
21
-8.0029377559055117
0
LINE
8
BLACK
6
CONTINUOUS
10
2.8726790551181103
20
-8.0029377559055117
11
2.8728859448818898
21
-8.0023971259842526
0
LINE
8
BLACK
6
CONTINUOUS
10
2.8728859448818898
20
-8.0023971259842526
11
2.8747607086614173
21
-7.9986475984251966
0
LINE
8
BLACK
6
CONTINUOUS
10
2.8747607086614173
20
-7.9986475984251966
11
2.8749167716535431
21
-7.9983995669291339
0
LINE
8
BLACK
6
CONTINUOUS
10
2.8749167716535431
20
-7.9983995669291339
11
2.8749466141732283
21
-7.998327637795275
0
LINE
8
BLACK
6
CONTINUOUS
10
2.8749466141732283
20
-7.998327637795275
11
2.8750130708661419
21
-7.9982466535433066
0
LINE
8
BLACK
6
CONTINUOUS
10
2.8750130708661419
20
-7.9982466535433066
11
2.87506905511811
21
-7.9981577165354327
0
LINE
8
BLACK
6
CONTINUOUS
10
2.87506905511811
20
-7.9981577165354327
11
2.8751280314960628
21
-7.9981065354330703
0
LINE
8
BLACK
6
CONTINUOUS
10
2.8751280314960628
20
-7.9981065354330703
11
2.8753138188976379
21
-7.9978801968503932
0
LINE
8
BLACK
6
CONTINUOUS
10
2.8753138188976379
20
-7.9978801968503932
11
2.8771885826771655
21
-7.9960054330708656
0
LINE
8
BLACK
6
CONTINUOUS
10
2.8771885826771655
20
-7.9960054330708656
11
2.8774149212598426
21
-7.9958196456692914
0
LINE
8
BLACK
6
CONTINUOUS
10
2.8774149212598426
20
-7.9958196456692914
11
2.8774661023622046
21
-7.9957606692913386
0
LINE
8
BLACK
6
CONTINUOUS
10
2.8774661023622046
20
-7.9957606692913386
11
2.8775550393700788
21
-7.99570468503937
0
LINE
8
BLACK
6
CONTINUOUS
10
2.8775550393700788
20
-7.99570468503937
11
2.8776360236220473
21
-7.9956382283464569
0
LINE
8
BLACK
6
CONTINUOUS
10
2.8776360236220473
20
-7.9956382283464569
11
2.8777079527559053
21
-7.9956083858267712
0
LINE
8
BLACK
6
CONTINUOUS
10
2.8777079527559053
20
-7.9956083858267712
11
2.8779559842519684
21
-7.9954523228346455
0
LINE
8
BLACK
6
CONTINUOUS
10
2.8779559842519684
20
-7.9954523228346455
11
2.8817055118110235
21
-7.9935775590551179
0
LINE
8
BLACK
6
CONTINUOUS
10
2.8817055118110235
20
-7.9935775590551179
11
2.8822461023622048
21
-7.9933706692913384
0
LINE
8
BLACK
6
CONTINUOUS
10
2.8822461023622048
20
-7.9933706692913384
11
2.8823519685039369
21
-7.9933631102362206
0
LINE
8
BLACK
6
CONTINUOUS
10
2.8823519685039369
20
-7.9933631102362206
11
2.8824499606299212
21
-7.9933225590551178
0
LINE
8
BLACK
6
CONTINUOUS
10
2.8824499606299212
20
-7.9933225590551178
11
2.8830260236220471
21
-7.993265826771653
0
LINE
8
BLACK
6
CONTINUOUS
10
2.8830260236220471
20
-7.993265826771653
11
2.8886503149606297
21
-7.993265826771653
0
LINE
8
BLACK
6
CONTINUOUS
10
2.8886503149606297
20
-7.993265826771653
11
2.8892263779527561
21
-7.9933225590551178
0
LINE
8
BLACK
6
CONTINUOUS
10
2.881025590551181
20
-8.0005200787401574
11
2.8798284645669292
21
-8.0017172047244092
0
LINE
8
BLACK
6
CONTINUOUS
10
2.8798284645669292
20
-8.0017172047244092
11
2.8784797244094489
21
-8.0044146850393698
0
LINE
8
BLACK
6
CONTINUOUS
10
2.8784797244094489
20
-8.0044146850393698
11
2.8784797244094489
21
-8.014269173228346
0
LINE
8
BLACK
6
CONTINUOUS
10
2.8784797244094489
20
-8.014269173228346
11
2.8798284645669292
21
-8.0169666535433066
0
LINE
8
BLACK
6
CONTINUOUS
10
2.8798284645669292
20
-8.0169666535433066
11
2.881025590551181
21
-8.0181638188976372
0
LINE
8
BLACK
6
CONTINUOUS
10
2.881025590551181
20
-8.0181638188976372
11
2.8837230708661417
21
-8.0195125590551175
0
LINE
8
BLACK
6
CONTINUOUS
10
2.8837230708661417
20
-8.0195125590551175
11
2.8879532677165352
21
-8.0195125590551175
0
LINE
8
BLACK
6
CONTINUOUS
10
2.8879532677165352
20
-8.0195125590551175
11
2.890650708661417
21
-8.0181638188976372
0
LINE
8
BLACK
6
CONTINUOUS
10
2.890650708661417
20
-8.0181638188976372
11
2.8918478346456693
21
-8.0169666535433066
0
LINE
8
BLACK
6
CONTINUOUS
10
2.8918478346456693
20
-8.0169666535433066
11
2.8931966141732284
21
-8.014269173228346
0
LINE
8
BLACK
6
CONTINUOUS
10
2.8931966141732284
20
-8.014269173228346
11
2.8931966141732284
21
-8.0044146850393698
0
LINE
8
BLACK
6
CONTINUOUS
10
2.8931966141732284
20
-8.0044146850393698
11
2.8918478740157481
21
-8.0017172047244092
0
LINE
8
BLACK
6
CONTINUOUS
10
2.8918478740157481
20
-8.0017172047244092
11
2.8906507480314958
21
-8.0005200787401574
0
LINE
8
BLACK
6
CONTINUOUS
10
2.8906507480314958
20
-8.0005200787401574
11
2.8879532677165352
21
-7.999171338582677
0
LINE
8
BLACK
6
CONTINUOUS
10
2.8879532677165352
20
-7.999171338582677
11
2.8837230708661417
21
-7.999171338582677
0
LINE
8
BLACK
6
CONTINUOUS
10
2.8837230708661417
20
-7.999171338582677
11
2.881025590551181
21
-8.0005200787401574
0
LINE
8
BLACK
6
CONTINUOUS
10
2.9577823622047243
20
-7.9806401181102364
11
2.9585970078740158
21
-7.981454763779527
0
LINE
8
BLACK
6
CONTINUOUS
10
2.9585970078740158
20
-7.981454763779527
11
2.9590379133858269
21
-7.9825191732283463
0
LINE
8
BLACK
6
CONTINUOUS
10
2.9590379133858269
20
-7.9825191732283463
11
2.9590946456692913
21
-7.9830952362204721
0
LINE
8
BLACK
6
CONTINUOUS
10
2.9590946456692913
20
-7.9830952362204721
11
2.9590946456692913
21
-7.993265826771653
0
LINE
8
BLACK
6
CONTINUOUS
10
2.9590946456692913
20
-7.993265826771653
11
2.9617661811023623
21
-7.993265826771653
0
LINE
8
BLACK
6
CONTINUOUS
10
2.9617661811023623
20
-7.993265826771653
11
2.9623422440944882
21
-7.9933225590551178
0
LINE
8
BLACK
6
CONTINUOUS
10
2.9623422440944882
20
-7.9933225590551178
11
2.963406653543307
21
-7.9937634645669293
0
LINE
8
BLACK
6
CONTINUOUS
10
2.963406653543307
20
-7.9937634645669293
11
2.9642212992125985
21
-7.9945781102362199
0
LINE
8
BLACK
6
CONTINUOUS
10
2.9642212992125985
20
-7.9945781102362199
11
2.9646622047244096
21
-7.9956425196850391
0
LINE
8
BLACK
6
CONTINUOUS
10
2.9646622047244096
20
-7.9956425196850391
11
2.9646622047244096
21
-7.9967946456692909
0
LINE
8
BLACK
6
CONTINUOUS
10
2.9646622047244096
20
-7.9967946456692909
11
2.9642212992125985
21
-7.9978590551181101
0
LINE
8
BLACK
6
CONTINUOUS
10
2.9642212992125985
20
-7.9978590551181101
11
2.963406653543307
21
-7.9986737007874016
0
LINE
8
BLACK
6
CONTINUOUS
10
2.963406653543307
20
-7.9986737007874016
11
2.9623422440944882
21
-7.9991146062992122
0
LINE
8
BLACK
6
CONTINUOUS
10
2.9623422440944882
20
-7.9991146062992122
11
2.9617661811023623
21
-7.999171338582677
0
LINE
8
BLACK
6
CONTINUOUS
10
2.9617661811023623
20
-7.999171338582677
11
2.9590946456692913
21
-7.999171338582677
0
LINE
8
BLACK
6
CONTINUOUS
10
2.9590946456692913
20
-7.999171338582677
11
2.9590946456692913
21
-8.016840984251969
0
LINE
8
BLACK
6
CONTINUOUS
10
2.9590946456692913
20
-8.016840984251969
11
2.9590379133858269
21
-8.0174170472440949
0
LINE
8
BLACK
6
CONTINUOUS
10
2.9590379133858269
20
-8.0174170472440949
11
2.958997283464567
21
-8.0175150393700783
0
LINE
8
BLACK
6
CONTINUOUS
10
2.958997283464567
20
-8.0175150393700783
11
2.9589898031496062
21
-8.0176208661417316
0
LINE
8
BLACK
6
CONTINUOUS
10
2.9589898031496062
20
-8.0176208661417316
11
2.9587829133858268
21
-8.0181614960629926
0
LINE
8
BLACK
6
CONTINUOUS
10
2.9587829133858268
20
-8.0181614960629926
11
2.9569081496062992
21
-8.0219110629921264
0
LINE
8
BLACK
6
CONTINUOUS
10
2.9569081496062992
20
-8.0219110629921264
11
2.9568474803149605
21
-8.0220074015748022
0
LINE
8
BLACK
6
CONTINUOUS
10
2.9568474803149605
20
-8.0220074015748022
11
2.9568323622047243
21
-8.0220528346456685
0
LINE
8
BLACK
6
CONTINUOUS
10
2.9568323622047243
20
-8.0220528346456685
11
2.9567833070866141
21
-8.0221093700787396
0
LINE
8
BLACK
6
CONTINUOUS
10
2.9567833070866141
20
-8.0221093700787396
11
2.9565998031496061
21
-8.0224009448818894
0
LINE
8
BLACK
6
CONTINUOUS
10
2.9565998031496061
20
-8.0224009448818894
11
2.9563200787401573
21
-8.0226435039370081
0
LINE
8
BLACK
6
CONTINUOUS
10
2.9563200787401573
20
-8.0226435039370081
11
2.9560775196850395
21
-8.0229232283464569
0
LINE
8
BLACK
6
CONTINUOUS
10
2.9560775196850395
20
-8.0229232283464569
11
2.9557859448818897
21
-8.0231067322834644
0
LINE
8
BLACK
6
CONTINUOUS
10
2.9557859448818897
20
-8.0231067322834644
11
2.9557294094488187
21
-8.0231557874015742
0
LINE
8
BLACK
6
CONTINUOUS
10
2.9557294094488187
20
-8.0231557874015742
11
2.9556839763779528
21
-8.0231709055118117
0
LINE
8
BLACK
6
CONTINUOUS
10
2.9556839763779528
20
-8.0231709055118117
11
2.9555876377952757
21
-8.02323157480315
0
LINE
8
BLACK
6
CONTINUOUS
10
2.9555876377952757
20
-8.02323157480315
11
2.9518381102362206
21
-8.0251063385826775
0
LINE
8
BLACK
6
CONTINUOUS
10
2.9518381102362206
20
-8.0251063385826775
11
2.9512974803149605
21
-8.025313228346457
0
LINE
8
BLACK
6
CONTINUOUS
10
2.9512974803149605
20
-8.025313228346457
11
2.9511916535433071
21
-8.0253207086614164
0
LINE
8
BLACK
6
CONTINUOUS
10
2.9511916535433071
20
-8.0253207086614164
11
2.9510936614173229
21
-8.0253613385826768
0
LINE
8
BLACK
6
CONTINUOUS
10
2.9510936614173229
20
-8.0253613385826768
11
2.9505175984251966
21
-8.0254180708661416
0
LINE
8
BLACK
6
CONTINUOUS
10
2.9505175984251966
20
-8.0254180708661416
11
2.9467680708661415
21
-8.0254180708661416
0
LINE
8
BLACK
6
CONTINUOUS
10
2.9467680708661415
20
-8.0254180708661416
11
2.9461920078740156
21
-8.0253613385826768
0
LINE
8
BLACK
6
CONTINUOUS
10
2.9461920078740156
20
-8.0253613385826768
11
2.9451275984251968
21
-8.0249204330708661
0
LINE
8
BLACK
6
CONTINUOUS
10
2.9451275984251968
20
-8.0249204330708661
11
2.9443129527559053
21
-8.0241057874015738
0
LINE
8
BLACK
6
CONTINUOUS
10
2.9443129527559053
20
-8.0241057874015738
11
2.9438720472440942
21
-8.0230413779527563
0
LINE
8
BLACK
6
CONTINUOUS
10
2.9438720472440942
20
-8.0230413779527563
11
2.9438720472440942
21
-8.0218892519685046
0
LINE
8
BLACK
6
CONTINUOUS
10
2.9438720472440942
20
-8.0218892519685046
11
2.9443129527559053
21
-8.0208248425196853
0
LINE
8
BLACK
6
CONTINUOUS
10
2.9443129527559053
20
-8.0208248425196853
11
2.9451275984251968
21
-8.020010196850393
0
LINE
8
BLACK
6
CONTINUOUS
10
2.9451275984251968
20
-8.020010196850393
11
2.9461920078740156
21
-8.0195692913385823
0
LINE
8
BLACK
6
CONTINUOUS
10
2.9461920078740156
20
-8.0195692913385823
11
2.9467680708661415
21
-8.0195125590551175
0
LINE
8
BLACK
6
CONTINUOUS
10
2.9467680708661415
20
-8.0195125590551175
11
2.9498205511811024
21
-8.0195125590551175
0
LINE
8
BLACK
6
CONTINUOUS
10
2.9498205511811024
20
-8.0195125590551175
11
2.9520662598425198
21
-8.0183896850393701
0
LINE
8
BLACK
6
CONTINUOUS
10
2.9520662598425198
20
-8.0183896850393701
11
2.9531891338582676
21
-8.0161439370078735
0
LINE
8
BLACK
6
CONTINUOUS
10
2.9531891338582676
20
-8.0161439370078735
11
2.9531891338582676
21
-7.999171338582677
0
LINE
8
BLACK
6
CONTINUOUS
10
2.9531891338582676
20
-7.999171338582677
11
2.9467680708661415
21
-7.999171338582677
0
LINE
8
BLACK
6
CONTINUOUS
10
2.9467680708661415
20
-7.999171338582677
11
2.9461920078740156
21
-7.9991146062992122
0
LINE
8
BLACK
6
CONTINUOUS
10
2.9461920078740156
20
-7.9991146062992122
11
2.9451275984251968
21
-7.9986737007874016
0
LINE
8
BLACK
6
CONTINUOUS
10
2.9451275984251968
20
-7.9986737007874016
11
2.9443129527559053
21
-7.9978590551181101
0
LINE
8
BLACK
6
CONTINUOUS
10
2.9443129527559053
20
-7.9978590551181101
11
2.9438720472440942
21
-7.9967946456692909
0
LINE
8
BLACK
6
CONTINUOUS
10
2.9438720472440942
20
-7.9967946456692909
11
2.9438720472440942
21
-7.9956425196850391
0
LINE
8
BLACK
6
CONTINUOUS
10
2.9438720472440942
20
-7.9956425196850391
11
2.9443129527559053
21
-7.9945781102362199
0
LINE
8
BLACK
6
CONTINUOUS
10
2.9443129527559053
20
-7.9945781102362199
11
2.9451275984251968
21
-7.9937634645669293
0
LINE
8
BLACK
6
CONTINUOUS
10
2.9451275984251968
20
-7.9937634645669293
11
2.9461920078740156
21
-7.9933225590551178
0
LINE
8
BLACK
6
CONTINUOUS
10
2.9461920078740156
20
-7.9933225590551178
11
2.9467680708661415
21
-7.993265826771653
0
LINE
8
BLACK
6
CONTINUOUS
10
2.9467680708661415
20
-7.993265826771653
11
2.9531891338582676
21
-7.993265826771653
0
LINE
8
BLACK
6
CONTINUOUS
10
2.9531891338582676
20
-7.993265826771653
11
2.9531891338582676
21
-7.9830952362204721
0
LINE
8
BLACK
6
CONTINUOUS
10
2.9531891338582676
20
-7.9830952362204721
11
2.953245866141732
21
-7.9825191732283463
0
LINE
8
BLACK
6
CONTINUOUS
10
2.953245866141732
20
-7.9825191732283463
11
2.9536867716535431
21
-7.981454763779527
0
LINE
8
BLACK
6
CONTINUOUS
10
2.9536867716535431
20
-7.981454763779527
11
2.9545014173228346
21
-7.9806401181102364
0
LINE
8
BLACK
6
CONTINUOUS
10
2.9545014173228346
20
-7.9806401181102364
11
2.9555658267716534
21
-7.9801992125984249
0
LINE
8
BLACK
6
CONTINUOUS
10
2.9555658267716534
20
-7.9801992125984249
11
2.9567179527559055
21
-7.9801992125984249
0
LINE
8
BLACK
6
CONTINUOUS
10
2.9567179527559055
20
-7.9801992125984249
11
2.9577823622047243
21
-7.9806401181102364
0
LINE
8
BLACK
6
CONTINUOUS
10
2.9848394488188976
20
-7.9933225590551178
11
2.9849374409448819
21
-7.9933631496062993
0
LINE
8
BLACK
6
CONTINUOUS
10
2.9849374409448819
20
-7.9933631496062993
11
2.9850432677165353
21
-7.9933706692913384
0
LINE
8
BLACK
6
CONTINUOUS
10
2.9850432677165353
20
-7.9933706692913384
11
2.9855838976377953
21
-7.9935775590551179
0
LINE
8
BLACK
6
CONTINUOUS
10
2.9855838976377953
20
-7.9935775590551179
11
2.9893334251968504
21
-7.9954523228346455
0
LINE
8
BLACK
6
CONTINUOUS
10
2.9893334251968504
20
-7.9954523228346455
11
2.9894297637795275
21
-7.995512952755905
0
LINE
8
BLACK
6
CONTINUOUS
10
2.9894297637795275
20
-7.995512952755905
11
2.9894751968503934
21
-7.9955281102362203
0
LINE
8
BLACK
6
CONTINUOUS
10
2.9894751968503934
20
-7.9955281102362203
11
2.9895317322834645
21
-7.9955771259842514
0
LINE
8
BLACK
6
CONTINUOUS
10
2.9895317322834645
20
-7.9955771259842514
11
2.9898233070866143
21
-7.9957606692913386
0
LINE
8
BLACK
6
CONTINUOUS
10
2.9898233070866143
20
-7.9957606692913386
11
2.9900658661417321
21
-7.9960403543307086
0
LINE
8
BLACK
6
CONTINUOUS
10
2.9900658661417321
20
-7.9960403543307086
11
2.9903455905511809
21
-7.9962829527559052
0
LINE
8
BLACK
6
CONTINUOUS
10
2.9903455905511809
20
-7.9962829527559052
11
2.9905290944881888
21
-7.9965744881889762
0
LINE
8
BLACK
6
CONTINUOUS
10
2.9905290944881888
20
-7.9965744881889762
11
2.9905781496062991
21
-7.996631062992126
0
LINE
8
BLACK
6
CONTINUOUS
10
2.9905781496062991
20
-7.996631062992126
11
2.9905932677165352
21
-7.9966764566929136
0
LINE
8
BLACK
6
CONTINUOUS
10
2.9905932677165352
20
-7.9966764566929136
11
2.990653937007874
21
-7.996772834645669
0
LINE
8
BLACK
6
CONTINUOUS
10
2.990653937007874
20
-7.996772834645669
11
2.9925287007874015
21
-8.000522362204725
0
LINE
8
BLACK
6
CONTINUOUS
10
2.9925287007874015
20
-8.000522362204725
11
2.992735590551181
21
-8.0010629527559054
0
LINE
8
BLACK
6
CONTINUOUS
10
2.992735590551181
20
-8.0010629527559054
11
2.9927431102362205
21
-8.0011688188976375
0
LINE
8
BLACK
6
CONTINUOUS
10
2.9927431102362205
20
-8.0011688188976375
11
2.9927837007874016
21
-8.0012668110236227
0
LINE
8
BLACK
6
CONTINUOUS
10
2.9927837007874016
20
-8.0012668110236227
11
2.992840433070866
21
-8.0018428740157486
0
LINE
8
BLACK
6
CONTINUOUS
10
2.992840433070866
20
-8.0018428740157486
11
2.992840433070866
21
-8.0037176377952761
0
LINE
8
BLACK
6
CONTINUOUS
10
2.992840433070866
20
-8.0037176377952761
11
2.9927837007874016
21
-8.004293700787402
0
LINE
8
BLACK
6
CONTINUOUS
10
2.9927837007874016
20
-8.004293700787402
11
2.9927431102362205
21
-8.0043916535433066
0
LINE
8
BLACK
6
CONTINUOUS
10
2.9927431102362205
20
-8.0043916535433066
11
2.992735590551181
21
-8.0044975590551175
0
LINE
8
BLACK
6
CONTINUOUS
10
2.992735590551181
20
-8.0044975590551175
11
2.9925287007874015
21
-8.0050381496062997
0
LINE
8
BLACK
6
CONTINUOUS
10
2.9925287007874015
20
-8.0050381496062997
11
2.990653937007874
21
-8.0087876771653548
0
LINE
8
BLACK
6
CONTINUOUS
10
2.990653937007874
20
-8.0087876771653548
11
2.9905932677165352
21
-8.0088840157480305
0
LINE
8
BLACK
6
CONTINUOUS
10
2.9905932677165352
20
-8.0088840157480305
11
2.9905781496062991
21
-8.0089294488188969
0
LINE
8
BLACK
6
CONTINUOUS
10
2.9905781496062991
20
-8.0089294488188969
11
2.9905290944881888
21
-8.0089859842519679
0
LINE
8
BLACK
6
CONTINUOUS
10
2.9905290944881888
20
-8.0089859842519679
11
2.9903455905511809
21
-8.0092775590551177
0
LINE
8
BLACK
6
CONTINUOUS
10
2.9903455905511809
20
-8.0092775590551177
11
2.9900658661417321
21
-8.0095201181102365
0
LINE
8
BLACK
6
CONTINUOUS
10
2.9900658661417321
20
-8.0095201181102365
11
2.9898233070866143
21
-8.0097998425196852
0
LINE
8
BLACK
6
CONTINUOUS
10
2.9898233070866143
20
-8.0097998425196852
11
2.9895317322834645
21
-8.0099833464566927
0
LINE
8
BLACK
6
CONTINUOUS
10
2.9895317322834645
20
-8.0099833464566927
11
2.9894751968503934
21
-8.0100324015748026
0
LINE
8
BLACK
6
CONTINUOUS
10
2.9894751968503934
20
-8.0100324015748026
11
2.9894297637795275
21
-8.01004751968504
0
LINE
8
BLACK
6
CONTINUOUS
10
2.9894297637795275
20
-8.01004751968504
11
2.9893334251968504
21
-8.0101081889763783
0
LINE
8
BLACK
6
CONTINUOUS
10
2.9893334251968504
20
-8.0101081889763783
11
2.9855838976377953
21
-8.0119829527559059
0
LINE
8
BLACK
6
CONTINUOUS
10
2.9855838976377953
20
-8.0119829527559059
11
2.9850432677165353
21
-8.0121898425196854
0
LINE
8
BLACK
6
CONTINUOUS
10
2.9850432677165353
20
-8.0121898425196854
11
2.9849374409448819
21
-8.0121973228346448
0
LINE
8
BLACK
6
CONTINUOUS
10
2.9849374409448819
20
-8.0121973228346448
11
2.9848394488188976
21
-8.0122379527559051
0
LINE
8
BLACK
6
CONTINUOUS
10
2.9848394488188976
20
-8.0122379527559051
11
2.9842633858267718
21
-8.0122946850393699
0
LINE
8
BLACK
6
CONTINUOUS
10
2.9842633858267718
20
-8.0122946850393699
11
2.9793361417322832
21
-8.0122946850393699
0
LINE
8
BLACK
6
CONTINUOUS
10
2.9793361417322832
20
-8.0122946850393699
11
2.9770903937007875
21
-8.0134175196850386
0
LINE
8
BLACK
6
CONTINUOUS
10
2.9770903937007875
20
-8.0134175196850386
11
2.975967559055118
21
-8.0156632677165351
0
LINE
8
BLACK
6
CONTINUOUS
10
2.975967559055118
20
-8.0156632677165351
11
2.975967559055118
21
-8.0161439370078735
0
LINE
8
BLACK
6
CONTINUOUS
10
2.975967559055118
20
-8.0161439370078735
11
2.9770903937007875
21
-8.0183896850393701
0
LINE
8
BLACK
6
CONTINUOUS
10
2.9770903937007875
20
-8.0183896850393701
11
2.9793361417322832
21
-8.0195125590551175
0
LINE
8
BLACK
6
CONTINUOUS
10
2.9793361417322832
20
-8.0195125590551175
11
2.9854411023622047
21
-8.0195125590551175
0
LINE
8
BLACK
6
CONTINUOUS
10
2.9854411023622047
20
-8.0195125590551175
11
2.9885671653543304
21
-8.0179495275590558
0
LINE
8
BLACK
6
CONTINUOUS
10
2.9885671653543304
20
-8.0179495275590558
11
2.9891077559055117
21
-8.0177426377952763
0
LINE
8
BLACK
6
CONTINUOUS
10
2.9891077559055117
20
-8.0177426377952763
11
2.9902569685039371
21
-8.0176609842519682
0
LINE
8
BLACK
6
CONTINUOUS
10
2.9902569685039371
20
-8.0176609842519682
11
2.991349960629921
21
-8.0180253149606298
0
LINE
8
BLACK
6
CONTINUOUS
10
2.991349960629921
20
-8.0180253149606298
11
2.9922203149606297
21
-8.0187801574803146
0
LINE
8
BLACK
6
CONTINUOUS
10
2.9922203149606297
20
-8.0187801574803146
11
2.992735590551181
21
-8.0198106692913385
0
LINE
8
BLACK
6
CONTINUOUS
10
2.992735590551181
20
-8.0198106692913385
11
2.9928172440944882
21
-8.0209598818897643
0
LINE
8
BLACK
6
CONTINUOUS
10
2.9928172440944882
20
-8.0209598818897643
11
2.9924529133858266
21
-8.0220528346456685
0
LINE
8
BLACK
6
CONTINUOUS
10
2.9924529133858266
20
-8.0220528346456685
11
2.9916980708661418
21
-8.0229232283464569
0
LINE
8
BLACK
6
CONTINUOUS
10
2.9916980708661418
20
-8.0229232283464569
11
2.991208188976378
21
-8.02323157480315
0
LINE
8
BLACK
6
CONTINUOUS
10
2.991208188976378
20
-8.02323157480315
11
2.9874586614173229
21
-8.0251063385826775
0
LINE
8
BLACK
6
CONTINUOUS
10
2.9874586614173229
20
-8.0251063385826775
11
2.9869180314960628
21
-8.025313228346457
0
LINE
8
BLACK
6
CONTINUOUS
10
2.9869180314960628
20
-8.025313228346457
11
2.9868122047244094
21
-8.0253207086614164
0
LINE
8
BLACK
6
CONTINUOUS
10
2.9868122047244094
20
-8.0253207086614164
11
2.9867142125984252
21
-8.0253613385826768
0
LINE
8
BLACK
6
CONTINUOUS
10
2.9867142125984252
20
-8.0253613385826768
11
2.9861381496062993
21
-8.0254180708661416
0
LINE
8
BLACK
6
CONTINUOUS
10
2.9861381496062993
20
-8.0254180708661416
11
2.9786390944881891
21
-8.0254180708661416
0
LINE
8
BLACK
6
CONTINUOUS
10
2.9786390944881891
20
-8.0254180708661416
11
2.9780630314960628
21
-8.0253613385826768
0
LINE
8
BLACK
6
CONTINUOUS
10
2.9780630314960628
20
-8.0253613385826768
11
2.9779650393700785
21
-8.0253207480314952
0
LINE
8
BLACK
6
CONTINUOUS
10
2.9779650393700785
20
-8.0253207480314952
11
2.9778591732283464
21
-8.025313228346457
0
LINE
8
BLACK
6
CONTINUOUS
10
2.9778591732283464
20
-8.025313228346457
11
2.9773185826771651
21
-8.0251063385826775
0
LINE
8
BLACK
6
CONTINUOUS
10
2.9773185826771651
20
-8.0251063385826775
11
2.97356905511811
21
-8.02323157480315
0
LINE
8
BLACK
6
CONTINUOUS
10
2.97356905511811
20
-8.02323157480315
11
2.9734726771653541
21
-8.0231709055118117
0
LINE
8
BLACK
6
CONTINUOUS
10
2.9734726771653541
20
-8.0231709055118117
11
2.973427283464567
21
-8.0231557874015742
0
LINE
8
BLACK
6
CONTINUOUS
10
2.973427283464567
20
-8.0231557874015742
11
2.9733707086614172
21
-8.0231067322834644
0
LINE
8
BLACK
6
CONTINUOUS
10
2.9733707086614172
20
-8.0231067322834644
11
2.9730791732283466
21
-8.0229232283464569
0
LINE
8
BLACK
6
CONTINUOUS
10
2.9730791732283466
20
-8.0229232283464569
11
2.9728364960629921
21
-8.0226433858267718
0
LINE
8
BLACK
6
CONTINUOUS
10
2.9728364960629921
20
-8.0226433858267718
11
2.9725568897637795
21
-8.0224009055118106
0
LINE
8
BLACK
6
CONTINUOUS
10
2.9725568897637795
20
-8.0224009055118106
11
2.9723733858267716
21
-8.0221094094488183
0
LINE
8
BLACK
6
CONTINUOUS
10
2.9723733858267716
20
-8.0221094094488183
11
2.9723243307086613
21
-8.0220528346456685
0
LINE
8
BLACK
6
CONTINUOUS
10
2.9723243307086613
20
-8.0220528346456685
11
2.9723091732283464
21
-8.0220073622047234
0
LINE
8
BLACK
6
CONTINUOUS
10
2.9723091732283464
20
-8.0220073622047234
11
2.9722485433070864
21
-8.0219110629921264
0
LINE
8
BLACK
6
CONTINUOUS
10
2.9722485433070864
20
-8.0219110629921264
11
2.9703737795275589
21
-8.0181614960629926
0
LINE
8
BLACK
6
CONTINUOUS
10
2.9703737795275589
20
-8.0181614960629926
11
2.9701668897637794
21
-8.0176208661417316
0
LINE
8
BLACK
6
CONTINUOUS
10
2.9701668897637794
20
-8.0176208661417316
11
2.9701593700787399
21
-8.0175150393700783
0
LINE
8
BLACK
6
CONTINUOUS
10
2.9701593700787399
20
-8.0175150393700783
11
2.9701187795275592
21
-8.0174170472440949
0
LINE
8
BLACK
6
CONTINUOUS
10
2.9701187795275592
20
-8.0174170472440949
11
2.9700620472440944
21
-8.016840984251969
0
LINE
8
BLACK
6
CONTINUOUS
10
2.9700620472440944
20
-8.016840984251969
11
2.9700620472440944
21
-8.0149662204724414
0
LINE
8
BLACK
6
CONTINUOUS
10
2.9700620472440944
20
-8.0149662204724414
11
2.9701187795275592
21
-8.0143901574803156
0
LINE
8
BLACK
6
CONTINUOUS
10
2.9701187795275592
20
-8.0143901574803156
11
2.9701593700787399
21
-8.0142921259842517
0
LINE
8
BLACK
6
CONTINUOUS
10
2.9701593700787399
20
-8.0142921259842517
11
2.9701668897637794
21
-8.014186338582677
0
LINE
8
BLACK
6
CONTINUOUS
10
2.9701668897637794
20
-8.014186338582677
11
2.9703737795275589
21
-8.0136457086614179
0
LINE
8
BLACK
6
CONTINUOUS
10
2.9703737795275589
20
-8.0136457086614179
11
2.9722485433070864
21
-8.0098961811023628
0
LINE
8
BLACK
6
CONTINUOUS
10
2.9722485433070864
20
-8.0098961811023628
11
2.9723091732283464
21
-8.0097998031496065
0
LINE
8
BLACK
6
CONTINUOUS
10
2.9723091732283464
20
-8.0097998031496065
11
2.9723243307086613
21
-8.0097544094488189
0
LINE
8
BLACK
6
CONTINUOUS
10
2.9723243307086613
20
-8.0097544094488189
11
2.9723733464566928
21
-8.0096978346456691
0
LINE
8
BLACK
6
CONTINUOUS
10
2.9723733464566928
20
-8.0096978346456691
11
2.9725568897637795
21
-8.0094062992125981
0
LINE
8
BLACK
6
CONTINUOUS
10
2.9725568897637795
20
-8.0094062992125981
11
2.9728365748031496
21
-8.0091637007874006
0
LINE
8
BLACK
6
CONTINUOUS
10
2.9728365748031496
20
-8.0091637007874006
11
2.9730791732283466
21
-8.0088840157480305
0
LINE
8
BLACK
6
CONTINUOUS
10
2.9730791732283466
20
-8.0088840157480305
11
2.9733707086614172
21
-8.0087004724409443
0
LINE
8
BLACK
6
CONTINUOUS
10
2.9733707086614172
20
-8.0087004724409443
11
2.973427283464567
21
-8.0086514566929132
0
LINE
8
BLACK
6
CONTINUOUS
10
2.973427283464567
20
-8.0086514566929132
11
2.9734726771653541
21
-8.0086362992125988
0
LINE
8
BLACK
6
CONTINUOUS
10
2.9734726771653541
20
-8.0086362992125988
11
2.97356905511811
21
-8.0085756692913392
0
LINE
8
BLACK
6
CONTINUOUS
10
2.97356905511811
20
-8.0085756692913392
11
2.9773185826771651
21
-8.0067009055118117
0
LINE
8
BLACK
6
CONTINUOUS
10
2.9773185826771651
20
-8.0067009055118117
11
2.9778591732283464
21
-8.0064940157480304
0
LINE
8
BLACK
6
CONTINUOUS
10
2.9778591732283464
20
-8.0064940157480304
11
2.9779650393700785
21
-8.0064864566929135
0
LINE
8
BLACK
6
CONTINUOUS
10
2.9779650393700785
20
-8.0064864566929135
11
2.9780630314960628
21
-8.0064459055118107
0
LINE
8
BLACK
6
CONTINUOUS
10
2.9780630314960628
20
-8.0064459055118107
11
2.9786390944881891
21
-8.0063891732283459
0
LINE
8
BLACK
6
CONTINUOUS
10
2.9786390944881891
20
-8.0063891732283459
11
2.9835663385826772
21
-8.0063891732283459
0
LINE
8
BLACK
6
CONTINUOUS
10
2.9835663385826772
20
-8.0063891732283459
11
2.9858120472440945
21
-8.0052662992125985
0
LINE
8
BLACK
6
CONTINUOUS
10
2.9858120472440945
20
-8.0052662992125985
11
2.9869349212598424
21
-8.0030205905511806
0
LINE
8
BLACK
6
CONTINUOUS
10
2.9869349212598424
20
-8.0030205905511806
11
2.9869349212598424
21
-8.0025399212598423
0
LINE
8
BLACK
6
CONTINUOUS
10
2.9869349212598424
20
-8.0025399212598423
11
2.9858120472440945
21
-8.0002941732283457
0
LINE
8
BLACK
6
CONTINUOUS
10
2.9858120472440945
20
-8.0002941732283457
11
2.9835663385826772
21
-7.999171338582677
0
LINE
8
BLACK
6
CONTINUOUS
10
2.9835663385826772
20
-7.999171338582677
11
2.9793361417322832
21
-7.999171338582677
0
LINE
8
BLACK
6
CONTINUOUS
10
2.9793361417322832
20
-7.999171338582677
11
2.9762100787401575
21
-8.0007343700787406
0
LINE
8
BLACK
6
CONTINUOUS
10
2.9762100787401575
20
-8.0007343700787406
11
2.9756694488188975
21
-8.00094125984252
0
LINE
8
BLACK
6
CONTINUOUS
10
2.9756694488188975
20
-8.00094125984252
11
2.9745202362204726
21
-8.0010229133858264
0
LINE
8
BLACK
6
CONTINUOUS
10
2.9745202362204726
20
-8.0010229133858264
11
2.973427283464567
21
-8.0006585826771648
0
LINE
8
BLACK
6
CONTINUOUS
10
2.973427283464567
20
-8.0006585826771648
11
2.9725568897637795
21
-7.99990374015748
0
LINE
8
BLACK
6
CONTINUOUS
10
2.9725568897637795
20
-7.99990374015748
11
2.972041653543307
21
-7.9988732283464561
0
LINE
8
BLACK
6
CONTINUOUS
10
2.972041653543307
20
-7.9988732283464561
11
2.9719599999999997
21
-7.9977240157480312
0
LINE
8
BLACK
6
CONTINUOUS
10
2.9719599999999997
20
-7.9977240157480312
11
2.9723243307086613
21
-7.996631062992126
0
LINE
8
BLACK
6
CONTINUOUS
10
2.9723243307086613
20
-7.996631062992126
11
2.9730791732283466
21
-7.9957606692913386
0
LINE
8
BLACK
6
CONTINUOUS
10
2.9730791732283466
20
-7.9957606692913386
11
2.97356905511811
21
-7.9954523228346455
0
LINE
8
BLACK
6
CONTINUOUS
10
2.97356905511811
20
-7.9954523228346455
11
2.9773185826771651
21
-7.9935775590551179
0
LINE
8
BLACK
6
CONTINUOUS
10
2.9773185826771651
20
-7.9935775590551179
11
2.9778591732283464
21
-7.9933706692913384
0
LINE
8
BLACK
6
CONTINUOUS
10
2.9778591732283464
20
-7.9933706692913384
11
2.9779650393700785
21
-7.9933631102362206
0
LINE
8
BLACK
6
CONTINUOUS
10
2.9779650393700785
20
-7.9933631102362206
11
2.9780630314960628
21
-7.9933225590551178
0
LINE
8
BLACK
6
CONTINUOUS
10
2.9780630314960628
20
-7.9933225590551178
11
2.9786390944881891
21
-7.993265826771653
0
LINE
8
BLACK
6
CONTINUOUS
10
2.9786390944881891
20
-7.993265826771653
11
2.9842633858267718
21
-7.993265826771653
0
LINE
8
BLACK
6
CONTINUOUS
10
2.9842633858267718
20
-7.993265826771653
11
2.9848394488188976
21
-7.9933225590551178
0
LINE
8
BLACK
6
CONTINUOUS
10
3.0185852362204724
20
-7.9933225590551178
11
3.0186832283464566
21
-7.9933631496062993
0
LINE
8
BLACK
6
CONTINUOUS
10
3.0186832283464566
20
-7.9933631496062993
11
3.01878905511811
21
-7.9933706692913384
0
LINE
8
BLACK
6
CONTINUOUS
10
3.01878905511811
20
-7.9933706692913384
11
3.01932968503937
21
-7.9935775590551179
0
LINE
8
BLACK
6
CONTINUOUS
10
3.01932968503937
20
-7.9935775590551179
11
3.0230792125984252
21
-7.9954523228346455
0
LINE
8
BLACK
6
CONTINUOUS
10
3.0230792125984252
20
-7.9954523228346455
11
3.0231755511811023
21
-7.995512952755905
0
LINE
8
BLACK
6
CONTINUOUS
10
3.0231755511811023
20
-7.995512952755905
11
3.0232209842519686
21
-7.9955281102362203
0
LINE
8
BLACK
6
CONTINUOUS
10
3.0232209842519686
20
-7.9955281102362203
11
3.0232775196850392
21
-7.9955771259842514
0
LINE
8
BLACK
6
CONTINUOUS
10
3.0232775196850392
20
-7.9955771259842514
11
3.023569094488189
21
-7.9957606692913386
0
LINE
8
BLACK
6
CONTINUOUS
10
3.023569094488189
20
-7.9957606692913386
11
3.0238116535433068
21
-7.9960403543307086
0
LINE
8
BLACK
6
CONTINUOUS
10
3.0238116535433068
20
-7.9960403543307086
11
3.0240913779527556
21
-7.9962829527559052
0
LINE
8
BLACK
6
CONTINUOUS
10
3.0240913779527556
20
-7.9962829527559052
11
3.0242748818897636
21
-7.9965744881889762
0
LINE
8
BLACK
6
CONTINUOUS
10
3.0242748818897636
20
-7.9965744881889762
11
3.0243239370078738
21
-7.996631062992126
0
LINE
8
BLACK
6
CONTINUOUS
10
3.0243239370078738
20
-7.996631062992126
11
3.02433905511811
21
-7.9966764566929136
0
LINE
8
BLACK
6
CONTINUOUS
10
3.02433905511811
20
-7.9966764566929136
11
3.0243997244094487
21
-7.996772834645669
0
LINE
8
BLACK
6
CONTINUOUS
10
3.0243997244094487
20
-7.996772834645669
11
3.0262744881889763
21
-8.000522362204725
0
LINE
8
BLACK
6
CONTINUOUS
10
3.0262744881889763
20
-8.000522362204725
11
3.0264813779527557
21
-8.0010629527559054
0
LINE
8
BLACK
6
CONTINUOUS
10
3.0264813779527557
20
-8.0010629527559054
11
3.0264888976377953
21
-8.0011688188976375
0
LINE
8
BLACK
6
CONTINUOUS
10
3.0264888976377953
20
-8.0011688188976375
11
3.0265294881889764
21
-8.0012668110236227
0
LINE
8
BLACK
6
CONTINUOUS
10
3.0265294881889764
20
-8.0012668110236227
11
3.0265862204724407
21
-8.0018428740157486
0
LINE
8
BLACK
6
CONTINUOUS
10
3.0265862204724407
20
-8.0018428740157486
11
3.0265862204724407
21
-8.016840984251969
0
LINE
8
BLACK
6
CONTINUOUS
10
3.0265862204724407
20
-8.016840984251969
11
3.0265294881889764
21
-8.0174170472440949
0
LINE
8
BLACK
6
CONTINUOUS
10
3.0265294881889764
20
-8.0174170472440949
11
3.0264888582677165
21
-8.0175150393700783
0
LINE
8
BLACK
6
CONTINUOUS
10
3.0264888582677165
20
-8.0175150393700783
11
3.0264813779527557
21
-8.0176208661417316
0
LINE
8
BLACK
6
CONTINUOUS
10
3.0264813779527557
20
-8.0176208661417316
11
3.0262744881889763
21
-8.0181614960629926
0
LINE
8
BLACK
6
CONTINUOUS
10
3.0262744881889763
20
-8.0181614960629926
11
3.0243997244094487
21
-8.0219110629921264
0
LINE
8
BLACK
6
CONTINUOUS
10
3.0243997244094487
20
-8.0219110629921264
11
3.02433905511811
21
-8.0220074015748022
0
LINE
8
BLACK
6
CONTINUOUS
10
3.02433905511811
20
-8.0220074015748022
11
3.0243239370078738
21
-8.0220528346456685
0
LINE
8
BLACK
6
CONTINUOUS
10
3.0243239370078738
20
-8.0220528346456685
11
3.0242748818897636
21
-8.0221093700787396
0
LINE
8
BLACK
6
CONTINUOUS
10
3.0242748818897636
20
-8.0221093700787396
11
3.0240913779527556
21
-8.0224009448818894
0
LINE
8
BLACK
6
CONTINUOUS
10
3.0240913779527556
20
-8.0224009448818894
11
3.0238116535433068
21
-8.0226435039370081
0
LINE
8
BLACK
6
CONTINUOUS
10
3.0238116535433068
20
-8.0226435039370081
11
3.023569094488189
21
-8.0229232283464569
0
LINE
8
BLACK
6
CONTINUOUS
10
3.023569094488189
20
-8.0229232283464569
11
3.0232775196850392
21
-8.0231067322834644
0
LINE
8
BLACK
6
CONTINUOUS
10
3.0232775196850392
20
-8.0231067322834644
11
3.0232209842519686
21
-8.0231557874015742
0
LINE
8
BLACK
6
CONTINUOUS
10
3.0232209842519686
20
-8.0231557874015742
11
3.0231755511811023
21
-8.0231709055118117
0
LINE
8
BLACK
6
CONTINUOUS
10
3.0231755511811023
20
-8.0231709055118117
11
3.0230792125984252
21
-8.02323157480315
0
LINE
8
BLACK
6
CONTINUOUS
10
3.0230792125984252
20
-8.02323157480315
11
3.01932968503937
21
-8.0251063385826775
0
LINE
8
BLACK
6
CONTINUOUS
10
3.01932968503937
20
-8.0251063385826775
11
3.01878905511811
21
-8.025313228346457
0
LINE
8
BLACK
6
CONTINUOUS
10
3.01878905511811
20
-8.025313228346457
11
3.0186832283464566
21
-8.0253207086614164
0
LINE
8
BLACK
6
CONTINUOUS
10
3.0186832283464566
20
-8.0253207086614164
11
3.0185852362204724
21
-8.0253613385826768
0
LINE
8
BLACK
6
CONTINUOUS
10
3.0185852362204724
20
-8.0253613385826768
11
3.0180091732283465
21
-8.0254180708661416
0
LINE
8
BLACK
6
CONTINUOUS
10
3.0180091732283465
20
-8.0254180708661416
11
3.0105101181102363
21
-8.0254180708661416
0
LINE
8
BLACK
6
CONTINUOUS
10
3.0105101181102363
20
-8.0254180708661416
11
3.00993405511811
21
-8.0253613385826768
0
LINE
8
BLACK
6
CONTINUOUS
10
3.00993405511811
20
-8.0253613385826768
11
3.0098360629921261
21
-8.0253207480314952
0
LINE
8
BLACK
6
CONTINUOUS
10
3.0098360629921261
20
-8.0253207480314952
11
3.0097301968503936
21
-8.025313228346457
0
LINE
8
BLACK
6
CONTINUOUS
10
3.0097301968503936
20
-8.025313228346457
11
3.0091896062992127
21
-8.0251063385826775
0
LINE
8
BLACK
6
CONTINUOUS
10
3.0091896062992127
20
-8.0251063385826775
11
3.0054400787401576
21
-8.02323157480315
0
LINE
8
BLACK
6
CONTINUOUS
10
3.0054400787401576
20
-8.02323157480315
11
3.0049501968503938
21
-8.0229232283464569
0
LINE
8
BLACK
6
CONTINUOUS
10
3.0049501968503938
20
-8.0229232283464569
11
3.0041953543307085
21
-8.0220528346456685
0
LINE
8
BLACK
6
CONTINUOUS
10
3.0041953543307085
20
-8.0220528346456685
11
3.0038310236220473
21
-8.0209598818897643
0
LINE
8
BLACK
6
CONTINUOUS
10
3.0038310236220473
20
-8.0209598818897643
11
3.0039126771653542
21
-8.0198106692913385
0
LINE
8
BLACK
6
CONTINUOUS
10
3.0039126771653542
20
-8.0198106692913385
11
3.0044279133858267
21
-8.0187801574803146
0
LINE
8
BLACK
6
CONTINUOUS
10
3.0044279133858267
20
-8.0187801574803146
11
3.0052983070866142
21
-8.0180253149606298
0
LINE
8
BLACK
6
CONTINUOUS
10
3.0052983070866142
20
-8.0180253149606298
11
3.0063912598425198
21
-8.0176609842519682
0
LINE
8
BLACK
6
CONTINUOUS
10
3.0063912598425198
20
-8.0176609842519682
11
3.0075404724409447
21
-8.0177426377952763
0
LINE
8
BLACK
6
CONTINUOUS
10
3.0075404724409447
20
-8.0177426377952763
11
3.0080811023622047
21
-8.0179495275590558
0
LINE
8
BLACK
6
CONTINUOUS
10
3.0080811023622047
20
-8.0179495275590558
11
3.0112071653543309
21
-8.0195125590551175
0
LINE
8
BLACK
6
CONTINUOUS
10
3.0112071653543309
20
-8.0195125590551175
11
3.0173121259842519
21
-8.0195125590551175
0
LINE
8
BLACK
6
CONTINUOUS
10
3.0173121259842519
20
-8.0195125590551175
11
3.0195578346456693
21
-8.0183896850393701
0
LINE
8
BLACK
6
CONTINUOUS
10
3.0195578346456693
20
-8.0183896850393701
11
3.0206807086614171
21
-8.0161439370078735
0
LINE
8
BLACK
6
CONTINUOUS
10
3.0206807086614171
20
-8.0161439370078735
11
3.0206807086614171
21
-8.0117625590551178
0
LINE
8
BLACK
6
CONTINUOUS
10
3.0206807086614171
20
-8.0117625590551178
11
3.0043067322834647
21
-8.0084878346456687
0
LINE
8
BLACK
6
CONTINUOUS
10
3.0043067322834647
20
-8.0084878346456687
11
3.003752992125984
21
-8.0083192125984244
0
LINE
8
BLACK
6
CONTINUOUS
10
3.003752992125984
20
-8.0083192125984244
11
3.0035125984251967
21
-8.0081581889763775
0
LINE
8
BLACK
6
CONTINUOUS
10
3.0035125984251967
20
-8.0081581889763775
11
3.0032453543307085
21
-8.0080475196850394
0
LINE
8
BLACK
6
CONTINUOUS
10
3.0032453543307085
20
-8.0080475196850394
11
3.003038622047244
21
-8.0078407874015749
0
LINE
8
BLACK
6
CONTINUOUS
10
3.003038622047244
20
-8.0078407874015749
11
3.0027957086614174
21
-8.0076781102362204
0
LINE
8
BLACK
6
CONTINUOUS
10
3.0027957086614174
20
-8.0076781102362204
11
3.0026352362204722
21
-8.0074374015748031
0
LINE
8
BLACK
6
CONTINUOUS
10
3.0026352362204722
20
-8.0074374015748031
11
3.002430708661417
21
-8.007232874015747
0
LINE
8
BLACK
6
CONTINUOUS
10
3.002430708661417
20
-8.007232874015747
11
3.0023188188976375
21
-8.0069627952755908
0
LINE
8
BLACK
6
CONTINUOUS
10
3.0023188188976375
20
-8.0069627952755908
11
3.0021566535433069
21
-8.0067195275590546
0
LINE
8
BLACK
6
CONTINUOUS
10
3.0021566535433069
20
-8.0067195275590546
11
3.002100472440945
21
-8.0064357086614173
0
LINE
8
BLACK
6
CONTINUOUS
10
3.002100472440945
20
-8.0064357086614173
11
3.0019898031496064
21
-8.0061684645669295
0
LINE
8
BLACK
6
CONTINUOUS
10
3.0019898031496064
20
-8.0061684645669295
11
3.0019330708661416
21
-8.0055924015748037
0
LINE
8
BLACK
6
CONTINUOUS
10
3.0019330708661416
20
-8.0055924015748037
11
3.0019330708661416
21
-8.0018428740157486
0
LINE
8
BLACK
6
CONTINUOUS
10
3.0019330708661416
20
-8.0018428740157486
11
3.0019898031496064
21
-8.0012668110236227
0
LINE
8
BLACK
6
CONTINUOUS
10
3.0019898031496064
20
-8.0012668110236227
11
3.0020303937007875
21
-8.0011687795275588
0
LINE
8
BLACK
6
CONTINUOUS
10
3.0020303937007875
20
-8.0011687795275588
11
3.0020379133858266
21
-8.0010629921259842
0
LINE
8
BLACK
6
CONTINUOUS
10
3.0020379133858266
20
-8.0010629921259842
11
3.0022448031496061
21
-8.000522362204725
0
LINE
8
BLACK
6
CONTINUOUS
10
3.0022448031496061
20
-8.000522362204725
11
3.0041195669291336
21
-7.996772834645669
0
LINE
8
BLACK
6
CONTINUOUS
10
3.0041195669291336
20
-7.996772834645669
11
3.0041801968503936
21
-7.9966764566929136
0
LINE
8
BLACK
6
CONTINUOUS
10
3.0041801968503936
20
-7.9966764566929136
11
3.0041953543307085
21
-7.996631062992126
0
LINE
8
BLACK
6
CONTINUOUS
10
3.0041953543307085
20
-7.996631062992126
11
3.00424437007874
21
-7.9965744881889762
0
LINE
8
BLACK
6
CONTINUOUS
10
3.00424437007874
20
-7.9965744881889762
11
3.0044279133858267
21
-7.9962829527559052
0
LINE
8
BLACK
6
CONTINUOUS
10
3.0044279133858267
20
-7.9962829527559052
11
3.0047075984251967
21
-7.9960403543307086
0
LINE
8
BLACK
6
CONTINUOUS
10
3.0047075984251967
20
-7.9960403543307086
11
3.0049501968503938
21
-7.9957606692913386
0
LINE
8
BLACK
6
CONTINUOUS
10
3.0049501968503938
20
-7.9957606692913386
11
3.0052417322834644
21
-7.9955771259842514
0
LINE
8
BLACK
6
CONTINUOUS
10
3.0052417322834644
20
-7.9955771259842514
11
3.0052983070866142
21
-7.9955281102362203
0
LINE
8
BLACK
6
CONTINUOUS
10
3.0052983070866142
20
-7.9955281102362203
11
3.0053437007874013
21
-7.995512952755905
0
LINE
8
BLACK
6
CONTINUOUS
10
3.0053437007874013
20
-7.995512952755905
11
3.0054400787401576
21
-7.9954523228346455
0
LINE
8
BLACK
6
CONTINUOUS
10
3.0054400787401576
20
-7.9954523228346455
11
3.0091896062992127
21
-7.9935775590551179
0
LINE
8
BLACK
6
CONTINUOUS
10
3.0091896062992127
20
-7.9935775590551179
11
3.0097301968503936
21
-7.9933706692913384
0
LINE
8
BLACK
6
CONTINUOUS
10
3.0097301968503936
20
-7.9933706692913384
11
3.0098360629921261
21
-7.9933631102362206
0
LINE
8
BLACK
6
CONTINUOUS
10
3.0098360629921261
20
-7.9933631102362206
11
3.00993405511811
21
-7.9933225590551178
0
LINE
8
BLACK
6
CONTINUOUS
10
3.00993405511811
20
-7.9933225590551178
11
3.0105101181102363
21
-7.993265826771653
0
LINE
8
BLACK
6
CONTINUOUS
10
3.0105101181102363
20
-7.993265826771653
11
3.0180091732283465
21
-7.993265826771653
0
LINE
8
BLACK
6
CONTINUOUS
10
3.0180091732283465
20
-7.993265826771653
11
3.0185852362204724
21
-7.9933225590551178
0
LINE
8
BLACK
6
CONTINUOUS
10
3.0089614173228347
20
-8.0002941732283457
11
3.0078385826771652
21
-8.0025399212598423
0
LINE
8
BLACK
6
CONTINUOUS
10
3.0078385826771652
20
-8.0025399212598423
11
3.0078385826771652
21
-8.0031716929133854
0
LINE
8
BLACK
6
CONTINUOUS
10
3.0078385826771652
20
-8.0031716929133854
11
3.0206807086614171
21
-8.0057401181102357
0
LINE
8
BLACK
6
CONTINUOUS
10
3.0206807086614171
20
-8.0057401181102357
11
3.0206807086614171
21
-8.0025399212598423
0
LINE
8
BLACK
6
CONTINUOUS
10
3.0206807086614171
20
-8.0025399212598423
11
3.0195578346456693
21
-8.0002941732283457
0
LINE
8
BLACK
6
CONTINUOUS
10
3.0195578346456693
20
-8.0002941732283457
11
3.0173121259842519
21
-7.999171338582677
0
LINE
8
BLACK
6
CONTINUOUS
10
3.0173121259842519
20
-7.999171338582677
11
3.0112071653543309
21
-7.999171338582677
0
LINE
8
BLACK
6
CONTINUOUS
10
3.0112071653543309
20
-7.999171338582677
11
3.0089614173228347
21
-8.0002941732283457
0
LINE
8
BLACK
6
CONTINUOUS
10
2.8348581889763778
20
-7.9933225590551178
11
2.834956181102362
21
-7.9933631496062993
0
LINE
8
BLACK
6
CONTINUOUS
10
2.834956181102362
20
-7.9933631496062993
11
2.8350620078740159
21
-7.9933706692913384
0
LINE
8
BLACK
6
CONTINUOUS
10
2.8350620078740159
20
-7.9933706692913384
11
2.8356026377952754
21
-7.9935775590551179
0
LINE
8
BLACK
6
CONTINUOUS
10
2.8356026377952754
20
-7.9935775590551179
11
2.8375020866141734
21
-7.9945272834645671
0
LINE
8
BLACK
6
CONTINUOUS
10
2.8375020866141734
20
-7.9945272834645671
11
2.8382659448818899
21
-7.9937634645669293
0
LINE
8
BLACK
6
CONTINUOUS
10
2.8382659448818899
20
-7.9937634645669293
11
2.8393303543307087
21
-7.9933225590551178
0
LINE
8
BLACK
6
CONTINUOUS
10
2.8393303543307087
20
-7.9933225590551178
11
2.8404824803149604
21
-7.9933225590551178
0
LINE
8
BLACK
6
CONTINUOUS
10
2.8404824803149604
20
-7.9933225590551178
11
2.8415468897637797
21
-7.9937634645669293
0
LINE
8
BLACK
6
CONTINUOUS
10
2.8415468897637797
20
-7.9937634645669293
11
2.8423615354330707
21
-7.9945781102362199
0
LINE
8
BLACK
6
CONTINUOUS
10
2.8423615354330707
20
-7.9945781102362199
11
2.8428024409448818
21
-7.9956425196850391
0
LINE
8
BLACK
6
CONTINUOUS
10
2.8428024409448818
20
-7.9956425196850391
11
2.8428591732283466
21
-7.996218582677165
0
LINE
8
BLACK
6
CONTINUOUS
10
2.8428591732283466
20
-7.996218582677165
11
2.8428591732283466
21
-8.0224653149606304
0
LINE
8
BLACK
6
CONTINUOUS
10
2.8428591732283466
20
-8.0224653149606304
11
2.8428024409448818
21
-8.0230413779527563
0
LINE
8
BLACK
6
CONTINUOUS
10
2.8428024409448818
20
-8.0230413779527563
11
2.8423615354330707
21
-8.0241057874015738
0
LINE
8
BLACK
6
CONTINUOUS
10
2.8423615354330707
20
-8.0241057874015738
11
2.8415468897637797
21
-8.0249204330708661
0
LINE
8
BLACK
6
CONTINUOUS
10
2.8415468897637797
20
-8.0249204330708661
11
2.8404824803149604
21
-8.0253613385826768
0
LINE
8
BLACK
6
CONTINUOUS
10
2.8404824803149604
20
-8.0253613385826768
11
2.8393303543307087
21
-8.0253613385826768
0
LINE
8
BLACK
6
CONTINUOUS
10
2.8393303543307087
20
-8.0253613385826768
11
2.8382659448818899
21
-8.0249204330708661
0
LINE
8
BLACK
6
CONTINUOUS
10
2.8382659448818899
20
-8.0249204330708661
11
2.8374512992125984
21
-8.0241057874015738
0
LINE
8
BLACK
6
CONTINUOUS
10
2.8374512992125984
20
-8.0241057874015738
11
2.8370103937007873
21
-8.0230413779527563
0
LINE
8
BLACK
6
CONTINUOUS
10
2.8370103937007873
20
-8.0230413779527563
11
2.836953661417323
21
-8.0224653149606304
0
LINE
8
BLACK
6
CONTINUOUS
10
2.836953661417323
20
-8.0224653149606304
11
2.836953661417323
21
-8.0011911811023619
0
LINE
8
BLACK
6
CONTINUOUS
10
2.836953661417323
20
-8.0011911811023619
11
2.8362825590551179
21
-8.0005200787401574
0
LINE
8
BLACK
6
CONTINUOUS
10
2.8362825590551179
20
-8.0005200787401574
11
2.8335850787401573
21
-7.999171338582677
0
LINE
8
BLACK
6
CONTINUOUS
10
2.8335850787401573
20
-7.999171338582677
11
2.8293548818897638
21
-7.999171338582677
0
LINE
8
BLACK
6
CONTINUOUS
10
2.8293548818897638
20
-7.999171338582677
11
2.8271091338582677
21
-8.0002941732283457
0
LINE
8
BLACK
6
CONTINUOUS
10
2.8271091338582677
20
-8.0002941732283457
11
2.8259862992125981
21
-8.0025399212598423
0
LINE
8
BLACK
6
CONTINUOUS
10
2.8259862992125981
20
-8.0025399212598423
11
2.8259862992125981
21
-8.0224653149606304
0
LINE
8
BLACK
6
CONTINUOUS
10
2.8259862992125981
20
-8.0224653149606304
11
2.8259295669291338
21
-8.0230413779527563
0
LINE
8
BLACK
6
CONTINUOUS
10
2.8259295669291338
20
-8.0230413779527563
11
2.8254886614173227
21
-8.0241057874015738
0
LINE
8
BLACK
6
CONTINUOUS
10
2.8254886614173227
20
-8.0241057874015738
11
2.8246740157480312
21
-8.0249204330708661
0
LINE
8
BLACK
6
CONTINUOUS
10
2.8246740157480312
20
-8.0249204330708661
11
2.8236096062992124
21
-8.0253613385826768
0
LINE
8
BLACK
6
CONTINUOUS
10
2.8236096062992124
20
-8.0253613385826768
11
2.8224574803149607
21
-8.0253613385826768
0
LINE
8
BLACK
6
CONTINUOUS
10
2.8224574803149607
20
-8.0253613385826768
11
2.8213930708661419
21
-8.0249204330708661
0
LINE
8
BLACK
6
CONTINUOUS
10
2.8213930708661419
20
-8.0249204330708661
11
2.8205784251968504
21
-8.0241057874015738
0
LINE
8
BLACK
6
CONTINUOUS
10
2.8205784251968504
20
-8.0241057874015738
11
2.8201375196850393
21
-8.0230413779527563
0
LINE
8
BLACK
6
CONTINUOUS
10
2.8201375196850393
20
-8.0230413779527563
11
2.8200807874015745
21
-8.0224653149606304
0
LINE
8
BLACK
6
CONTINUOUS
10
2.8200807874015745
20
-8.0224653149606304
11
2.8200807874015745
21
-8.0018428740157486
0
LINE
8
BLACK
6
CONTINUOUS
10
2.8200807874015745
20
-8.0018428740157486
11
2.8201375196850393
21
-8.0012668110236227
0
LINE
8
BLACK
6
CONTINUOUS
10
2.8201375196850393
20
-8.0012668110236227
11
2.8201781102362204
21
-8.0011687795275588
0
LINE
8
BLACK
6
CONTINUOUS
10
2.8201781102362204
20
-8.0011687795275588
11
2.82018562992126
21
-8.0010629921259842
0
LINE
8
BLACK
6
CONTINUOUS
10
2.82018562992126
20
-8.0010629921259842
11
2.8203925196850395
21
-8.000522362204725
0
LINE
8
BLACK
6
CONTINUOUS
10
2.8203925196850395
20
-8.000522362204725
11
2.822267283464567
21
-7.996772834645669
0
LINE
8
BLACK
6
CONTINUOUS
10
2.822267283464567
20
-7.996772834645669
11
2.8223279133858266
21
-7.9966764566929136
0
LINE
8
BLACK
6
CONTINUOUS
10
2.8223279133858266
20
-7.9966764566929136
11
2.8223430708661419
21
-7.996631062992126
0
LINE
8
BLACK
6
CONTINUOUS
10
2.8223430708661419
20
-7.996631062992126
11
2.822392086614173
21
-7.9965744881889762
0
LINE
8
BLACK
6
CONTINUOUS
10
2.822392086614173
20
-7.9965744881889762
11
2.8225756299212597
21
-7.9962829527559052
0
LINE
8
BLACK
6
CONTINUOUS
10
2.8225756299212597
20
-7.9962829527559052
11
2.8228553149606297
21
-7.9960403543307086
0
LINE
8
BLACK
6
CONTINUOUS
10
2.8228553149606297
20
-7.9960403543307086
11
2.8230979133858267
21
-7.9957606692913386
0
LINE
8
BLACK
6
CONTINUOUS
10
2.8230979133858267
20
-7.9957606692913386
11
2.8233894488188978
21
-7.9955771259842514
0
LINE
8
BLACK
6
CONTINUOUS
10
2.8233894488188978
20
-7.9955771259842514
11
2.8234460236220471
21
-7.9955281102362203
0
LINE
8
BLACK
6
CONTINUOUS
10
2.8234460236220471
20
-7.9955281102362203
11
2.8234914173228347
21
-7.995512952755905
0
LINE
8
BLACK
6
CONTINUOUS
10
2.8234914173228347
20
-7.995512952755905
11
2.8235877952755906
21
-7.9954523228346455
0
LINE
8
BLACK
6
CONTINUOUS
10
2.8235877952755906
20
-7.9954523228346455
11
2.8273373228346457
21
-7.9935775590551179
0
LINE
8
BLACK
6
CONTINUOUS
10
2.8273373228346457
20
-7.9935775590551179
11
2.8278779133858265
21
-7.9933706692913384
0
LINE
8
BLACK
6
CONTINUOUS
10
2.8278779133858265
20
-7.9933706692913384
11
2.8279837795275591
21
-7.9933631102362206
0
LINE
8
BLACK
6
CONTINUOUS
10
2.8279837795275591
20
-7.9933631102362206
11
2.8280817716535434
21
-7.9933225590551178
0
LINE
8
BLACK
6
CONTINUOUS
10
2.8280817716535434
20
-7.9933225590551178
11
2.8286578346456692
21
-7.993265826771653
0
LINE
8
BLACK
6
CONTINUOUS
10
2.8286578346456692
20
-7.993265826771653
11
2.8342821259842519
21
-7.993265826771653
0
LINE
8
BLACK
6
CONTINUOUS
10
2.8342821259842519
20
-7.993265826771653
11
2.8348581889763778
21
-7.9933225590551178
0
LINE
8
BLACK
6
CONTINUOUS
10
2.8602945275590552
20
-7.9937634645669293
11
2.8611091732283462
21
-7.9945781102362199
0
LINE
8
BLACK
6
CONTINUOUS
10
2.8611091732283462
20
-7.9945781102362199
11
2.8615500787401573
21
-7.9956425196850391
0
LINE
8
BLACK
6
CONTINUOUS
10
2.8615500787401573
20
-7.9956425196850391
11
2.8616068110236221
21
-7.996218582677165
0
LINE
8
BLACK
6
CONTINUOUS
10
2.8616068110236221
20
-7.996218582677165
11
2.8616068110236221
21
-8.0224653149606304
0
LINE
8
BLACK
6
CONTINUOUS
10
2.8616068110236221
20
-8.0224653149606304
11
2.8615500787401573
21
-8.0230413779527563
0
LINE
8
BLACK
6
CONTINUOUS
10
2.8615500787401573
20
-8.0230413779527563
11
2.8611091732283462
21
-8.0241057874015738
0
LINE
8
BLACK
6
CONTINUOUS
10
2.8611091732283462
20
-8.0241057874015738
11
2.8602945275590552
21
-8.0249204330708661
0
LINE
8
BLACK
6
CONTINUOUS
10
2.8602945275590552
20
-8.0249204330708661
11
2.859230118110236
21
-8.0253613385826768
0
LINE
8
BLACK
6
CONTINUOUS
10
2.859230118110236
20
-8.0253613385826768
11
2.8580779921259842
21
-8.0253613385826768
0
LINE
8
BLACK
6
CONTINUOUS
10
2.8580779921259842
20
-8.0253613385826768
11
2.8570135826771654
21
-8.0249204330708661
0
LINE
8
BLACK
6
CONTINUOUS
10
2.8570135826771654
20
-8.0249204330708661
11
2.856198937007874
21
-8.0241057874015738
0
LINE
8
BLACK
6
CONTINUOUS
10
2.856198937007874
20
-8.0241057874015738
11
2.8557580314960629
21
-8.0230413779527563
0
LINE
8
BLACK
6
CONTINUOUS
10
2.8557580314960629
20
-8.0230413779527563
11
2.8557012992125985
21
-8.0224653149606304
0
LINE
8
BLACK
6
CONTINUOUS
10
2.8557012992125985
20
-8.0224653149606304
11
2.8557012992125985
21
-7.996218582677165
0
LINE
8
BLACK
6
CONTINUOUS
10
2.8557012992125985
20
-7.996218582677165
11
2.8557580314960629
21
-7.9956425196850391
0
LINE
8
BLACK
6
CONTINUOUS
10
2.8557580314960629
20
-7.9956425196850391
11
2.856198937007874
21
-7.9945781102362199
0
LINE
8
BLACK
6
CONTINUOUS
10
2.856198937007874
20
-7.9945781102362199
11
2.8570135826771654
21
-7.9937634645669293
0
LINE
8
BLACK
6
CONTINUOUS
10
2.8570135826771654
20
-7.9937634645669293
11
2.8580779921259842
21
-7.9933225590551178
0
LINE
8
BLACK
6
CONTINUOUS
10
2.8580779921259842
20
-7.9933225590551178
11
2.859230118110236
21
-7.9933225590551178
0
LINE
8
BLACK
6
CONTINUOUS
10
2.859230118110236
20
-7.9933225590551178
11
2.8602945275590552
21
-7.9937634645669293
0
LINE
8
BLACK
6
CONTINUOUS
10
2.9342207480314961
20
-7.9801992125984249
11
2.9352851574803149
21
-7.9806401181102364
0
LINE
8
BLACK
6
CONTINUOUS
10
2.9352851574803149
20
-7.9806401181102364
11
2.9360998031496064
21
-7.981454763779527
0
LINE
8
BLACK
6
CONTINUOUS
10
2.9360998031496064
20
-7.981454763779527
11
2.9365407086614175
21
-7.9825191732283463
0
LINE
8
BLACK
6
CONTINUOUS
10
2.9365407086614175
20
-7.9825191732283463
11
2.9365974409448818
21
-7.9830952362204721
0
LINE
8
BLACK
6
CONTINUOUS
10
2.9365974409448818
20
-7.9830952362204721
11
2.9365974409448818
21
-8.0224653149606304
0
LINE
8
BLACK
6
CONTINUOUS
10
2.9365974409448818
20
-8.0224653149606304
11
2.9365407086614175
21
-8.0230413779527563
0
LINE
8
BLACK
6
CONTINUOUS
10
2.9365407086614175
20
-8.0230413779527563
11
2.9360998031496064
21
-8.0241057874015738
0
LINE
8
BLACK
6
CONTINUOUS
10
2.9360998031496064
20
-8.0241057874015738
11
2.9352851574803149
21
-8.0249204330708661
0
LINE
8
BLACK
6
CONTINUOUS
10
2.9352851574803149
20
-8.0249204330708661
11
2.9342207480314961
21
-8.0253613385826768
0
LINE
8
BLACK
6
CONTINUOUS
10
2.9342207480314961
20
-8.0253613385826768
11
2.9330686220472439
21
-8.0253613385826768
0
LINE
8
BLACK
6
CONTINUOUS
10
2.9330686220472439
20
-8.0253613385826768
11
2.9320042125984251
21
-8.0249204330708661
0
LINE
8
BLACK
6
CONTINUOUS
10
2.9320042125984251
20
-8.0249204330708661
11
2.9311895669291337
21
-8.0241057874015738
0
LINE
8
BLACK
6
CONTINUOUS
10
2.9311895669291337
20
-8.0241057874015738
11
2.9307486614173226
21
-8.0230413779527563
0
LINE
8
BLACK
6
CONTINUOUS
10
2.9307486614173226
20
-8.0230413779527563
11
2.9306919291338582
21
-8.0224653149606304
0
LINE
8
BLACK
6
CONTINUOUS
10
2.9306919291338582
20
-8.0224653149606304
11
2.9306919291338582
21
-8.0066703937007873
0
LINE
8
BLACK
6
CONTINUOUS
10
2.9306919291338582
20
-8.0066703937007873
11
2.9186465748031494
21
-8.0066703937007873
0
LINE
8
BLACK
6
CONTINUOUS
10
2.9186465748031494
20
-8.0066703937007873
11
2.9180705118110235
21
-8.0066136614173224
0
LINE
8
BLACK
6
CONTINUOUS
10
2.9180705118110235
20
-8.0066136614173224
11
2.9179725196850392
21
-8.0065730708661409
0
LINE
8
BLACK
6
CONTINUOUS
10
2.9179725196850392
20
-8.0065730708661409
11
2.9178666535433071
21
-8.0065655511811027
0
LINE
8
BLACK
6
CONTINUOUS
10
2.9178666535433071
20
-8.0065655511811027
11
2.9173260629921258
21
-8.0063586614173232
0
LINE
8
BLACK
6
CONTINUOUS
10
2.9173260629921258
20
-8.0063586614173232
11
2.9135765354330707
21
-8.0044838976377957
0
LINE
8
BLACK
6
CONTINUOUS
10
2.9135765354330707
20
-8.0044838976377957
11
2.9133285039370076
21
-8.0043277952755911
0
LINE
8
BLACK
6
CONTINUOUS
10
2.9133285039370076
20
-8.0043277952755911
11
2.9132565748031496
21
-8.0042979921259843
0
LINE
8
BLACK
6
CONTINUOUS
10
2.9132565748031496
20
-8.0042979921259843
11
2.9131755905511811
21
-8.0042314960629923
0
LINE
8
BLACK
6
CONTINUOUS
10
2.9131755905511811
20
-8.0042314960629923
11
2.9130866535433069
21
-8.0041755511811026
0
LINE
8
BLACK
6
CONTINUOUS
10
2.9130866535433069
20
-8.0041755511811026
11
2.9130354724409449
21
-8.0041165354330701
0
LINE
8
BLACK
6
CONTINUOUS
10
2.9130354724409449
20
-8.0041165354330701
11
2.9128091338582678
21
-8.0039307874015755
0
LINE
8
BLACK
6
CONTINUOUS
10
2.9128091338582678
20
-8.0039307874015755
11
2.9109343700787402
21
-8.0020560236220479
0
LINE
8
BLACK
6
CONTINUOUS
10
2.9109343700787402
20
-8.0020560236220479
11
2.9107485826771651
21
-8.0018296456692912
0
LINE
8
BLACK
6
CONTINUOUS
10
2.9107485826771651
20
-8.0018296456692912
11
2.9106896062992127
21
-8.0017785039370075
0
LINE
8
BLACK
6
CONTINUOUS
10
2.9106896062992127
20
-8.0017785039370075
11
2.9106336220472442
21
-8.0016895275590549
0
LINE
8
BLACK
6
CONTINUOUS
10
2.9106336220472442
20
-8.0016895275590549
11
2.9105671653543306
21
-8.0016085826771643
0
LINE
8
BLACK
6
CONTINUOUS
10
2.9105671653543306
20
-8.0016085826771643
11
2.9105373228346454
21
-8.0015366141732276
0
LINE
8
BLACK
6
CONTINUOUS
10
2.9105373228346454
20
-8.0015366141732276
11
2.9103812598425196
21
-8.0012886220472446
0
LINE
8
BLACK
6
CONTINUOUS
10
2.9103812598425196
20
-8.0012886220472446
11
2.9085064960629921
21
-7.9975390944881886
0
LINE
8
BLACK
6
CONTINUOUS
10
2.9085064960629921
20
-7.9975390944881886
11
2.9082996062992126
21
-7.9969984645669285
0
LINE
8
BLACK
6
CONTINUOUS
10
2.9082996062992126
20
-7.9969984645669285
11
2.908292086614173
21
-7.9968926377952751
0
LINE
8
BLACK
6
CONTINUOUS
10
2.908292086614173
20
-7.9968926377952751
11
2.9082514960629919
21
-7.9967946456692909
0
LINE
8
BLACK
6
CONTINUOUS
10
2.9082514960629919
20
-7.9967946456692909
11
2.9081947637795276
21
-7.996218582677165
0
LINE
8
BLACK
6
CONTINUOUS
10
2.9081947637795276
20
-7.996218582677165
11
2.9081947637795276
21
-7.9905942913385823
0
LINE
8
BLACK
6
CONTINUOUS
10
2.9081947637795276
20
-7.9905942913385823
11
2.9082514960629919
21
-7.9900182283464565
0
LINE
8
BLACK
6
CONTINUOUS
10
2.9082514960629919
20
-7.9900182283464565
11
2.908292086614173
21
-7.9899201968503935
0
LINE
8
BLACK
6
CONTINUOUS
10
2.908292086614173
20
-7.9899201968503935
11
2.9082996062992126
21
-7.9898144094488188
0
LINE
8
BLACK
6
CONTINUOUS
10
2.9082996062992126
20
-7.9898144094488188
11
2.9085064960629921
21
-7.9892737795275588
0
LINE
8
BLACK
6
CONTINUOUS
10
2.9085064960629921
20
-7.9892737795275588
11
2.9103812598425196
21
-7.9855242519685037
0
LINE
8
BLACK
6
CONTINUOUS
10
2.9103812598425196
20
-7.9855242519685037
11
2.9105373228346454
21
-7.985276220472441
0
LINE
8
BLACK
6
CONTINUOUS
10
2.9105373228346454
20
-7.985276220472441
11
2.9105671653543306
21
-7.9852042913385821
0
LINE
8
BLACK
6
CONTINUOUS
10
2.9105671653543306
20
-7.9852042913385821
11
2.9106336220472442
21
-7.9851233070866137
0
LINE
8
BLACK
6
CONTINUOUS
10
2.9106336220472442
20
-7.9851233070866137
11
2.9106896062992127
21
-7.9850343700787398
0
LINE
8
BLACK
6
CONTINUOUS
10
2.9106896062992127
20
-7.9850343700787398
11
2.9107485826771651
21
-7.9849831889763774
0
LINE
8
BLACK
6
CONTINUOUS
10
2.9107485826771651
20
-7.9849831889763774
11
2.9109343700787402
21
-7.9847568503937003
0
LINE
8
BLACK
6
CONTINUOUS
10
2.9109343700787402
20
-7.9847568503937003
11
2.9128091338582678
21
-7.9828820866141728
0
LINE
8
BLACK
6
CONTINUOUS
10
2.9128091338582678
20
-7.9828820866141728
11
2.9130354724409449
21
-7.9826962992125985
0
LINE
8
BLACK
6
CONTINUOUS
10
2.9130354724409449
20
-7.9826962992125985
11
2.9130866535433069
21
-7.9826373228346457
0
LINE
8
BLACK
6
CONTINUOUS
10
2.9130866535433069
20
-7.9826373228346457
11
2.9131755905511811
21
-7.9825813385826772
0
LINE
8
BLACK
6
CONTINUOUS
10
2.9131755905511811
20
-7.9825813385826772
11
2.9132565748031496
21
-7.982514881889764
0
LINE
8
BLACK
6
CONTINUOUS
10
2.9132565748031496
20
-7.982514881889764
11
2.9133285039370076
21
-7.9824850393700784
0
LINE
8
BLACK
6
CONTINUOUS
10
2.9133285039370076
20
-7.9824850393700784
11
2.9135765354330707
21
-7.9823289763779526
0
LINE
8
BLACK
6
CONTINUOUS
10
2.9135765354330707
20
-7.9823289763779526
11
2.9173260629921258
21
-7.980454212598425
0
LINE
8
BLACK
6
CONTINUOUS
10
2.9173260629921258
20
-7.980454212598425
11
2.9178666535433071
21
-7.9802473228346456
0
LINE
8
BLACK
6
CONTINUOUS
10
2.9178666535433071
20
-7.9802473228346456
11
2.9179725196850392
21
-7.9802397637795277
0
LINE
8
BLACK
6
CONTINUOUS
10
2.9179725196850392
20
-7.9802397637795277
11
2.9180705118110235
21
-7.9801992125984249
0
LINE
8
BLACK
6
CONTINUOUS
10
2.9180705118110235
20
-7.9801992125984249
11
2.9186465748031494
21
-7.9801424803149601
0
LINE
8
BLACK
6
CONTINUOUS
10
2.9186465748031494
20
-7.9801424803149601
11
2.9336446850393698
21
-7.9801424803149601
0
LINE
8
BLACK
6
CONTINUOUS
10
2.9336446850393698
20
-7.9801424803149601
11
2.9342207480314961
21
-7.9801992125984249
0
LINE
8
BLACK
6
CONTINUOUS
10
2.9166461417322833
20
-7.9873967322834645
11
2.9154490157480315
21
-7.9885938582677163
0
LINE
8
BLACK
6
CONTINUOUS
10
2.9154490157480315
20
-7.9885938582677163
11
2.9141002755905512
21
-7.9912913385826769
0
LINE
8
BLACK
6
CONTINUOUS
10
2.9141002755905512
20
-7.9912913385826769
11
2.9141002755905512
21
-7.9955215354330704
0
LINE
8
BLACK
6
CONTINUOUS
10
2.9141002755905512
20
-7.9955215354330704
11
2.9154490157480315
21
-7.9982190157480311
0
LINE
8
BLACK
6
CONTINUOUS
10
2.9154490157480315
20
-7.9982190157480311
11
2.9166461417322833
21
-7.9994161417322829
0
LINE
8
BLACK
6
CONTINUOUS
10
2.9166461417322833
20
-7.9994161417322829
11
2.919343622047244
21
-8.0007648818897632
0
LINE
8
BLACK
6
CONTINUOUS
10
2.919343622047244
20
-8.0007648818897632
11
2.9306919291338582
21
-8.0007648818897632
0
LINE
8
BLACK
6
CONTINUOUS
10
2.9306919291338582
20
-8.0007648818897632
11
2.9306919291338582
21
-7.9860479921259842
0
LINE
8
BLACK
6
CONTINUOUS
10
2.9306919291338582
20
-7.9860479921259842
11
2.919343622047244
21
-7.9860479921259842
0
LINE
8
BLACK
6
CONTINUOUS
10
2.919343622047244
20
-7.9860479921259842
11
2.9166461417322833
21
-7.9873967322834645
0
LINE
8
BLACK
6
CONTINUOUS
10
3.0579553149606298
20
-7.9801992125984249
11
3.0590197244094486
21
-7.9806401181102364
0
LINE
8
BLACK
6
CONTINUOUS
10
3.0590197244094486
20
-7.9806401181102364
11
3.05983437007874
21
-7.981454763779527
0
LINE
8
BLACK
6
CONTINUOUS
10
3.05983437007874
20
-7.981454763779527
11
3.0602752755905511
21
-7.9825191732283463
0
LINE
8
BLACK
6
CONTINUOUS
10
3.0602752755905511
20
-7.9825191732283463
11
3.0602752755905511
21
-7.983671299212598
0
LINE
8
BLACK
6
CONTINUOUS
10
3.0602752755905511
20
-7.983671299212598
11
3.05983437007874
21
-7.9847357086614172
0
LINE
8
BLACK
6
CONTINUOUS
10
3.05983437007874
20
-7.9847357086614172
11
3.0590197244094486
21
-7.9855503543307087
0
LINE
8
BLACK
6
CONTINUOUS
10
3.0590197244094486
20
-7.9855503543307087
11
3.0579553149606298
21
-7.9859912598425193
0
LINE
8
BLACK
6
CONTINUOUS
10
3.0579553149606298
20
-7.9859912598425193
11
3.0573792519685039
21
-7.9860479921259842
0
LINE
8
BLACK
6
CONTINUOUS
10
3.0573792519685039
20
-7.9860479921259842
11
3.0490834251968502
21
-7.9860479921259842
0
LINE
8
BLACK
6
CONTINUOUS
10
3.0490834251968502
20
-7.9860479921259842
11
3.0490834251968502
21
-8.0224653149606304
0
LINE
8
BLACK
6
CONTINUOUS
10
3.0490834251968502
20
-8.0224653149606304
11
3.0490266929133858
21
-8.0230413779527563
0
LINE
8
BLACK
6
CONTINUOUS
10
3.0490266929133858
20
-8.0230413779527563
11
3.0485857874015747
21
-8.0241057874015738
0
LINE
8
BLACK
6
CONTINUOUS
10
3.0485857874015747
20
-8.0241057874015738
11
3.0477711417322833
21
-8.0249204330708661
0
LINE
8
BLACK
6
CONTINUOUS
10
3.0477711417322833
20
-8.0249204330708661
11
3.0467067322834644
21
-8.0253613385826768
0
LINE
8
BLACK
6
CONTINUOUS
10
3.0467067322834644
20
-8.0253613385826768
11
3.0455546062992127
21
-8.0253613385826768
0
LINE
8
BLACK
6
CONTINUOUS
10
3.0455546062992127
20
-8.0253613385826768
11
3.0444901968503935
21
-8.0249204330708661
0
LINE
8
BLACK
6
CONTINUOUS
10
3.0444901968503935
20
-8.0249204330708661
11
3.0436755511811024
21
-8.0241057874015738
0
LINE
8
BLACK
6
CONTINUOUS
10
3.0436755511811024
20
-8.0241057874015738
11
3.0432346456692914
21
-8.0230413779527563
0
LINE
8
BLACK
6
CONTINUOUS
10
3.0432346456692914
20
-8.0230413779527563
11
3.0431779133858265
21
-8.0224653149606304
0
LINE
8
BLACK
6
CONTINUOUS
10
3.0431779133858265
20
-8.0224653149606304
11
3.0431779133858265
21
-7.9860479921259842
0
LINE
8
BLACK
6
CONTINUOUS
10
3.0431779133858265
20
-7.9860479921259842
11
3.0348820866141732
21
-7.9860479921259842
0
LINE
8
BLACK
6
CONTINUOUS
10
3.0348820866141732
20
-7.9860479921259842
11
3.0343060236220474
21
-7.9859912598425193
0
LINE
8
BLACK
6
CONTINUOUS
10
3.0343060236220474
20
-7.9859912598425193
11
3.0332416141732281
21
-7.9855503543307087
0
LINE
8
BLACK
6
CONTINUOUS
10
3.0332416141732281
20
-7.9855503543307087
11
3.0324269685039371
21
-7.9847357086614172
0
LINE
8
BLACK
6
CONTINUOUS
10
3.0324269685039371
20
-7.9847357086614172
11
3.031986062992126
21
-7.983671299212598
0
LINE
8
BLACK
6
CONTINUOUS
10
3.031986062992126
20
-7.983671299212598
11
3.031986062992126
21
-7.9825191732283463
0
LINE
8
BLACK
6
CONTINUOUS
10
3.031986062992126
20
-7.9825191732283463
11
3.0324269685039371
21
-7.981454763779527
0
LINE
8
BLACK
6
CONTINUOUS
10
3.0324269685039371
20
-7.981454763779527
11
3.0332416141732281
21
-7.9806401181102364
0
LINE
8
BLACK
6
CONTINUOUS
10
3.0332416141732281
20
-7.9806401181102364
11
3.0343060236220474
21
-7.9801992125984249
0
LINE
8
BLACK
6
CONTINUOUS
10
3.0343060236220474
20
-7.9801992125984249
11
3.0348820866141732
21
-7.9801424803149601
0
LINE
8
BLACK
6
CONTINUOUS
10
3.0348820866141732
20
-7.9801424803149601
11
3.0573792519685039
21
-7.9801424803149601
0
LINE
8
BLACK
6
CONTINUOUS
10
3.0573792519685039
20
-7.9801424803149601
11
3.0579553149606298
21
-7.9801992125984249
0
LINE
8
BLACK
6
CONTINUOUS
10
2.6181685433070867
20
-7.9845771259842522
11
2.6186159842519685
21
-7.9849443307086609
0
LINE
8
BLACK
6
CONTINUOUS
10
2.6186159842519685
20
-7.9849443307086609
11
2.6204907480314961
21
-7.9868190944881885
0
LINE
8
BLACK
6
CONTINUOUS
10
2.6204907480314961
20
-7.9868190944881885
11
2.6208579527559053
21
-7.9872665354330703
0
LINE
8
BLACK
6
CONTINUOUS
10
2.6208579527559053
20
-7.9872665354330703
11
2.620999527559055
21
-7.9876083070866137
0
LINE
8
BLACK
6
CONTINUOUS
10
2.620999527559055
20
-7.9876083070866137
11
2.6212988582677164
21
-7.9883309842519683
0
LINE
8
BLACK
6
CONTINUOUS
10
2.6212988582677164
20
-7.9883309842519683
11
2.6212988582677164
21
-7.9894830708661413
0
LINE
8
BLACK
6
CONTINUOUS
10
2.6212988582677164
20
-7.9894830708661413
11
2.6208579527559053
21
-7.9905474803149605
0
LINE
8
BLACK
6
CONTINUOUS
10
2.6208579527559053
20
-7.9905474803149605
11
2.6204907480314961
21
-7.9909949212598423
0
LINE
8
BLACK
6
CONTINUOUS
10
2.6204907480314961
20
-7.9909949212598423
11
2.6186159842519685
21
-7.9928696850393699
0
LINE
8
BLACK
6
CONTINUOUS
10
2.6186159842519685
20
-7.9928696850393699
11
2.6181685433070867
21
-7.9932368897637796
0
LINE
8
BLACK
6
CONTINUOUS
10
2.6181685433070867
20
-7.9932368897637796
11
2.6171041338582675
21
-7.9936777952755902
0
LINE
8
BLACK
6
CONTINUOUS
10
2.6171041338582675
20
-7.9936777952755902
11
2.6171040944881887
21
-7.9936777952755902
0
LINE
8
BLACK
6
CONTINUOUS
10
2.6171040944881887
20
-7.9936777952755902
11
2.6159520472440945
21
-7.9936777952755902
0
LINE
8
BLACK
6
CONTINUOUS
10
2.6159520472440945
20
-7.9936777952755902
11
2.6159520078740157
21
-7.9936777952755902
0
LINE
8
BLACK
6
CONTINUOUS
10
2.6159520078740157
20
-7.9936777952755902
11
2.6148875984251969
21
-7.9932368897637796
0
LINE
8
BLACK
6
CONTINUOUS
10
2.6148875984251969
20
-7.9932368897637796
11
2.6144401574803151
21
-7.9928696850393699
0
LINE
8
BLACK
6
CONTINUOUS
10
2.6144401574803151
20
-7.9928696850393699
11
2.6125653937007876
21
-7.9909949212598423
0
LINE
8
BLACK
6
CONTINUOUS
10
2.6125653937007876
20
-7.9909949212598423
11
2.6121981889763779
21
-7.9905474803149605
0
LINE
8
BLACK
6
CONTINUOUS
10
2.6121981889763779
20
-7.9905474803149605
11
2.6117572834645668
21
-7.9894830314960625
0
LINE
8
BLACK
6
CONTINUOUS
10
2.6117572834645668
20
-7.9894830314960625
11
2.6117572834645668
21
-7.9883309842519683
0
LINE
8
BLACK
6
CONTINUOUS
10
2.6117572834645668
20
-7.9883309842519683
11
2.6121981889763779
21
-7.9872665354330703
0
LINE
8
BLACK
6
CONTINUOUS
10
2.6121981889763779
20
-7.9872665354330703
11
2.6125653937007876
21
-7.9868190944881885
0
LINE
8
BLACK
6
CONTINUOUS
10
2.6125653937007876
20
-7.9868190944881885
11
2.6144401574803151
21
-7.9849443307086609
0
LINE
8
BLACK
6
CONTINUOUS
10
2.6144401574803151
20
-7.9849443307086609
11
2.6148875984251969
21
-7.9845771259842522
0
LINE
8
BLACK
6
CONTINUOUS
10
2.6148875984251969
20
-7.9845771259842522
11
2.6159520078740157
21
-7.9841362204724406
0
LINE
8
BLACK
6
CONTINUOUS
10
2.6159520078740157
20
-7.9841362204724406
11
2.6171040944881887
21
-7.9841362204724406
0
LINE
8
BLACK
6
CONTINUOUS
10
2.6171040944881887
20
-7.9841362204724406
11
2.6171041338582675
21
-7.9841362204724406
0
LINE
8
BLACK
6
CONTINUOUS
10
2.6171041338582675
20
-7.9841362204724406
11
2.6181685433070867
21
-7.9845771259842522
0
LINE
8
BLACK
6
CONTINUOUS
10
2.8602945275590552
20
-7.9806401181102364
11
2.860741968503937
21
-7.9810073228346452
0
LINE
8
BLACK
6
CONTINUOUS
10
2.860741968503937
20
-7.9810073228346452
11
2.8626167322834646
21
-7.9828820866141728
0
LINE
8
BLACK
6
CONTINUOUS
10
2.8626167322834646
20
-7.9828820866141728
11
2.8629839370078738
21
-7.9833295275590546
0
LINE
8
BLACK
6
CONTINUOUS
10
2.8629839370078738
20
-7.9833295275590546
11
2.8631255118110235
21
-7.983671299212598
0
LINE
8
BLACK
6
CONTINUOUS
10
2.8631255118110235
20
-7.983671299212598
11
2.8634248425196849
21
-7.9843939763779526
0
LINE
8
BLACK
6
CONTINUOUS
10
2.8634248425196849
20
-7.9843939763779526
11
2.8634248425196849
21
-7.9855460629921255
0
LINE
8
BLACK
6
CONTINUOUS
10
2.8634248425196849
20
-7.9855460629921255
11
2.8629839370078738
21
-7.9866104724409448
0
LINE
8
BLACK
6
CONTINUOUS
10
2.8629839370078738
20
-7.9866104724409448
11
2.8626167322834646
21
-7.9870579133858266
0
LINE
8
BLACK
6
CONTINUOUS
10
2.8626167322834646
20
-7.9870579133858266
11
2.860741968503937
21
-7.9889326771653542
0
LINE
8
BLACK
6
CONTINUOUS
10
2.860741968503937
20
-7.9889326771653542
11
2.8602945275590552
21
-7.9892998818897638
0
LINE
8
BLACK
6
CONTINUOUS
10
2.8602945275590552
20
-7.9892998818897638
11
2.859230118110236
21
-7.9897407874015745
0
LINE
8
BLACK
6
CONTINUOUS
10
2.859230118110236
20
-7.9897407874015745
11
2.8592300787401572
21
-7.9897407874015745
0
LINE
8
BLACK
6
CONTINUOUS
10
2.8592300787401572
20
-7.9897407874015745
11
2.858078031496063
21
-7.9897407874015745
0
LINE
8
BLACK
6
CONTINUOUS
10
2.858078031496063
20
-7.9897407874015745
11
2.8580779921259842
21
-7.9897407874015745
0
LINE
8
BLACK
6
CONTINUOUS
10
2.8580779921259842
20
-7.9897407874015745
11
2.8570135826771654
21
-7.9892998818897638
0
LINE
8
BLACK
6
CONTINUOUS
10
2.8570135826771654
20
-7.9892998818897638
11
2.8565661417322832
21
-7.9889326771653542
0
LINE
8
BLACK
6
CONTINUOUS
10
2.8565661417322832
20
-7.9889326771653542
11
2.8546913779527556
21
-7.9870579133858266
0
LINE
8
BLACK
6
CONTINUOUS
10
2.8546913779527556
20
-7.9870579133858266
11
2.8543241732283464
21
-7.9866104724409448
0
LINE
8
BLACK
6
CONTINUOUS
10
2.8543241732283464
20
-7.9866104724409448
11
2.8538832677165353
21
-7.9855460236220468
0
LINE
8
BLACK
6
CONTINUOUS
10
2.8538832677165353
20
-7.9855460236220468
11
2.8538832677165353
21
-7.9843939763779526
0
LINE
8
BLACK
6
CONTINUOUS
10
2.8538832677165353
20
-7.9843939763779526
11
2.8543241732283464
21
-7.9833295275590546
0
LINE
8
BLACK
6
CONTINUOUS
10
2.8543241732283464
20
-7.9833295275590546
11
2.8546913779527556
21
-7.9828820866141728
0
LINE
8
BLACK
6
CONTINUOUS
10
2.8546913779527556
20
-7.9828820866141728
11
2.8565661417322832
21
-7.9810073228346452
0
LINE
8
BLACK
6
CONTINUOUS
10
2.8565661417322832
20
-7.9810073228346452
11
2.8570135826771654
21
-7.9806401181102364
0
LINE
8
BLACK
6
CONTINUOUS
10
2.8570135826771654
20
-7.9806401181102364
11
2.8580779921259842
21
-7.9801992125984249
0
LINE
8
BLACK
6
CONTINUOUS
10
2.8580779921259842
20
-7.9801992125984249
11
2.8592300787401572
21
-7.9801992125984249
0
LINE
8
BLACK
6
CONTINUOUS
10
2.8592300787401572
20
-7.9801992125984249
11
2.859230118110236
21
-7.9801992125984249
0
LINE
8
BLACK
6
CONTINUOUS
10
2.859230118110236
20
-7.9801992125984249
11
2.8602945275590552
21
-7.9806401181102364
0
LINE
8
BLACK
6
CONTINUOUS
10
8.7164647244094482
20
-6.2611742125984247
11
8.7164647244094482
21
-6.2611742519685034
0
LINE
8
BLACK
6
CONTINUOUS
10
8.7164647244094482
20
-6.2611742519685034
11
8.7165846062992127
21
-6.2617768897637793
0
LINE
8
BLACK
6
CONTINUOUS
10
8.7165846062992127
20
-6.2617768897637793
11
8.7165846062992127
21
-6.2739628740157478
0
LINE
8
BLACK
6
CONTINUOUS
10
8.7165846062992127
20
-6.2739628740157478
11
8.7164647244094482
21
-6.2745655118110237
0
LINE
8
BLACK
6
CONTINUOUS
10
8.7164647244094482
20
-6.2745655118110237
11
8.7156124409448825
21
-6.2754177952755903
0
LINE
8
BLACK
6
CONTINUOUS
10
8.7156124409448825
20
-6.2754177952755903
11
8.7144071653543307
21
-6.2754177952755903
0
LINE
8
BLACK
6
CONTINUOUS
10
8.7144071653543307
20
-6.2754177952755903
11
8.7135548818897632
21
-6.2745655118110237
0
LINE
8
BLACK
6
CONTINUOUS
10
8.7135548818897632
20
-6.2745655118110237
11
8.7134350000000005
21
-6.2739628740157478
0
LINE
8
BLACK
6
CONTINUOUS
10
8.7134350000000005
20
-6.2739628740157478
11
8.7134350000000005
21
-6.2655787795275586
0
LINE
8
BLACK
6
CONTINUOUS
10
8.7134350000000005
20
-6.2655787795275586
11
8.704874763779527
21
-6.2741390157480312
0
LINE
8
BLACK
6
CONTINUOUS
10
8.704874763779527
20
-6.2741390157480312
11
8.7048091732283464
21
-6.27418279527559
0
LINE
8
BLACK
6
CONTINUOUS
10
8.7048091732283464
20
-6.27418279527559
11
8.7047930314960631
21
-6.2742151574803149
0
LINE
8
BLACK
6
CONTINUOUS
10
8.7047930314960631
20
-6.2742151574803149
11
8.7045736614173226
21
-6.2743401574803146
0
LINE
8
BLACK
6
CONTINUOUS
10
8.7045736614173226
20
-6.2743401574803146
11
8.7043638582677172
21
-6.2744803937007871
0
LINE
8
BLACK
6
CONTINUOUS
10
8.7043638582677172
20
-6.2744803937007871
11
8.7043277165354329
21
-6.2744803937007871
0
LINE
8
BLACK
6
CONTINUOUS
10
8.7043277165354329
20
-6.2744803937007871
11
8.7042592125984246
21
-6.2745194488188973
0
LINE
8
BLACK
6
CONTINUOUS
10
8.7042592125984246
20
-6.2745194488188973
11
8.7014470472440948
21
-6.2754568503937005
0
LINE
8
BLACK
6
CONTINUOUS
10
8.7014470472440948
20
-6.2754568503937005
11
8.7011967322834636
21
-6.2754883858267716
0
LINE
8
BLACK
6
CONTINUOUS
10
8.7011967322834636
20
-6.2754883858267716
11
8.7009490551181106
21
-6.2755376771653539
0
LINE
8
BLACK
6
CONTINUOUS
10
8.7009490551181106
20
-6.2755376771653539
11
8.699074291338583
21
-6.2755376771653539
0
LINE
8
BLACK
6
CONTINUOUS
10
8.699074291338583
20
-6.2755376771653539
11
8.6989968897637802
21
-6.2755222440944882
0
LINE
8
BLACK
6
CONTINUOUS
10
8.6989968897637802
20
-6.2755222440944882
11
8.698962637795276
21
-6.2755337007874017
0
LINE
8
BLACK
6
CONTINUOUS
10
8.698962637795276
20
-6.2755337007874017
11
8.698719173228346
21
-6.275467007874016
0
LINE
8
BLACK
6
CONTINUOUS
10
8.698719173228346
20
-6.275467007874016
11
8.6984716535433062
21
-6.2754177952755903
0
LINE
8
BLACK
6
CONTINUOUS
10
8.6984716535433062
20
-6.2754177952755903
11
8.6984461023622046
21
-6.2753922440944878
0
LINE
8
BLACK
6
CONTINUOUS
10
8.6984461023622046
20
-6.2753922440944878
11
8.6983700000000006
21
-6.2753714173228348
0
LINE
8
BLACK
6
CONTINUOUS
10
8.6983700000000006
20
-6.2753714173228348
11
8.696495236220473
21
-6.2744340157480316
0
LINE
8
BLACK
6
CONTINUOUS
10
8.696495236220473
20
-6.2744340157480316
11
8.6962956299212593
21
-6.2742790944881888
0
LINE
8
BLACK
6
CONTINUOUS
10
8.6962956299212593
20
-6.2742790944881888
11
8.6960859842519689
21
-6.2741390157480312
0
LINE
8
BLACK
6
CONTINUOUS
10
8.6960859842519689
20
-6.2741390157480312
11
8.6951486220472436
21
-6.2732016535433068
0
LINE
8
BLACK
6
CONTINUOUS
10
8.6951486220472436
20
-6.2732016535433068
11
8.6950085039370073
21
-6.2729919685039368
0
LINE
8
BLACK
6
CONTINUOUS
10
8.6950085039370073
20
-6.2729919685039368
11
8.6948536220472441
21
-6.2727924015748027
0
LINE
8
BLACK
6
CONTINUOUS
10
8.6948536220472441
20
-6.2727924015748027
11
8.6939162204724401
21
-6.2709176377952751
0
LINE
8
BLACK
6
CONTINUOUS
10
8.6939162204724401
20
-6.2709176377952751
11
8.6938953543307083
21
-6.2708414960629923
0
LINE
8
BLACK
6
CONTINUOUS
10
8.6938953543307083
20
-6.2708414960629923
11
8.6938698425196854
21
-6.2708159842519686
0
LINE
8
BLACK
6
CONTINUOUS
10
8.6938698425196854
20
-6.2708159842519686
11
8.6938205905511801
21
-6.2705684251968501
0
LINE
8
BLACK
6
CONTINUOUS
10
8.6938205905511801
20
-6.2705684251968501
11
8.6937539370078731
21
-6.2703249999999997
0
LINE
8
BLACK
6
CONTINUOUS
10
8.6937539370078731
20
-6.2703249999999997
11
8.6937653543307079
21
-6.2702907086614168
0
LINE
8
BLACK
6
CONTINUOUS
10
8.6937653543307079
20
-6.2702907086614168
11
8.6937499606299209
21
-6.2702133464566927
0
LINE
8
BLACK
6
CONTINUOUS
10
8.6937499606299209
20
-6.2702133464566927
11
8.6937499606299209
21
-6.2655264173228344
0
LINE
8
BLACK
6
CONTINUOUS
10
8.6937499606299209
20
-6.2655264173228344
11
8.6937653543307079
21
-6.2654490157480316
0
LINE
8
BLACK
6
CONTINUOUS
10
8.6937653543307079
20
-6.2654490157480316
11
8.6937539370078731
21
-6.2654147637795274
0
LINE
8
BLACK
6
CONTINUOUS
10
8.6937539370078731
20
-6.2654147637795274
11
8.6938205905511801
21
-6.2651712992125983
0
LINE
8
BLACK
6
CONTINUOUS
10
8.6938205905511801
20
-6.2651712992125983
11
8.6938698425196854
21
-6.2649237795275585
0
LINE
8
BLACK
6
CONTINUOUS
10
8.6938698425196854
20
-6.2649237795275585
11
8.6938953543307083
21
-6.2648982283464569
0
LINE
8
BLACK
6
CONTINUOUS
10
8.6938953543307083
20
-6.2648982283464569
11
8.6939162204724401
21
-6.264822125984252
0
LINE
8
BLACK
6
CONTINUOUS
10
8.6939162204724401
20
-6.264822125984252
11
8.6948536220472441
21
-6.2629473622047245
0
LINE
8
BLACK
6
CONTINUOUS
10
8.6948536220472441
20
-6.2629473622047245
11
8.6950085039370073
21
-6.2627477559055116
0
LINE
8
BLACK
6
CONTINUOUS
10
8.6950085039370073
20
-6.2627477559055116
11
8.6951486220472436
21
-6.2625381102362203
0
LINE
8
BLACK
6
CONTINUOUS
10
8.6951486220472436
20
-6.2625381102362203
11
8.6960859842519689
21
-6.2616007480314959
0
LINE
8
BLACK
6
CONTINUOUS
10
8.6960859842519689
20
-6.2616007480314959
11
8.6965968897637786
21
-6.26125937007874
0
LINE
8
BLACK
6
CONTINUOUS
10
8.6965968897637786
20
-6.26125937007874
11
8.6978021653543305
21
-6.26125937007874
0
LINE
8
BLACK
6
CONTINUOUS
10
8.6978021653543305
20
-6.26125937007874
11
8.6986544488188979
21
-6.2621116535433066
0
LINE
8
BLACK
6
CONTINUOUS
10
8.6986544488188979
20
-6.2621116535433066
11
8.6986544488188979
21
-6.2633169291338584
0
LINE
8
BLACK
6
CONTINUOUS
10
8.6986544488188979
20
-6.2633169291338584
11
8.698313070866142
21
-6.2638278346456691
0
LINE
8
BLACK
6
CONTINUOUS
10
8.698313070866142
20
-6.2638278346456691
11
8.6975564173228346
21
-6.2645844488188978
0
LINE
8
BLACK
6
CONTINUOUS
10
8.6975564173228346
20
-6.2645844488188978
11
8.6968995669291331
21
-6.2658981889763776
0
LINE
8
BLACK
6
CONTINUOUS
10
8.6968995669291331
20
-6.2658981889763776
11
8.6968995669291331
21
-6.2698415354330708
0
LINE
8
BLACK
6
CONTINUOUS
10
8.6968995669291331
20
-6.2698415354330708
11
8.6975564173228346
21
-6.2711552755905506
0
LINE
8
BLACK
6
CONTINUOUS
10
8.6975564173228346
20
-6.2711552755905506
11
8.6981323228346454
21
-6.2717311811023624
0
LINE
8
BLACK
6
CONTINUOUS
10
8.6981323228346454
20
-6.2717311811023624
11
8.6994460629921253
21
-6.2723880708661417
0
LINE
8
BLACK
6
CONTINUOUS
10
8.6994460629921253
20
-6.2723880708661417
11
8.7006935433070858
21
-6.2723880708661417
0
LINE
8
BLACK
6
CONTINUOUS
10
8.7006935433070858
20
-6.2723880708661417
11
8.702910511811023
21
-6.2716490551181101
0
LINE
8
BLACK
6
CONTINUOUS
10
8.702910511811023
20
-6.2716490551181101
11
8.7138962598425191
21
-6.260663307086614
0
LINE
8
BLACK
6
CONTINUOUS
10
8.7138962598425191
20
-6.260663307086614
11
8.7144071653543307
21
-6.2603219685039369
0
LINE
8
BLACK
6
CONTINUOUS
10
8.7144071653543307
20
-6.2603219685039369
11
8.7156124803149613
21
-6.2603219685039369
0
LINE
8
BLACK
6
CONTINUOUS
10
8.7156124803149613
20
-6.2603219685039369
11
8.7164647244094482
21
-6.2611742125984247
0
LINE
8
BLACK
6
CONTINUOUS
10
8.7067625196850393
20
-6.241492047244094
11
8.7069552755905502
21
-6.2415014566929132
0
LINE
8
BLACK
6
CONTINUOUS
10
8.7069552755905502
20
-6.2415014566929132
11
8.7107048031496053
21
-6.2424388188976376
0
LINE
8
BLACK
6
CONTINUOUS
10
8.7107048031496053
20
-6.2424388188976376
11
8.7108607480314966
21
-6.2425124803149608
0
LINE
8
BLACK
6
CONTINUOUS
10
8.7108607480314966
20
-6.2425124803149608
11
8.7110271653543307
21
-6.2425580708661412
0
LINE
8
BLACK
6
CONTINUOUS
10
8.7110271653543307
20
-6.2425580708661412
11
8.7129019291338583
21
-6.2434954724409444
0
LINE
8
BLACK
6
CONTINUOUS
10
8.7129019291338583
20
-6.2434954724409444
11
8.713101259842519
21
-6.2436501968503935
0
LINE
8
BLACK
6
CONTINUOUS
10
8.713101259842519
20
-6.2436501968503935
11
8.7133111811023625
21
-6.243790433070866
0
LINE
8
BLACK
6
CONTINUOUS
10
8.7133111811023625
20
-6.243790433070866
11
8.7151859842519688
21
-6.2456651968503936
0
LINE
8
BLACK
6
CONTINUOUS
10
8.7151859842519688
20
-6.2456651968503936
11
8.7152298031496063
21
-6.2457307874015751
0
LINE
8
BLACK
6
CONTINUOUS
10
8.7152298031496063
20
-6.2457307874015751
11
8.7152621259842515
21
-6.2457469685039371
0
LINE
8
BLACK
6
CONTINUOUS
10
8.7152621259842515
20
-6.2457469685039371
11
8.7153869685039371
21
-6.2459660236220467
0
LINE
8
BLACK
6
CONTINUOUS
10
8.7153869685039371
20
-6.2459660236220467
11
8.7155273622047247
21
-6.2461761023622042
0
LINE
8
BLACK
6
CONTINUOUS
10
8.7155273622047247
20
-6.2461761023622042
11
8.7155273622047247
21
-6.2462122440944876
0
LINE
8
BLACK
6
CONTINUOUS
10
8.7155273622047247
20
-6.2462122440944876
11
8.7155664173228349
21
-6.2462807874015747
0
LINE
8
BLACK
6
CONTINUOUS
10
8.7155664173228349
20
-6.2462807874015747
11
8.7165038188976371
21
-6.2490929133858266
0
LINE
8
BLACK
6
CONTINUOUS
10
8.7165038188976371
20
-6.2490929133858266
11
8.7165353543307091
21
-6.2493435039370073
0
LINE
8
BLACK
6
CONTINUOUS
10
8.7165353543307091
20
-6.2493435039370073
11
8.7165846062992127
21
-6.2495909055118108
0
LINE
8
BLACK
6
CONTINUOUS
10
8.7165846062992127
20
-6.2495909055118108
11
8.7165846062992127
21
-6.2514656692913384
0
LINE
8
BLACK
6
CONTINUOUS
10
8.7165846062992127
20
-6.2514656692913384
11
8.7165353543307091
21
-6.2517130708661419
0
LINE
8
BLACK
6
CONTINUOUS
10
8.7165353543307091
20
-6.2517130708661419
11
8.7165038188976371
21
-6.2519636220472439
0
LINE
8
BLACK
6
CONTINUOUS
10
8.7165038188976371
20
-6.2519636220472439
11
8.7155664173228349
21
-6.2547758267716533
0
LINE
8
BLACK
6
CONTINUOUS
10
8.7155664173228349
20
-6.2547758267716533
11
8.7155273622047247
21
-6.2548443307086616
0
LINE
8
BLACK
6
CONTINUOUS
10
8.7155273622047247
20
-6.2548443307086616
11
8.7155273622047247
21
-6.2548805118110238
0
LINE
8
BLACK
6
CONTINUOUS
10
8.7155273622047247
20
-6.2548805118110238
11
8.7153868897637796
21
-6.2550906692913388
0
LINE
8
BLACK
6
CONTINUOUS
10
8.7153868897637796
20
-6.2550906692913388
11
8.7152621259842515
21
-6.2553096062992122
0
LINE
8
BLACK
6
CONTINUOUS
10
8.7152621259842515
20
-6.2553096062992122
11
8.715229842519685
21
-6.2553257086614176
0
LINE
8
BLACK
6
CONTINUOUS
10
8.715229842519685
20
-6.2553257086614176
11
8.7151859842519688
21
-6.2553914173228344
0
LINE
8
BLACK
6
CONTINUOUS
10
8.7151859842519688
20
-6.2553914173228344
11
8.7142485826771647
21
-6.2563287795275588
0
LINE
8
BLACK
6
CONTINUOUS
10
8.7142485826771647
20
-6.2563287795275588
11
8.713737677165355
21
-6.256670118110236
0
LINE
8
BLACK
6
CONTINUOUS
10
8.713737677165355
20
-6.256670118110236
11
8.7125323622047244
21
-6.2566700787401572
0
LINE
8
BLACK
6
CONTINUOUS
10
8.7125323622047244
20
-6.2566700787401572
11
8.7116801181102357
21
-6.2558178346456694
0
LINE
8
BLACK
6
CONTINUOUS
10
8.7116801181102357
20
-6.2558178346456694
11
8.7116801574803144
21
-6.2546125196850388
0
LINE
8
BLACK
6
CONTINUOUS
10
8.7116801574803144
20
-6.2546125196850388
11
8.7120214960629916
21
-6.2541016141732282
0
LINE
8
BLACK
6
CONTINUOUS
10
8.7120214960629916
20
-6.2541016141732282
11
8.7126960236220476
21
-6.2534271259842518
0
LINE
8
BLACK
6
CONTINUOUS
10
8.7126960236220476
20
-6.2534271259842518
11
8.7134350000000005
21
-6.2512101574803145
0
LINE
8
BLACK
6
CONTINUOUS
10
8.7134350000000005
20
-6.2512101574803145
11
8.7134350000000005
21
-6.249846377952756
0
LINE
8
BLACK
6
CONTINUOUS
10
8.7134350000000005
20
-6.249846377952756
11
8.7126960236220476
21
-6.2476294488188975
0
LINE
8
BLACK
6
CONTINUOUS
10
8.7126960236220476
20
-6.2476294488188975
11
8.7112647637795266
21
-6.2461982677165349
0
LINE
8
BLACK
6
CONTINUOUS
10
8.7112647637795266
20
-6.2461982677165349
11
8.7097731889763779
21
-6.2454524803149605
0
LINE
8
BLACK
6
CONTINUOUS
10
8.7097731889763779
20
-6.2454524803149605
11
8.7063794488188968
21
-6.2446040551181099
0
LINE
8
BLACK
6
CONTINUOUS
10
8.7063794488188968
20
-6.2446040551181099
11
8.7039551181102368
21
-6.2446040551181099
0
LINE
8
BLACK
6
CONTINUOUS
10
8.7039551181102368
20
-6.2446040551181099
11
8.700561338582677
21
-6.2454524803149605
0
LINE
8
BLACK
6
CONTINUOUS
10
8.700561338582677
20
-6.2454524803149605
11
8.6990697637795282
21
-6.246198228346457
0
LINE
8
BLACK
6
CONTINUOUS
10
8.6990697637795282
20
-6.246198228346457
11
8.697638543307086
21
-6.2476294488188975
0
LINE
8
BLACK
6
CONTINUOUS
10
8.697638543307086
20
-6.2476294488188975
11
8.6968995669291331
21
-6.2498464173228347
0
LINE
8
BLACK
6
CONTINUOUS
10
8.6968995669291331
20
-6.2498464173228347
11
8.6968995669291331
21
-6.2512101181102357
0
LINE
8
BLACK
6
CONTINUOUS
10
8.6968995669291331
20
-6.2512101181102357
11
8.697638543307086
21
-6.2534271259842518
0
LINE
8
BLACK
6
CONTINUOUS
10
8.697638543307086
20
-6.2534271259842518
11
8.698313070866142
21
-6.2541016535433069
0
LINE
8
BLACK
6
CONTINUOUS
10
8.698313070866142
20
-6.2541016535433069
11
8.6986544488188979
21
-6.2546125590551176
0
LINE
8
BLACK
6
CONTINUOUS
10
8.6986544488188979
20
-6.2546125590551176
11
8.6986544488188979
21
-6.2558178346456694
0
LINE
8
BLACK
6
CONTINUOUS
10
8.6986544488188979
20
-6.2558178346456694
11
8.6978021653543305
21
-6.256670118110236
0
LINE
8
BLACK
6
CONTINUOUS
10
8.6978021653543305
20
-6.256670118110236
11
8.6965968897637786
21
-6.256670118110236
0
LINE
8
BLACK
6
CONTINUOUS
10
8.6965968897637786
20
-6.256670118110236
11
8.6960859842519689
21
-6.2563287401574801
0
LINE
8
BLACK
6
CONTINUOUS
10
8.6960859842519689
20
-6.2563287401574801
11
8.6951486220472436
21
-6.2553913779527557
0
LINE
8
BLACK
6
CONTINUOUS
10
8.6951486220472436
20
-6.2553913779527557
11
8.6951048031496061
21
-6.2553257874015751
0
LINE
8
BLACK
6
CONTINUOUS
10
8.6951048031496061
20
-6.2553257874015751
11
8.6950724803149608
21
-6.2553096456692909
0
LINE
8
BLACK
6
CONTINUOUS
10
8.6950724803149608
20
-6.2553096456692909
11
8.6949474409448815
21
-6.2550902755905513
0
LINE
8
BLACK
6
CONTINUOUS
10
8.6949474409448815
20
-6.2550902755905513
11
8.6948072440944877
21
-6.254880472440945
0
LINE
8
BLACK
6
CONTINUOUS
10
8.6948072440944877
20
-6.254880472440945
11
8.6948072440944877
21
-6.2548443307086616
0
LINE
8
BLACK
6
CONTINUOUS
10
8.6948072440944877
20
-6.2548443307086616
11
8.6947681889763775
21
-6.2547758267716533
0
LINE
8
BLACK
6
CONTINUOUS
10
8.6947681889763775
20
-6.2547758267716533
11
8.6938307874015752
21
-6.2519636614173226
0
LINE
8
BLACK
6
CONTINUOUS
10
8.6938307874015752
20
-6.2519636614173226
11
8.6937992125984245
21
-6.2517133464566932
0
LINE
8
BLACK
6
CONTINUOUS
10
8.6937992125984245
20
-6.2517133464566932
11
8.6937499606299209
21
-6.2514656692913384
0
LINE
8
BLACK
6
CONTINUOUS
10
8.6937499606299209
20
-6.2514656692913384
11
8.6937499606299209
21
-6.2495909055118108
0
LINE
8
BLACK
6
CONTINUOUS
10
8.6937499606299209
20
-6.2495909055118108
11
8.6937992125984245
21
-6.2493431889763782
0
LINE
8
BLACK
6
CONTINUOUS
10
8.6937992125984245
20
-6.2493431889763782
11
8.6938307874015752
21
-6.2490929133858266
0
LINE
8
BLACK
6
CONTINUOUS
10
8.6938307874015752
20
-6.2490929133858266
11
8.6947681889763775
21
-6.2462807874015747
0
LINE
8
BLACK
6
CONTINUOUS
10
8.6947681889763775
20
-6.2462807874015747
11
8.6948072440944877
21
-6.2462122440944876
0
LINE
8
BLACK
6
CONTINUOUS
10
8.6948072440944877
20
-6.2462122440944876
11
8.6948072440944877
21
-6.246176141732283
0
LINE
8
BLACK
6
CONTINUOUS
10
8.6948072440944877
20
-6.246176141732283
11
8.6949474409448815
21
-6.2459662992125979
0
LINE
8
BLACK
6
CONTINUOUS
10
8.6949474409448815
20
-6.2459662992125979
11
8.6950724803149608
21
-6.2457469685039371
0
LINE
8
BLACK
6
CONTINUOUS
10
8.6950724803149608
20
-6.2457469685039371
11
8.6951048031496061
21
-6.2457307874015751
0
LINE
8
BLACK
6
CONTINUOUS
10
8.6951048031496061
20
-6.2457307874015751
11
8.6951486220472436
21
-6.2456652362204723
0
LINE
8
BLACK
6
CONTINUOUS
10
8.6951486220472436
20
-6.2456652362204723
11
8.6970233464566924
21
-6.2437904724409448
0
LINE
8
BLACK
6
CONTINUOUS
10
8.6970233464566924
20
-6.2437904724409448
11
8.6972332677165358
21
-6.2436501574803147
0
LINE
8
BLACK
6
CONTINUOUS
10
8.6972332677165358
20
-6.2436501574803147
11
8.6974326377952753
21
-6.2434954724409444
0
LINE
8
BLACK
6
CONTINUOUS
10
8.6974326377952753
20
-6.2434954724409444
11
8.6993074015748029
21
-6.2425580708661412
0
LINE
8
BLACK
6
CONTINUOUS
10
8.6993074015748029
20
-6.2425580708661412
11
8.6994737795275583
21
-6.2425124803149608
0
LINE
8
BLACK
6
CONTINUOUS
10
8.6994737795275583
20
-6.2425124803149608
11
8.6996297637795266
21
-6.2424388188976376
0
LINE
8
BLACK
6
CONTINUOUS
10
8.6996297637795266
20
-6.2424388188976376
11
8.7033792913385817
21
-6.2415014566929132
0
LINE
8
BLACK
6
CONTINUOUS
10
8.7033792913385817
20
-6.2415014566929132
11
8.7035720078740155
21
-6.241492047244094
0
LINE
8
BLACK
6
CONTINUOUS
10
8.7035720078740155
20
-6.241492047244094
11
8.7037612204724404
21
-6.2414544488188977
0
LINE
8
BLACK
6
CONTINUOUS
10
8.7037612204724404
20
-6.2414544488188977
11
8.7065733464566932
21
-6.2414544488188977
0
LINE
8
BLACK
6
CONTINUOUS
10
8.7065733464566932
20
-6.2414544488188977
11
8.7067625196850393
21
-6.241492047244094
0
LINE
8
BLACK
6
CONTINUOUS
10
8.7461903149606304
20
-6.2320711023622044
11
8.7472556692913379
21
-6.2331364566929128
0
LINE
8
BLACK
6
CONTINUOUS
10
8.7472556692913379
20
-6.2331364566929128
11
8.7474055118110225
21
-6.2338897637795272
0
LINE
8
BLACK
6
CONTINUOUS
10
8.7474055118110225
20
-6.2338897637795272
11
8.7474055118110225
21
-6.2831023622047244
0
LINE
8
BLACK
6
CONTINUOUS
10
8.7474055118110225
20
-6.2831023622047244
11
8.7472556692913379
21
-6.2838556692913388
0
LINE
8
BLACK
6
CONTINUOUS
10
8.7472556692913379
20
-6.2838556692913388
11
8.7461903149606304
21
-6.2849210236220472
0
LINE
8
BLACK
6
CONTINUOUS
10
8.7461903149606304
20
-6.2849210236220472
11
8.7454370078740151
21
-6.2850708661417318
0
LINE
8
BLACK
6
CONTINUOUS
10
8.7454370078740151
20
-6.2850708661417318
11
8.6666968503937003
21
-6.2850708661417318
0
LINE
8
BLACK
6
CONTINUOUS
10
8.6666968503937003
20
-6.2850708661417318
11
8.6659435433070868
21
-6.2849210236220472
0
LINE
8
BLACK
6
CONTINUOUS
10
8.6659435433070868
20
-6.2849210236220472
11
8.6648781889763775
21
-6.2838556692913388
0
LINE
8
BLACK
6
CONTINUOUS
10
8.6648781889763775
20
-6.2838556692913388
11
8.6647283464566929
21
-6.2831023622047244
0
LINE
8
BLACK
6
CONTINUOUS
10
8.6647283464566929
20
-6.2831023622047244
11
8.6647283464566929
21
-6.2338897637795272
0
LINE
8
BLACK
6
CONTINUOUS
10
8.6647283464566929
20
-6.2338897637795272
11
8.6648781889763775
21
-6.2331364566929128
0
LINE
8
BLACK
6
CONTINUOUS
10
8.6648781889763775
20
-6.2331364566929128
11
8.6659435433070868
21
-6.2320711023622044
0
LINE
8
BLACK
6
CONTINUOUS
10
8.6659435433070868
20
-6.2320711023622044
11
8.6666968503937003
21
-6.2319212598425198
0
LINE
8
BLACK
6
CONTINUOUS
10
8.6666968503937003
20
-6.2319212598425198
11
8.7454370078740151
21
-6.2319212598425198
0
LINE
8
BLACK
6
CONTINUOUS
10
8.7454370078740151
20
-6.2319212598425198
11
8.7461903149606304
21
-6.2320711023622044
0
LINE
8
BLACK
6
CONTINUOUS
10
8.6686653543307077
20
-6.2358582677165355
11
8.6686653543307077
21
-6.2811338582677161
0
LINE
8
BLACK
6
CONTINUOUS
10
8.6686653543307077
20
-6.2811338582677161
11
8.7434685039370077
21
-6.2811338582677161
0
LINE
8
BLACK
6
CONTINUOUS
10
8.7434685039370077
20
-6.2811338582677161
11
8.7434685039370077
21
-6.2358582677165355
0
LINE
8
BLACK
6
CONTINUOUS
10
8.7434685039370077
20
-6.2358582677165355
11
8.6686653543307077
21
-6.2358582677165355
0
LINE
8
BLACK
6
CONTINUOUS
10
7.9777292519685039
20
-5.5766431102362199
11
7.9781104330708663
21
-5.5777865748031497
0
LINE
8
BLACK
6
CONTINUOUS
10
7.9781104330708663
20
-5.5777865748031497
11
7.9779481496062994
21
-5.5783792125984251
0
LINE
8
BLACK
6
CONTINUOUS
10
7.9779481496062994
20
-5.5783792125984251
11
7.977010787401575
21
-5.5802539370078739
0
LINE
8
BLACK
6
CONTINUOUS
10
7.977010787401575
20
-5.5802539370078739
11
7.9768561811023622
21
-5.5804531102362205
0
LINE
8
BLACK
6
CONTINUOUS
10
7.9768561811023622
20
-5.5804531102362205
11
7.9767157874015746
21
-5.5806632677165355
0
LINE
8
BLACK
6
CONTINUOUS
10
7.9767157874015746
20
-5.5806632677165355
11
7.9756546062992122
21
-5.5817244094488192
0
LINE
8
BLACK
6
CONTINUOUS
10
7.9756546062992122
20
-5.5817244094488192
11
7.9890255511811024
21
-5.5817244094488192
0
LINE
8
BLACK
6
CONTINUOUS
10
7.9890255511811024
20
-5.5817244094488192
11
7.9890255511811024
21
-5.5776749212598427
0
LINE
8
BLACK
6
CONTINUOUS
10
7.9890255511811024
20
-5.5776749212598427
11
7.989145433070866
21
-5.5770722834645667
0
LINE
8
BLACK
6
CONTINUOUS
10
7.989145433070866
20
-5.5770722834645667
11
7.9899977165354326
21
-5.5762200000000002
0
LINE
8
BLACK
6
CONTINUOUS
10
7.9899977165354326
20
-5.5762200000000002
11
7.9912029921259844
21
-5.5762200000000002
0
LINE
8
BLACK
6
CONTINUOUS
10
7.9912029921259844
20
-5.5762200000000002
11
7.992055275590551
21
-5.5770722834645667
0
LINE
8
BLACK
6
CONTINUOUS
10
7.992055275590551
20
-5.5770722834645667
11
7.9921751574803146
21
-5.5776749212598427
0
LINE
8
BLACK
6
CONTINUOUS
10
7.9921751574803146
20
-5.5776749212598427
11
7.9921751574803146
21
-5.588923503937008
0
LINE
8
BLACK
6
CONTINUOUS
10
7.9921751574803146
20
-5.588923503937008
11
7.992055275590551
21
-5.589526141732283
0
LINE
8
BLACK
6
CONTINUOUS
10
7.992055275590551
20
-5.589526141732283
11
7.9912029921259844
21
-5.5903784251968505
0
LINE
8
BLACK
6
CONTINUOUS
10
7.9912029921259844
20
-5.5903784251968505
11
7.9899977165354326
21
-5.5903784251968505
0
LINE
8
BLACK
6
CONTINUOUS
10
7.9899977165354326
20
-5.5903784251968505
11
7.989145433070866
21
-5.589526141732283
0
LINE
8
BLACK
6
CONTINUOUS
10
7.989145433070866
20
-5.589526141732283
11
7.9890255511811024
21
-5.588923503937008
0
LINE
8
BLACK
6
CONTINUOUS
10
7.9890255511811024
20
-5.588923503937008
11
7.9890255511811024
21
-5.5848740157480314
0
LINE
8
BLACK
6
CONTINUOUS
10
7.9890255511811024
20
-5.5848740157480314
11
7.9709153149606298
21
-5.5848740157480314
0
LINE
8
BLACK
6
CONTINUOUS
10
7.9709153149606298
20
-5.5848740157480314
11
7.9703126771653539
21
-5.5847541338582678
0
LINE
8
BLACK
6
CONTINUOUS
10
7.9703126771653539
20
-5.5847541338582678
11
7.9701979921259838
21
-5.5846394488188977
0
LINE
8
BLACK
6
CONTINUOUS
10
7.9701979921259838
20
-5.5846394488188977
11
7.9700390157480312
21
-5.5846076771653541
0
LINE
8
BLACK
6
CONTINUOUS
10
7.9700390157480312
20
-5.5846076771653541
11
7.9697846062992124
21
-5.5842260629921254
0
LINE
8
BLACK
6
CONTINUOUS
10
7.9697846062992124
20
-5.5842260629921254
11
7.9694603937007873
21
-5.5839018503937004
0
LINE
8
BLACK
6
CONTINUOUS
10
7.9694603937007873
20
-5.5839018503937004
11
7.9694603937007873
21
-5.5837397244094484
0
LINE
8
BLACK
6
CONTINUOUS
10
7.9694603937007873
20
-5.5837397244094484
11
7.9693704724409447
21
-5.5836048425196845
0
LINE
8
BLACK
6
CONTINUOUS
10
7.9693704724409447
20
-5.5836048425196845
11
7.9694603937007873
21
-5.5831551968503934
0
LINE
8
BLACK
6
CONTINUOUS
10
7.9694603937007873
20
-5.5831551968503934
11
7.9694603937007873
21
-5.5826965748031494
0
LINE
8
BLACK
6
CONTINUOUS
10
7.9694603937007873
20
-5.5826965748031494
11
7.9695750393700786
21
-5.5825818897637793
0
LINE
8
BLACK
6
CONTINUOUS
10
7.9695750393700786
20
-5.5825818897637793
11
7.969606850393701
21
-5.5824229133858267
0
LINE
8
BLACK
6
CONTINUOUS
10
7.969606850393701
20
-5.5824229133858267
11
7.970041771653543
21
-5.5819888976377952
0
LINE
8
BLACK
6
CONTINUOUS
10
7.970041771653543
20
-5.5819888976377952
11
7.9727242125984255
21
-5.5802005905511809
0
LINE
8
BLACK
6
CONTINUOUS
10
7.9727242125984255
20
-5.5802005905511809
11
7.9743079921259845
21
-5.5786167716535431
0
LINE
8
BLACK
6
CONTINUOUS
10
7.9743079921259845
20
-5.5786167716535431
11
7.9751310629921255
21
-5.5769706692913381
0
LINE
8
BLACK
6
CONTINUOUS
10
7.9751310629921255
20
-5.5769706692913381
11
7.9755077559055119
21
-5.5764852755905512
0
LINE
8
BLACK
6
CONTINUOUS
10
7.9755077559055119
20
-5.5764852755905512
11
7.9766512204724407
21
-5.5761040944881888
0
LINE
8
BLACK
6
CONTINUOUS
10
7.9766512204724407
20
-5.5761040944881888
11
7.9777292519685039
21
-5.5766431102362199
0
LINE
8
BLACK
6
CONTINUOUS
10
7.9823530708661412
20
-5.5564526771653542
11
7.9825458267716529
21
-5.5564620866141734
0
LINE
8
BLACK
6
CONTINUOUS
10
7.9825458267716529
20
-5.5564620866141734
11
7.9862953543307089
21
-5.5573994488188978
0
LINE
8
BLACK
6
CONTINUOUS
10
7.9862953543307089
20
-5.5573994488188978
11
7.9864512992125984
21
-5.55747311023622
0
LINE
8
BLACK
6
CONTINUOUS
10
7.9864512992125984
20
-5.55747311023622
11
7.9866177165354326
21
-5.5575187007874014
0
LINE
8
BLACK
6
CONTINUOUS
10
7.9866177165354326
20
-5.5575187007874014
11
7.9884924803149602
21
-5.5584561023622046
0
LINE
8
BLACK
6
CONTINUOUS
10
7.9884924803149602
20
-5.5584561023622046
11
7.9886918110236218
21
-5.5586108267716536
0
LINE
8
BLACK
6
CONTINUOUS
10
7.9886918110236218
20
-5.5586108267716536
11
7.9889017322834643
21
-5.5587510629921262
0
LINE
8
BLACK
6
CONTINUOUS
10
7.9889017322834643
20
-5.5587510629921262
11
7.9907765354330706
21
-5.5606258267716537
0
LINE
8
BLACK
6
CONTINUOUS
10
7.9907765354330706
20
-5.5606258267716537
11
7.9908203543307081
21
-5.5606914173228343
0
LINE
8
BLACK
6
CONTINUOUS
10
7.9908203543307081
20
-5.5606914173228343
11
7.9908526771653543
21
-5.5607075984251964
0
LINE
8
BLACK
6
CONTINUOUS
10
7.9908526771653543
20
-5.5607075984251964
11
7.990977519685039
21
-5.5609266535433068
0
LINE
8
BLACK
6
CONTINUOUS
10
7.990977519685039
20
-5.5609266535433068
11
7.9911179133858266
21
-5.5611367322834644
0
LINE
8
BLACK
6
CONTINUOUS
10
7.9911179133858266
20
-5.5611367322834644
11
7.9911179133858266
21
-5.5611728740157478
0
LINE
8
BLACK
6
CONTINUOUS
10
7.9911179133858266
20
-5.5611728740157478
11
7.9911569685039368
21
-5.5612414173228348
0
LINE
8
BLACK
6
CONTINUOUS
10
7.9911569685039368
20
-5.5612414173228348
11
7.9920943700787399
21
-5.5640535433070868
0
LINE
8
BLACK
6
CONTINUOUS
10
7.9920943700787399
20
-5.5640535433070868
11
7.992125905511811
21
-5.5643041338582675
0
LINE
8
BLACK
6
CONTINUOUS
10
7.992125905511811
20
-5.5643041338582675
11
7.9921751574803146
21
-5.564551535433071
0
LINE
8
BLACK
6
CONTINUOUS
10
7.9921751574803146
20
-5.564551535433071
11
7.9921751574803146
21
-5.5664262992125986
0
LINE
8
BLACK
6
CONTINUOUS
10
7.9921751574803146
20
-5.5664262992125986
11
7.992125905511811
21
-5.5666737007874012
0
LINE
8
BLACK
6
CONTINUOUS
10
7.992125905511811
20
-5.5666737007874012
11
7.9920943700787399
21
-5.566924251968504
0
LINE
8
BLACK
6
CONTINUOUS
10
7.9920943700787399
20
-5.566924251968504
11
7.9911569685039368
21
-5.5697364566929135
0
LINE
8
BLACK
6
CONTINUOUS
10
7.9911569685039368
20
-5.5697364566929135
11
7.9911179133858266
21
-5.5698049606299209
0
LINE
8
BLACK
6
CONTINUOUS
10
7.9911179133858266
20
-5.5698049606299209
11
7.9911179133858266
21
-5.5698411417322831
0
LINE
8
BLACK
6
CONTINUOUS
10
7.9911179133858266
20
-5.5698411417322831
11
7.9909774409448815
21
-5.5700512992125981
0
LINE
8
BLACK
6
CONTINUOUS
10
7.9909774409448815
20
-5.5700512992125981
11
7.9908526771653543
21
-5.5702702362204723
0
LINE
8
BLACK
6
CONTINUOUS
10
7.9908526771653543
20
-5.5702702362204723
11
7.9908203937007869
21
-5.5702863385826769
0
LINE
8
BLACK
6
CONTINUOUS
10
7.9908203937007869
20
-5.5702863385826769
11
7.9907765354330706
21
-5.5703520472440946
0
LINE
8
BLACK
6
CONTINUOUS
10
7.9907765354330706
20
-5.5703520472440946
11
7.9898391338582675
21
-5.571289409448819
0
LINE
8
BLACK
6
CONTINUOUS
10
7.9898391338582675
20
-5.571289409448819
11
7.9893282283464568
21
-5.5716307480314962
0
LINE
8
BLACK
6
CONTINUOUS
10
7.9893282283464568
20
-5.5716307480314962
11
7.9881229133858263
21
-5.5716307086614174
0
LINE
8
BLACK
6
CONTINUOUS
10
7.9881229133858263
20
-5.5716307086614174
11
7.9872706692913384
21
-5.5707784645669287
0
LINE
8
BLACK
6
CONTINUOUS
10
7.9872706692913384
20
-5.5707784645669287
11
7.9872707086614172
21
-5.569573149606299
0
LINE
8
BLACK
6
CONTINUOUS
10
7.9872707086614172
20
-5.569573149606299
11
7.9876120472440943
21
-5.5690622440944884
0
LINE
8
BLACK
6
CONTINUOUS
10
7.9876120472440943
20
-5.5690622440944884
11
7.9882865748031495
21
-5.5683877559055119
0
LINE
8
BLACK
6
CONTINUOUS
10
7.9882865748031495
20
-5.5683877559055119
11
7.9890255511811024
21
-5.5661707874015747
0
LINE
8
BLACK
6
CONTINUOUS
10
7.9890255511811024
20
-5.5661707874015747
11
7.9890255511811024
21
-5.5648070078740153
0
LINE
8
BLACK
6
CONTINUOUS
10
7.9890255511811024
20
-5.5648070078740153
11
7.9882865748031495
21
-5.5625900787401577
0
LINE
8
BLACK
6
CONTINUOUS
10
7.9882865748031495
20
-5.5625900787401577
11
7.9868553149606294
21
-5.561158897637795
0
LINE
8
BLACK
6
CONTINUOUS
10
7.9868553149606294
20
-5.561158897637795
11
7.9853637401574797
21
-5.5604131102362206
0
LINE
8
BLACK
6
CONTINUOUS
10
7.9853637401574797
20
-5.5604131102362206
11
7.9819699999999996
21
-5.5595646850393701
0
LINE
8
BLACK
6
CONTINUOUS
10
7.9819699999999996
20
-5.5595646850393701
11
7.9795456692913387
21
-5.5595646850393701
0
LINE
8
BLACK
6
CONTINUOUS
10
7.9795456692913387
20
-5.5595646850393701
11
7.9761518897637798
21
-5.5604131102362206
0
LINE
8
BLACK
6
CONTINUOUS
10
7.9761518897637798
20
-5.5604131102362206
11
7.9746603149606301
21
-5.5611588582677163
0
LINE
8
BLACK
6
CONTINUOUS
10
7.9746603149606301
20
-5.5611588582677163
11
7.9732290944881887
21
-5.5625900787401577
0
LINE
8
BLACK
6
CONTINUOUS
10
7.9732290944881887
20
-5.5625900787401577
11
7.9724901181102359
21
-5.564807047244094
0
LINE
8
BLACK
6
CONTINUOUS
10
7.9724901181102359
20
-5.564807047244094
11
7.9724901181102359
21
-5.5661707480314959
0
LINE
8
BLACK
6
CONTINUOUS
10
7.9724901181102359
20
-5.5661707480314959
11
7.9732290944881887
21
-5.5683877559055119
0
LINE
8
BLACK
6
CONTINUOUS
10
7.9732290944881887
20
-5.5683877559055119
11
7.9739036220472439
21
-5.5690622834645671
0
LINE
8
BLACK
6
CONTINUOUS
10
7.9739036220472439
20
-5.5690622834645671
11
7.9742449999999998
21
-5.5695731889763778
0
LINE
8
BLACK
6
CONTINUOUS
10
7.9742449999999998
20
-5.5695731889763778
11
7.9742449999999998
21
-5.5707784645669287
0
LINE
8
BLACK
6
CONTINUOUS
10
7.9742449999999998
20
-5.5707784645669287
11
7.9733927165354332
21
-5.5716307480314962
0
LINE
8
BLACK
6
CONTINUOUS
10
7.9733927165354332
20
-5.5716307480314962
11
7.9721874409448814
21
-5.5716307480314962
0
LINE
8
BLACK
6
CONTINUOUS
10
7.9721874409448814
20
-5.5716307480314962
11
7.9716765354330708
21
-5.5712893700787403
0
LINE
8
BLACK
6
CONTINUOUS
10
7.9716765354330708
20
-5.5712893700787403
11
7.9707391732283464
21
-5.5703520078740159
0
LINE
8
BLACK
6
CONTINUOUS
10
7.9707391732283464
20
-5.5703520078740159
11
7.9706953543307089
21
-5.5702864173228344
0
LINE
8
BLACK
6
CONTINUOUS
10
7.9706953543307089
20
-5.5702864173228344
11
7.9706630314960627
21
-5.5702702755905511
0
LINE
8
BLACK
6
CONTINUOUS
10
7.9706630314960627
20
-5.5702702755905511
11
7.9705379921259842
21
-5.5700509055118106
0
LINE
8
BLACK
6
CONTINUOUS
10
7.9705379921259842
20
-5.5700509055118106
11
7.9703977952755904
21
-5.5698411023622043
0
LINE
8
BLACK
6
CONTINUOUS
10
7.9703977952755904
20
-5.5698411023622043
11
7.9703977952755904
21
-5.5698049606299209
0
LINE
8
BLACK
6
CONTINUOUS
10
7.9703977952755904
20
-5.5698049606299209
11
7.9703587401574802
21
-5.5697364566929135
0
LINE
8
BLACK
6
CONTINUOUS
10
7.9703587401574802
20
-5.5697364566929135
11
7.9694213385826771
21
-5.5669242913385828
0
LINE
8
BLACK
6
CONTINUOUS
10
7.9694213385826771
20
-5.5669242913385828
11
7.9693897637795272
21
-5.5666739763779525
0
LINE
8
BLACK
6
CONTINUOUS
10
7.9693897637795272
20
-5.5666739763779525
11
7.9693405118110237
21
-5.5664262992125986
0
LINE
8
BLACK
6
CONTINUOUS
10
7.9693405118110237
20
-5.5664262992125986
11
7.9693405118110237
21
-5.564551535433071
0
LINE
8
BLACK
6
CONTINUOUS
10
7.9693405118110237
20
-5.564551535433071
11
7.9693897637795272
21
-5.5643038188976375
0
LINE
8
BLACK
6
CONTINUOUS
10
7.9693897637795272
20
-5.5643038188976375
11
7.9694213385826771
21
-5.5640535433070868
0
LINE
8
BLACK
6
CONTINUOUS
10
7.9694213385826771
20
-5.5640535433070868
11
7.9703587401574802
21
-5.5612414173228348
0
LINE
8
BLACK
6
CONTINUOUS
10
7.9703587401574802
20
-5.5612414173228348
11
7.9703977952755904
21
-5.5611728740157478
0
LINE
8
BLACK
6
CONTINUOUS
10
7.9703977952755904
20
-5.5611728740157478
11
7.9703977952755904
21
-5.5611367716535431
0
LINE
8
BLACK
6
CONTINUOUS
10
7.9703977952755904
20
-5.5611367716535431
11
7.9705379921259842
21
-5.5609269291338581
0
LINE
8
BLACK
6
CONTINUOUS
10
7.9705379921259842
20
-5.5609269291338581
11
7.9706630314960627
21
-5.5607075984251964
0
LINE
8
BLACK
6
CONTINUOUS
10
7.9706630314960627
20
-5.5607075984251964
11
7.9706953543307089
21
-5.5606914173228343
0
LINE
8
BLACK
6
CONTINUOUS
10
7.9706953543307089
20
-5.5606914173228343
11
7.9707391732283464
21
-5.5606258661417325
0
LINE
8
BLACK
6
CONTINUOUS
10
7.9707391732283464
20
-5.5606258661417325
11
7.9726138976377952
21
-5.5587511023622049
0
LINE
8
BLACK
6
CONTINUOUS
10
7.9726138976377952
20
-5.5587511023622049
11
7.9728238188976377
21
-5.5586107874015749
0
LINE
8
BLACK
6
CONTINUOUS
10
7.9728238188976377
20
-5.5586107874015749
11
7.9730231889763781
21
-5.5584561023622046
0
LINE
8
BLACK
6
CONTINUOUS
10
7.9730231889763781
20
-5.5584561023622046
11
7.9748979527559056
21
-5.5575187007874014
0
LINE
8
BLACK
6
CONTINUOUS
10
7.9748979527559056
20
-5.5575187007874014
11
7.9750643307086611
21
-5.55747311023622
0
LINE
8
BLACK
6
CONTINUOUS
10
7.9750643307086611
20
-5.55747311023622
11
7.9752203149606293
21
-5.5573994488188978
0
LINE
8
BLACK
6
CONTINUOUS
10
7.9752203149606293
20
-5.5573994488188978
11
7.9789698425196844
21
-5.5564620866141734
0
LINE
8
BLACK
6
CONTINUOUS
10
7.9789698425196844
20
-5.5564620866141734
11
7.9791625590551183
21
-5.5564526771653542
0
LINE
8
BLACK
6
CONTINUOUS
10
7.9791625590551183
20
-5.5564526771653542
11
7.9793517716535431
21
-5.5564150787401569
0
LINE
8
BLACK
6
CONTINUOUS
10
7.9793517716535431
20
-5.5564150787401569
11
7.9821638976377951
21
-5.5564150787401569
0
LINE
8
BLACK
6
CONTINUOUS
10
7.9821638976377951
20
-5.5564150787401569
11
7.9823530708661412
21
-5.5564526771653542
0
LINE
8
BLACK
6
CONTINUOUS
10
8.007017086614173
20
-5.5322679527559053
11
8.0080824409448823
21
-5.5333333070866138
0
LINE
8
BLACK
6
CONTINUOUS
10
8.0080824409448823
20
-5.5333333070866138
11
8.0082322834645669
21
-5.5340866141732281
0
LINE
8
BLACK
6
CONTINUOUS
10
8.0082322834645669
20
-5.5340866141732281
11
8.0082322834645669
21
-5.6128267716535429
0
LINE
8
BLACK
6
CONTINUOUS
10
8.0082322834645669
20
-5.6128267716535429
11
8.0080824409448823
21
-5.6135800787401573
0
LINE
8
BLACK
6
CONTINUOUS
10
8.0080824409448823
20
-5.6135800787401573
11
8.007017086614173
21
-5.6146454330708657
0
LINE
8
BLACK
6
CONTINUOUS
10
8.007017086614173
20
-5.6146454330708657
11
8.0062637795275595
21
-5.6147952755905512
0
LINE
8
BLACK
6
CONTINUOUS
10
8.0062637795275595
20
-5.6147952755905512
11
7.9570511811023623
21
-5.6147952755905512
0
LINE
8
BLACK
6
CONTINUOUS
10
7.9570511811023623
20
-5.6147952755905512
11
7.956297874015748
21
-5.6146454330708657
0
LINE
8
BLACK
6
CONTINUOUS
10
7.956297874015748
20
-5.6146454330708657
11
7.9552325196850395
21
-5.6135800787401573
0
LINE
8
BLACK
6
CONTINUOUS
10
7.9552325196850395
20
-5.6135800787401573
11
7.955082677165354
21
-5.6128267716535429
0
LINE
8
BLACK
6
CONTINUOUS
10
7.955082677165354
20
-5.6128267716535429
11
7.955082677165354
21
-5.5340866141732281
0
LINE
8
BLACK
6
CONTINUOUS
10
7.955082677165354
20
-5.5340866141732281
11
7.9552325196850395
21
-5.5333333070866138
0
LINE
8
BLACK
6
CONTINUOUS
10
7.9552325196850395
20
-5.5333333070866138
11
7.956297874015748
21
-5.5322679527559053
0
LINE
8
BLACK
6
CONTINUOUS
10
7.956297874015748
20
-5.5322679527559053
11
7.9570511811023623
21
-5.5321181102362207
0
LINE
8
BLACK
6
CONTINUOUS
10
7.9570511811023623
20
-5.5321181102362207
11
8.0062637795275595
21
-5.5321181102362207
0
LINE
8
BLACK
6
CONTINUOUS
10
8.0062637795275595
20
-5.5321181102362207
11
8.007017086614173
21
-5.5322679527559053
0
LINE
8
BLACK
6
CONTINUOUS
10
7.9590196850393697
20
-5.5360551181102364
11
7.9590196850393697
21
-5.6108582677165355
0
LINE
8
BLACK
6
CONTINUOUS
10
7.9590196850393697
20
-5.6108582677165355
11
8.0042952755905503
21
-5.6108582677165355
0
LINE
8
BLACK
6
CONTINUOUS
10
8.0042952755905503
20
-5.6108582677165355
11
8.0042952755905503
21
-5.5360551181102364
0
LINE
8
BLACK
6
CONTINUOUS
10
8.0042952755905503
20
-5.5360551181102364
11
7.9590196850393697
21
-5.5360551181102364
  0
ENDSEC
  0
EOF
