  0
SECTION
  2
HEADER
  9
$ANGBASE
  50
0.0
  9
$ANGDIR
  70
1
  9
$MEASUREMENT
  70
0
  0
ENDSEC
  0
SECTION
  2
TABLES
  0
TABLE
  2
LTYPE
  70
4
  0
LTYPE
  5
40F
  2
CONTINUOUS
  70
0
  3
Solid line
  72
65
  73
0
  40
0.0
  0
LTYPE
  5
410
  2
DASHDOT
 70
0
  3
Dash Dot ____ _ ____ _
 72
65
 73
4
 40
2.0
 49
1.25
 49
-0.25
 49
0.25
 49
-0.25
  0
LTYPE
  5
411
  2
DASHED
 70
0
  3
Dashed __ __ __ __ __
 72
65
 73
2
 40
0.75
 49
0.5
 49
-0.25
  0
LTYPE
  5
43B
  2
DOTTED
 70
0
  3
Dotted .  .  .  .
 72
65
 73
2
 40
0.2
 49
0.0
 49
-0.2
  0
ENDTAB
  0
TABLE
  2
STYLE
  70
4
  0
STYLE
  2
KICAD
  70
0
  40
0
  41
1
  42
1
  50
0
  71
0
  3
isocp.shx
  0
STYLE
  2
KICADB
  70
0
  40
0
  41
1
  42
1
  50
0
  71
0
  3
isocp.shx
  0
STYLE
  2
KICADI
  70
0
  40
0
  41
1
  42
1
  50
15
  71
0
  3
isocp.shx
  0
STYLE
  2
KICADBI
  70
0
  40
0
  41
1
  42
1
  50
15
  71
0
  3
isocp.shx
  0
ENDTAB
  0
TABLE
  2
LAYER
  70
1
  0
LAYER
  2
BLACK
  70
0
  62
7
  6
CONTINUOUS
  0
ENDTAB
  0
ENDSEC
  0
SECTION
  2
ENTITIES
0
LINE
8
BLACK
6
CONTINUOUS
10
3.7536876771653542
20
-8.9898701968503936
11
3.7542203543307084
21
-8.9904028740157482
0
LINE
8
BLACK
6
CONTINUOUS
10
3.7542203543307084
20
-8.9904028740157482
11
3.7542952755905512
21
-8.9907795275590541
0
LINE
8
BLACK
6
CONTINUOUS
10
3.7542952755905512
20
-8.9907795275590541
11
3.7542952755905512
21
-9.124637795275591
0
LINE
8
BLACK
6
CONTINUOUS
10
3.7542952755905512
20
-9.124637795275591
11
3.7542203543307084
21
-9.1250144488188969
0
LINE
8
BLACK
6
CONTINUOUS
10
3.7542203543307084
20
-9.1250144488188969
11
3.7536876771653542
21
-9.1255471259842516
0
LINE
8
BLACK
6
CONTINUOUS
10
3.7536876771653542
20
-9.1255471259842516
11
3.753311023622047
21
-9.1256220472440948
0
LINE
8
BLACK
6
CONTINUOUS
10
3.753311023622047
20
-9.1256220472440948
11
3.6155157480314961
21
-9.1256220472440948
0
LINE
8
BLACK
6
CONTINUOUS
10
3.6155157480314961
20
-9.1256220472440948
11
3.6151390944881889
21
-9.1255471259842516
0
LINE
8
BLACK
6
CONTINUOUS
10
3.6151390944881889
20
-9.1255471259842516
11
3.6146064173228347
21
-9.1250144488188969
0
LINE
8
BLACK
6
CONTINUOUS
10
3.6146064173228347
20
-9.1250144488188969
11
3.614531496062992
21
-9.124637795275591
0
LINE
8
BLACK
6
CONTINUOUS
10
3.614531496062992
20
-9.124637795275591
11
3.614531496062992
21
-8.9907795275590541
0
LINE
8
BLACK
6
CONTINUOUS
10
3.614531496062992
20
-8.9907795275590541
11
3.6146064173228347
21
-8.9904028740157482
0
LINE
8
BLACK
6
CONTINUOUS
10
3.6146064173228347
20
-8.9904028740157482
11
3.6151390944881889
21
-8.9898701968503936
0
LINE
8
BLACK
6
CONTINUOUS
10
3.6151390944881889
20
-8.9898701968503936
11
3.6155157480314961
21
-8.9897952755905504
0
LINE
8
BLACK
6
CONTINUOUS
10
3.6155157480314961
20
-8.9897952755905504
11
3.753311023622047
21
-8.9897952755905504
0
LINE
8
BLACK
6
CONTINUOUS
10
3.753311023622047
20
-8.9897952755905504
11
3.7536876771653542
21
-8.9898701968503936
0
LINE
8
BLACK
6
CONTINUOUS
10
3.6164999999999998
20
-8.9917637795275596
11
3.6164999999999998
21
-9.1236535433070856
0
LINE
8
BLACK
6
CONTINUOUS
10
3.6164999999999998
20
-9.1236535433070856
11
3.7523267716535433
21
-9.1236535433070856
0
LINE
8
BLACK
6
CONTINUOUS
10
3.7523267716535433
20
-9.1236535433070856
11
3.7523267716535433
21
-8.9917637795275596
0
LINE
8
BLACK
6
CONTINUOUS
10
3.7523267716535433
20
-8.9917637795275596
11
3.6164999999999998
21
-8.9917637795275596
0
LINE
8
BLACK
6
CONTINUOUS
10
3.9328215354330709
20
-8.9898701968503936
11
3.9333542125984251
21
-8.9904028740157482
0
LINE
8
BLACK
6
CONTINUOUS
10
3.9333542125984251
20
-8.9904028740157482
11
3.9334291338582674
21
-8.9907795275590541
0
LINE
8
BLACK
6
CONTINUOUS
10
3.9334291338582674
20
-8.9907795275590541
11
3.9334291338582674
21
-9.124637795275591
0
LINE
8
BLACK
6
CONTINUOUS
10
3.9334291338582674
20
-9.124637795275591
11
3.9333542125984251
21
-9.1250144488188969
0
LINE
8
BLACK
6
CONTINUOUS
10
3.9333542125984251
20
-9.1250144488188969
11
3.9328215354330709
21
-9.1255471259842516
0
LINE
8
BLACK
6
CONTINUOUS
10
3.9328215354330709
20
-9.1255471259842516
11
3.9324448818897637
21
-9.1256220472440948
0
LINE
8
BLACK
6
CONTINUOUS
10
3.9324448818897637
20
-9.1256220472440948
11
3.7946496062992123
21
-9.1256220472440948
0
LINE
8
BLACK
6
CONTINUOUS
10
3.7946496062992123
20
-9.1256220472440948
11
3.7942729527559056
21
-9.1255471259842516
0
LINE
8
BLACK
6
CONTINUOUS
10
3.7942729527559056
20
-9.1255471259842516
11
3.7937402755905509
21
-9.1250144488188969
0
LINE
8
BLACK
6
CONTINUOUS
10
3.7937402755905509
20
-9.1250144488188969
11
3.7936653543307086
21
-9.124637795275591
0
LINE
8
BLACK
6
CONTINUOUS
10
3.7936653543307086
20
-9.124637795275591
11
3.7936653543307086
21
-8.9907795275590541
0
LINE
8
BLACK
6
CONTINUOUS
10
3.7936653543307086
20
-8.9907795275590541
11
3.7937402755905509
21
-8.9904028740157482
0
LINE
8
BLACK
6
CONTINUOUS
10
3.7937402755905509
20
-8.9904028740157482
11
3.7942729527559056
21
-8.9898701968503936
0
LINE
8
BLACK
6
CONTINUOUS
10
3.7942729527559056
20
-8.9898701968503936
11
3.7946496062992123
21
-8.9897952755905504
0
LINE
8
BLACK
6
CONTINUOUS
10
3.7946496062992123
20
-8.9897952755905504
11
3.9324448818897637
21
-8.9897952755905504
0
LINE
8
BLACK
6
CONTINUOUS
10
3.9324448818897637
20
-8.9897952755905504
11
3.9328215354330709
21
-8.9898701968503936
0
LINE
8
BLACK
6
CONTINUOUS
10
3.7956338582677165
20
-8.9917637795275596
11
3.7956338582677165
21
-9.1236535433070856
0
LINE
8
BLACK
6
CONTINUOUS
10
3.7956338582677165
20
-9.1236535433070856
11
3.9314606299212596
21
-9.1236535433070856
0
LINE
8
BLACK
6
CONTINUOUS
10
3.9314606299212596
20
-9.1236535433070856
11
3.9314606299212596
21
-8.9917637795275596
0
LINE
8
BLACK
6
CONTINUOUS
10
3.9314606299212596
20
-8.9917637795275596
11
3.7956338582677165
21
-8.9917637795275596
0
LINE
8
BLACK
6
CONTINUOUS
10
11.210872716535432
20
-8.3422324015748028
11
11.2114053937007867
21
-8.3427650787401575
0
LINE
8
BLACK
6
CONTINUOUS
10
11.2114053937007867
20
-8.3427650787401575
11
11.2114803149606299
21
-8.3431417322834651
0
LINE
8
BLACK
6
CONTINUOUS
10
11.2114803149606299
20
-8.3431417322834651
11
11.2114803149606299
21
-8.5045590551181096
0
LINE
8
BLACK
6
CONTINUOUS
10
11.2114803149606299
20
-8.5045590551181096
11
11.2114053937007867
21
-8.5049357086614172
0
LINE
8
BLACK
6
CONTINUOUS
10
11.2114053937007867
20
-8.5049357086614172
11
11.210872716535432
21
-8.5054683858267719
0
LINE
8
BLACK
6
CONTINUOUS
10
11.210872716535432
20
-8.5054683858267719
11
11.2104960629921262
21
-8.5055433070866133
0
LINE
8
BLACK
6
CONTINUOUS
10
11.2104960629921262
20
-8.5055433070866133
11
11.076637795275591
21
-8.5055433070866133
0
LINE
8
BLACK
6
CONTINUOUS
10
11.076637795275591
20
-8.5055433070866133
11
11.0762611417322834
21
-8.5054683858267719
0
LINE
8
BLACK
6
CONTINUOUS
10
11.0762611417322834
20
-8.5054683858267719
11
11.0757284645669287
21
-8.5049357086614172
0
LINE
8
BLACK
6
CONTINUOUS
10
11.0757284645669287
20
-8.5049357086614172
11
11.0756535433070855
21
-8.5045590551181096
0
LINE
8
BLACK
6
CONTINUOUS
10
11.0756535433070855
20
-8.5045590551181096
11
11.0756535433070855
21
-8.3431417322834651
0
LINE
8
BLACK
6
CONTINUOUS
10
11.0756535433070855
20
-8.3431417322834651
11
11.0757284645669287
21
-8.3427650787401575
0
LINE
8
BLACK
6
CONTINUOUS
10
11.0757284645669287
20
-8.3427650787401575
11
11.0762611417322834
21
-8.3422324015748028
0
LINE
8
BLACK
6
CONTINUOUS
10
11.0762611417322834
20
-8.3422324015748028
11
11.076637795275591
21
-8.3421574803149596
0
LINE
8
BLACK
6
CONTINUOUS
10
11.076637795275591
20
-8.3421574803149596
11
11.2104960629921262
21
-8.3421574803149596
0
LINE
8
BLACK
6
CONTINUOUS
10
11.2104960629921262
20
-8.3421574803149596
11
11.210872716535432
21
-8.3422324015748028
0
LINE
8
BLACK
6
CONTINUOUS
10
11.0776220472440947
20
-8.3441259842519688
11
11.0776220472440947
21
-8.5035748031496059
0
LINE
8
BLACK
6
CONTINUOUS
10
11.0776220472440947
20
-8.5035748031496059
11
11.2095118110236225
21
-8.5035748031496059
0
LINE
8
BLACK
6
CONTINUOUS
10
11.2095118110236225
20
-8.5035748031496059
11
11.2095118110236225
21
-8.3441259842519688
0
LINE
8
BLACK
6
CONTINUOUS
10
11.2095118110236225
20
-8.3441259842519688
11
11.0776220472440947
21
-8.3441259842519688
0
LINE
8
BLACK
6
CONTINUOUS
10
11.3158924015748035
20
-8.3599489370078732
11
11.3164250787401564
21
-8.3604816141732279
0
LINE
8
BLACK
6
CONTINUOUS
10
11.3164250787401564
20
-8.3604816141732279
11
11.3164999999999996
21
-8.3608582677165355
0
LINE
8
BLACK
6
CONTINUOUS
10
11.3164999999999996
20
-8.3608582677165355
11
11.3164999999999996
21
-8.4947165354330707
0
LINE
8
BLACK
6
CONTINUOUS
10
11.3164999999999996
20
-8.4947165354330707
11
11.3164250787401564
21
-8.4950931889763783
0
LINE
8
BLACK
6
CONTINUOUS
10
11.3164250787401564
20
-8.4950931889763783
11
11.3158924015748035
21
-8.4956258661417312
0
LINE
8
BLACK
6
CONTINUOUS
10
11.3158924015748035
20
-8.4956258661417312
11
11.3155157480314958
21
-8.4957007874015744
0
LINE
8
BLACK
6
CONTINUOUS
10
11.3155157480314958
20
-8.4957007874015744
11
11.238350393700788
21
-8.4957007874015744
0
LINE
8
BLACK
6
CONTINUOUS
10
11.238350393700788
20
-8.4957007874015744
11
11.2379737401574804
21
-8.4956258661417312
0
LINE
8
BLACK
6
CONTINUOUS
10
11.2379737401574804
20
-8.4956258661417312
11
11.2374410629921258
21
-8.4950931889763783
0
LINE
8
BLACK
6
CONTINUOUS
10
11.2374410629921258
20
-8.4950931889763783
11
11.2373661417322825
21
-8.4947165354330707
0
LINE
8
BLACK
6
CONTINUOUS
10
11.2373661417322825
20
-8.4947165354330707
11
11.2373661417322825
21
-8.3608582677165355
0
LINE
8
BLACK
6
CONTINUOUS
10
11.2373661417322825
20
-8.3608582677165355
11
11.2374410629921258
21
-8.3604816141732279
0
LINE
8
BLACK
6
CONTINUOUS
10
11.2374410629921258
20
-8.3604816141732279
11
11.2379737401574804
21
-8.3599489370078732
0
LINE
8
BLACK
6
CONTINUOUS
10
11.2379737401574804
20
-8.3599489370078732
11
11.238350393700788
21
-8.3598740157480318
0
LINE
8
BLACK
6
CONTINUOUS
10
11.238350393700788
20
-8.3598740157480318
11
11.3155157480314958
21
-8.3598740157480318
0
LINE
8
BLACK
6
CONTINUOUS
10
11.3155157480314958
20
-8.3598740157480318
11
11.3158924015748035
21
-8.3599489370078732
0
LINE
8
BLACK
6
CONTINUOUS
10
11.2393346456692917
20
-8.3618425196850392
11
11.2393346456692917
21
-8.493732283464567
0
LINE
8
BLACK
6
CONTINUOUS
10
11.2393346456692917
20
-8.493732283464567
11
11.3145314960629921
21
-8.493732283464567
0
LINE
8
BLACK
6
CONTINUOUS
10
11.3145314960629921
20
-8.493732283464567
11
11.3145314960629921
21
-8.3618425196850392
0
LINE
8
BLACK
6
CONTINUOUS
10
11.3145314960629921
20
-8.3618425196850392
11
11.2393346456692917
21
-8.3618425196850392
0
LINE
8
BLACK
6
CONTINUOUS
10
8.289120748031495
20
-8.3501064173228343
11
8.2896534251968497
21
-8.350639094488189
0
LINE
8
BLACK
6
CONTINUOUS
10
8.2896534251968497
20
-8.350639094488189
11
8.2897283464566929
21
-8.3510157480314966
0
LINE
8
BLACK
6
CONTINUOUS
10
8.2897283464566929
20
-8.3510157480314966
11
8.2897283464566929
21
-8.4415669291338578
0
LINE
8
BLACK
6
CONTINUOUS
10
8.2897283464566929
20
-8.4415669291338578
11
8.2896534251968497
21
-8.4419435826771654
0
LINE
8
BLACK
6
CONTINUOUS
10
8.2896534251968497
20
-8.4419435826771654
11
8.289120748031495
21
-8.44247625984252
0
LINE
8
BLACK
6
CONTINUOUS
10
8.289120748031495
20
-8.44247625984252
11
8.2887440944881892
21
-8.4425511811023615
0
LINE
8
BLACK
6
CONTINUOUS
10
8.2887440944881892
20
-8.4425511811023615
11
8.1037047244094484
21
-8.4425511811023615
0
LINE
8
BLACK
6
CONTINUOUS
10
8.1037047244094484
20
-8.4425511811023615
11
8.1033280708661408
21
-8.44247625984252
0
LINE
8
BLACK
6
CONTINUOUS
10
8.1033280708661408
20
-8.44247625984252
11
8.1027953937007879
21
-8.4419435826771654
0
LINE
8
BLACK
6
CONTINUOUS
10
8.1027953937007879
20
-8.4419435826771654
11
8.1027204724409447
21
-8.4415669291338578
0
LINE
8
BLACK
6
CONTINUOUS
10
8.1027204724409447
20
-8.4415669291338578
11
8.1027204724409447
21
-8.3510157480314966
0
LINE
8
BLACK
6
CONTINUOUS
10
8.1027204724409447
20
-8.3510157480314966
11
8.1027953937007879
21
-8.350639094488189
0
LINE
8
BLACK
6
CONTINUOUS
10
8.1027953937007879
20
-8.350639094488189
11
8.1033280708661408
21
-8.3501064173228343
0
LINE
8
BLACK
6
CONTINUOUS
10
8.1033280708661408
20
-8.3501064173228343
11
8.1037047244094484
21
-8.3500314960629911
0
LINE
8
BLACK
6
CONTINUOUS
10
8.1037047244094484
20
-8.3500314960629911
11
8.2887440944881892
21
-8.3500314960629911
0
LINE
8
BLACK
6
CONTINUOUS
10
8.2887440944881892
20
-8.3500314960629911
11
8.289120748031495
21
-8.3501064173228343
0
LINE
8
BLACK
6
CONTINUOUS
10
8.1046889763779522
20
-8.3520000000000003
11
8.1046889763779522
21
-8.440582677165354
0
LINE
8
BLACK
6
CONTINUOUS
10
8.1046889763779522
20
-8.440582677165354
11
8.2877598425196854
21
-8.440582677165354
0
LINE
8
BLACK
6
CONTINUOUS
10
8.2877598425196854
20
-8.440582677165354
11
8.2877598425196854
21
-8.3520000000000003
0
LINE
8
BLACK
6
CONTINUOUS
10
8.2877598425196854
20
-8.3520000000000003
11
8.1046889763779522
21
-8.3520000000000003
0
LINE
8
BLACK
6
CONTINUOUS
10
8.3903018503937012
20
-8.3363268897637788
11
8.3908345275590541
21
-8.3368595669291334
0
LINE
8
BLACK
6
CONTINUOUS
10
8.3908345275590541
20
-8.3368595669291334
11
8.3909094488188973
21
-8.3372362204724411
0
LINE
8
BLACK
6
CONTINUOUS
10
8.3909094488188973
20
-8.3372362204724411
11
8.3909094488188973
21
-8.4632204724409448
0
LINE
8
BLACK
6
CONTINUOUS
10
8.3909094488188973
20
-8.4632204724409448
11
8.3908345275590541
21
-8.4635971259842524
0
LINE
8
BLACK
6
CONTINUOUS
10
8.3908345275590541
20
-8.4635971259842524
11
8.3903018503937012
21
-8.4641298031496053
0
LINE
8
BLACK
6
CONTINUOUS
10
8.3903018503937012
20
-8.4641298031496053
11
8.3899251968503936
21
-8.4642047244094485
0
LINE
8
BLACK
6
CONTINUOUS
10
8.3899251968503936
20
-8.4642047244094485
11
7.9993740157480318
21
-8.4642047244094485
0
LINE
8
BLACK
6
CONTINUOUS
10
7.9993740157480318
20
-8.4642047244094485
11
7.9989973622047241
21
-8.4641298031496053
0
LINE
8
BLACK
6
CONTINUOUS
10
7.9989973622047241
20
-8.4641298031496053
11
7.9984646850393695
21
-8.4635971259842524
0
LINE
8
BLACK
6
CONTINUOUS
10
7.9984646850393695
20
-8.4635971259842524
11
7.9983897637795272
21
-8.4632204724409448
0
LINE
8
BLACK
6
CONTINUOUS
10
7.9983897637795272
20
-8.4632204724409448
11
7.9983897637795272
21
-8.3372362204724411
0
LINE
8
BLACK
6
CONTINUOUS
10
7.9983897637795272
20
-8.3372362204724411
11
7.9984646850393695
21
-8.3368595669291334
0
LINE
8
BLACK
6
CONTINUOUS
10
7.9984646850393695
20
-8.3368595669291334
11
7.9989973622047241
21
-8.3363268897637788
0
LINE
8
BLACK
6
CONTINUOUS
10
7.9989973622047241
20
-8.3363268897637788
11
7.9993740157480318
21
-8.3362519685039373
0
LINE
8
BLACK
6
CONTINUOUS
10
7.9993740157480318
20
-8.3362519685039373
11
8.3899251968503936
21
-8.3362519685039373
0
LINE
8
BLACK
6
CONTINUOUS
10
8.3899251968503936
20
-8.3362519685039373
11
8.3903018503937012
21
-8.3363268897637788
0
LINE
8
BLACK
6
CONTINUOUS
10
8.0003582677165355
20
-8.3382204724409448
11
8.0003582677165355
21
-8.4622362204724411
0
LINE
8
BLACK
6
CONTINUOUS
10
8.0003582677165355
20
-8.4622362204724411
11
8.3889409448818899
21
-8.4622362204724411
0
LINE
8
BLACK
6
CONTINUOUS
10
8.3889409448818899
20
-8.4622362204724411
11
8.3889409448818899
21
-8.3382204724409448
0
LINE
8
BLACK
6
CONTINUOUS
10
8.3889409448818899
20
-8.3382204724409448
11
8.0003582677165355
21
-8.3382204724409448
0
LINE
8
BLACK
6
CONTINUOUS
10
11.3816404330708654
20
-8.2083741338582676
11
11.38217311023622
21
-8.2089068110236223
0
LINE
8
BLACK
6
CONTINUOUS
10
11.38217311023622
20
-8.2089068110236223
11
11.3822480314960632
21
-8.2092834645669281
0
LINE
8
BLACK
6
CONTINUOUS
10
11.3822480314960632
20
-8.2092834645669281
11
11.3822480314960632
21
-8.34707874015748
0
LINE
8
BLACK
6
CONTINUOUS
10
11.3822480314960632
20
-8.34707874015748
11
11.38217311023622
21
-8.3474553937007876
0
LINE
8
BLACK
6
CONTINUOUS
10
11.38217311023622
20
-8.3474553937007876
11
11.3816404330708654
21
-8.3479880708661423
0
LINE
8
BLACK
6
CONTINUOUS
10
11.3816404330708654
20
-8.3479880708661423
11
11.3812637795275595
21
-8.3480629921259837
0
LINE
8
BLACK
6
CONTINUOUS
10
11.3812637795275595
20
-8.3480629921259837
11
11.2474055118110225
21
-8.3480629921259837
0
LINE
8
BLACK
6
CONTINUOUS
10
11.2474055118110225
20
-8.3480629921259837
11
11.2470288582677167
21
-8.3479880708661423
0
LINE
8
BLACK
6
CONTINUOUS
10
11.2470288582677167
20
-8.3479880708661423
11
11.246496181102362
21
-8.3474553937007876
0
LINE
8
BLACK
6
CONTINUOUS
10
11.246496181102362
20
-8.3474553937007876
11
11.2464212598425188
21
-8.34707874015748
0
LINE
8
BLACK
6
CONTINUOUS
10
11.2464212598425188
20
-8.34707874015748
11
11.2464212598425188
21
-8.2092834645669281
0
LINE
8
BLACK
6
CONTINUOUS
10
11.2464212598425188
20
-8.2092834645669281
11
11.246496181102362
21
-8.2089068110236223
0
LINE
8
BLACK
6
CONTINUOUS
10
11.246496181102362
20
-8.2089068110236223
11
11.2470288582677167
21
-8.2083741338582676
0
LINE
8
BLACK
6
CONTINUOUS
10
11.2470288582677167
20
-8.2083741338582676
11
11.2474055118110225
21
-8.2082992125984244
0
LINE
8
BLACK
6
CONTINUOUS
10
11.2474055118110225
20
-8.2082992125984244
11
11.3812637795275595
21
-8.2082992125984244
0
LINE
8
BLACK
6
CONTINUOUS
10
11.3812637795275595
20
-8.2082992125984244
11
11.3816404330708654
21
-8.2083741338582676
0
LINE
8
BLACK
6
CONTINUOUS
10
11.248389763779528
20
-8.2102677165354336
11
11.248389763779528
21
-8.3460944881889763
0
LINE
8
BLACK
6
CONTINUOUS
10
11.248389763779528
20
-8.3460944881889763
11
11.380279527559054
21
-8.3460944881889763
0
LINE
8
BLACK
6
CONTINUOUS
10
11.380279527559054
20
-8.3460944881889763
11
11.380279527559054
21
-8.2102677165354336
0
LINE
8
BLACK
6
CONTINUOUS
10
11.380279527559054
20
-8.2102677165354336
11
11.248389763779528
21
-8.2102677165354336
0
LINE
8
BLACK
6
CONTINUOUS
10
8.922979015748032
20
-8.2182166535433065
11
8.9235116929133849
21
-8.2187493307086612
0
LINE
8
BLACK
6
CONTINUOUS
10
8.9235116929133849
20
-8.2187493307086612
11
8.9235866141732281
21
-8.2191259842519688
0
LINE
8
BLACK
6
CONTINUOUS
10
8.9235866141732281
20
-8.2191259842519688
11
8.9235866141732281
21
-8.30967716535433
0
LINE
8
BLACK
6
CONTINUOUS
10
8.9235866141732281
20
-8.30967716535433
11
8.9235116929133849
21
-8.3100538188976376
0
LINE
8
BLACK
6
CONTINUOUS
10
8.9235116929133849
20
-8.3100538188976376
11
8.922979015748032
21
-8.3105864960629923
0
LINE
8
BLACK
6
CONTINUOUS
10
8.922979015748032
20
-8.3105864960629923
11
8.9226023622047244
21
-8.3106614173228337
0
LINE
8
BLACK
6
CONTINUOUS
10
8.9226023622047244
20
-8.3106614173228337
11
8.7375629921259836
21
-8.3106614173228337
0
LINE
8
BLACK
6
CONTINUOUS
10
8.7375629921259836
20
-8.3106614173228337
11
8.7371863385826778
21
-8.3105864960629923
0
LINE
8
BLACK
6
CONTINUOUS
10
8.7371863385826778
20
-8.3105864960629923
11
8.7366536614173231
21
-8.3100538188976376
0
LINE
8
BLACK
6
CONTINUOUS
10
8.7366536614173231
20
-8.3100538188976376
11
8.7365787401574799
21
-8.30967716535433
0
LINE
8
BLACK
6
CONTINUOUS
10
8.7365787401574799
20
-8.30967716535433
11
8.7365787401574799
21
-8.2191259842519688
0
LINE
8
BLACK
6
CONTINUOUS
10
8.7365787401574799
20
-8.2191259842519688
11
8.7366536614173231
21
-8.2187493307086612
0
LINE
8
BLACK
6
CONTINUOUS
10
8.7366536614173231
20
-8.2187493307086612
11
8.7371863385826778
21
-8.2182166535433065
0
LINE
8
BLACK
6
CONTINUOUS
10
8.7371863385826778
20
-8.2182166535433065
11
8.7375629921259836
21
-8.2181417322834651
0
LINE
8
BLACK
6
CONTINUOUS
10
8.7375629921259836
20
-8.2181417322834651
11
8.9226023622047244
21
-8.2181417322834651
0
LINE
8
BLACK
6
CONTINUOUS
10
8.9226023622047244
20
-8.2181417322834651
11
8.922979015748032
21
-8.2182166535433065
0
LINE
8
BLACK
6
CONTINUOUS
10
8.7385472440944874
20
-8.2201102362204725
11
8.7385472440944874
21
-8.3086929133858263
0
LINE
8
BLACK
6
CONTINUOUS
10
8.7385472440944874
20
-8.3086929133858263
11
8.9216181102362206
21
-8.3086929133858263
0
LINE
8
BLACK
6
CONTINUOUS
10
8.9216181102362206
20
-8.3086929133858263
11
8.9216181102362206
21
-8.2201102362204725
0
LINE
8
BLACK
6
CONTINUOUS
10
8.9216181102362206
20
-8.2201102362204725
11
8.7385472440944874
21
-8.2201102362204725
0
LINE
8
BLACK
6
CONTINUOUS
10
9.0241601181102364
20
-8.204437125984251
11
9.0246927952755911
21
-8.2049698031496057
0
LINE
8
BLACK
6
CONTINUOUS
10
9.0246927952755911
20
-8.2049698031496057
11
9.0247677165354325
21
-8.2053464566929133
0
LINE
8
BLACK
6
CONTINUOUS
10
9.0247677165354325
20
-8.2053464566929133
11
9.0247677165354325
21
-8.331330708661417
0
LINE
8
BLACK
6
CONTINUOUS
10
9.0247677165354325
20
-8.331330708661417
11
9.0246927952755911
21
-8.3317073622047246
0
LINE
8
BLACK
6
CONTINUOUS
10
9.0246927952755911
20
-8.3317073622047246
11
9.0241601181102364
21
-8.3322400393700793
0
LINE
8
BLACK
6
CONTINUOUS
10
9.0241601181102364
20
-8.3322400393700793
11
9.0237834645669288
21
-8.3323149606299207
0
LINE
8
BLACK
6
CONTINUOUS
10
9.0237834645669288
20
-8.3323149606299207
11
8.6332322834645669
21
-8.3323149606299207
0
LINE
8
BLACK
6
CONTINUOUS
10
8.6332322834645669
20
-8.3323149606299207
11
8.6328556299212593
21
-8.3322400393700793
0
LINE
8
BLACK
6
CONTINUOUS
10
8.6328556299212593
20
-8.3322400393700793
11
8.6323229527559047
21
-8.3317073622047246
0
LINE
8
BLACK
6
CONTINUOUS
10
8.6323229527559047
20
-8.3317073622047246
11
8.6322480314960632
21
-8.331330708661417
0
LINE
8
BLACK
6
CONTINUOUS
10
8.6322480314960632
20
-8.331330708661417
11
8.6322480314960632
21
-8.2053464566929133
0
LINE
8
BLACK
6
CONTINUOUS
10
8.6322480314960632
20
-8.2053464566929133
11
8.6323229527559047
21
-8.2049698031496057
0
LINE
8
BLACK
6
CONTINUOUS
10
8.6323229527559047
20
-8.2049698031496057
11
8.6328556299212593
21
-8.204437125984251
0
LINE
8
BLACK
6
CONTINUOUS
10
8.6328556299212593
20
-8.204437125984251
11
8.6332322834645669
21
-8.2043622047244096
0
LINE
8
BLACK
6
CONTINUOUS
10
8.6332322834645669
20
-8.2043622047244096
11
9.0237834645669288
21
-8.2043622047244096
0
LINE
8
BLACK
6
CONTINUOUS
10
9.0237834645669288
20
-8.2043622047244096
11
9.0241601181102364
21
-8.204437125984251
0
LINE
8
BLACK
6
CONTINUOUS
10
8.6342165354330707
20
-8.206330708661417
11
8.6342165354330707
21
-8.3303464566929133
0
LINE
8
BLACK
6
CONTINUOUS
10
8.6342165354330707
20
-8.3303464566929133
11
9.0227992125984251
21
-8.3303464566929133
0
LINE
8
BLACK
6
CONTINUOUS
10
9.0227992125984251
20
-8.3303464566929133
11
9.0227992125984251
21
-8.206330708661417
0
LINE
8
BLACK
6
CONTINUOUS
10
9.0227992125984251
20
-8.206330708661417
11
8.6342165354330707
21
-8.206330708661417
0
LINE
8
BLACK
6
CONTINUOUS
10
10.9406955511811024
20
-8.1867205905511806
11
10.941228228346457
21
-8.1872532677165353
0
LINE
8
BLACK
6
CONTINUOUS
10
10.941228228346457
20
-8.1872532677165353
11
10.9413031496062985
21
-8.1876299212598429
0
LINE
8
BLACK
6
CONTINUOUS
10
10.9413031496062985
20
-8.1876299212598429
11
10.9413031496062985
21
-8.325425196850393
0
LINE
8
BLACK
6
CONTINUOUS
10
10.9413031496062985
20
-8.325425196850393
11
10.941228228346457
21
-8.3258018503937006
0
LINE
8
BLACK
6
CONTINUOUS
10
10.941228228346457
20
-8.3258018503937006
11
10.9406955511811024
21
-8.3263345275590552
0
LINE
8
BLACK
6
CONTINUOUS
10
10.9406955511811024
20
-8.3263345275590552
11
10.9403188976377947
21
-8.3264094488188967
0
LINE
8
BLACK
6
CONTINUOUS
10
10.9403188976377947
20
-8.3264094488188967
11
10.8025236220472447
21
-8.3264094488188967
0
LINE
8
BLACK
6
CONTINUOUS
10
10.8025236220472447
20
-8.3264094488188967
11
10.8021469685039371
21
-8.3263345275590552
0
LINE
8
BLACK
6
CONTINUOUS
10
10.8021469685039371
20
-8.3263345275590552
11
10.8016142913385824
21
-8.3258018503937006
0
LINE
8
BLACK
6
CONTINUOUS
10
10.8016142913385824
20
-8.3258018503937006
11
10.8015393700787392
21
-8.325425196850393
0
LINE
8
BLACK
6
CONTINUOUS
10
10.8015393700787392
20
-8.325425196850393
11
10.8015393700787392
21
-8.1876299212598429
0
LINE
8
BLACK
6
CONTINUOUS
10
10.8015393700787392
20
-8.1876299212598429
11
10.8016142913385824
21
-8.1872532677165353
0
LINE
8
BLACK
6
CONTINUOUS
10
10.8016142913385824
20
-8.1872532677165353
11
10.8021469685039371
21
-8.1867205905511806
0
LINE
8
BLACK
6
CONTINUOUS
10
10.8021469685039371
20
-8.1867205905511806
11
10.8025236220472447
21
-8.1866456692913392
0
LINE
8
BLACK
6
CONTINUOUS
10
10.8025236220472447
20
-8.1866456692913392
11
10.9403188976377947
21
-8.1866456692913392
0
LINE
8
BLACK
6
CONTINUOUS
10
10.9403188976377947
20
-8.1866456692913392
11
10.9406955511811024
21
-8.1867205905511806
0
LINE
8
BLACK
6
CONTINUOUS
10
10.8035078740157484
20
-8.1886141732283466
11
10.8035078740157484
21
-8.3244409448818892
0
LINE
8
BLACK
6
CONTINUOUS
10
10.8035078740157484
20
-8.3244409448818892
11
10.939334645669291
21
-8.3244409448818892
0
LINE
8
BLACK
6
CONTINUOUS
10
10.939334645669291
20
-8.3244409448818892
11
10.939334645669291
21
-8.1886141732283466
0
LINE
8
BLACK
6
CONTINUOUS
10
10.939334645669291
20
-8.1886141732283466
11
10.8035078740157484
21
-8.1886141732283466
0
LINE
8
BLACK
6
CONTINUOUS
10
11.2194357086614165
20
-8.1906575984251972
11
11.2199683858267711
21
-8.1911902755905501
0
LINE
8
BLACK
6
CONTINUOUS
10
11.2199683858267711
20
-8.1911902755905501
11
11.2200433070866143
21
-8.1915669291338578
0
LINE
8
BLACK
6
CONTINUOUS
10
11.2200433070866143
20
-8.1915669291338578
11
11.2200433070866143
21
-8.325425196850393
0
LINE
8
BLACK
6
CONTINUOUS
10
11.2200433070866143
20
-8.325425196850393
11
11.2199683858267711
21
-8.3258018503937006
0
LINE
8
BLACK
6
CONTINUOUS
10
11.2199683858267711
20
-8.3258018503937006
11
11.2194357086614165
21
-8.3263345275590552
0
LINE
8
BLACK
6
CONTINUOUS
10
11.2194357086614165
20
-8.3263345275590552
11
11.2190590551181106
21
-8.3264094488188967
0
LINE
8
BLACK
6
CONTINUOUS
10
11.2190590551181106
20
-8.3264094488188967
11
11.141893700787401
21
-8.3264094488188967
0
LINE
8
BLACK
6
CONTINUOUS
10
11.141893700787401
20
-8.3264094488188967
11
11.1415170472440934
21
-8.3263345275590552
0
LINE
8
BLACK
6
CONTINUOUS
10
11.1415170472440934
20
-8.3263345275590552
11
11.1409843700787405
21
-8.3258018503937006
0
LINE
8
BLACK
6
CONTINUOUS
10
11.1409843700787405
20
-8.3258018503937006
11
11.1409094488188973
21
-8.325425196850393
0
LINE
8
BLACK
6
CONTINUOUS
10
11.1409094488188973
20
-8.325425196850393
11
11.1409094488188973
21
-8.1915669291338578
0
LINE
8
BLACK
6
CONTINUOUS
10
11.1409094488188973
20
-8.1915669291338578
11
11.1409843700787405
21
-8.1911902755905501
0
LINE
8
BLACK
6
CONTINUOUS
10
11.1409843700787405
20
-8.1911902755905501
11
11.1415170472440934
21
-8.1906575984251972
0
LINE
8
BLACK
6
CONTINUOUS
10
11.1415170472440934
20
-8.1906575984251972
11
11.141893700787401
21
-8.190582677165354
0
LINE
8
BLACK
6
CONTINUOUS
10
11.141893700787401
20
-8.190582677165354
11
11.2190590551181106
21
-8.190582677165354
0
LINE
8
BLACK
6
CONTINUOUS
10
11.2190590551181106
20
-8.190582677165354
11
11.2194357086614165
21
-8.1906575984251972
0
LINE
8
BLACK
6
CONTINUOUS
10
11.1428779527559048
20
-8.1925511811023615
11
11.1428779527559048
21
-8.3244409448818892
0
LINE
8
BLACK
6
CONTINUOUS
10
11.1428779527559048
20
-8.3244409448818892
11
11.2180748031496069
21
-8.3244409448818892
0
LINE
8
BLACK
6
CONTINUOUS
10
11.2180748031496069
20
-8.3244409448818892
11
11.2180748031496069
21
-8.1925511811023615
0
LINE
8
BLACK
6
CONTINUOUS
10
11.2180748031496069
20
-8.1925511811023615
11
11.1428779527559048
21
-8.1925511811023615
0
LINE
8
BLACK
6
CONTINUOUS
10
7.8599868897637792
20
-8.1867205905511806
11
7.8605195669291339
21
-8.1872532677165353
0
LINE
8
BLACK
6
CONTINUOUS
10
7.8605195669291339
20
-8.1872532677165353
11
7.8605944881889762
21
-8.1876299212598429
0
LINE
8
BLACK
6
CONTINUOUS
10
7.8605944881889762
20
-8.1876299212598429
11
7.8605944881889762
21
-8.2781811023622041
0
LINE
8
BLACK
6
CONTINUOUS
10
7.8605944881889762
20
-8.2781811023622041
11
7.8605195669291339
21
-8.2785577559055117
0
LINE
8
BLACK
6
CONTINUOUS
10
7.8605195669291339
20
-8.2785577559055117
11
7.8599868897637792
21
-8.2790904330708663
0
LINE
8
BLACK
6
CONTINUOUS
10
7.8599868897637792
20
-8.2790904330708663
11
7.8596102362204725
21
-8.2791653543307078
0
LINE
8
BLACK
6
CONTINUOUS
10
7.8596102362204725
20
-8.2791653543307078
11
7.6745708661417318
21
-8.2791653543307078
0
LINE
8
BLACK
6
CONTINUOUS
10
7.6745708661417318
20
-8.2791653543307078
11
7.674194212598425
21
-8.2790904330708663
0
LINE
8
BLACK
6
CONTINUOUS
10
7.674194212598425
20
-8.2790904330708663
11
7.6736615354330704
21
-8.2785577559055117
0
LINE
8
BLACK
6
CONTINUOUS
10
7.6736615354330704
20
-8.2785577559055117
11
7.6735866141732281
21
-8.2781811023622041
0
LINE
8
BLACK
6
CONTINUOUS
10
7.6735866141732281
20
-8.2781811023622041
11
7.6735866141732281
21
-8.1876299212598429
0
LINE
8
BLACK
6
CONTINUOUS
10
7.6735866141732281
20
-8.1876299212598429
11
7.6736615354330704
21
-8.1872532677165353
0
LINE
8
BLACK
6
CONTINUOUS
10
7.6736615354330704
20
-8.1872532677165353
11
7.674194212598425
21
-8.1867205905511806
0
LINE
8
BLACK
6
CONTINUOUS
10
7.674194212598425
20
-8.1867205905511806
11
7.6745708661417318
21
-8.1866456692913392
0
LINE
8
BLACK
6
CONTINUOUS
10
7.6745708661417318
20
-8.1866456692913392
11
7.8596102362204725
21
-8.1866456692913392
0
LINE
8
BLACK
6
CONTINUOUS
10
7.8596102362204725
20
-8.1866456692913392
11
7.8599868897637792
21
-8.1867205905511806
0
LINE
8
BLACK
6
CONTINUOUS
10
7.6755551181102364
20
-8.1886141732283466
11
7.6755551181102364
21
-8.2771968503937003
0
LINE
8
BLACK
6
CONTINUOUS
10
7.6755551181102364
20
-8.2771968503937003
11
7.8586259842519679
21
-8.2771968503937003
0
LINE
8
BLACK
6
CONTINUOUS
10
7.8586259842519679
20
-8.2771968503937003
11
7.8586259842519679
21
-8.1886141732283466
0
LINE
8
BLACK
6
CONTINUOUS
10
7.8586259842519679
20
-8.1886141732283466
11
7.6755551181102364
21
-8.1886141732283466
0
LINE
8
BLACK
6
CONTINUOUS
10
7.9611679921259837
20
-8.1729410629921251
11
7.9617006692913384
21
-8.1734737401574797
0
LINE
8
BLACK
6
CONTINUOUS
10
7.9617006692913384
20
-8.1734737401574797
11
7.9617755905511807
21
-8.1738503937007874
0
LINE
8
BLACK
6
CONTINUOUS
10
7.9617755905511807
20
-8.1738503937007874
11
7.9617755905511807
21
-8.2998346456692911
0
LINE
8
BLACK
6
CONTINUOUS
10
7.9617755905511807
20
-8.2998346456692911
11
7.9617006692913384
21
-8.3002112992125987
0
LINE
8
BLACK
6
CONTINUOUS
10
7.9617006692913384
20
-8.3002112992125987
11
7.9611679921259837
21
-8.3007439763779534
0
LINE
8
BLACK
6
CONTINUOUS
10
7.9611679921259837
20
-8.3007439763779534
11
7.960791338582677
21
-8.3008188976377948
0
LINE
8
BLACK
6
CONTINUOUS
10
7.960791338582677
20
-8.3008188976377948
11
7.5702401574803151
21
-8.3008188976377948
0
LINE
8
BLACK
6
CONTINUOUS
10
7.5702401574803151
20
-8.3008188976377948
11
7.5698635039370075
21
-8.3007439763779534
0
LINE
8
BLACK
6
CONTINUOUS
10
7.5698635039370075
20
-8.3007439763779534
11
7.5693308267716537
21
-8.3002112992125987
0
LINE
8
BLACK
6
CONTINUOUS
10
7.5693308267716537
20
-8.3002112992125987
11
7.5692559055118105
21
-8.2998346456692911
0
LINE
8
BLACK
6
CONTINUOUS
10
7.5692559055118105
20
-8.2998346456692911
11
7.5692559055118105
21
-8.1738503937007874
0
LINE
8
BLACK
6
CONTINUOUS
10
7.5692559055118105
20
-8.1738503937007874
11
7.5693308267716537
21
-8.1734737401574797
0
LINE
8
BLACK
6
CONTINUOUS
10
7.5693308267716537
20
-8.1734737401574797
11
7.5698635039370075
21
-8.1729410629921251
0
LINE
8
BLACK
6
CONTINUOUS
10
7.5698635039370075
20
-8.1729410629921251
11
7.5702401574803151
21
-8.1728661417322837
0
LINE
8
BLACK
6
CONTINUOUS
10
7.5702401574803151
20
-8.1728661417322837
11
7.960791338582677
21
-8.1728661417322837
0
LINE
8
BLACK
6
CONTINUOUS
10
7.960791338582677
20
-8.1728661417322837
11
7.9611679921259837
21
-8.1729410629921251
0
LINE
8
BLACK
6
CONTINUOUS
10
7.5712244094488188
20
-8.1748346456692911
11
7.5712244094488188
21
-8.2988503937007874
0
LINE
8
BLACK
6
CONTINUOUS
10
7.5712244094488188
20
-8.2988503937007874
11
7.9598070866141732
21
-8.2988503937007874
0
LINE
8
BLACK
6
CONTINUOUS
10
7.9598070866141732
20
-8.2988503937007874
11
7.9598070866141732
21
-8.1748346456692911
0
LINE
8
BLACK
6
CONTINUOUS
10
7.9598070866141732
20
-8.1748346456692911
11
7.5712244094488188
21
-8.1748346456692911
0
LINE
8
BLACK
6
CONTINUOUS
10
2.7532939763779525
20
-8.0272717716535436
11
2.7538266535433071
21
-8.0278044488188982
0
LINE
8
BLACK
6
CONTINUOUS
10
2.7538266535433071
20
-8.0278044488188982
11
2.7539015748031495
21
-8.0281811023622041
0
LINE
8
BLACK
6
CONTINUOUS
10
2.7539015748031495
20
-8.0281811023622041
11
2.7539015748031495
21
-8.1659763779527559
0
LINE
8
BLACK
6
CONTINUOUS
10
2.7539015748031495
20
-8.1659763779527559
11
2.7538266535433071
21
-8.1663530314960635
0
LINE
8
BLACK
6
CONTINUOUS
10
2.7538266535433071
20
-8.1663530314960635
11
2.7532939763779525
21
-8.1668857086614164
0
LINE
8
BLACK
6
CONTINUOUS
10
2.7532939763779525
20
-8.1668857086614164
11
2.7529173228346457
21
-8.1669606299212596
0
LINE
8
BLACK
6
CONTINUOUS
10
2.7529173228346457
20
-8.1669606299212596
11
2.6151220472440944
21
-8.1669606299212596
0
LINE
8
BLACK
6
CONTINUOUS
10
2.6151220472440944
20
-8.1669606299212596
11
2.6147453937007872
21
-8.1668857086614164
0
LINE
8
BLACK
6
CONTINUOUS
10
2.6147453937007872
20
-8.1668857086614164
11
2.614212716535433
21
-8.1663530314960635
0
LINE
8
BLACK
6
CONTINUOUS
10
2.614212716535433
20
-8.1663530314960635
11
2.6141377952755906
21
-8.1659763779527559
0
LINE
8
BLACK
6
CONTINUOUS
10
2.6141377952755906
20
-8.1659763779527559
11
2.6141377952755906
21
-8.0281811023622041
0
LINE
8
BLACK
6
CONTINUOUS
10
2.6141377952755906
20
-8.0281811023622041
11
2.614212716535433
21
-8.0278044488188982
0
LINE
8
BLACK
6
CONTINUOUS
10
2.614212716535433
20
-8.0278044488188982
11
2.6147453937007872
21
-8.0272717716535436
0
LINE
8
BLACK
6
CONTINUOUS
10
2.6147453937007872
20
-8.0272717716535436
11
2.6151220472440944
21
-8.0271968503937003
0
LINE
8
BLACK
6
CONTINUOUS
10
2.6151220472440944
20
-8.0271968503937003
11
2.7529173228346457
21
-8.0271968503937003
0
LINE
8
BLACK
6
CONTINUOUS
10
2.7529173228346457
20
-8.0271968503937003
11
2.7532939763779525
21
-8.0272717716535436
0
LINE
8
BLACK
6
CONTINUOUS
10
2.6161062992125985
20
-8.0291653543307078
11
2.6161062992125985
21
-8.1649921259842522
0
LINE
8
BLACK
6
CONTINUOUS
10
2.6161062992125985
20
-8.1649921259842522
11
2.7519330708661416
21
-8.1649921259842522
0
LINE
8
BLACK
6
CONTINUOUS
10
2.7519330708661416
20
-8.1649921259842522
11
2.7519330708661416
21
-8.0291653543307078
0
LINE
8
BLACK
6
CONTINUOUS
10
2.7519330708661416
20
-8.0291653543307078
11
2.6161062992125985
21
-8.0291653543307078
0
LINE
8
BLACK
6
CONTINUOUS
10
2.995419960629921
20
-8.0233347637795269
11
2.9959526377952757
21
-8.0238674409448816
0
LINE
8
BLACK
6
CONTINUOUS
10
2.9959526377952757
20
-8.0238674409448816
11
2.996027559055118
21
-8.0242440944881892
0
LINE
8
BLACK
6
CONTINUOUS
10
2.996027559055118
20
-8.0242440944881892
11
2.996027559055118
21
-8.1620393700787393
0
LINE
8
BLACK
6
CONTINUOUS
10
2.996027559055118
20
-8.1620393700787393
11
2.9959526377952757
21
-8.1624160236220469
0
LINE
8
BLACK
6
CONTINUOUS
10
2.9959526377952757
20
-8.1624160236220469
11
2.995419960629921
21
-8.1629487007874015
0
LINE
8
BLACK
6
CONTINUOUS
10
2.995419960629921
20
-8.1629487007874015
11
2.9950433070866143
21
-8.1630236220472447
0
LINE
8
BLACK
6
CONTINUOUS
10
2.9950433070866143
20
-8.1630236220472447
11
2.8572480314960629
21
-8.1630236220472447
0
LINE
8
BLACK
6
CONTINUOUS
10
2.8572480314960629
20
-8.1630236220472447
11
2.8568713779527557
21
-8.1629487007874015
0
LINE
8
BLACK
6
CONTINUOUS
10
2.8568713779527557
20
-8.1629487007874015
11
2.8563387007874015
21
-8.1624160236220469
0
LINE
8
BLACK
6
CONTINUOUS
10
2.8563387007874015
20
-8.1624160236220469
11
2.8562637795275592
21
-8.1620393700787393
0
LINE
8
BLACK
6
CONTINUOUS
10
2.8562637795275592
20
-8.1620393700787393
11
2.8562637795275592
21
-8.0242440944881892
0
LINE
8
BLACK
6
CONTINUOUS
10
2.8562637795275592
20
-8.0242440944881892
11
2.8563387007874015
21
-8.0238674409448816
0
LINE
8
BLACK
6
CONTINUOUS
10
2.8563387007874015
20
-8.0238674409448816
11
2.8568713779527557
21
-8.0233347637795269
0
LINE
8
BLACK
6
CONTINUOUS
10
2.8568713779527557
20
-8.0233347637795269
11
2.8572480314960629
21
-8.0232598425196855
0
LINE
8
BLACK
6
CONTINUOUS
10
2.8572480314960629
20
-8.0232598425196855
11
2.9950433070866143
21
-8.0232598425196855
0
LINE
8
BLACK
6
CONTINUOUS
10
2.9950433070866143
20
-8.0232598425196855
11
2.995419960629921
21
-8.0233347637795269
0
LINE
8
BLACK
6
CONTINUOUS
10
2.858232283464567
20
-8.0252283464566929
11
2.858232283464567
21
-8.1610551181102355
0
LINE
8
BLACK
6
CONTINUOUS
10
2.858232283464567
20
-8.1610551181102355
11
2.9940590551181101
21
-8.1610551181102355
0
LINE
8
BLACK
6
CONTINUOUS
10
2.9940590551181101
20
-8.1610551181102355
11
2.9940590551181101
21
-8.0252283464566929
0
LINE
8
BLACK
6
CONTINUOUS
10
2.9940590551181101
20
-8.0252283464566929
11
2.858232283464567
21
-8.0252283464566929
0
LINE
8
BLACK
6
CONTINUOUS
10
9.657230984251969
20
-7.8323898818897639
11
9.6577636614173219
21
-7.8329225590551177
0
LINE
8
BLACK
6
CONTINUOUS
10
9.6577636614173219
20
-7.8329225590551177
11
9.6578385826771651
21
-7.8332992125984253
0
LINE
8
BLACK
6
CONTINUOUS
10
9.6578385826771651
20
-7.8332992125984253
11
9.6578385826771651
21
-7.9238503937007874
0
LINE
8
BLACK
6
CONTINUOUS
10
9.6578385826771651
20
-7.9238503937007874
11
9.6577636614173219
21
-7.9242270472440941
0
LINE
8
BLACK
6
CONTINUOUS
10
9.6577636614173219
20
-7.9242270472440941
11
9.657230984251969
21
-7.9247597244094488
0
LINE
8
BLACK
6
CONTINUOUS
10
9.657230984251969
20
-7.9247597244094488
11
9.6568543307086614
21
-7.9248346456692911
0
LINE
8
BLACK
6
CONTINUOUS
10
9.6568543307086614
20
-7.9248346456692911
11
9.4718149606299207
21
-7.9248346456692911
0
LINE
8
BLACK
6
CONTINUOUS
10
9.4718149606299207
20
-7.9248346456692911
11
9.4714383070866148
21
-7.9247597244094488
0
LINE
8
BLACK
6
CONTINUOUS
10
9.4714383070866148
20
-7.9247597244094488
11
9.4709056299212602
21
-7.9242270472440941
0
LINE
8
BLACK
6
CONTINUOUS
10
9.4709056299212602
20
-7.9242270472440941
11
9.470830708661417
21
-7.9238503937007874
0
LINE
8
BLACK
6
CONTINUOUS
10
9.470830708661417
20
-7.9238503937007874
11
9.470830708661417
21
-7.8332992125984253
0
LINE
8
BLACK
6
CONTINUOUS
10
9.470830708661417
20
-7.8332992125984253
11
9.4709056299212602
21
-7.8329225590551177
0
LINE
8
BLACK
6
CONTINUOUS
10
9.4709056299212602
20
-7.8329225590551177
11
9.4714383070866148
21
-7.8323898818897639
0
LINE
8
BLACK
6
CONTINUOUS
10
9.4714383070866148
20
-7.8323898818897639
11
9.4718149606299207
21
-7.8323149606299207
0
LINE
8
BLACK
6
CONTINUOUS
10
9.4718149606299207
20
-7.8323149606299207
11
9.6568543307086614
21
-7.8323149606299207
0
LINE
8
BLACK
6
CONTINUOUS
10
9.6568543307086614
20
-7.8323149606299207
11
9.657230984251969
21
-7.8323898818897639
0
LINE
8
BLACK
6
CONTINUOUS
10
9.4727992125984244
20
-7.834283464566929
11
9.4727992125984244
21
-7.9228661417322837
0
LINE
8
BLACK
6
CONTINUOUS
10
9.4727992125984244
20
-7.9228661417322837
11
9.6558700787401577
21
-7.9228661417322837
0
LINE
8
BLACK
6
CONTINUOUS
10
9.6558700787401577
20
-7.9228661417322837
11
9.6558700787401577
21
-7.834283464566929
0
LINE
8
BLACK
6
CONTINUOUS
10
9.6558700787401577
20
-7.834283464566929
11
9.4727992125984244
21
-7.834283464566929
0
LINE
8
BLACK
6
CONTINUOUS
10
9.7584120866141735
20
-7.8186103543307084
11
9.7589447637795281
21
-7.819143031496063
0
LINE
8
BLACK
6
CONTINUOUS
10
9.7589447637795281
20
-7.819143031496063
11
9.7590196850393696
21
-7.8195196850393698
0
LINE
8
BLACK
6
CONTINUOUS
10
9.7590196850393696
20
-7.8195196850393698
11
9.7590196850393696
21
-7.9455039370078735
0
LINE
8
BLACK
6
CONTINUOUS
10
9.7590196850393696
20
-7.9455039370078735
11
9.7589447637795281
21
-7.9458805905511811
0
LINE
8
BLACK
6
CONTINUOUS
10
9.7589447637795281
20
-7.9458805905511811
11
9.7584120866141735
21
-7.9464132677165349
0
LINE
8
BLACK
6
CONTINUOUS
10
9.7584120866141735
20
-7.9464132677165349
11
9.7580354330708658
21
-7.9464881889763781
0
LINE
8
BLACK
6
CONTINUOUS
10
9.7580354330708658
20
-7.9464881889763781
11
9.367484251968504
21
-7.9464881889763781
0
LINE
8
BLACK
6
CONTINUOUS
10
9.367484251968504
20
-7.9464881889763781
11
9.3671075984251964
21
-7.9464132677165349
0
LINE
8
BLACK
6
CONTINUOUS
10
9.3671075984251964
20
-7.9464132677165349
11
9.3665749212598417
21
-7.9458805905511811
0
LINE
8
BLACK
6
CONTINUOUS
10
9.3665749212598417
20
-7.9458805905511811
11
9.3665000000000003
21
-7.9455039370078735
0
LINE
8
BLACK
6
CONTINUOUS
10
9.3665000000000003
20
-7.9455039370078735
11
9.3665000000000003
21
-7.8195196850393698
0
LINE
8
BLACK
6
CONTINUOUS
10
9.3665000000000003
20
-7.8195196850393698
11
9.3665749212598417
21
-7.819143031496063
0
LINE
8
BLACK
6
CONTINUOUS
10
9.3665749212598417
20
-7.819143031496063
11
9.3671075984251964
21
-7.8186103543307084
0
LINE
8
BLACK
6
CONTINUOUS
10
9.3671075984251964
20
-7.8186103543307084
11
9.367484251968504
21
-7.8185354330708661
0
LINE
8
BLACK
6
CONTINUOUS
10
9.367484251968504
20
-7.8185354330708661
11
9.7580354330708658
21
-7.8185354330708661
0
LINE
8
BLACK
6
CONTINUOUS
10
9.7580354330708658
20
-7.8185354330708661
11
9.7584120866141735
21
-7.8186103543307084
0
LINE
8
BLACK
6
CONTINUOUS
10
9.3684685039370077
20
-7.8205039370078735
11
9.3684685039370077
21
-7.9445196850393698
0
LINE
8
BLACK
6
CONTINUOUS
10
9.3684685039370077
20
-7.9445196850393698
11
9.7570511811023621
21
-7.9445196850393698
0
LINE
8
BLACK
6
CONTINUOUS
10
9.7570511811023621
20
-7.9445196850393698
11
9.7570511811023621
21
-7.8205039370078735
0
LINE
8
BLACK
6
CONTINUOUS
10
9.7570511811023621
20
-7.8205039370078735
11
9.3684685039370077
21
-7.8205039370078735
0
LINE
8
BLACK
6
CONTINUOUS
10
7.0111679921259844
20
-7.566641850393701
11
7.0117006692913382
21
-7.5671745275590547
0
LINE
8
BLACK
6
CONTINUOUS
10
7.0117006692913382
20
-7.5671745275590547
11
7.0117755905511814
21
-7.5675511811023624
0
LINE
8
BLACK
6
CONTINUOUS
10
7.0117755905511814
20
-7.5675511811023624
11
7.0117755905511814
21
-7.6581023622047244
0
LINE
8
BLACK
6
CONTINUOUS
10
7.0117755905511814
20
-7.6581023622047244
11
7.0117006692913382
21
-7.6584790157480311
0
LINE
8
BLACK
6
CONTINUOUS
10
7.0117006692913382
20
-7.6584790157480311
11
7.0111679921259844
21
-7.6590116929133858
0
LINE
8
BLACK
6
CONTINUOUS
10
7.0111679921259844
20
-7.6590116929133858
11
7.0107913385826768
21
-7.6590866141732281
0
LINE
8
BLACK
6
CONTINUOUS
10
7.0107913385826768
20
-7.6590866141732281
11
6.825751968503937
21
-7.6590866141732281
0
LINE
8
BLACK
6
CONTINUOUS
10
6.825751968503937
20
-7.6590866141732281
11
6.8253753149606293
21
-7.6590116929133858
0
LINE
8
BLACK
6
CONTINUOUS
10
6.8253753149606293
20
-7.6590116929133858
11
6.8248426377952756
21
-7.6584790157480311
0
LINE
8
BLACK
6
CONTINUOUS
10
6.8248426377952756
20
-7.6584790157480311
11
6.8247677165354332
21
-7.6581023622047244
0
LINE
8
BLACK
6
CONTINUOUS
10
6.8247677165354332
20
-7.6581023622047244
11
6.8247677165354332
21
-7.5675511811023624
0
LINE
8
BLACK
6
CONTINUOUS
10
6.8247677165354332
20
-7.5675511811023624
11
6.8248426377952756
21
-7.5671745275590547
0
LINE
8
BLACK
6
CONTINUOUS
10
6.8248426377952756
20
-7.5671745275590547
11
6.8253753149606293
21
-7.566641850393701
0
LINE
8
BLACK
6
CONTINUOUS
10
6.8253753149606293
20
-7.566641850393701
11
6.825751968503937
21
-7.5665669291338578
0
LINE
8
BLACK
6
CONTINUOUS
10
6.825751968503937
20
-7.5665669291338578
11
7.0107913385826768
21
-7.5665669291338578
0
LINE
8
BLACK
6
CONTINUOUS
10
7.0107913385826768
20
-7.5665669291338578
11
7.0111679921259844
21
-7.566641850393701
0
LINE
8
BLACK
6
CONTINUOUS
10
6.8267362204724407
20
-7.5685354330708661
11
6.8267362204724407
21
-7.6571181102362207
0
LINE
8
BLACK
6
CONTINUOUS
10
6.8267362204724407
20
-7.6571181102362207
11
7.0098070866141731
21
-7.6571181102362207
0
LINE
8
BLACK
6
CONTINUOUS
10
7.0098070866141731
20
-7.6571181102362207
11
7.0098070866141731
21
-7.5685354330708661
0
LINE
8
BLACK
6
CONTINUOUS
10
7.0098070866141731
20
-7.5685354330708661
11
6.8267362204724407
21
-7.5685354330708661
0
LINE
8
BLACK
6
CONTINUOUS
10
7.1123490944881889
20
-7.5528623228346454
11
7.1128817716535435
21
-7.5533950000000001
0
LINE
8
BLACK
6
CONTINUOUS
10
7.1128817716535435
20
-7.5533950000000001
11
7.1129566929133858
21
-7.5537716535433068
0
LINE
8
BLACK
6
CONTINUOUS
10
7.1129566929133858
20
-7.5537716535433068
11
7.1129566929133858
21
-7.6797559055118105
0
LINE
8
BLACK
6
CONTINUOUS
10
7.1129566929133858
20
-7.6797559055118105
11
7.1128817716535435
21
-7.6801325590551182
0
LINE
8
BLACK
6
CONTINUOUS
10
7.1128817716535435
20
-7.6801325590551182
11
7.1123490944881889
21
-7.6806652362204719
0
LINE
8
BLACK
6
CONTINUOUS
10
7.1123490944881889
20
-7.6806652362204719
11
7.1119724409448821
21
-7.6807401574803151
0
LINE
8
BLACK
6
CONTINUOUS
10
7.1119724409448821
20
-7.6807401574803151
11
6.7214212598425194
21
-7.6807401574803151
0
LINE
8
BLACK
6
CONTINUOUS
10
6.7214212598425194
20
-7.6807401574803151
11
6.7210446062992126
21
-7.6806652362204719
0
LINE
8
BLACK
6
CONTINUOUS
10
6.7210446062992126
20
-7.6806652362204719
11
6.720511929133858
21
-7.6801325590551182
0
LINE
8
BLACK
6
CONTINUOUS
10
6.720511929133858
20
-7.6801325590551182
11
6.7204370078740157
21
-7.6797559055118105
0
LINE
8
BLACK
6
CONTINUOUS
10
6.7204370078740157
20
-7.6797559055118105
11
6.7204370078740157
21
-7.5537716535433068
0
LINE
8
BLACK
6
CONTINUOUS
10
6.7204370078740157
20
-7.5537716535433068
11
6.720511929133858
21
-7.5533950000000001
0
LINE
8
BLACK
6
CONTINUOUS
10
6.720511929133858
20
-7.5533950000000001
11
6.7210446062992126
21
-7.5528623228346454
0
LINE
8
BLACK
6
CONTINUOUS
10
6.7210446062992126
20
-7.5528623228346454
11
6.7214212598425194
21
-7.5527874015748031
0
LINE
8
BLACK
6
CONTINUOUS
10
6.7214212598425194
20
-7.5527874015748031
11
7.1119724409448821
21
-7.5527874015748031
0
LINE
8
BLACK
6
CONTINUOUS
10
7.1119724409448821
20
-7.5527874015748031
11
7.1123490944881889
21
-7.5528623228346454
0
LINE
8
BLACK
6
CONTINUOUS
10
6.7224055118110231
20
-7.5547559055118105
11
6.7224055118110231
21
-7.6787716535433068
0
LINE
8
BLACK
6
CONTINUOUS
10
6.7224055118110231
20
-7.6787716535433068
11
7.1109881889763775
21
-7.6787716535433068
0
LINE
8
BLACK
6
CONTINUOUS
10
7.1109881889763775
20
-7.6787716535433068
11
7.1109881889763775
21
-7.5547559055118105
0
LINE
8
BLACK
6
CONTINUOUS
10
7.1109881889763775
20
-7.5547559055118105
11
6.7224055118110231
21
-7.5547559055118105
0
LINE
8
BLACK
6
CONTINUOUS
10
10.0214042125984246
20
-7.5193977559055121
11
10.0219368897637793
21
-7.5199304330708658
0
LINE
8
BLACK
6
CONTINUOUS
10
10.0219368897637793
20
-7.5199304330708658
11
10.0220118110236225
21
-7.5203070866141735
0
LINE
8
BLACK
6
CONTINUOUS
10
10.0220118110236225
20
-7.5203070866141735
11
10.0220118110236225
21
-7.6108582677165355
0
LINE
8
BLACK
6
CONTINUOUS
10
10.0220118110236225
20
-7.6108582677165355
11
10.0219368897637793
21
-7.6112349212598422
0
LINE
8
BLACK
6
CONTINUOUS
10
10.0219368897637793
20
-7.6112349212598422
11
10.0214042125984246
21
-7.6117675984251969
0
LINE
8
BLACK
6
CONTINUOUS
10
10.0214042125984246
20
-7.6117675984251969
11
10.021027559055117
21
-7.6118425196850392
0
LINE
8
BLACK
6
CONTINUOUS
10
10.021027559055117
20
-7.6118425196850392
11
9.8359881889763781
21
-7.6118425196850392
0
LINE
8
BLACK
6
CONTINUOUS
10
9.8359881889763781
20
-7.6118425196850392
11
9.8356115354330704
21
-7.6117675984251969
0
LINE
8
BLACK
6
CONTINUOUS
10
9.8356115354330704
20
-7.6117675984251969
11
9.8350788582677158
21
-7.6112349212598422
0
LINE
8
BLACK
6
CONTINUOUS
10
9.8350788582677158
20
-7.6112349212598422
11
9.8350039370078743
21
-7.6108582677165355
0
LINE
8
BLACK
6
CONTINUOUS
10
9.8350039370078743
20
-7.6108582677165355
11
9.8350039370078743
21
-7.5203070866141735
0
LINE
8
BLACK
6
CONTINUOUS
10
9.8350039370078743
20
-7.5203070866141735
11
9.8350788582677158
21
-7.5199304330708658
0
LINE
8
BLACK
6
CONTINUOUS
10
9.8350788582677158
20
-7.5199304330708658
11
9.8356115354330704
21
-7.5193977559055121
0
LINE
8
BLACK
6
CONTINUOUS
10
9.8356115354330704
20
-7.5193977559055121
11
9.8359881889763781
21
-7.5193228346456689
0
LINE
8
BLACK
6
CONTINUOUS
10
9.8359881889763781
20
-7.5193228346456689
11
10.021027559055117
21
-7.5193228346456689
0
LINE
8
BLACK
6
CONTINUOUS
10
10.021027559055117
20
-7.5193228346456689
11
10.0214042125984246
21
-7.5193977559055121
0
LINE
8
BLACK
6
CONTINUOUS
10
9.8369724409448818
20
-7.5212913385826772
11
9.8369724409448818
21
-7.6098740157480309
0
LINE
8
BLACK
6
CONTINUOUS
10
9.8369724409448818
20
-7.6098740157480309
11
10.0200433070866133
21
-7.6098740157480309
0
LINE
8
BLACK
6
CONTINUOUS
10
10.0200433070866133
20
-7.6098740157480309
11
10.0200433070866133
21
-7.5212913385826772
0
LINE
8
BLACK
6
CONTINUOUS
10
10.0200433070866133
20
-7.5212913385826772
11
9.8369724409448818
21
-7.5212913385826772
0
LINE
8
BLACK
6
CONTINUOUS
10
10.1225853149606291
20
-7.5056182283464565
11
10.1231179921259837
21
-7.5061509055118112
0
LINE
8
BLACK
6
CONTINUOUS
10
10.1231179921259837
20
-7.5061509055118112
11
10.1231929133858269
21
-7.5065275590551179
0
LINE
8
BLACK
6
CONTINUOUS
10
10.1231929133858269
20
-7.5065275590551179
11
10.1231929133858269
21
-7.6325118110236216
0
LINE
8
BLACK
6
CONTINUOUS
10
10.1231929133858269
20
-7.6325118110236216
11
10.1231179921259837
21
-7.6328884645669293
0
LINE
8
BLACK
6
CONTINUOUS
10
10.1231179921259837
20
-7.6328884645669293
11
10.1225853149606291
21
-7.633421141732283
0
LINE
8
BLACK
6
CONTINUOUS
10
10.1225853149606291
20
-7.633421141732283
11
10.1222086614173232
21
-7.6334960629921262
0
LINE
8
BLACK
6
CONTINUOUS
10
10.1222086614173232
20
-7.6334960629921262
11
9.7316574803149596
21
-7.6334960629921262
0
LINE
8
BLACK
6
CONTINUOUS
10
9.7316574803149596
20
-7.6334960629921262
11
9.7312808267716537
21
-7.633421141732283
0
LINE
8
BLACK
6
CONTINUOUS
10
9.7312808267716537
20
-7.633421141732283
11
9.7307481496062991
21
-7.6328884645669293
0
LINE
8
BLACK
6
CONTINUOUS
10
9.7307481496062991
20
-7.6328884645669293
11
9.7306732283464559
21
-7.6325118110236216
0
LINE
8
BLACK
6
CONTINUOUS
10
9.7306732283464559
20
-7.6325118110236216
11
9.7306732283464559
21
-7.5065275590551179
0
LINE
8
BLACK
6
CONTINUOUS
10
9.7306732283464559
20
-7.5065275590551179
11
9.7307481496062991
21
-7.5061509055118112
0
LINE
8
BLACK
6
CONTINUOUS
10
9.7307481496062991
20
-7.5061509055118112
11
9.7312808267716537
21
-7.5056182283464565
0
LINE
8
BLACK
6
CONTINUOUS
10
9.7312808267716537
20
-7.5056182283464565
11
9.7316574803149596
21
-7.5055433070866142
0
LINE
8
BLACK
6
CONTINUOUS
10
9.7316574803149596
20
-7.5055433070866142
11
10.1222086614173232
21
-7.5055433070866142
0
LINE
8
BLACK
6
CONTINUOUS
10
10.1222086614173232
20
-7.5055433070866142
11
10.1225853149606291
21
-7.5056182283464565
0
LINE
8
BLACK
6
CONTINUOUS
10
9.7326417322834651
20
-7.5075118110236216
11
9.7326417322834651
21
-7.6315275590551179
0
LINE
8
BLACK
6
CONTINUOUS
10
9.7326417322834651
20
-7.6315275590551179
11
10.1212244094488195
21
-7.6315275590551179
0
LINE
8
BLACK
6
CONTINUOUS
10
10.1212244094488195
20
-7.6315275590551179
11
10.1212244094488195
21
-7.5075118110236216
0
LINE
8
BLACK
6
CONTINUOUS
10
10.1212244094488195
20
-7.5075118110236216
11
9.7326417322834651
21
-7.5075118110236216
0
LINE
8
BLACK
6
CONTINUOUS
10
10.5288845275590557
20
-7.4426261023622047
11
10.5294172047244086
21
-7.4431587795275584
0
LINE
8
BLACK
6
CONTINUOUS
10
10.5294172047244086
20
-7.4431587795275584
11
10.5294921259842518
21
-7.4435354330708661
0
LINE
8
BLACK
6
CONTINUOUS
10
10.5294921259842518
20
-7.4435354330708661
11
10.5294921259842518
21
-7.5340866141732281
0
LINE
8
BLACK
6
CONTINUOUS
10
10.5294921259842518
20
-7.5340866141732281
11
10.5294172047244086
21
-7.5344632677165349
0
LINE
8
BLACK
6
CONTINUOUS
10
10.5294172047244086
20
-7.5344632677165349
11
10.5288845275590557
21
-7.5349959448818895
0
LINE
8
BLACK
6
CONTINUOUS
10
10.5288845275590557
20
-7.5349959448818895
11
10.5285078740157481
21
-7.5350708661417318
0
LINE
8
BLACK
6
CONTINUOUS
10
10.5285078740157481
20
-7.5350708661417318
11
10.3434685039370073
21
-7.5350708661417318
0
LINE
8
BLACK
6
CONTINUOUS
10
10.3434685039370073
20
-7.5350708661417318
11
10.3430918503936997
21
-7.5349959448818895
0
LINE
8
BLACK
6
CONTINUOUS
10
10.3430918503936997
20
-7.5349959448818895
11
10.3425591732283468
21
-7.5344632677165349
0
LINE
8
BLACK
6
CONTINUOUS
10
10.3425591732283468
20
-7.5344632677165349
11
10.3424842519685036
21
-7.5340866141732281
0
LINE
8
BLACK
6
CONTINUOUS
10
10.3424842519685036
20
-7.5340866141732281
11
10.3424842519685036
21
-7.4435354330708661
0
LINE
8
BLACK
6
CONTINUOUS
10
10.3424842519685036
20
-7.4435354330708661
11
10.3425591732283468
21
-7.4431587795275584
0
LINE
8
BLACK
6
CONTINUOUS
10
10.3425591732283468
20
-7.4431587795275584
11
10.3430918503936997
21
-7.4426261023622047
0
LINE
8
BLACK
6
CONTINUOUS
10
10.3430918503936997
20
-7.4426261023622047
11
10.3434685039370073
21
-7.4425511811023624
0
LINE
8
BLACK
6
CONTINUOUS
10
10.3434685039370073
20
-7.4425511811023624
11
10.5285078740157481
21
-7.4425511811023624
0
LINE
8
BLACK
6
CONTINUOUS
10
10.5285078740157481
20
-7.4425511811023624
11
10.5288845275590557
21
-7.4426261023622047
0
LINE
8
BLACK
6
CONTINUOUS
10
10.3444527559055111
20
-7.4445196850393698
11
10.3444527559055111
21
-7.5331023622047244
0
LINE
8
BLACK
6
CONTINUOUS
10
10.3444527559055111
20
-7.5331023622047244
11
10.5275236220472443
21
-7.5331023622047244
0
LINE
8
BLACK
6
CONTINUOUS
10
10.5275236220472443
20
-7.5331023622047244
11
10.5275236220472443
21
-7.4445196850393698
0
LINE
8
BLACK
6
CONTINUOUS
10
10.5275236220472443
20
-7.4445196850393698
11
10.3444527559055111
21
-7.4445196850393698
0
LINE
8
BLACK
6
CONTINUOUS
10
10.6300656299212601
20
-7.4288465748031491
11
10.6305983070866148
21
-7.4293792519685038
0
LINE
8
BLACK
6
CONTINUOUS
10
10.6305983070866148
20
-7.4293792519685038
11
10.6306732283464562
21
-7.4297559055118105
0
LINE
8
BLACK
6
CONTINUOUS
10
10.6306732283464562
20
-7.4297559055118105
11
10.6306732283464562
21
-7.5557401574803151
0
LINE
8
BLACK
6
CONTINUOUS
10
10.6306732283464562
20
-7.5557401574803151
11
10.6305983070866148
21
-7.5561168110236219
0
LINE
8
BLACK
6
CONTINUOUS
10
10.6305983070866148
20
-7.5561168110236219
11
10.6300656299212601
21
-7.5566494881889765
0
LINE
8
BLACK
6
CONTINUOUS
10
10.6300656299212601
20
-7.5566494881889765
11
10.6296889763779525
21
-7.5567244094488188
0
LINE
8
BLACK
6
CONTINUOUS
10
10.6296889763779525
20
-7.5567244094488188
11
10.2391377952755906
21
-7.5567244094488188
0
LINE
8
BLACK
6
CONTINUOUS
10
10.2391377952755906
20
-7.5567244094488188
11
10.238761141732283
21
-7.5566494881889765
0
LINE
8
BLACK
6
CONTINUOUS
10
10.238761141732283
20
-7.5566494881889765
11
10.2382284645669284
21
-7.5561168110236219
0
LINE
8
BLACK
6
CONTINUOUS
10
10.2382284645669284
20
-7.5561168110236219
11
10.2381535433070869
21
-7.5557401574803151
0
LINE
8
BLACK
6
CONTINUOUS
10
10.2381535433070869
20
-7.5557401574803151
11
10.2381535433070869
21
-7.4297559055118105
0
LINE
8
BLACK
6
CONTINUOUS
10
10.2381535433070869
20
-7.4297559055118105
11
10.2382284645669284
21
-7.4293792519685038
0
LINE
8
BLACK
6
CONTINUOUS
10
10.2382284645669284
20
-7.4293792519685038
11
10.238761141732283
21
-7.4288465748031491
0
LINE
8
BLACK
6
CONTINUOUS
10
10.238761141732283
20
-7.4288465748031491
11
10.2391377952755906
21
-7.4287716535433068
0
LINE
8
BLACK
6
CONTINUOUS
10
10.2391377952755906
20
-7.4287716535433068
11
10.6296889763779525
21
-7.4287716535433068
0
LINE
8
BLACK
6
CONTINUOUS
10
10.6296889763779525
20
-7.4287716535433068
11
10.6300656299212601
21
-7.4288465748031491
0
LINE
8
BLACK
6
CONTINUOUS
10
10.2401220472440944
20
-7.4307401574803151
11
10.2401220472440944
21
-7.5547559055118105
0
LINE
8
BLACK
6
CONTINUOUS
10
10.2401220472440944
20
-7.5547559055118105
11
10.6287047244094488
21
-7.5547559055118105
0
LINE
8
BLACK
6
CONTINUOUS
10
10.6287047244094488
20
-7.5547559055118105
11
10.6287047244094488
21
-7.4307401574803151
0
LINE
8
BLACK
6
CONTINUOUS
10
10.6287047244094488
20
-7.4307401574803151
11
10.2401220472440944
21
-7.4307401574803151
0
LINE
8
BLACK
6
CONTINUOUS
10
6.2969947637795274
20
-7.3599489370078741
11
6.297527440944882
21
-7.3604816141732279
0
LINE
8
BLACK
6
CONTINUOUS
10
6.297527440944882
20
-7.3604816141732279
11
6.2976023622047244
21
-7.3608582677165355
0
LINE
8
BLACK
6
CONTINUOUS
10
6.2976023622047244
20
-7.3608582677165355
11
6.2976023622047244
21
-7.4514094488188976
0
LINE
8
BLACK
6
CONTINUOUS
10
6.2976023622047244
20
-7.4514094488188976
11
6.297527440944882
21
-7.4517861023622043
0
LINE
8
BLACK
6
CONTINUOUS
10
6.297527440944882
20
-7.4517861023622043
11
6.2969947637795274
21
-7.4523187795275589
0
LINE
8
BLACK
6
CONTINUOUS
10
6.2969947637795274
20
-7.4523187795275589
11
6.2966181102362206
21
-7.4523937007874013
0
LINE
8
BLACK
6
CONTINUOUS
10
6.2966181102362206
20
-7.4523937007874013
11
6.1115787401574799
21
-7.4523937007874013
0
LINE
8
BLACK
6
CONTINUOUS
10
6.1115787401574799
20
-7.4523937007874013
11
6.1112020866141732
21
-7.4523187795275589
0
LINE
8
BLACK
6
CONTINUOUS
10
6.1112020866141732
20
-7.4523187795275589
11
6.1106694094488185
21
-7.4517861023622043
0
LINE
8
BLACK
6
CONTINUOUS
10
6.1106694094488185
20
-7.4517861023622043
11
6.1105944881889762
21
-7.4514094488188976
0
LINE
8
BLACK
6
CONTINUOUS
10
6.1105944881889762
20
-7.4514094488188976
11
6.1105944881889762
21
-7.3608582677165355
0
LINE
8
BLACK
6
CONTINUOUS
10
6.1105944881889762
20
-7.3608582677165355
11
6.1106694094488185
21
-7.3604816141732279
0
LINE
8
BLACK
6
CONTINUOUS
10
6.1106694094488185
20
-7.3604816141732279
11
6.1112020866141732
21
-7.3599489370078741
0
LINE
8
BLACK
6
CONTINUOUS
10
6.1112020866141732
20
-7.3599489370078741
11
6.1115787401574799
21
-7.3598740157480309
0
LINE
8
BLACK
6
CONTINUOUS
10
6.1115787401574799
20
-7.3598740157480309
11
6.2966181102362206
21
-7.3598740157480309
0
LINE
8
BLACK
6
CONTINUOUS
10
6.2966181102362206
20
-7.3598740157480309
11
6.2969947637795274
21
-7.3599489370078741
0
LINE
8
BLACK
6
CONTINUOUS
10
6.1125629921259845
20
-7.3618425196850392
11
6.1125629921259845
21
-7.4504251968503938
0
LINE
8
BLACK
6
CONTINUOUS
10
6.1125629921259845
20
-7.4504251968503938
11
6.295633858267716
21
-7.4504251968503938
0
LINE
8
BLACK
6
CONTINUOUS
10
6.295633858267716
20
-7.4504251968503938
11
6.295633858267716
21
-7.3618425196850392
0
LINE
8
BLACK
6
CONTINUOUS
10
6.295633858267716
20
-7.3618425196850392
11
6.1125629921259845
21
-7.3618425196850392
0
LINE
8
BLACK
6
CONTINUOUS
10
6.3981758661417318
20
-7.3461694094488186
11
6.3987085433070865
21
-7.3467020866141732
0
LINE
8
BLACK
6
CONTINUOUS
10
6.3987085433070865
20
-7.3467020866141732
11
6.3987834645669288
21
-7.34707874015748
0
LINE
8
BLACK
6
CONTINUOUS
10
6.3987834645669288
20
-7.34707874015748
11
6.3987834645669288
21
-7.4730629921259837
0
LINE
8
BLACK
6
CONTINUOUS
10
6.3987834645669288
20
-7.4730629921259837
11
6.3987085433070865
21
-7.4734396456692913
0
LINE
8
BLACK
6
CONTINUOUS
10
6.3987085433070865
20
-7.4734396456692913
11
6.3981758661417318
21
-7.4739723228346451
0
LINE
8
BLACK
6
CONTINUOUS
10
6.3981758661417318
20
-7.4739723228346451
11
6.3977992125984251
21
-7.4740472440944883
0
LINE
8
BLACK
6
CONTINUOUS
10
6.3977992125984251
20
-7.4740472440944883
11
6.0072480314960632
21
-7.4740472440944883
0
LINE
8
BLACK
6
CONTINUOUS
10
6.0072480314960632
20
-7.4740472440944883
11
6.0068713779527556
21
-7.4739723228346451
0
LINE
8
BLACK
6
CONTINUOUS
10
6.0068713779527556
20
-7.4739723228346451
11
6.0063387007874018
21
-7.4734396456692913
0
LINE
8
BLACK
6
CONTINUOUS
10
6.0063387007874018
20
-7.4734396456692913
11
6.0062637795275586
21
-7.4730629921259837
0
LINE
8
BLACK
6
CONTINUOUS
10
6.0062637795275586
20
-7.4730629921259837
11
6.0062637795275586
21
-7.34707874015748
0
LINE
8
BLACK
6
CONTINUOUS
10
6.0062637795275586
20
-7.34707874015748
11
6.0063387007874018
21
-7.3467020866141732
0
LINE
8
BLACK
6
CONTINUOUS
10
6.0063387007874018
20
-7.3467020866141732
11
6.0068713779527556
21
-7.3461694094488186
0
LINE
8
BLACK
6
CONTINUOUS
10
6.0068713779527556
20
-7.3461694094488186
11
6.0072480314960632
21
-7.3460944881889763
0
LINE
8
BLACK
6
CONTINUOUS
10
6.0072480314960632
20
-7.3460944881889763
11
6.3977992125984251
21
-7.3460944881889763
0
LINE
8
BLACK
6
CONTINUOUS
10
6.3977992125984251
20
-7.3460944881889763
11
6.3981758661417318
21
-7.3461694094488186
0
LINE
8
BLACK
6
CONTINUOUS
10
6.0082322834645669
20
-7.3480629921259837
11
6.0082322834645669
21
-7.47207874015748
0
LINE
8
BLACK
6
CONTINUOUS
10
6.0082322834645669
20
-7.47207874015748
11
6.3968149606299214
21
-7.47207874015748
0
LINE
8
BLACK
6
CONTINUOUS
10
6.3968149606299214
20
-7.47207874015748
11
6.3968149606299214
21
-7.3480629921259837
0
LINE
8
BLACK
6
CONTINUOUS
10
6.3968149606299214
20
-7.3480629921259837
11
6.0082322834645669
21
-7.3480629921259837
0
LINE
8
BLACK
6
CONTINUOUS
10
10.9599868897637798
20
-7.2930198031496065
11
10.9605195669291344
21
-7.2935524803149603
0
LINE
8
BLACK
6
CONTINUOUS
10
10.9605195669291344
20
-7.2935524803149603
11
10.9605944881889759
21
-7.2939291338582679
0
LINE
8
BLACK
6
CONTINUOUS
10
10.9605944881889759
20
-7.2939291338582679
11
10.9605944881889759
21
-7.38448031496063
0
LINE
8
BLACK
6
CONTINUOUS
10
10.9605944881889759
20
-7.38448031496063
11
10.9605195669291344
21
-7.3848569685039367
0
LINE
8
BLACK
6
CONTINUOUS
10
10.9605195669291344
20
-7.3848569685039367
11
10.9599868897637798
21
-7.3853896456692913
0
LINE
8
BLACK
6
CONTINUOUS
10
10.9599868897637798
20
-7.3853896456692913
11
10.9596102362204721
21
-7.3854645669291337
0
LINE
8
BLACK
6
CONTINUOUS
10
10.9596102362204721
20
-7.3854645669291337
11
10.7745708661417314
21
-7.3854645669291337
0
LINE
8
BLACK
6
CONTINUOUS
10
10.7745708661417314
20
-7.3854645669291337
11
10.7741942125984256
21
-7.3853896456692913
0
LINE
8
BLACK
6
CONTINUOUS
10
10.7741942125984256
20
-7.3853896456692913
11
10.7736615354330709
21
-7.3848569685039367
0
LINE
8
BLACK
6
CONTINUOUS
10
10.7736615354330709
20
-7.3848569685039367
11
10.7735866141732277
21
-7.38448031496063
0
LINE
8
BLACK
6
CONTINUOUS
10
10.7735866141732277
20
-7.38448031496063
11
10.7735866141732277
21
-7.2939291338582679
0
LINE
8
BLACK
6
CONTINUOUS
10
10.7735866141732277
20
-7.2939291338582679
11
10.7736615354330709
21
-7.2935524803149603
0
LINE
8
BLACK
6
CONTINUOUS
10
10.7736615354330709
20
-7.2935524803149603
11
10.7741942125984256
21
-7.2930198031496065
0
LINE
8
BLACK
6
CONTINUOUS
10
10.7741942125984256
20
-7.2930198031496065
11
10.7745708661417314
21
-7.2929448818897633
0
LINE
8
BLACK
6
CONTINUOUS
10
10.7745708661417314
20
-7.2929448818897633
11
10.9596102362204721
21
-7.2929448818897633
0
LINE
8
BLACK
6
CONTINUOUS
10
10.9596102362204721
20
-7.2929448818897633
11
10.9599868897637798
21
-7.2930198031496065
0
LINE
8
BLACK
6
CONTINUOUS
10
10.7755551181102351
20
-7.2949133858267716
11
10.7755551181102351
21
-7.3834960629921262
0
LINE
8
BLACK
6
CONTINUOUS
10
10.7755551181102351
20
-7.3834960629921262
11
10.9586259842519684
21
-7.3834960629921262
0
LINE
8
BLACK
6
CONTINUOUS
10
10.9586259842519684
20
-7.3834960629921262
11
10.9586259842519684
21
-7.2949133858267716
0
LINE
8
BLACK
6
CONTINUOUS
10
10.9586259842519684
20
-7.2949133858267716
11
10.7755551181102351
21
-7.2949133858267716
0
LINE
8
BLACK
6
CONTINUOUS
10
11.0611679921259842
20
-7.279240275590551
11
11.0617006692913389
21
-7.2797729527559056
0
LINE
8
BLACK
6
CONTINUOUS
10
11.0617006692913389
20
-7.2797729527559056
11
11.0617755905511803
21
-7.2801496062992124
0
LINE
8
BLACK
6
CONTINUOUS
10
11.0617755905511803
20
-7.2801496062992124
11
11.0617755905511803
21
-7.4061338582677161
0
LINE
8
BLACK
6
CONTINUOUS
10
11.0617755905511803
20
-7.4061338582677161
11
11.0617006692913389
21
-7.4065105118110237
0
LINE
8
BLACK
6
CONTINUOUS
10
11.0617006692913389
20
-7.4065105118110237
11
11.0611679921259842
21
-7.4070431889763775
0
LINE
8
BLACK
6
CONTINUOUS
10
11.0611679921259842
20
-7.4070431889763775
11
11.0607913385826766
21
-7.4071181102362207
0
LINE
8
BLACK
6
CONTINUOUS
10
11.0607913385826766
20
-7.4071181102362207
11
10.6702401574803147
21
-7.4071181102362207
0
LINE
8
BLACK
6
CONTINUOUS
10
10.6702401574803147
20
-7.4071181102362207
11
10.6698635039370071
21
-7.4070431889763775
0
LINE
8
BLACK
6
CONTINUOUS
10
10.6698635039370071
20
-7.4070431889763775
11
10.6693308267716525
21
-7.4065105118110237
0
LINE
8
BLACK
6
CONTINUOUS
10
10.6693308267716525
20
-7.4065105118110237
11
10.669255905511811
21
-7.4061338582677161
0
LINE
8
BLACK
6
CONTINUOUS
10
10.669255905511811
20
-7.4061338582677161
11
10.669255905511811
21
-7.2801496062992124
0
LINE
8
BLACK
6
CONTINUOUS
10
10.669255905511811
20
-7.2801496062992124
11
10.6693308267716525
21
-7.2797729527559056
0
LINE
8
BLACK
6
CONTINUOUS
10
10.6693308267716525
20
-7.2797729527559056
11
10.6698635039370071
21
-7.279240275590551
0
LINE
8
BLACK
6
CONTINUOUS
10
10.6698635039370071
20
-7.279240275590551
11
10.6702401574803147
21
-7.2791653543307087
0
LINE
8
BLACK
6
CONTINUOUS
10
10.6702401574803147
20
-7.2791653543307087
11
11.0607913385826766
21
-7.2791653543307087
0
LINE
8
BLACK
6
CONTINUOUS
10
11.0607913385826766
20
-7.2791653543307087
11
11.0611679921259842
21
-7.279240275590551
0
LINE
8
BLACK
6
CONTINUOUS
10
10.6712244094488184
20
-7.2811338582677161
11
10.6712244094488184
21
-7.4051496062992124
0
LINE
8
BLACK
6
CONTINUOUS
10
10.6712244094488184
20
-7.4051496062992124
11
11.0598070866141729
21
-7.4051496062992124
0
LINE
8
BLACK
6
CONTINUOUS
10
11.0598070866141729
20
-7.4051496062992124
11
11.0598070866141729
21
-7.2811338582677161
0
LINE
8
BLACK
6
CONTINUOUS
10
11.0598070866141729
20
-7.2811338582677161
11
10.6712244094488184
21
-7.2811338582677161
0
LINE
8
BLACK
6
CONTINUOUS
10
12.0328215354330705
20
-7.2693977559055121
11
12.0333542125984252
21
-7.2699304330708658
0
LINE
8
BLACK
6
CONTINUOUS
10
12.0333542125984252
20
-7.2699304330708658
11
12.0334291338582666
21
-7.2703070866141735
0
LINE
8
BLACK
6
CONTINUOUS
10
12.0334291338582666
20
-7.2703070866141735
11
12.0334291338582666
21
-7.3608582677165355
0
LINE
8
BLACK
6
CONTINUOUS
10
12.0334291338582666
20
-7.3608582677165355
11
12.0333542125984252
21
-7.3612349212598422
0
LINE
8
BLACK
6
CONTINUOUS
10
12.0333542125984252
20
-7.3612349212598422
11
12.0328215354330705
21
-7.3617675984251969
0
LINE
8
BLACK
6
CONTINUOUS
10
12.0328215354330705
20
-7.3617675984251969
11
12.0324448818897629
21
-7.3618425196850392
0
LINE
8
BLACK
6
CONTINUOUS
10
12.0324448818897629
20
-7.3618425196850392
11
11.847405511811024
21
-7.3618425196850392
0
LINE
8
BLACK
6
CONTINUOUS
10
11.847405511811024
20
-7.3618425196850392
11
11.8470288582677163
21
-7.3617675984251969
0
LINE
8
BLACK
6
CONTINUOUS
10
11.8470288582677163
20
-7.3617675984251969
11
11.8464961811023617
21
-7.3612349212598422
0
LINE
8
BLACK
6
CONTINUOUS
10
11.8464961811023617
20
-7.3612349212598422
11
11.8464212598425203
21
-7.3608582677165355
0
LINE
8
BLACK
6
CONTINUOUS
10
11.8464212598425203
20
-7.3608582677165355
11
11.8464212598425203
21
-7.2703070866141735
0
LINE
8
BLACK
6
CONTINUOUS
10
11.8464212598425203
20
-7.2703070866141735
11
11.8464961811023617
21
-7.2699304330708658
0
LINE
8
BLACK
6
CONTINUOUS
10
11.8464961811023617
20
-7.2699304330708658
11
11.8470288582677163
21
-7.2693977559055121
0
LINE
8
BLACK
6
CONTINUOUS
10
11.8470288582677163
20
-7.2693977559055121
11
11.847405511811024
21
-7.2693228346456689
0
LINE
8
BLACK
6
CONTINUOUS
10
11.847405511811024
20
-7.2693228346456689
11
12.0324448818897629
21
-7.2693228346456689
0
LINE
8
BLACK
6
CONTINUOUS
10
12.0324448818897629
20
-7.2693228346456689
11
12.0328215354330705
21
-7.2693977559055121
0
LINE
8
BLACK
6
CONTINUOUS
10
11.8483897637795277
20
-7.2712913385826772
11
11.8483897637795277
21
-7.3598740157480309
0
LINE
8
BLACK
6
CONTINUOUS
10
11.8483897637795277
20
-7.3598740157480309
11
12.0314606299212592
21
-7.3598740157480309
0
LINE
8
BLACK
6
CONTINUOUS
10
12.0314606299212592
20
-7.3598740157480309
11
12.0314606299212592
21
-7.2712913385826772
0
LINE
8
BLACK
6
CONTINUOUS
10
12.0314606299212592
20
-7.2712913385826772
11
11.8483897637795277
21
-7.2712913385826772
0
LINE
8
BLACK
6
CONTINUOUS
10
12.134002637795275
20
-7.2556182283464565
11
12.1345353149606296
21
-7.2561509055118112
0
LINE
8
BLACK
6
CONTINUOUS
10
12.1345353149606296
20
-7.2561509055118112
11
12.1346102362204729
21
-7.2565275590551179
0
LINE
8
BLACK
6
CONTINUOUS
10
12.1346102362204729
20
-7.2565275590551179
11
12.1346102362204729
21
-7.3825118110236216
0
LINE
8
BLACK
6
CONTINUOUS
10
12.1346102362204729
20
-7.3825118110236216
11
12.1345353149606296
21
-7.3828884645669293
0
LINE
8
BLACK
6
CONTINUOUS
10
12.1345353149606296
20
-7.3828884645669293
11
12.134002637795275
21
-7.383421141732283
0
LINE
8
BLACK
6
CONTINUOUS
10
12.134002637795275
20
-7.383421141732283
11
12.1336259842519674
21
-7.3834960629921262
0
LINE
8
BLACK
6
CONTINUOUS
10
12.1336259842519674
20
-7.3834960629921262
11
11.7430748031496055
21
-7.3834960629921262
0
LINE
8
BLACK
6
CONTINUOUS
10
11.7430748031496055
20
-7.3834960629921262
11
11.7426981496062997
21
-7.383421141732283
0
LINE
8
BLACK
6
CONTINUOUS
10
11.7426981496062997
20
-7.383421141732283
11
11.742165472440945
21
-7.3828884645669293
0
LINE
8
BLACK
6
CONTINUOUS
10
11.742165472440945
20
-7.3828884645669293
11
11.7420905511811018
21
-7.3825118110236216
0
LINE
8
BLACK
6
CONTINUOUS
10
11.7420905511811018
20
-7.3825118110236216
11
11.7420905511811018
21
-7.2565275590551179
0
LINE
8
BLACK
6
CONTINUOUS
10
11.7420905511811018
20
-7.2565275590551179
11
11.742165472440945
21
-7.2561509055118112
0
LINE
8
BLACK
6
CONTINUOUS
10
11.742165472440945
20
-7.2561509055118112
11
11.7426981496062997
21
-7.2556182283464565
0
LINE
8
BLACK
6
CONTINUOUS
10
11.7426981496062997
20
-7.2556182283464565
11
11.7430748031496055
21
-7.2555433070866142
0
LINE
8
BLACK
6
CONTINUOUS
10
11.7430748031496055
20
-7.2555433070866142
11
12.1336259842519674
21
-7.2555433070866142
0
LINE
8
BLACK
6
CONTINUOUS
10
12.1336259842519674
20
-7.2555433070866142
11
12.134002637795275
21
-7.2556182283464565
0
LINE
8
BLACK
6
CONTINUOUS
10
11.7440590551181092
20
-7.2575118110236216
11
11.7440590551181092
21
-7.3815275590551179
0
LINE
8
BLACK
6
CONTINUOUS
10
11.7440590551181092
20
-7.3815275590551179
11
12.1326417322834637
21
-7.3815275590551179
0
LINE
8
BLACK
6
CONTINUOUS
10
12.1326417322834637
20
-7.3815275590551179
11
12.1326417322834637
21
-7.2575118110236216
0
LINE
8
BLACK
6
CONTINUOUS
10
12.1326417322834637
20
-7.2575118110236216
11
11.7440590551181092
21
-7.2575118110236216
0
LINE
8
BLACK
6
CONTINUOUS
10
7.3403018503937005
20
-7.2497127165354325
11
7.3408345275590552
21
-7.2502453937007871
0
LINE
8
BLACK
6
CONTINUOUS
10
7.3408345275590552
20
-7.2502453937007871
11
7.3409094488188975
21
-7.2506220472440948
0
LINE
8
BLACK
6
CONTINUOUS
10
7.3409094488188975
20
-7.2506220472440948
11
7.3409094488188975
21
-7.3411732283464568
0
LINE
8
BLACK
6
CONTINUOUS
10
7.3409094488188975
20
-7.3411732283464568
11
7.3408345275590552
21
-7.3415498818897635
0
LINE
8
BLACK
6
CONTINUOUS
10
7.3408345275590552
20
-7.3415498818897635
11
7.3403018503937005
21
-7.3420825590551182
0
LINE
8
BLACK
6
CONTINUOUS
10
7.3403018503937005
20
-7.3420825590551182
11
7.3399251968503938
21
-7.3421574803149605
0
LINE
8
BLACK
6
CONTINUOUS
10
7.3399251968503938
20
-7.3421574803149605
11
7.1548858267716531
21
-7.3421574803149605
0
LINE
8
BLACK
6
CONTINUOUS
10
7.1548858267716531
20
-7.3421574803149605
11
7.1545091732283463
21
-7.3420825590551182
0
LINE
8
BLACK
6
CONTINUOUS
10
7.1545091732283463
20
-7.3420825590551182
11
7.1539764960629917
21
-7.3415498818897635
0
LINE
8
BLACK
6
CONTINUOUS
10
7.1539764960629917
20
-7.3415498818897635
11
7.1539015748031494
21
-7.3411732283464568
0
LINE
8
BLACK
6
CONTINUOUS
10
7.1539015748031494
20
-7.3411732283464568
11
7.1539015748031494
21
-7.2506220472440948
0
LINE
8
BLACK
6
CONTINUOUS
10
7.1539015748031494
20
-7.2506220472440948
11
7.1539764960629917
21
-7.2502453937007871
0
LINE
8
BLACK
6
CONTINUOUS
10
7.1539764960629917
20
-7.2502453937007871
11
7.1545091732283463
21
-7.2497127165354325
0
LINE
8
BLACK
6
CONTINUOUS
10
7.1545091732283463
20
-7.2497127165354325
11
7.1548858267716531
21
-7.2496377952755902
0
LINE
8
BLACK
6
CONTINUOUS
10
7.1548858267716531
20
-7.2496377952755902
11
7.3399251968503938
21
-7.2496377952755902
0
LINE
8
BLACK
6
CONTINUOUS
10
7.3399251968503938
20
-7.2496377952755902
11
7.3403018503937005
21
-7.2497127165354325
0
LINE
8
BLACK
6
CONTINUOUS
10
7.1558700787401577
20
-7.2516062992125985
11
7.1558700787401577
21
-7.3401889763779522
0
LINE
8
BLACK
6
CONTINUOUS
10
7.1558700787401577
20
-7.3401889763779522
11
7.3389409448818892
21
-7.3401889763779522
0
LINE
8
BLACK
6
CONTINUOUS
10
7.3389409448818892
20
-7.3401889763779522
11
7.3389409448818892
21
-7.2516062992125985
0
LINE
8
BLACK
6
CONTINUOUS
10
7.3389409448818892
20
-7.2516062992125985
11
7.1558700787401577
21
-7.2516062992125985
0
LINE
8
BLACK
6
CONTINUOUS
10
7.441482952755905
20
-7.2359331889763778
11
7.4420156299212596
21
-7.2364658661417325
0
LINE
8
BLACK
6
CONTINUOUS
10
7.4420156299212596
20
-7.2364658661417325
11
7.442090551181102
21
-7.2368425196850392
0
LINE
8
BLACK
6
CONTINUOUS
10
7.442090551181102
20
-7.2368425196850392
11
7.442090551181102
21
-7.3628267716535429
0
LINE
8
BLACK
6
CONTINUOUS
10
7.442090551181102
20
-7.3628267716535429
11
7.4420156299212596
21
-7.3632034251968506
0
LINE
8
BLACK
6
CONTINUOUS
10
7.4420156299212596
20
-7.3632034251968506
11
7.441482952755905
21
-7.3637361023622043
0
LINE
8
BLACK
6
CONTINUOUS
10
7.441482952755905
20
-7.3637361023622043
11
7.4411062992125983
21
-7.3638110236220466
0
LINE
8
BLACK
6
CONTINUOUS
10
7.4411062992125983
20
-7.3638110236220466
11
7.0505551181102364
21
-7.3638110236220466
0
LINE
8
BLACK
6
CONTINUOUS
10
7.0505551181102364
20
-7.3638110236220466
11
7.0501784645669288
21
-7.3637361023622043
0
LINE
8
BLACK
6
CONTINUOUS
10
7.0501784645669288
20
-7.3637361023622043
11
7.049645787401575
21
-7.3632034251968506
0
LINE
8
BLACK
6
CONTINUOUS
10
7.049645787401575
20
-7.3632034251968506
11
7.0495708661417318
21
-7.3628267716535429
0
LINE
8
BLACK
6
CONTINUOUS
10
7.0495708661417318
20
-7.3628267716535429
11
7.0495708661417318
21
-7.2368425196850392
0
LINE
8
BLACK
6
CONTINUOUS
10
7.0495708661417318
20
-7.2368425196850392
11
7.049645787401575
21
-7.2364658661417325
0
LINE
8
BLACK
6
CONTINUOUS
10
7.049645787401575
20
-7.2364658661417325
11
7.0501784645669288
21
-7.2359331889763778
0
LINE
8
BLACK
6
CONTINUOUS
10
7.0501784645669288
20
-7.2359331889763778
11
7.0505551181102364
21
-7.2358582677165355
0
LINE
8
BLACK
6
CONTINUOUS
10
7.0505551181102364
20
-7.2358582677165355
11
7.4411062992125983
21
-7.2358582677165355
0
LINE
8
BLACK
6
CONTINUOUS
10
7.4411062992125983
20
-7.2358582677165355
11
7.441482952755905
21
-7.2359331889763778
0
LINE
8
BLACK
6
CONTINUOUS
10
7.0515393700787401
20
-7.2378267716535429
11
7.0515393700787401
21
-7.3618425196850392
0
LINE
8
BLACK
6
CONTINUOUS
10
7.0515393700787401
20
-7.3618425196850392
11
7.4401220472440945
21
-7.3618425196850392
0
LINE
8
BLACK
6
CONTINUOUS
10
7.4401220472440945
20
-7.3618425196850392
11
7.4401220472440945
21
-7.2378267716535429
0
LINE
8
BLACK
6
CONTINUOUS
10
7.4401220472440945
20
-7.2378267716535429
11
7.0515393700787401
21
-7.2378267716535429
0
LINE
8
BLACK
6
CONTINUOUS
10
11.4678609055118113
20
-7.2497127165354325
11
11.4683935826771659
21
-7.2502453937007871
0
LINE
8
BLACK
6
CONTINUOUS
10
11.4683935826771659
20
-7.2502453937007871
11
11.4684685039370073
21
-7.2506220472440948
0
LINE
8
BLACK
6
CONTINUOUS
10
11.4684685039370073
20
-7.2506220472440948
11
11.4684685039370073
21
-7.3411732283464568
0
LINE
8
BLACK
6
CONTINUOUS
10
11.4684685039370073
20
-7.3411732283464568
11
11.4683935826771659
21
-7.3415498818897635
0
LINE
8
BLACK
6
CONTINUOUS
10
11.4683935826771659
20
-7.3415498818897635
11
11.4678609055118113
21
-7.3420825590551182
0
LINE
8
BLACK
6
CONTINUOUS
10
11.4678609055118113
20
-7.3420825590551182
11
11.4674842519685036
21
-7.3421574803149605
0
LINE
8
BLACK
6
CONTINUOUS
10
11.4674842519685036
20
-7.3421574803149605
11
11.2824448818897629
21
-7.3421574803149605
0
LINE
8
BLACK
6
CONTINUOUS
10
11.2824448818897629
20
-7.3421574803149605
11
11.2820682283464571
21
-7.3420825590551182
0
LINE
8
BLACK
6
CONTINUOUS
10
11.2820682283464571
20
-7.3420825590551182
11
11.2815355511811024
21
-7.3415498818897635
0
LINE
8
BLACK
6
CONTINUOUS
10
11.2815355511811024
20
-7.3415498818897635
11
11.2814606299212592
21
-7.3411732283464568
0
LINE
8
BLACK
6
CONTINUOUS
10
11.2814606299212592
20
-7.3411732283464568
11
11.2814606299212592
21
-7.2506220472440948
0
LINE
8
BLACK
6
CONTINUOUS
10
11.2814606299212592
20
-7.2506220472440948
11
11.2815355511811024
21
-7.2502453937007871
0
LINE
8
BLACK
6
CONTINUOUS
10
11.2815355511811024
20
-7.2502453937007871
11
11.2820682283464571
21
-7.2497127165354325
0
LINE
8
BLACK
6
CONTINUOUS
10
11.2820682283464571
20
-7.2497127165354325
11
11.2824448818897629
21
-7.2496377952755902
0
LINE
8
BLACK
6
CONTINUOUS
10
11.2824448818897629
20
-7.2496377952755902
11
11.4674842519685036
21
-7.2496377952755902
0
LINE
8
BLACK
6
CONTINUOUS
10
11.4674842519685036
20
-7.2496377952755902
11
11.4678609055118113
21
-7.2497127165354325
0
LINE
8
BLACK
6
CONTINUOUS
10
11.2834291338582666
20
-7.2516062992125985
11
11.2834291338582666
21
-7.3401889763779522
0
LINE
8
BLACK
6
CONTINUOUS
10
11.2834291338582666
20
-7.3401889763779522
11
11.4664999999999999
21
-7.3401889763779522
0
LINE
8
BLACK
6
CONTINUOUS
10
11.4664999999999999
20
-7.3401889763779522
11
11.4664999999999999
21
-7.2516062992125985
0
LINE
8
BLACK
6
CONTINUOUS
10
11.4664999999999999
20
-7.2516062992125985
11
11.2834291338582666
21
-7.2516062992125985
0
LINE
8
BLACK
6
CONTINUOUS
10
11.5690420078740157
20
-7.2359331889763778
11
11.5695746850393704
21
-7.2364658661417325
0
LINE
8
BLACK
6
CONTINUOUS
10
11.5695746850393704
20
-7.2364658661417325
11
11.5696496062992118
21
-7.2368425196850392
0
LINE
8
BLACK
6
CONTINUOUS
10
11.5696496062992118
20
-7.2368425196850392
11
11.5696496062992118
21
-7.3628267716535429
0
LINE
8
BLACK
6
CONTINUOUS
10
11.5696496062992118
20
-7.3628267716535429
11
11.5695746850393704
21
-7.3632034251968506
0
LINE
8
BLACK
6
CONTINUOUS
10
11.5695746850393704
20
-7.3632034251968506
11
11.5690420078740157
21
-7.3637361023622043
0
LINE
8
BLACK
6
CONTINUOUS
10
11.5690420078740157
20
-7.3637361023622043
11
11.5686653543307081
21
-7.3638110236220466
0
LINE
8
BLACK
6
CONTINUOUS
10
11.5686653543307081
20
-7.3638110236220466
11
11.1781141732283462
21
-7.3638110236220466
0
LINE
8
BLACK
6
CONTINUOUS
10
11.1781141732283462
20
-7.3638110236220466
11
11.1777375196850386
21
-7.3637361023622043
0
LINE
8
BLACK
6
CONTINUOUS
10
11.1777375196850386
20
-7.3637361023622043
11
11.1772048425196839
21
-7.3632034251968506
0
LINE
8
BLACK
6
CONTINUOUS
10
11.1772048425196839
20
-7.3632034251968506
11
11.1771299212598425
21
-7.3628267716535429
0
LINE
8
BLACK
6
CONTINUOUS
10
11.1771299212598425
20
-7.3628267716535429
11
11.1771299212598425
21
-7.2368425196850392
0
LINE
8
BLACK
6
CONTINUOUS
10
11.1771299212598425
20
-7.2368425196850392
11
11.1772048425196839
21
-7.2364658661417325
0
LINE
8
BLACK
6
CONTINUOUS
10
11.1772048425196839
20
-7.2364658661417325
11
11.1777375196850386
21
-7.2359331889763778
0
LINE
8
BLACK
6
CONTINUOUS
10
11.1777375196850386
20
-7.2359331889763778
11
11.1781141732283462
21
-7.2358582677165355
0
LINE
8
BLACK
6
CONTINUOUS
10
11.1781141732283462
20
-7.2358582677165355
11
11.5686653543307081
21
-7.2358582677165355
0
LINE
8
BLACK
6
CONTINUOUS
10
11.5686653543307081
20
-7.2358582677165355
11
11.5690420078740157
21
-7.2359331889763778
0
LINE
8
BLACK
6
CONTINUOUS
10
11.1790984251968499
20
-7.2378267716535429
11
11.1790984251968499
21
-7.3618425196850392
0
LINE
8
BLACK
6
CONTINUOUS
10
11.1790984251968499
20
-7.3618425196850392
11
11.5676811023622044
21
-7.3618425196850392
0
LINE
8
BLACK
6
CONTINUOUS
10
11.5676811023622044
20
-7.3618425196850392
11
11.5676811023622044
21
-7.2378267716535429
0
LINE
8
BLACK
6
CONTINUOUS
10
11.5676811023622044
20
-7.2378267716535429
11
11.1790984251968499
21
-7.2378267716535429
0
LINE
8
BLACK
6
CONTINUOUS
10
5.3107742913385829
20
-7.2142796456692908
11
5.3113069685039367
21
-7.2148123228346455
0
LINE
8
BLACK
6
CONTINUOUS
10
5.3113069685039367
20
-7.2148123228346455
11
5.311381889763779
21
-7.2151889763779522
0
LINE
8
BLACK
6
CONTINUOUS
10
5.311381889763779
20
-7.2151889763779522
11
5.311381889763779
21
-7.3057401574803151
0
LINE
8
BLACK
6
CONTINUOUS
10
5.311381889763779
20
-7.3057401574803151
11
5.3113069685039367
21
-7.3061168110236219
0
LINE
8
BLACK
6
CONTINUOUS
10
5.3113069685039367
20
-7.3061168110236219
11
5.3107742913385829
21
-7.3066494881889765
0
LINE
8
BLACK
6
CONTINUOUS
10
5.3107742913385829
20
-7.3066494881889765
11
5.3103976377952753
21
-7.3067244094488188
0
LINE
8
BLACK
6
CONTINUOUS
10
5.3103976377952753
20
-7.3067244094488188
11
5.1253582677165355
21
-7.3067244094488188
0
LINE
8
BLACK
6
CONTINUOUS
10
5.1253582677165355
20
-7.3067244094488188
11
5.1249816141732278
21
-7.3066494881889765
0
LINE
8
BLACK
6
CONTINUOUS
10
5.1249816141732278
20
-7.3066494881889765
11
5.1244489370078741
21
-7.3061168110236219
0
LINE
8
BLACK
6
CONTINUOUS
10
5.1244489370078741
20
-7.3061168110236219
11
5.1243740157480318
21
-7.3057401574803151
0
LINE
8
BLACK
6
CONTINUOUS
10
5.1243740157480318
20
-7.3057401574803151
11
5.1243740157480318
21
-7.2151889763779522
0
LINE
8
BLACK
6
CONTINUOUS
10
5.1243740157480318
20
-7.2151889763779522
11
5.1244489370078741
21
-7.2148123228346455
0
LINE
8
BLACK
6
CONTINUOUS
10
5.1244489370078741
20
-7.2148123228346455
11
5.1249816141732278
21
-7.2142796456692908
0
LINE
8
BLACK
6
CONTINUOUS
10
5.1249816141732278
20
-7.2142796456692908
11
5.1253582677165355
21
-7.2142047244094485
0
LINE
8
BLACK
6
CONTINUOUS
10
5.1253582677165355
20
-7.2142047244094485
11
5.3103976377952753
21
-7.2142047244094485
0
LINE
8
BLACK
6
CONTINUOUS
10
5.3103976377952753
20
-7.2142047244094485
11
5.3107742913385829
21
-7.2142796456692908
0
LINE
8
BLACK
6
CONTINUOUS
10
5.1263425196850392
20
-7.2161732283464568
11
5.1263425196850392
21
-7.3047559055118105
0
LINE
8
BLACK
6
CONTINUOUS
10
5.1263425196850392
20
-7.3047559055118105
11
5.3094133858267716
21
-7.3047559055118105
0
LINE
8
BLACK
6
CONTINUOUS
10
5.3094133858267716
20
-7.3047559055118105
11
5.3094133858267716
21
-7.2161732283464568
0
LINE
8
BLACK
6
CONTINUOUS
10
5.3094133858267716
20
-7.2161732283464568
11
5.1263425196850392
21
-7.2161732283464568
0
LINE
8
BLACK
6
CONTINUOUS
10
5.4119553937007874
20
-7.2005001181102362
11
5.412488070866142
21
-7.2010327952755908
0
LINE
8
BLACK
6
CONTINUOUS
10
5.412488070866142
20
-7.2010327952755908
11
5.4125629921259844
21
-7.2014094488188976
0
LINE
8
BLACK
6
CONTINUOUS
10
5.4125629921259844
20
-7.2014094488188976
11
5.4125629921259844
21
-7.3273937007874013
0
LINE
8
BLACK
6
CONTINUOUS
10
5.4125629921259844
20
-7.3273937007874013
11
5.412488070866142
21
-7.3277703543307089
0
LINE
8
BLACK
6
CONTINUOUS
10
5.412488070866142
20
-7.3277703543307089
11
5.4119553937007874
21
-7.3283030314960627
0
LINE
8
BLACK
6
CONTINUOUS
10
5.4119553937007874
20
-7.3283030314960627
11
5.4115787401574797
21
-7.328377952755905
0
LINE
8
BLACK
6
CONTINUOUS
10
5.4115787401574797
20
-7.328377952755905
11
5.0210275590551179
21
-7.328377952755905
0
LINE
8
BLACK
6
CONTINUOUS
10
5.0210275590551179
20
-7.328377952755905
11
5.0206509055118111
21
-7.3283030314960627
0
LINE
8
BLACK
6
CONTINUOUS
10
5.0206509055118111
20
-7.3283030314960627
11
5.0201182283464565
21
-7.3277703543307089
0
LINE
8
BLACK
6
CONTINUOUS
10
5.0201182283464565
20
-7.3277703543307089
11
5.0200433070866142
21
-7.3273937007874013
0
LINE
8
BLACK
6
CONTINUOUS
10
5.0200433070866142
20
-7.3273937007874013
11
5.0200433070866142
21
-7.2014094488188976
0
LINE
8
BLACK
6
CONTINUOUS
10
5.0200433070866142
20
-7.2014094488188976
11
5.0201182283464565
21
-7.2010327952755908
0
LINE
8
BLACK
6
CONTINUOUS
10
5.0201182283464565
20
-7.2010327952755908
11
5.0206509055118111
21
-7.2005001181102362
0
LINE
8
BLACK
6
CONTINUOUS
10
5.0206509055118111
20
-7.2005001181102362
11
5.0210275590551179
21
-7.2004251968503938
0
LINE
8
BLACK
6
CONTINUOUS
10
5.0210275590551179
20
-7.2004251968503938
11
5.4115787401574797
21
-7.2004251968503938
0
LINE
8
BLACK
6
CONTINUOUS
10
5.4115787401574797
20
-7.2004251968503938
11
5.4119553937007874
21
-7.2005001181102362
0
LINE
8
BLACK
6
CONTINUOUS
10
5.0220118110236216
20
-7.2023937007874013
11
5.0220118110236216
21
-7.3264094488188976
0
LINE
8
BLACK
6
CONTINUOUS
10
5.0220118110236216
20
-7.3264094488188976
11
5.410594488188976
21
-7.3264094488188976
0
LINE
8
BLACK
6
CONTINUOUS
10
5.410594488188976
20
-7.3264094488188976
11
5.410594488188976
21
-7.2023937007874013
0
LINE
8
BLACK
6
CONTINUOUS
10
5.410594488188976
20
-7.2023937007874013
11
5.0220118110236216
21
-7.2023937007874013
0
LINE
8
BLACK
6
CONTINUOUS
10
11.7694357086614172
20
-6.9898701968503936
11
11.7699683858267719
21
-6.9904028740157482
0
LINE
8
BLACK
6
CONTINUOUS
10
11.7699683858267719
20
-6.9904028740157482
11
11.7700433070866133
21
-6.990779527559055
0
LINE
8
BLACK
6
CONTINUOUS
10
11.7700433070866133
20
-6.990779527559055
11
11.7700433070866133
21
-7.081330708661417
0
LINE
8
BLACK
6
CONTINUOUS
10
11.7700433070866133
20
-7.081330708661417
11
11.7699683858267719
21
-7.0817073622047246
0
LINE
8
BLACK
6
CONTINUOUS
10
11.7699683858267719
20
-7.0817073622047246
11
11.7694357086614172
21
-7.0822400393700784
0
LINE
8
BLACK
6
CONTINUOUS
10
11.7694357086614172
20
-7.0822400393700784
11
11.7690590551181096
21
-7.0823149606299207
0
LINE
8
BLACK
6
CONTINUOUS
10
11.7690590551181096
20
-7.0823149606299207
11
11.5840196850393706
21
-7.0823149606299207
0
LINE
8
BLACK
6
CONTINUOUS
10
11.5840196850393706
20
-7.0823149606299207
11
11.583643031496063
21
-7.0822400393700784
0
LINE
8
BLACK
6
CONTINUOUS
10
11.583643031496063
20
-7.0822400393700784
11
11.5831103543307083
21
-7.0817073622047246
0
LINE
8
BLACK
6
CONTINUOUS
10
11.5831103543307083
20
-7.0817073622047246
11
11.5830354330708651
21
-7.081330708661417
0
LINE
8
BLACK
6
CONTINUOUS
10
11.5830354330708651
20
-7.081330708661417
11
11.5830354330708651
21
-6.990779527559055
0
LINE
8
BLACK
6
CONTINUOUS
10
11.5830354330708651
20
-6.990779527559055
11
11.5831103543307083
21
-6.9904028740157482
0
LINE
8
BLACK
6
CONTINUOUS
10
11.5831103543307083
20
-6.9904028740157482
11
11.583643031496063
21
-6.9898701968503936
0
LINE
8
BLACK
6
CONTINUOUS
10
11.583643031496063
20
-6.9898701968503936
11
11.5840196850393706
21
-6.9897952755905512
0
LINE
8
BLACK
6
CONTINUOUS
10
11.5840196850393706
20
-6.9897952755905512
11
11.7690590551181096
21
-6.9897952755905512
0
LINE
8
BLACK
6
CONTINUOUS
10
11.7690590551181096
20
-6.9897952755905512
11
11.7694357086614172
21
-6.9898701968503936
0
LINE
8
BLACK
6
CONTINUOUS
10
11.5850039370078743
20
-6.9917637795275587
11
11.5850039370078743
21
-7.0803464566929133
0
LINE
8
BLACK
6
CONTINUOUS
10
11.5850039370078743
20
-7.0803464566929133
11
11.7680748031496059
21
-7.0803464566929133
0
LINE
8
BLACK
6
CONTINUOUS
10
11.7680748031496059
20
-7.0803464566929133
11
11.7680748031496059
21
-6.9917637795275587
0
LINE
8
BLACK
6
CONTINUOUS
10
11.7680748031496059
20
-6.9917637795275587
11
11.5850039370078743
21
-6.9917637795275587
0
LINE
8
BLACK
6
CONTINUOUS
10
11.8706168110236217
20
-6.976090669291338
11
11.8711494881889763
21
-6.9766233464566927
0
LINE
8
BLACK
6
CONTINUOUS
10
11.8711494881889763
20
-6.9766233464566927
11
11.8712244094488195
21
-6.9769999999999994
0
LINE
8
BLACK
6
CONTINUOUS
10
11.8712244094488195
20
-6.9769999999999994
11
11.8712244094488195
21
-7.102984251968504
0
LINE
8
BLACK
6
CONTINUOUS
10
11.8712244094488195
20
-7.102984251968504
11
11.8711494881889763
21
-7.1033609055118108
0
LINE
8
BLACK
6
CONTINUOUS
10
11.8711494881889763
20
-7.1033609055118108
11
11.8706168110236217
21
-7.1038935826771654
0
LINE
8
BLACK
6
CONTINUOUS
10
11.8706168110236217
20
-7.1038935826771654
11
11.870240157480314
21
-7.1039685039370077
0
LINE
8
BLACK
6
CONTINUOUS
10
11.870240157480314
20
-7.1039685039370077
11
11.4796889763779522
21
-7.1039685039370077
0
LINE
8
BLACK
6
CONTINUOUS
10
11.4796889763779522
20
-7.1039685039370077
11
11.4793123228346445
21
-7.1038935826771654
0
LINE
8
BLACK
6
CONTINUOUS
10
11.4793123228346445
20
-7.1038935826771654
11
11.4787796456692917
21
-7.1033609055118108
0
LINE
8
BLACK
6
CONTINUOUS
10
11.4787796456692917
20
-7.1033609055118108
11
11.4787047244094484
21
-7.102984251968504
0
LINE
8
BLACK
6
CONTINUOUS
10
11.4787047244094484
20
-7.102984251968504
11
11.4787047244094484
21
-6.9769999999999994
0
LINE
8
BLACK
6
CONTINUOUS
10
11.4787047244094484
20
-6.9769999999999994
11
11.4787796456692917
21
-6.9766233464566927
0
LINE
8
BLACK
6
CONTINUOUS
10
11.4787796456692917
20
-6.9766233464566927
11
11.4793123228346445
21
-6.976090669291338
0
LINE
8
BLACK
6
CONTINUOUS
10
11.4793123228346445
20
-6.976090669291338
11
11.4796889763779522
21
-6.9760157480314957
0
LINE
8
BLACK
6
CONTINUOUS
10
11.4796889763779522
20
-6.9760157480314957
11
11.870240157480314
21
-6.9760157480314957
0
LINE
8
BLACK
6
CONTINUOUS
10
11.870240157480314
20
-6.9760157480314957
11
11.8706168110236217
21
-6.976090669291338
0
LINE
8
BLACK
6
CONTINUOUS
10
11.4806732283464559
20
-6.977984251968504
11
11.4806732283464559
21
-7.1019999999999994
0
LINE
8
BLACK
6
CONTINUOUS
10
11.4806732283464559
20
-7.1019999999999994
11
11.8692559055118103
21
-7.1019999999999994
0
LINE
8
BLACK
6
CONTINUOUS
10
11.8692559055118103
20
-7.1019999999999994
11
11.8692559055118103
21
-6.977984251968504
0
LINE
8
BLACK
6
CONTINUOUS
10
11.8692559055118103
20
-6.977984251968504
11
11.4806732283464559
21
-6.977984251968504
0
LINE
8
BLACK
6
CONTINUOUS
10
3.4127427952755904
20
-6.9249095669291334
11
3.4132754724409446
21
-6.9254422440944881
0
LINE
8
BLACK
6
CONTINUOUS
10
3.4132754724409446
20
-6.9254422440944881
11
3.4133503937007874
21
-6.9258188976377948
0
LINE
8
BLACK
6
CONTINUOUS
10
3.4133503937007874
20
-6.9258188976377948
11
3.4133503937007874
21
-7.0163700787401577
0
LINE
8
BLACK
6
CONTINUOUS
10
3.4133503937007874
20
-7.0163700787401577
11
3.4132754724409446
21
-7.0167467322834645
0
LINE
8
BLACK
6
CONTINUOUS
10
3.4132754724409446
20
-7.0167467322834645
11
3.4127427952755904
21
-7.0172794094488191
0
LINE
8
BLACK
6
CONTINUOUS
10
3.4127427952755904
20
-7.0172794094488191
11
3.4123661417322833
21
-7.0173543307086614
0
LINE
8
BLACK
6
CONTINUOUS
10
3.4123661417322833
20
-7.0173543307086614
11
3.2273267716535434
21
-7.0173543307086614
0
LINE
8
BLACK
6
CONTINUOUS
10
3.2273267716535434
20
-7.0173543307086614
11
3.2269501181102362
21
-7.0172794094488191
0
LINE
8
BLACK
6
CONTINUOUS
10
3.2269501181102362
20
-7.0172794094488191
11
3.226417440944882
21
-7.0167467322834645
0
LINE
8
BLACK
6
CONTINUOUS
10
3.226417440944882
20
-7.0167467322834645
11
3.2263425196850393
21
-7.0163700787401577
0
LINE
8
BLACK
6
CONTINUOUS
10
3.2263425196850393
20
-7.0163700787401577
11
3.2263425196850393
21
-6.9258188976377948
0
LINE
8
BLACK
6
CONTINUOUS
10
3.2263425196850393
20
-6.9258188976377948
11
3.226417440944882
21
-6.9254422440944881
0
LINE
8
BLACK
6
CONTINUOUS
10
3.226417440944882
20
-6.9254422440944881
11
3.2269501181102362
21
-6.9249095669291334
0
LINE
8
BLACK
6
CONTINUOUS
10
3.2269501181102362
20
-6.9249095669291334
11
3.2273267716535434
21
-6.9248346456692911
0
LINE
8
BLACK
6
CONTINUOUS
10
3.2273267716535434
20
-6.9248346456692911
11
3.4123661417322833
21
-6.9248346456692911
0
LINE
8
BLACK
6
CONTINUOUS
10
3.4123661417322833
20
-6.9248346456692911
11
3.4127427952755904
21
-6.9249095669291334
0
LINE
8
BLACK
6
CONTINUOUS
10
3.2283110236220471
20
-6.9268031496062994
11
3.2283110236220471
21
-7.0153858267716531
0
LINE
8
BLACK
6
CONTINUOUS
10
3.2283110236220471
20
-7.0153858267716531
11
3.4113818897637795
21
-7.0153858267716531
0
LINE
8
BLACK
6
CONTINUOUS
10
3.4113818897637795
20
-7.0153858267716531
11
3.4113818897637795
21
-6.9268031496062994
0
LINE
8
BLACK
6
CONTINUOUS
10
3.4113818897637795
20
-6.9268031496062994
11
3.2283110236220471
21
-6.9268031496062994
0
LINE
8
BLACK
6
CONTINUOUS
10
3.5139238976377953
20
-6.9111300393700787
11
3.5144565748031495
21
-6.9116627165354325
0
LINE
8
BLACK
6
CONTINUOUS
10
3.5144565748031495
20
-6.9116627165354325
11
3.5145314960629919
21
-6.9120393700787401
0
LINE
8
BLACK
6
CONTINUOUS
10
3.5145314960629919
20
-6.9120393700787401
11
3.5145314960629919
21
-7.0380236220472439
0
LINE
8
BLACK
6
CONTINUOUS
10
3.5145314960629919
20
-7.0380236220472439
11
3.5144565748031495
21
-7.0384002755905506
0
LINE
8
BLACK
6
CONTINUOUS
10
3.5144565748031495
20
-7.0384002755905506
11
3.5139238976377953
21
-7.0389329527559052
0
LINE
8
BLACK
6
CONTINUOUS
10
3.5139238976377953
20
-7.0389329527559052
11
3.5135472440944882
21
-7.0390078740157476
0
LINE
8
BLACK
6
CONTINUOUS
10
3.5135472440944882
20
-7.0390078740157476
11
3.1229960629921258
21
-7.0390078740157476
0
LINE
8
BLACK
6
CONTINUOUS
10
3.1229960629921258
20
-7.0390078740157476
11
3.1226194094488187
21
-7.0389329527559052
0
LINE
8
BLACK
6
CONTINUOUS
10
3.1226194094488187
20
-7.0389329527559052
11
3.1220867322834644
21
-7.0384002755905506
0
LINE
8
BLACK
6
CONTINUOUS
10
3.1220867322834644
20
-7.0384002755905506
11
3.1220118110236221
21
-7.0380236220472439
0
LINE
8
BLACK
6
CONTINUOUS
10
3.1220118110236221
20
-7.0380236220472439
11
3.1220118110236221
21
-6.9120393700787401
0
LINE
8
BLACK
6
CONTINUOUS
10
3.1220118110236221
20
-6.9120393700787401
11
3.1220867322834644
21
-6.9116627165354325
0
LINE
8
BLACK
6
CONTINUOUS
10
3.1220867322834644
20
-6.9116627165354325
11
3.1226194094488187
21
-6.9111300393700787
0
LINE
8
BLACK
6
CONTINUOUS
10
3.1226194094488187
20
-6.9111300393700787
11
3.1229960629921258
21
-6.9110551181102364
0
LINE
8
BLACK
6
CONTINUOUS
10
3.1229960629921258
20
-6.9110551181102364
11
3.5135472440944882
21
-6.9110551181102364
0
LINE
8
BLACK
6
CONTINUOUS
10
3.5135472440944882
20
-6.9110551181102364
11
3.5139238976377953
21
-6.9111300393700787
0
LINE
8
BLACK
6
CONTINUOUS
10
3.12398031496063
20
-6.9130236220472439
11
3.12398031496063
21
-7.0370393700787401
0
LINE
8
BLACK
6
CONTINUOUS
10
3.12398031496063
20
-7.0370393700787401
11
3.512562992125984
21
-7.0370393700787401
0
LINE
8
BLACK
6
CONTINUOUS
10
3.512562992125984
20
-7.0370393700787401
11
3.512562992125984
21
-6.9130236220472439
0
LINE
8
BLACK
6
CONTINUOUS
10
3.512562992125984
20
-6.9130236220472439
11
3.12398031496063
21
-6.9130236220472439
0
LINE
8
BLACK
6
CONTINUOUS
10
4.0883333464566931
20
-6.9052245275590547
11
4.0888660236220469
21
-6.9057572047244093
0
LINE
8
BLACK
6
CONTINUOUS
10
4.0888660236220469
20
-6.9057572047244093
11
4.0889409448818901
21
-6.9061338582677161
0
LINE
8
BLACK
6
CONTINUOUS
10
4.0889409448818901
20
-6.9061338582677161
11
4.0889409448818901
21
-6.996685039370079
0
LINE
8
BLACK
6
CONTINUOUS
10
4.0889409448818901
20
-6.996685039370079
11
4.0888660236220469
21
-6.9970616929133858
0
LINE
8
BLACK
6
CONTINUOUS
10
4.0888660236220469
20
-6.9970616929133858
11
4.0883333464566931
21
-6.9975943700787404
0
LINE
8
BLACK
6
CONTINUOUS
10
4.0883333464566931
20
-6.9975943700787404
11
4.0879566929133855
21
-6.9976692913385827
0
LINE
8
BLACK
6
CONTINUOUS
10
4.0879566929133855
20
-6.9976692913385827
11
3.9029173228346457
21
-6.9976692913385827
0
LINE
8
BLACK
6
CONTINUOUS
10
3.9029173228346457
20
-6.9976692913385827
11
3.9025406692913385
21
-6.9975943700787404
0
LINE
8
BLACK
6
CONTINUOUS
10
3.9025406692913385
20
-6.9975943700787404
11
3.9020079921259843
21
-6.9970616929133858
0
LINE
8
BLACK
6
CONTINUOUS
10
3.9020079921259843
20
-6.9970616929133858
11
3.9019330708661415
21
-6.996685039370079
0
LINE
8
BLACK
6
CONTINUOUS
10
3.9019330708661415
20
-6.996685039370079
11
3.9019330708661415
21
-6.9061338582677161
0
LINE
8
BLACK
6
CONTINUOUS
10
3.9019330708661415
20
-6.9061338582677161
11
3.9020079921259843
21
-6.9057572047244093
0
LINE
8
BLACK
6
CONTINUOUS
10
3.9020079921259843
20
-6.9057572047244093
11
3.9025406692913385
21
-6.9052245275590547
0
LINE
8
BLACK
6
CONTINUOUS
10
3.9025406692913385
20
-6.9052245275590547
11
3.9029173228346457
21
-6.9051496062992124
0
LINE
8
BLACK
6
CONTINUOUS
10
3.9029173228346457
20
-6.9051496062992124
11
4.0879566929133855
21
-6.9051496062992124
0
LINE
8
BLACK
6
CONTINUOUS
10
4.0879566929133855
20
-6.9051496062992124
11
4.0883333464566931
21
-6.9052245275590547
0
LINE
8
BLACK
6
CONTINUOUS
10
3.9039015748031494
20
-6.9071181102362207
11
3.9039015748031494
21
-6.9957007874015744
0
LINE
8
BLACK
6
CONTINUOUS
10
3.9039015748031494
20
-6.9957007874015744
11
4.0869724409448818
21
-6.9957007874015744
0
LINE
8
BLACK
6
CONTINUOUS
10
4.0869724409448818
20
-6.9957007874015744
11
4.0869724409448818
21
-6.9071181102362207
0
LINE
8
BLACK
6
CONTINUOUS
10
4.0869724409448818
20
-6.9071181102362207
11
3.9039015748031494
21
-6.9071181102362207
0
LINE
8
BLACK
6
CONTINUOUS
10
4.1895144488188976
20
-6.891445
11
4.1900471259842522
21
-6.8919776771653538
0
LINE
8
BLACK
6
CONTINUOUS
10
4.1900471259842522
20
-6.8919776771653538
11
4.1901220472440945
21
-6.8923543307086614
0
LINE
8
BLACK
6
CONTINUOUS
10
4.1901220472440945
20
-6.8923543307086614
11
4.1901220472440945
21
-7.0183385826771651
0
LINE
8
BLACK
6
CONTINUOUS
10
4.1901220472440945
20
-7.0183385826771651
11
4.1900471259842522
21
-7.0187152362204719
0
LINE
8
BLACK
6
CONTINUOUS
10
4.1900471259842522
20
-7.0187152362204719
11
4.1895144488188976
21
-7.0192479133858265
0
LINE
8
BLACK
6
CONTINUOUS
10
4.1895144488188976
20
-7.0192479133858265
11
4.1891377952755908
21
-7.0193228346456689
0
LINE
8
BLACK
6
CONTINUOUS
10
4.1891377952755908
20
-7.0193228346456689
11
3.7985866141732281
21
-7.0193228346456689
0
LINE
8
BLACK
6
CONTINUOUS
10
3.7985866141732281
20
-7.0193228346456689
11
3.7982099606299213
21
-7.0192479133858265
0
LINE
8
BLACK
6
CONTINUOUS
10
3.7982099606299213
20
-7.0192479133858265
11
3.7976772834645667
21
-7.0187152362204719
0
LINE
8
BLACK
6
CONTINUOUS
10
3.7976772834645667
20
-7.0187152362204719
11
3.7976023622047244
21
-7.0183385826771651
0
LINE
8
BLACK
6
CONTINUOUS
10
3.7976023622047244
20
-7.0183385826771651
11
3.7976023622047244
21
-6.8923543307086614
0
LINE
8
BLACK
6
CONTINUOUS
10
3.7976023622047244
20
-6.8923543307086614
11
3.7976772834645667
21
-6.8919776771653538
0
LINE
8
BLACK
6
CONTINUOUS
10
3.7976772834645667
20
-6.8919776771653538
11
3.7982099606299213
21
-6.891445
0
LINE
8
BLACK
6
CONTINUOUS
10
3.7982099606299213
20
-6.891445
11
3.7985866141732281
21
-6.8913700787401577
0
LINE
8
BLACK
6
CONTINUOUS
10
3.7985866141732281
20
-6.8913700787401577
11
4.1891377952755908
21
-6.8913700787401577
0
LINE
8
BLACK
6
CONTINUOUS
10
4.1891377952755908
20
-6.8913700787401577
11
4.1895144488188976
21
-6.891445
0
LINE
8
BLACK
6
CONTINUOUS
10
3.7995708661417322
20
-6.8933385826771651
11
3.7995708661417322
21
-7.0173543307086614
0
LINE
8
BLACK
6
CONTINUOUS
10
3.7995708661417322
20
-7.0173543307086614
11
4.1881535433070862
21
-7.0173543307086614
0
LINE
8
BLACK
6
CONTINUOUS
10
4.1881535433070862
20
-7.0173543307086614
11
4.1881535433070862
21
-6.8933385826771651
0
LINE
8
BLACK
6
CONTINUOUS
10
4.1881535433070862
20
-6.8933385826771651
11
3.7995708661417322
21
-6.8933385826771651
0
LINE
8
BLACK
6
CONTINUOUS
10
13.6434514566929135
20
-6.891445
11
13.6439841338582681
21
-6.8919776771653538
0
LINE
8
BLACK
6
CONTINUOUS
10
13.6439841338582681
20
-6.8919776771653538
11
13.6440590551181096
21
-6.8923543307086614
0
LINE
8
BLACK
6
CONTINUOUS
10
13.6440590551181096
20
-6.8923543307086614
11
13.6440590551181096
21
-6.9829055118110235
0
LINE
8
BLACK
6
CONTINUOUS
10
13.6440590551181096
20
-6.9829055118110235
11
13.6439841338582681
21
-6.9832821653543302
0
LINE
8
BLACK
6
CONTINUOUS
10
13.6439841338582681
20
-6.9832821653543302
11
13.6434514566929135
21
-6.9838148425196849
0
LINE
8
BLACK
6
CONTINUOUS
10
13.6434514566929135
20
-6.9838148425196849
11
13.6430748031496059
21
-6.9838897637795272
0
LINE
8
BLACK
6
CONTINUOUS
10
13.6430748031496059
20
-6.9838897637795272
11
13.4580354330708651
21
-6.9838897637795272
0
LINE
8
BLACK
6
CONTINUOUS
10
13.4580354330708651
20
-6.9838897637795272
11
13.4576587795275593
21
-6.9838148425196849
0
LINE
8
BLACK
6
CONTINUOUS
10
13.4576587795275593
20
-6.9838148425196849
11
13.4571261023622046
21
-6.9832821653543302
0
LINE
8
BLACK
6
CONTINUOUS
10
13.4571261023622046
20
-6.9832821653543302
11
13.4570511811023614
21
-6.9829055118110235
0
LINE
8
BLACK
6
CONTINUOUS
10
13.4570511811023614
20
-6.9829055118110235
11
13.4570511811023614
21
-6.8923543307086614
0
LINE
8
BLACK
6
CONTINUOUS
10
13.4570511811023614
20
-6.8923543307086614
11
13.4571261023622046
21
-6.8919776771653538
0
LINE
8
BLACK
6
CONTINUOUS
10
13.4571261023622046
20
-6.8919776771653538
11
13.4576587795275593
21
-6.891445
0
LINE
8
BLACK
6
CONTINUOUS
10
13.4576587795275593
20
-6.891445
11
13.4580354330708651
21
-6.8913700787401577
0
LINE
8
BLACK
6
CONTINUOUS
10
13.4580354330708651
20
-6.8913700787401577
11
13.6430748031496059
21
-6.8913700787401577
0
LINE
8
BLACK
6
CONTINUOUS
10
13.6430748031496059
20
-6.8913700787401577
11
13.6434514566929135
21
-6.891445
0
LINE
8
BLACK
6
CONTINUOUS
10
13.4590196850393706
20
-6.8933385826771651
11
13.4590196850393706
21
-6.9819212598425198
0
LINE
8
BLACK
6
CONTINUOUS
10
13.4590196850393706
20
-6.9819212598425198
11
13.6420905511811021
21
-6.9819212598425198
0
LINE
8
BLACK
6
CONTINUOUS
10
13.6420905511811021
20
-6.9819212598425198
11
13.6420905511811021
21
-6.8933385826771651
0
LINE
8
BLACK
6
CONTINUOUS
10
13.6420905511811021
20
-6.8933385826771651
11
13.4590196850393706
21
-6.8933385826771651
0
LINE
8
BLACK
6
CONTINUOUS
10
13.7446325590551179
20
-6.8776654724409445
11
13.7451652362204726
21
-6.8781981496062992
0
LINE
8
BLACK
6
CONTINUOUS
10
13.7451652362204726
20
-6.8781981496062992
11
13.745240157480314
21
-6.8785748031496059
0
LINE
8
BLACK
6
CONTINUOUS
10
13.745240157480314
20
-6.8785748031496059
11
13.745240157480314
21
-7.0045590551181105
0
LINE
8
BLACK
6
CONTINUOUS
10
13.745240157480314
20
-7.0045590551181105
11
13.7451652362204726
21
-7.0049357086614172
0
LINE
8
BLACK
6
CONTINUOUS
10
13.7451652362204726
20
-7.0049357086614172
11
13.7446325590551179
21
-7.0054683858267719
0
LINE
8
BLACK
6
CONTINUOUS
10
13.7446325590551179
20
-7.0054683858267719
11
13.7442559055118103
21
-7.0055433070866142
0
LINE
8
BLACK
6
CONTINUOUS
10
13.7442559055118103
20
-7.0055433070866142
11
13.3537047244094484
21
-7.0055433070866142
0
LINE
8
BLACK
6
CONTINUOUS
10
13.3537047244094484
20
-7.0055433070866142
11
13.3533280708661408
21
-7.0054683858267719
0
LINE
8
BLACK
6
CONTINUOUS
10
13.3533280708661408
20
-7.0054683858267719
11
13.3527953937007879
21
-7.0049357086614172
0
LINE
8
BLACK
6
CONTINUOUS
10
13.3527953937007879
20
-7.0049357086614172
11
13.3527204724409447
21
-7.0045590551181105
0
LINE
8
BLACK
6
CONTINUOUS
10
13.3527204724409447
20
-7.0045590551181105
11
13.3527204724409447
21
-6.8785748031496059
0
LINE
8
BLACK
6
CONTINUOUS
10
13.3527204724409447
20
-6.8785748031496059
11
13.3527953937007879
21
-6.8781981496062992
0
LINE
8
BLACK
6
CONTINUOUS
10
13.3527953937007879
20
-6.8781981496062992
11
13.3533280708661408
21
-6.8776654724409445
0
LINE
8
BLACK
6
CONTINUOUS
10
13.3533280708661408
20
-6.8776654724409445
11
13.3537047244094484
21
-6.8775905511811022
0
LINE
8
BLACK
6
CONTINUOUS
10
13.3537047244094484
20
-6.8775905511811022
11
13.7442559055118103
21
-6.8775905511811022
0
LINE
8
BLACK
6
CONTINUOUS
10
13.7442559055118103
20
-6.8775905511811022
11
13.7446325590551179
21
-6.8776654724409445
0
LINE
8
BLACK
6
CONTINUOUS
10
13.3546889763779522
20
-6.8795590551181105
11
13.3546889763779522
21
-7.0035748031496059
0
LINE
8
BLACK
6
CONTINUOUS
10
13.3546889763779522
20
-7.0035748031496059
11
13.7432716535433066
21
-7.0035748031496059
0
LINE
8
BLACK
6
CONTINUOUS
10
13.7432716535433066
20
-7.0035748031496059
11
13.7432716535433066
21
-6.8795590551181105
0
LINE
8
BLACK
6
CONTINUOUS
10
13.7432716535433066
20
-6.8795590551181105
11
13.3546889763779522
21
-6.8795590551181105
0
LINE
8
BLACK
6
CONTINUOUS
10
13.1824278346456687
20
-6.8894764960629917
11
13.1829605118110234
21
-6.8900091732283464
0
LINE
8
BLACK
6
CONTINUOUS
10
13.1829605118110234
20
-6.8900091732283464
11
13.1830354330708666
21
-6.8903858267716531
0
LINE
8
BLACK
6
CONTINUOUS
10
13.1830354330708666
20
-6.8903858267716531
11
13.1830354330708666
21
-6.9809370078740152
0
LINE
8
BLACK
6
CONTINUOUS
10
13.1830354330708666
20
-6.9809370078740152
11
13.1829605118110234
21
-6.9813136614173228
0
LINE
8
BLACK
6
CONTINUOUS
10
13.1829605118110234
20
-6.9813136614173228
11
13.1824278346456687
21
-6.9818463385826774
0
LINE
8
BLACK
6
CONTINUOUS
10
13.1824278346456687
20
-6.9818463385826774
11
13.1820511811023611
21
-6.9819212598425198
0
LINE
8
BLACK
6
CONTINUOUS
10
13.1820511811023611
20
-6.9819212598425198
11
12.9970118110236221
21
-6.9819212598425198
0
LINE
8
BLACK
6
CONTINUOUS
10
12.9970118110236221
20
-6.9819212598425198
11
12.9966351574803145
21
-6.9818463385826774
0
LINE
8
BLACK
6
CONTINUOUS
10
12.9966351574803145
20
-6.9818463385826774
11
12.9961024803149598
21
-6.9813136614173228
0
LINE
8
BLACK
6
CONTINUOUS
10
12.9961024803149598
20
-6.9813136614173228
11
12.9960275590551184
21
-6.9809370078740152
0
LINE
8
BLACK
6
CONTINUOUS
10
12.9960275590551184
20
-6.9809370078740152
11
12.9960275590551184
21
-6.8903858267716531
0
LINE
8
BLACK
6
CONTINUOUS
10
12.9960275590551184
20
-6.8903858267716531
11
12.9961024803149598
21
-6.8900091732283464
0
LINE
8
BLACK
6
CONTINUOUS
10
12.9961024803149598
20
-6.8900091732283464
11
12.9966351574803145
21
-6.8894764960629917
0
LINE
8
BLACK
6
CONTINUOUS
10
12.9966351574803145
20
-6.8894764960629917
11
12.9970118110236221
21
-6.8894015748031494
0
LINE
8
BLACK
6
CONTINUOUS
10
12.9970118110236221
20
-6.8894015748031494
11
13.1820511811023611
21
-6.8894015748031494
0
LINE
8
BLACK
6
CONTINUOUS
10
13.1820511811023611
20
-6.8894015748031494
11
13.1824278346456687
21
-6.8894764960629917
0
LINE
8
BLACK
6
CONTINUOUS
10
12.9979960629921258
20
-6.8913700787401577
11
12.9979960629921258
21
-6.9799527559055115
0
LINE
8
BLACK
6
CONTINUOUS
10
12.9979960629921258
20
-6.9799527559055115
11
13.1810669291338574
21
-6.9799527559055115
0
LINE
8
BLACK
6
CONTINUOUS
10
13.1810669291338574
20
-6.9799527559055115
11
13.1810669291338574
21
-6.8913700787401577
0
LINE
8
BLACK
6
CONTINUOUS
10
13.1810669291338574
20
-6.8913700787401577
11
12.9979960629921258
21
-6.8913700787401577
0
LINE
8
BLACK
6
CONTINUOUS
10
13.2836089370078732
20
-6.8756969685039371
11
13.2841416141732278
21
-6.8762296456692908
0
LINE
8
BLACK
6
CONTINUOUS
10
13.2841416141732278
20
-6.8762296456692908
11
13.284216535433071
21
-6.8766062992125985
0
LINE
8
BLACK
6
CONTINUOUS
10
13.284216535433071
20
-6.8766062992125985
11
13.284216535433071
21
-7.0025905511811022
0
LINE
8
BLACK
6
CONTINUOUS
10
13.284216535433071
20
-7.0025905511811022
11
13.2841416141732278
21
-7.0029672047244089
0
LINE
8
BLACK
6
CONTINUOUS
10
13.2841416141732278
20
-7.0029672047244089
11
13.2836089370078732
21
-7.0034998818897636
0
LINE
8
BLACK
6
CONTINUOUS
10
13.2836089370078732
20
-7.0034998818897636
11
13.2832322834645673
21
-7.0035748031496059
0
LINE
8
BLACK
6
CONTINUOUS
10
13.2832322834645673
20
-7.0035748031496059
11
12.8926811023622037
21
-7.0035748031496059
0
LINE
8
BLACK
6
CONTINUOUS
10
12.8926811023622037
20
-7.0035748031496059
11
12.8923044488188978
21
-7.0034998818897636
0
LINE
8
BLACK
6
CONTINUOUS
10
12.8923044488188978
20
-7.0034998818897636
11
12.8917717716535432
21
-7.0029672047244089
0
LINE
8
BLACK
6
CONTINUOUS
10
12.8917717716535432
20
-7.0029672047244089
11
12.8916968503936999
21
-7.0025905511811022
0
LINE
8
BLACK
6
CONTINUOUS
10
12.8916968503936999
20
-7.0025905511811022
11
12.8916968503936999
21
-6.8766062992125985
0
LINE
8
BLACK
6
CONTINUOUS
10
12.8916968503936999
20
-6.8766062992125985
11
12.8917717716535432
21
-6.8762296456692908
0
LINE
8
BLACK
6
CONTINUOUS
10
12.8917717716535432
20
-6.8762296456692908
11
12.8923044488188978
21
-6.8756969685039371
0
LINE
8
BLACK
6
CONTINUOUS
10
12.8923044488188978
20
-6.8756969685039371
11
12.8926811023622037
21
-6.8756220472440948
0
LINE
8
BLACK
6
CONTINUOUS
10
12.8926811023622037
20
-6.8756220472440948
11
13.2832322834645673
21
-6.8756220472440948
0
LINE
8
BLACK
6
CONTINUOUS
10
13.2832322834645673
20
-6.8756220472440948
11
13.2836089370078732
21
-6.8756969685039371
0
LINE
8
BLACK
6
CONTINUOUS
10
12.8936653543307091
20
-6.8775905511811022
11
12.8936653543307091
21
-7.0016062992125985
0
LINE
8
BLACK
6
CONTINUOUS
10
12.8936653543307091
20
-7.0016062992125985
11
13.2822480314960618
21
-7.0016062992125985
0
LINE
8
BLACK
6
CONTINUOUS
10
13.2822480314960618
20
-7.0016062992125985
11
13.2822480314960618
21
-6.8775905511811022
0
LINE
8
BLACK
6
CONTINUOUS
10
13.2822480314960618
20
-6.8775905511811022
11
12.8936653543307091
21
-6.8775905511811022
0
LINE
8
BLACK
6
CONTINUOUS
10
14.0721916141732279
20
-6.885539488188976
11
14.0727242913385826
21
-6.8860721653543306
0
LINE
8
BLACK
6
CONTINUOUS
10
14.0727242913385826
20
-6.8860721653543306
11
14.072799212598424
21
-6.8864488188976374
0
LINE
8
BLACK
6
CONTINUOUS
10
14.072799212598424
20
-6.8864488188976374
11
14.072799212598424
21
-6.9769999999999994
0
LINE
8
BLACK
6
CONTINUOUS
10
14.072799212598424
20
-6.9769999999999994
11
14.0727242913385826
21
-6.9773766535433071
0
LINE
8
BLACK
6
CONTINUOUS
10
14.0727242913385826
20
-6.9773766535433071
11
14.0721916141732279
21
-6.9779093307086608
0
LINE
8
BLACK
6
CONTINUOUS
10
14.0721916141732279
20
-6.9779093307086608
11
14.0718149606299203
21
-6.977984251968504
0
LINE
8
BLACK
6
CONTINUOUS
10
14.0718149606299203
20
-6.977984251968504
11
13.8867755905511814
21
-6.977984251968504
0
LINE
8
BLACK
6
CONTINUOUS
10
13.8867755905511814
20
-6.977984251968504
11
13.8863989370078738
21
-6.9779093307086608
0
LINE
8
BLACK
6
CONTINUOUS
10
13.8863989370078738
20
-6.9779093307086608
11
13.8858662598425191
21
-6.9773766535433071
0
LINE
8
BLACK
6
CONTINUOUS
10
13.8858662598425191
20
-6.9773766535433071
11
13.8857913385826777
21
-6.9769999999999994
0
LINE
8
BLACK
6
CONTINUOUS
10
13.8857913385826777
20
-6.9769999999999994
11
13.8857913385826777
21
-6.8864488188976374
0
LINE
8
BLACK
6
CONTINUOUS
10
13.8857913385826777
20
-6.8864488188976374
11
13.8858662598425191
21
-6.8860721653543306
0
LINE
8
BLACK
6
CONTINUOUS
10
13.8858662598425191
20
-6.8860721653543306
11
13.8863989370078738
21
-6.885539488188976
0
LINE
8
BLACK
6
CONTINUOUS
10
13.8863989370078738
20
-6.885539488188976
11
13.8867755905511814
21
-6.8854645669291337
0
LINE
8
BLACK
6
CONTINUOUS
10
13.8867755905511814
20
-6.8854645669291337
11
14.0718149606299203
21
-6.8854645669291337
0
LINE
8
BLACK
6
CONTINUOUS
10
14.0718149606299203
20
-6.8854645669291337
11
14.0721916141732279
21
-6.885539488188976
0
LINE
8
BLACK
6
CONTINUOUS
10
13.8877598425196851
20
-6.887433070866142
11
13.8877598425196851
21
-6.9760157480314957
0
LINE
8
BLACK
6
CONTINUOUS
10
13.8877598425196851
20
-6.9760157480314957
11
14.0708307086614166
21
-6.9760157480314957
0
LINE
8
BLACK
6
CONTINUOUS
10
14.0708307086614166
20
-6.9760157480314957
11
14.0708307086614166
21
-6.887433070866142
0
LINE
8
BLACK
6
CONTINUOUS
10
14.0708307086614166
20
-6.887433070866142
11
13.8877598425196851
21
-6.887433070866142
0
LINE
8
BLACK
6
CONTINUOUS
10
14.1733727165354324
20
-6.8717599606299213
11
14.1739053937007871
21
-6.8722926377952751
0
LINE
8
BLACK
6
CONTINUOUS
10
14.1739053937007871
20
-6.8722926377952751
11
14.1739803149606303
21
-6.8726692913385827
0
LINE
8
BLACK
6
CONTINUOUS
10
14.1739803149606303
20
-6.8726692913385827
11
14.1739803149606303
21
-6.9986535433070864
0
LINE
8
BLACK
6
CONTINUOUS
10
14.1739803149606303
20
-6.9986535433070864
11
14.1739053937007871
21
-6.9990301968503932
0
LINE
8
BLACK
6
CONTINUOUS
10
14.1739053937007871
20
-6.9990301968503932
11
14.1733727165354324
21
-6.9995628740157478
0
LINE
8
BLACK
6
CONTINUOUS
10
14.1733727165354324
20
-6.9995628740157478
11
14.1729960629921248
21
-6.9996377952755902
0
LINE
8
BLACK
6
CONTINUOUS
10
14.1729960629921248
20
-6.9996377952755902
11
13.7824448818897629
21
-6.9996377952755902
0
LINE
8
BLACK
6
CONTINUOUS
10
13.7824448818897629
20
-6.9996377952755902
11
13.7820682283464571
21
-6.9995628740157478
0
LINE
8
BLACK
6
CONTINUOUS
10
13.7820682283464571
20
-6.9995628740157478
11
13.7815355511811024
21
-6.9990301968503932
0
LINE
8
BLACK
6
CONTINUOUS
10
13.7815355511811024
20
-6.9990301968503932
11
13.7814606299212592
21
-6.9986535433070864
0
LINE
8
BLACK
6
CONTINUOUS
10
13.7814606299212592
20
-6.9986535433070864
11
13.7814606299212592
21
-6.8726692913385827
0
LINE
8
BLACK
6
CONTINUOUS
10
13.7814606299212592
20
-6.8726692913385827
11
13.7815355511811024
21
-6.8722926377952751
0
LINE
8
BLACK
6
CONTINUOUS
10
13.7815355511811024
20
-6.8722926377952751
11
13.7820682283464571
21
-6.8717599606299213
0
LINE
8
BLACK
6
CONTINUOUS
10
13.7820682283464571
20
-6.8717599606299213
11
13.7824448818897629
21
-6.871685039370079
0
LINE
8
BLACK
6
CONTINUOUS
10
13.7824448818897629
20
-6.871685039370079
11
14.1729960629921248
21
-6.871685039370079
0
LINE
8
BLACK
6
CONTINUOUS
10
14.1729960629921248
20
-6.871685039370079
11
14.1733727165354324
21
-6.8717599606299213
0
LINE
8
BLACK
6
CONTINUOUS
10
13.7834291338582666
20
-6.8736535433070864
11
13.7834291338582666
21
-6.9976692913385827
0
LINE
8
BLACK
6
CONTINUOUS
10
13.7834291338582666
20
-6.9976692913385827
11
14.1720118110236211
21
-6.9976692913385827
0
LINE
8
BLACK
6
CONTINUOUS
10
14.1720118110236211
20
-6.9976692913385827
11
14.1720118110236211
21
-6.8736535433070864
0
LINE
8
BLACK
6
CONTINUOUS
10
14.1720118110236211
20
-6.8736535433070864
11
13.7834291338582666
21
-6.8736535433070864
0
LINE
8
BLACK
6
CONTINUOUS
10
8.3084120866141724
20
-6.7221536614173223
11
8.3089447637795271
21
-6.7226863385826769
0
LINE
8
BLACK
6
CONTINUOUS
10
8.3089447637795271
20
-6.7226863385826769
11
8.3090196850393703
21
-6.7230629921259837
0
LINE
8
BLACK
6
CONTINUOUS
10
8.3090196850393703
20
-6.7230629921259837
11
8.3090196850393703
21
-6.8136141732283466
0
LINE
8
BLACK
6
CONTINUOUS
10
8.3090196850393703
20
-6.8136141732283466
11
8.3089447637795271
21
-6.8139908267716534
0
LINE
8
BLACK
6
CONTINUOUS
10
8.3089447637795271
20
-6.8139908267716534
11
8.3084120866141724
21
-6.814523503937008
0
LINE
8
BLACK
6
CONTINUOUS
10
8.3084120866141724
20
-6.814523503937008
11
8.3080354330708666
21
-6.8145984251968503
0
LINE
8
BLACK
6
CONTINUOUS
10
8.3080354330708666
20
-6.8145984251968503
11
8.1229960629921258
21
-6.8145984251968503
0
LINE
8
BLACK
6
CONTINUOUS
10
8.1229960629921258
20
-6.8145984251968503
11
8.1226194094488182
21
-6.814523503937008
0
LINE
8
BLACK
6
CONTINUOUS
10
8.1226194094488182
20
-6.814523503937008
11
8.1220867322834636
21
-6.8139908267716534
0
LINE
8
BLACK
6
CONTINUOUS
10
8.1220867322834636
20
-6.8139908267716534
11
8.1220118110236221
21
-6.8136141732283466
0
LINE
8
BLACK
6
CONTINUOUS
10
8.1220118110236221
20
-6.8136141732283466
11
8.1220118110236221
21
-6.7230629921259837
0
LINE
8
BLACK
6
CONTINUOUS
10
8.1220118110236221
20
-6.7230629921259837
11
8.1220867322834636
21
-6.7226863385826769
0
LINE
8
BLACK
6
CONTINUOUS
10
8.1220867322834636
20
-6.7226863385826769
11
8.1226194094488182
21
-6.7221536614173223
0
LINE
8
BLACK
6
CONTINUOUS
10
8.1226194094488182
20
-6.7221536614173223
11
8.1229960629921258
21
-6.72207874015748
0
LINE
8
BLACK
6
CONTINUOUS
10
8.1229960629921258
20
-6.72207874015748
11
8.3080354330708666
21
-6.72207874015748
0
LINE
8
BLACK
6
CONTINUOUS
10
8.3080354330708666
20
-6.72207874015748
11
8.3084120866141724
21
-6.7221536614173223
0
LINE
8
BLACK
6
CONTINUOUS
10
8.1239803149606296
20
-6.7240472440944883
11
8.1239803149606296
21
-6.812629921259842
0
LINE
8
BLACK
6
CONTINUOUS
10
8.1239803149606296
20
-6.812629921259842
11
8.3070511811023628
21
-6.812629921259842
0
LINE
8
BLACK
6
CONTINUOUS
10
8.3070511811023628
20
-6.812629921259842
11
8.3070511811023628
21
-6.7240472440944883
0
LINE
8
BLACK
6
CONTINUOUS
10
8.3070511811023628
20
-6.7240472440944883
11
8.1239803149606296
21
-6.7240472440944883
0
LINE
8
BLACK
6
CONTINUOUS
10
8.4095931889763786
20
-6.7083741338582676
11
8.4101258661417315
21
-6.7089068110236223
0
LINE
8
BLACK
6
CONTINUOUS
10
8.4101258661417315
20
-6.7089068110236223
11
8.4102007874015747
21
-6.709283464566929
0
LINE
8
BLACK
6
CONTINUOUS
10
8.4102007874015747
20
-6.709283464566929
11
8.4102007874015747
21
-6.8352677165354327
0
LINE
8
BLACK
6
CONTINUOUS
10
8.4102007874015747
20
-6.8352677165354327
11
8.4101258661417315
21
-6.8356443700787404
0
LINE
8
BLACK
6
CONTINUOUS
10
8.4101258661417315
20
-6.8356443700787404
11
8.4095931889763786
21
-6.8361770472440941
0
LINE
8
BLACK
6
CONTINUOUS
10
8.4095931889763786
20
-6.8361770472440941
11
8.409216535433071
21
-6.8362519685039365
0
LINE
8
BLACK
6
CONTINUOUS
10
8.409216535433071
20
-6.8362519685039365
11
8.0186653543307091
21
-6.8362519685039365
0
LINE
8
BLACK
6
CONTINUOUS
10
8.0186653543307091
20
-6.8362519685039365
11
8.0182887007874015
21
-6.8361770472440941
0
LINE
8
BLACK
6
CONTINUOUS
10
8.0182887007874015
20
-6.8361770472440941
11
8.0177560236220469
21
-6.8356443700787404
0
LINE
8
BLACK
6
CONTINUOUS
10
8.0177560236220469
20
-6.8356443700787404
11
8.0176811023622037
21
-6.8352677165354327
0
LINE
8
BLACK
6
CONTINUOUS
10
8.0176811023622037
20
-6.8352677165354327
11
8.0176811023622037
21
-6.709283464566929
0
LINE
8
BLACK
6
CONTINUOUS
10
8.0176811023622037
20
-6.709283464566929
11
8.0177560236220469
21
-6.7089068110236223
0
LINE
8
BLACK
6
CONTINUOUS
10
8.0177560236220469
20
-6.7089068110236223
11
8.0182887007874015
21
-6.7083741338582676
0
LINE
8
BLACK
6
CONTINUOUS
10
8.0182887007874015
20
-6.7083741338582676
11
8.0186653543307091
21
-6.7082992125984253
0
LINE
8
BLACK
6
CONTINUOUS
10
8.0186653543307091
20
-6.7082992125984253
11
8.409216535433071
21
-6.7082992125984253
0
LINE
8
BLACK
6
CONTINUOUS
10
8.409216535433071
20
-6.7082992125984253
11
8.4095931889763786
21
-6.7083741338582676
0
LINE
8
BLACK
6
CONTINUOUS
10
8.0196496062992129
20
-6.7102677165354327
11
8.0196496062992129
21
-6.834283464566929
0
LINE
8
BLACK
6
CONTINUOUS
10
8.0196496062992129
20
-6.834283464566929
11
8.4082322834645673
21
-6.834283464566929
0
LINE
8
BLACK
6
CONTINUOUS
10
8.4082322834645673
20
-6.834283464566929
11
8.4082322834645673
21
-6.7102677165354327
0
LINE
8
BLACK
6
CONTINUOUS
10
8.4082322834645673
20
-6.7102677165354327
11
8.0196496062992129
21
-6.7102677165354327
0
LINE
8
BLACK
6
CONTINUOUS
10
10.2804593307086609
20
-6.6886890944881889
11
10.2809920078740156
21
-6.6892217716535436
0
LINE
8
BLACK
6
CONTINUOUS
10
10.2809920078740156
20
-6.6892217716535436
11
10.2810669291338588
21
-6.6895984251968503
0
LINE
8
BLACK
6
CONTINUOUS
10
10.2810669291338588
20
-6.6895984251968503
11
10.2810669291338588
21
-6.7801496062992124
0
LINE
8
BLACK
6
CONTINUOUS
10
10.2810669291338588
20
-6.7801496062992124
11
10.2809920078740156
21
-6.7805262598425191
0
LINE
8
BLACK
6
CONTINUOUS
10
10.2809920078740156
20
-6.7805262598425191
11
10.2804593307086609
21
-6.7810589370078738
0
LINE
8
BLACK
6
CONTINUOUS
10
10.2804593307086609
20
-6.7810589370078738
11
10.2800826771653533
21
-6.7811338582677161
0
LINE
8
BLACK
6
CONTINUOUS
10
10.2800826771653533
20
-6.7811338582677161
11
10.0950433070866143
21
-6.7811338582677161
0
LINE
8
BLACK
6
CONTINUOUS
10
10.0950433070866143
20
-6.7811338582677161
11
10.0946666535433067
21
-6.7810589370078738
0
LINE
8
BLACK
6
CONTINUOUS
10
10.0946666535433067
20
-6.7810589370078738
11
10.0941339763779521
21
-6.7805262598425191
0
LINE
8
BLACK
6
CONTINUOUS
10
10.0941339763779521
20
-6.7805262598425191
11
10.0940590551181106
21
-6.7801496062992124
0
LINE
8
BLACK
6
CONTINUOUS
10
10.0940590551181106
20
-6.7801496062992124
11
10.0940590551181106
21
-6.6895984251968503
0
LINE
8
BLACK
6
CONTINUOUS
10
10.0940590551181106
20
-6.6895984251968503
11
10.0941339763779521
21
-6.6892217716535436
0
LINE
8
BLACK
6
CONTINUOUS
10
10.0941339763779521
20
-6.6892217716535436
11
10.0946666535433067
21
-6.6886890944881889
0
LINE
8
BLACK
6
CONTINUOUS
10
10.0946666535433067
20
-6.6886890944881889
11
10.0950433070866143
21
-6.6886141732283466
0
LINE
8
BLACK
6
CONTINUOUS
10
10.0950433070866143
20
-6.6886141732283466
11
10.2800826771653533
21
-6.6886141732283466
0
LINE
8
BLACK
6
CONTINUOUS
10
10.2800826771653533
20
-6.6886141732283466
11
10.2804593307086609
21
-6.6886890944881889
0
LINE
8
BLACK
6
CONTINUOUS
10
10.0960275590551181
20
-6.690582677165354
11
10.0960275590551181
21
-6.7791653543307087
0
LINE
8
BLACK
6
CONTINUOUS
10
10.0960275590551181
20
-6.7791653543307087
11
10.2790984251968496
21
-6.7791653543307087
0
LINE
8
BLACK
6
CONTINUOUS
10
10.2790984251968496
20
-6.7791653543307087
11
10.2790984251968496
21
-6.690582677165354
0
LINE
8
BLACK
6
CONTINUOUS
10
10.2790984251968496
20
-6.690582677165354
11
10.0960275590551181
21
-6.690582677165354
0
LINE
8
BLACK
6
CONTINUOUS
10
10.3816404330708654
20
-6.6749095669291334
11
10.38217311023622
21
-6.6754422440944881
0
LINE
8
BLACK
6
CONTINUOUS
10
10.38217311023622
20
-6.6754422440944881
11
10.3822480314960632
21
-6.6758188976377948
0
LINE
8
BLACK
6
CONTINUOUS
10
10.3822480314960632
20
-6.6758188976377948
11
10.3822480314960632
21
-6.8018031496062994
0
LINE
8
BLACK
6
CONTINUOUS
10
10.3822480314960632
20
-6.8018031496062994
11
10.38217311023622
21
-6.8021798031496061
0
LINE
8
BLACK
6
CONTINUOUS
10
10.38217311023622
20
-6.8021798031496061
11
10.3816404330708654
21
-6.8027124803149608
0
LINE
8
BLACK
6
CONTINUOUS
10
10.3816404330708654
20
-6.8027124803149608
11
10.3812637795275595
21
-6.8027874015748031
0
LINE
8
BLACK
6
CONTINUOUS
10
10.3812637795275595
20
-6.8027874015748031
11
9.9907125984251959
21
-6.8027874015748031
0
LINE
8
BLACK
6
CONTINUOUS
10
9.9907125984251959
20
-6.8027874015748031
11
9.99033594488189
21
-6.8027124803149608
0
LINE
8
BLACK
6
CONTINUOUS
10
9.99033594488189
20
-6.8027124803149608
11
9.9898032677165354
21
-6.8021798031496061
0
LINE
8
BLACK
6
CONTINUOUS
10
9.9898032677165354
20
-6.8021798031496061
11
9.9897283464566922
21
-6.8018031496062994
0
LINE
8
BLACK
6
CONTINUOUS
10
9.9897283464566922
20
-6.8018031496062994
11
9.9897283464566922
21
-6.6758188976377948
0
LINE
8
BLACK
6
CONTINUOUS
10
9.9897283464566922
20
-6.6758188976377948
11
9.9898032677165354
21
-6.6754422440944881
0
LINE
8
BLACK
6
CONTINUOUS
10
9.9898032677165354
20
-6.6754422440944881
11
9.99033594488189
21
-6.6749095669291334
0
LINE
8
BLACK
6
CONTINUOUS
10
9.99033594488189
20
-6.6749095669291334
11
9.9907125984251959
21
-6.6748346456692911
0
LINE
8
BLACK
6
CONTINUOUS
10
9.9907125984251959
20
-6.6748346456692911
11
10.3812637795275595
21
-6.6748346456692911
0
LINE
8
BLACK
6
CONTINUOUS
10
10.3812637795275595
20
-6.6748346456692911
11
10.3816404330708654
21
-6.6749095669291334
0
LINE
8
BLACK
6
CONTINUOUS
10
9.9916968503937014
20
-6.6768031496062994
11
9.9916968503937014
21
-6.8008188976377948
0
LINE
8
BLACK
6
CONTINUOUS
10
9.9916968503937014
20
-6.8008188976377948
11
10.380279527559054
21
-6.8008188976377948
0
LINE
8
BLACK
6
CONTINUOUS
10
10.380279527559054
20
-6.8008188976377948
11
10.380279527559054
21
-6.6768031496062994
0
LINE
8
BLACK
6
CONTINUOUS
10
10.380279527559054
20
-6.6768031496062994
11
9.9916968503937014
21
-6.6768031496062994
0
LINE
8
BLACK
6
CONTINUOUS
10
6.4737664173228344
20
-6.5882953937007871
11
6.4742990944881891
21
-6.5888280708661418
0
LINE
8
BLACK
6
CONTINUOUS
10
6.4742990944881891
20
-6.5888280708661418
11
6.4743740157480314
21
-6.5892047244094485
0
LINE
8
BLACK
6
CONTINUOUS
10
6.4743740157480314
20
-6.5892047244094485
11
6.4743740157480314
21
-6.6797559055118105
0
LINE
8
BLACK
6
CONTINUOUS
10
6.4743740157480314
20
-6.6797559055118105
11
6.4742990944881891
21
-6.6801325590551182
0
LINE
8
BLACK
6
CONTINUOUS
10
6.4742990944881891
20
-6.6801325590551182
11
6.4737664173228344
21
-6.6806652362204719
0
LINE
8
BLACK
6
CONTINUOUS
10
6.4737664173228344
20
-6.6806652362204719
11
6.4733897637795277
21
-6.6807401574803151
0
LINE
8
BLACK
6
CONTINUOUS
10
6.4733897637795277
20
-6.6807401574803151
11
6.288350393700787
21
-6.6807401574803151
0
LINE
8
BLACK
6
CONTINUOUS
10
6.288350393700787
20
-6.6807401574803151
11
6.2879737401574802
21
-6.6806652362204719
0
LINE
8
BLACK
6
CONTINUOUS
10
6.2879737401574802
20
-6.6806652362204719
11
6.2874410629921256
21
-6.6801325590551182
0
LINE
8
BLACK
6
CONTINUOUS
10
6.2874410629921256
20
-6.6801325590551182
11
6.2873661417322833
21
-6.6797559055118105
0
LINE
8
BLACK
6
CONTINUOUS
10
6.2873661417322833
20
-6.6797559055118105
11
6.2873661417322833
21
-6.5892047244094485
0
LINE
8
BLACK
6
CONTINUOUS
10
6.2873661417322833
20
-6.5892047244094485
11
6.2874410629921256
21
-6.5888280708661418
0
LINE
8
BLACK
6
CONTINUOUS
10
6.2874410629921256
20
-6.5888280708661418
11
6.2879737401574802
21
-6.5882953937007871
0
LINE
8
BLACK
6
CONTINUOUS
10
6.2879737401574802
20
-6.5882953937007871
11
6.288350393700787
21
-6.5882204724409448
0
LINE
8
BLACK
6
CONTINUOUS
10
6.288350393700787
20
-6.5882204724409448
11
6.4733897637795277
21
-6.5882204724409448
0
LINE
8
BLACK
6
CONTINUOUS
10
6.4733897637795277
20
-6.5882204724409448
11
6.4737664173228344
21
-6.5882953937007871
0
LINE
8
BLACK
6
CONTINUOUS
10
6.2893346456692916
20
-6.5901889763779522
11
6.2893346456692916
21
-6.6787716535433068
0
LINE
8
BLACK
6
CONTINUOUS
10
6.2893346456692916
20
-6.6787716535433068
11
6.4724055118110231
21
-6.6787716535433068
0
LINE
8
BLACK
6
CONTINUOUS
10
6.4724055118110231
20
-6.6787716535433068
11
6.4724055118110231
21
-6.5901889763779522
0
LINE
8
BLACK
6
CONTINUOUS
10
6.4724055118110231
20
-6.5901889763779522
11
6.2893346456692916
21
-6.5901889763779522
0
LINE
8
BLACK
6
CONTINUOUS
10
6.5749475196850389
20
-6.5745158661417324
11
6.5754801968503935
21
-6.5750485433070862
0
LINE
8
BLACK
6
CONTINUOUS
10
6.5754801968503935
20
-6.5750485433070862
11
6.5755551181102359
21
-6.5754251968503938
0
LINE
8
BLACK
6
CONTINUOUS
10
6.5755551181102359
20
-6.5754251968503938
11
6.5755551181102359
21
-6.7014094488188976
0
LINE
8
BLACK
6
CONTINUOUS
10
6.5755551181102359
20
-6.7014094488188976
11
6.5754801968503935
21
-6.7017861023622043
0
LINE
8
BLACK
6
CONTINUOUS
10
6.5754801968503935
20
-6.7017861023622043
11
6.5749475196850389
21
-6.7023187795275589
0
LINE
8
BLACK
6
CONTINUOUS
10
6.5749475196850389
20
-6.7023187795275589
11
6.5745708661417321
21
-6.7023937007874013
0
LINE
8
BLACK
6
CONTINUOUS
10
6.5745708661417321
20
-6.7023937007874013
11
6.1840196850393703
21
-6.7023937007874013
0
LINE
8
BLACK
6
CONTINUOUS
10
6.1840196850393703
20
-6.7023937007874013
11
6.1836430314960626
21
-6.7023187795275589
0
LINE
8
BLACK
6
CONTINUOUS
10
6.1836430314960626
20
-6.7023187795275589
11
6.1831103543307089
21
-6.7017861023622043
0
LINE
8
BLACK
6
CONTINUOUS
10
6.1831103543307089
20
-6.7017861023622043
11
6.1830354330708657
21
-6.7014094488188976
0
LINE
8
BLACK
6
CONTINUOUS
10
6.1830354330708657
20
-6.7014094488188976
11
6.1830354330708657
21
-6.5754251968503938
0
LINE
8
BLACK
6
CONTINUOUS
10
6.1830354330708657
20
-6.5754251968503938
11
6.1831103543307089
21
-6.5750485433070862
0
LINE
8
BLACK
6
CONTINUOUS
10
6.1831103543307089
20
-6.5750485433070862
11
6.1836430314960626
21
-6.5745158661417324
0
LINE
8
BLACK
6
CONTINUOUS
10
6.1836430314960626
20
-6.5745158661417324
11
6.1840196850393703
21
-6.5744409448818892
0
LINE
8
BLACK
6
CONTINUOUS
10
6.1840196850393703
20
-6.5744409448818892
11
6.5745708661417321
21
-6.5744409448818892
0
LINE
8
BLACK
6
CONTINUOUS
10
6.5745708661417321
20
-6.5744409448818892
11
6.5749475196850389
21
-6.5745158661417324
0
LINE
8
BLACK
6
CONTINUOUS
10
6.185003937007874
20
-6.5764094488188976
11
6.185003937007874
21
-6.7004251968503938
0
LINE
8
BLACK
6
CONTINUOUS
10
6.185003937007874
20
-6.7004251968503938
11
6.5735866141732284
21
-6.7004251968503938
0
LINE
8
BLACK
6
CONTINUOUS
10
6.5735866141732284
20
-6.7004251968503938
11
6.5735866141732284
21
-6.5764094488188976
0
LINE
8
BLACK
6
CONTINUOUS
10
6.5735866141732284
20
-6.5764094488188976
11
6.185003937007874
21
-6.5764094488188976
0
LINE
8
BLACK
6
CONTINUOUS
10
4.8934514566929135
20
-6.5115237401574806
11
4.8939841338582672
21
-6.5120564173228344
0
LINE
8
BLACK
6
CONTINUOUS
10
4.8939841338582672
20
-6.5120564173228344
11
4.8940590551181105
21
-6.512433070866142
0
LINE
8
BLACK
6
CONTINUOUS
10
4.8940590551181105
20
-6.512433070866142
11
4.8940590551181105
21
-6.602984251968504
0
LINE
8
BLACK
6
CONTINUOUS
10
4.8940590551181105
20
-6.602984251968504
11
4.8939841338582672
21
-6.6033609055118108
0
LINE
8
BLACK
6
CONTINUOUS
10
4.8939841338582672
20
-6.6033609055118108
11
4.8934514566929135
21
-6.6038935826771654
0
LINE
8
BLACK
6
CONTINUOUS
10
4.8934514566929135
20
-6.6038935826771654
11
4.8930748031496059
21
-6.6039685039370077
0
LINE
8
BLACK
6
CONTINUOUS
10
4.8930748031496059
20
-6.6039685039370077
11
4.708035433070866
21
-6.6039685039370077
0
LINE
8
BLACK
6
CONTINUOUS
10
4.708035433070866
20
-6.6039685039370077
11
4.7076587795275593
21
-6.6038935826771654
0
LINE
8
BLACK
6
CONTINUOUS
10
4.7076587795275593
20
-6.6038935826771654
11
4.7071261023622046
21
-6.6033609055118108
0
LINE
8
BLACK
6
CONTINUOUS
10
4.7071261023622046
20
-6.6033609055118108
11
4.7070511811023623
21
-6.602984251968504
0
LINE
8
BLACK
6
CONTINUOUS
10
4.7070511811023623
20
-6.602984251968504
11
4.7070511811023623
21
-6.512433070866142
0
LINE
8
BLACK
6
CONTINUOUS
10
4.7070511811023623
20
-6.512433070866142
11
4.7071261023622046
21
-6.5120564173228344
0
LINE
8
BLACK
6
CONTINUOUS
10
4.7071261023622046
20
-6.5120564173228344
11
4.7076587795275593
21
-6.5115237401574806
0
LINE
8
BLACK
6
CONTINUOUS
10
4.7076587795275593
20
-6.5115237401574806
11
4.708035433070866
21
-6.5114488188976374
0
LINE
8
BLACK
6
CONTINUOUS
10
4.708035433070866
20
-6.5114488188976374
11
4.8930748031496059
21
-6.5114488188976374
0
LINE
8
BLACK
6
CONTINUOUS
10
4.8930748031496059
20
-6.5114488188976374
11
4.8934514566929135
21
-6.5115237401574806
0
LINE
8
BLACK
6
CONTINUOUS
10
4.7090196850393697
20
-6.5134173228346457
11
4.7090196850393697
21
-6.6019999999999994
0
LINE
8
BLACK
6
CONTINUOUS
10
4.7090196850393697
20
-6.6019999999999994
11
4.8920905511811021
21
-6.6019999999999994
0
LINE
8
BLACK
6
CONTINUOUS
10
4.8920905511811021
20
-6.6019999999999994
11
4.8920905511811021
21
-6.5134173228346457
0
LINE
8
BLACK
6
CONTINUOUS
10
4.8920905511811021
20
-6.5134173228346457
11
4.7090196850393697
21
-6.5134173228346457
0
LINE
8
BLACK
6
CONTINUOUS
10
4.9946325590551179
20
-6.4977442125984251
11
4.9951652362204726
21
-6.4982768897637797
0
LINE
8
BLACK
6
CONTINUOUS
10
4.9951652362204726
20
-6.4982768897637797
11
4.9952401574803149
21
-6.4986535433070864
0
LINE
8
BLACK
6
CONTINUOUS
10
4.9952401574803149
20
-6.4986535433070864
11
4.9952401574803149
21
-6.6246377952755902
0
LINE
8
BLACK
6
CONTINUOUS
10
4.9952401574803149
20
-6.6246377952755902
11
4.9951652362204726
21
-6.6250144488188978
0
LINE
8
BLACK
6
CONTINUOUS
10
4.9951652362204726
20
-6.6250144488188978
11
4.9946325590551179
21
-6.6255471259842516
0
LINE
8
BLACK
6
CONTINUOUS
10
4.9946325590551179
20
-6.6255471259842516
11
4.9942559055118112
21
-6.6256220472440948
0
LINE
8
BLACK
6
CONTINUOUS
10
4.9942559055118112
20
-6.6256220472440948
11
4.6037047244094484
21
-6.6256220472440948
0
LINE
8
BLACK
6
CONTINUOUS
10
4.6037047244094484
20
-6.6256220472440948
11
4.6033280708661417
21
-6.6255471259842516
0
LINE
8
BLACK
6
CONTINUOUS
10
4.6033280708661417
20
-6.6255471259842516
11
4.6027953937007871
21
-6.6250144488188978
0
LINE
8
BLACK
6
CONTINUOUS
10
4.6027953937007871
20
-6.6250144488188978
11
4.6027204724409447
21
-6.6246377952755902
0
LINE
8
BLACK
6
CONTINUOUS
10
4.6027204724409447
20
-6.6246377952755902
11
4.6027204724409447
21
-6.4986535433070864
0
LINE
8
BLACK
6
CONTINUOUS
10
4.6027204724409447
20
-6.4986535433070864
11
4.6027953937007871
21
-6.4982768897637797
0
LINE
8
BLACK
6
CONTINUOUS
10
4.6027953937007871
20
-6.4982768897637797
11
4.6033280708661417
21
-6.4977442125984251
0
LINE
8
BLACK
6
CONTINUOUS
10
4.6033280708661417
20
-6.4977442125984251
11
4.6037047244094484
21
-6.4976692913385827
0
LINE
8
BLACK
6
CONTINUOUS
10
4.6037047244094484
20
-6.4976692913385827
11
4.9942559055118112
21
-6.4976692913385827
0
LINE
8
BLACK
6
CONTINUOUS
10
4.9942559055118112
20
-6.4976692913385827
11
4.9946325590551179
21
-6.4977442125984251
0
LINE
8
BLACK
6
CONTINUOUS
10
4.604688976377953
20
-6.4996377952755902
11
4.604688976377953
21
-6.6236535433070864
0
LINE
8
BLACK
6
CONTINUOUS
10
4.604688976377953
20
-6.6236535433070864
11
4.9932716535433066
21
-6.6236535433070864
0
LINE
8
BLACK
6
CONTINUOUS
10
4.9932716535433066
20
-6.6236535433070864
11
4.9932716535433066
21
-6.4996377952755902
0
LINE
8
BLACK
6
CONTINUOUS
10
4.9932716535433066
20
-6.4996377952755902
11
4.604688976377953
21
-6.4996377952755902
0
LINE
8
BLACK
6
CONTINUOUS
10
10.9422703543307076
20
-6.5095552362204723
11
10.9428030314960623
21
-6.5100879133858269
0
LINE
8
BLACK
6
CONTINUOUS
10
10.9428030314960623
20
-6.5100879133858269
11
10.9428779527559055
21
-6.5104645669291337
0
LINE
8
BLACK
6
CONTINUOUS
10
10.9428779527559055
20
-6.5104645669291337
11
10.9428779527559055
21
-6.6010157480314957
0
LINE
8
BLACK
6
CONTINUOUS
10
10.9428779527559055
20
-6.6010157480314957
11
10.9428030314960623
21
-6.6013924015748033
0
LINE
8
BLACK
6
CONTINUOUS
10
10.9428030314960623
20
-6.6013924015748033
11
10.9422703543307076
21
-6.6019250787401571
0
LINE
8
BLACK
6
CONTINUOUS
10
10.9422703543307076
20
-6.6019250787401571
11
10.9418937007874018
21
-6.6019999999999994
0
LINE
8
BLACK
6
CONTINUOUS
10
10.9418937007874018
20
-6.6019999999999994
11
10.756854330708661
21
-6.6019999999999994
0
LINE
8
BLACK
6
CONTINUOUS
10
10.756854330708661
20
-6.6019999999999994
11
10.7564776771653534
21
-6.6019250787401571
0
LINE
8
BLACK
6
CONTINUOUS
10
10.7564776771653534
20
-6.6019250787401571
11
10.7559450000000005
21
-6.6013924015748033
0
LINE
8
BLACK
6
CONTINUOUS
10
10.7559450000000005
20
-6.6013924015748033
11
10.7558700787401573
21
-6.6010157480314957
0
LINE
8
BLACK
6
CONTINUOUS
10
10.7558700787401573
20
-6.6010157480314957
11
10.7558700787401573
21
-6.5104645669291337
0
LINE
8
BLACK
6
CONTINUOUS
10
10.7558700787401573
20
-6.5104645669291337
11
10.7559450000000005
21
-6.5100879133858269
0
LINE
8
BLACK
6
CONTINUOUS
10
10.7559450000000005
20
-6.5100879133858269
11
10.7564776771653534
21
-6.5095552362204723
0
LINE
8
BLACK
6
CONTINUOUS
10
10.7564776771653534
20
-6.5095552362204723
11
10.756854330708661
21
-6.50948031496063
0
LINE
8
BLACK
6
CONTINUOUS
10
10.756854330708661
20
-6.50948031496063
11
10.9418937007874018
21
-6.50948031496063
0
LINE
8
BLACK
6
CONTINUOUS
10
10.9418937007874018
20
-6.50948031496063
11
10.9422703543307076
21
-6.5095552362204723
0
LINE
8
BLACK
6
CONTINUOUS
10
10.7578385826771648
20
-6.5114488188976374
11
10.7578385826771648
21
-6.600031496062992
0
LINE
8
BLACK
6
CONTINUOUS
10
10.7578385826771648
20
-6.600031496062992
11
10.940909448818898
21
-6.600031496062992
0
LINE
8
BLACK
6
CONTINUOUS
10
10.940909448818898
20
-6.600031496062992
11
10.940909448818898
21
-6.5114488188976374
0
LINE
8
BLACK
6
CONTINUOUS
10
10.940909448818898
20
-6.5114488188976374
11
10.7578385826771648
21
-6.5114488188976374
0
LINE
8
BLACK
6
CONTINUOUS
10
11.0434514566929138
20
-6.4957757086614167
11
11.0439841338582667
21
-6.4963083858267714
0
LINE
8
BLACK
6
CONTINUOUS
10
11.0439841338582667
20
-6.4963083858267714
11
11.0440590551181099
21
-6.496685039370079
0
LINE
8
BLACK
6
CONTINUOUS
10
11.0440590551181099
20
-6.496685039370079
11
11.0440590551181099
21
-6.6226692913385827
0
LINE
8
BLACK
6
CONTINUOUS
10
11.0440590551181099
20
-6.6226692913385827
11
11.0439841338582667
21
-6.6230459448818895
0
LINE
8
BLACK
6
CONTINUOUS
10
11.0439841338582667
20
-6.6230459448818895
11
11.0434514566929138
21
-6.6235786220472441
0
LINE
8
BLACK
6
CONTINUOUS
10
11.0434514566929138
20
-6.6235786220472441
11
11.0430748031496062
21
-6.6236535433070864
0
LINE
8
BLACK
6
CONTINUOUS
10
11.0430748031496062
20
-6.6236535433070864
11
10.6525236220472443
21
-6.6236535433070864
0
LINE
8
BLACK
6
CONTINUOUS
10
10.6525236220472443
20
-6.6236535433070864
11
10.6521469685039367
21
-6.6235786220472441
0
LINE
8
BLACK
6
CONTINUOUS
10
10.6521469685039367
20
-6.6235786220472441
11
10.6516142913385821
21
-6.6230459448818895
0
LINE
8
BLACK
6
CONTINUOUS
10
10.6516142913385821
20
-6.6230459448818895
11
10.6515393700787406
21
-6.6226692913385827
0
LINE
8
BLACK
6
CONTINUOUS
10
10.6515393700787406
20
-6.6226692913385827
11
10.6515393700787406
21
-6.496685039370079
0
LINE
8
BLACK
6
CONTINUOUS
10
10.6515393700787406
20
-6.496685039370079
11
10.6516142913385821
21
-6.4963083858267714
0
LINE
8
BLACK
6
CONTINUOUS
10
10.6516142913385821
20
-6.4963083858267714
11
10.6521469685039367
21
-6.4957757086614167
0
LINE
8
BLACK
6
CONTINUOUS
10
10.6521469685039367
20
-6.4957757086614167
11
10.6525236220472443
21
-6.4957007874015744
0
LINE
8
BLACK
6
CONTINUOUS
10
10.6525236220472443
20
-6.4957007874015744
11
11.0430748031496062
21
-6.4957007874015744
0
LINE
8
BLACK
6
CONTINUOUS
10
11.0430748031496062
20
-6.4957007874015744
11
11.0434514566929138
21
-6.4957757086614167
0
LINE
8
BLACK
6
CONTINUOUS
10
10.6535078740157481
20
-6.4976692913385827
11
10.6535078740157481
21
-6.621685039370079
0
LINE
8
BLACK
6
CONTINUOUS
10
10.6535078740157481
20
-6.621685039370079
11
11.0420905511811025
21
-6.621685039370079
0
LINE
8
BLACK
6
CONTINUOUS
10
11.0420905511811025
20
-6.621685039370079
11
11.0420905511811025
21
-6.4976692913385827
0
LINE
8
BLACK
6
CONTINUOUS
10
11.0420905511811025
20
-6.4976692913385827
11
10.6535078740157481
21
-6.4976692913385827
0
LINE
8
BLACK
6
CONTINUOUS
10
12.5111679921259835
20
-6.4465631102362204
11
12.5117006692913382
21
-6.4470957874015751
0
LINE
8
BLACK
6
CONTINUOUS
10
12.5117006692913382
20
-6.4470957874015751
11
12.5117755905511814
21
-6.4474724409448818
0
LINE
8
BLACK
6
CONTINUOUS
10
12.5117755905511814
20
-6.4474724409448818
11
12.5117755905511814
21
-6.5380236220472439
0
LINE
8
BLACK
6
CONTINUOUS
10
12.5117755905511814
20
-6.5380236220472439
11
12.5117006692913382
21
-6.5384002755905506
0
LINE
8
BLACK
6
CONTINUOUS
10
12.5117006692913382
20
-6.5384002755905506
11
12.5111679921259835
21
-6.5389329527559052
0
LINE
8
BLACK
6
CONTINUOUS
10
12.5111679921259835
20
-6.5389329527559052
11
12.5107913385826777
21
-6.5390078740157476
0
LINE
8
BLACK
6
CONTINUOUS
10
12.5107913385826777
20
-6.5390078740157476
11
12.325751968503937
21
-6.5390078740157476
0
LINE
8
BLACK
6
CONTINUOUS
10
12.325751968503937
20
-6.5390078740157476
11
12.3253753149606293
21
-6.5389329527559052
0
LINE
8
BLACK
6
CONTINUOUS
10
12.3253753149606293
20
-6.5389329527559052
11
12.3248426377952747
21
-6.5384002755905506
0
LINE
8
BLACK
6
CONTINUOUS
10
12.3248426377952747
20
-6.5384002755905506
11
12.3247677165354332
21
-6.5380236220472439
0
LINE
8
BLACK
6
CONTINUOUS
10
12.3247677165354332
20
-6.5380236220472439
11
12.3247677165354332
21
-6.4474724409448818
0
LINE
8
BLACK
6
CONTINUOUS
10
12.3247677165354332
20
-6.4474724409448818
11
12.3248426377952747
21
-6.4470957874015751
0
LINE
8
BLACK
6
CONTINUOUS
10
12.3248426377952747
20
-6.4470957874015751
11
12.3253753149606293
21
-6.4465631102362204
0
LINE
8
BLACK
6
CONTINUOUS
10
12.3253753149606293
20
-6.4465631102362204
11
12.325751968503937
21
-6.4464881889763781
0
LINE
8
BLACK
6
CONTINUOUS
10
12.325751968503937
20
-6.4464881889763781
11
12.5107913385826777
21
-6.4464881889763781
0
LINE
8
BLACK
6
CONTINUOUS
10
12.5107913385826777
20
-6.4464881889763781
11
12.5111679921259835
21
-6.4465631102362204
0
LINE
8
BLACK
6
CONTINUOUS
10
12.3267362204724407
20
-6.4484566929133855
11
12.3267362204724407
21
-6.5370393700787401
0
LINE
8
BLACK
6
CONTINUOUS
10
12.3267362204724407
20
-6.5370393700787401
11
12.5098070866141722
21
-6.5370393700787401
0
LINE
8
BLACK
6
CONTINUOUS
10
12.5098070866141722
20
-6.5370393700787401
11
12.5098070866141722
21
-6.4484566929133855
0
LINE
8
BLACK
6
CONTINUOUS
10
12.5098070866141722
20
-6.4484566929133855
11
12.3267362204724407
21
-6.4484566929133855
0
LINE
8
BLACK
6
CONTINUOUS
10
12.612349094488188
20
-6.4327835826771649
11
12.6128817716535426
21
-6.4333162598425195
0
LINE
8
BLACK
6
CONTINUOUS
10
12.6128817716535426
20
-6.4333162598425195
11
12.6129566929133858
21
-6.4336929133858263
0
LINE
8
BLACK
6
CONTINUOUS
10
12.6129566929133858
20
-6.4336929133858263
11
12.6129566929133858
21
-6.5596771653543309
0
LINE
8
BLACK
6
CONTINUOUS
10
12.6129566929133858
20
-6.5596771653543309
11
12.6128817716535426
21
-6.5600538188976376
0
LINE
8
BLACK
6
CONTINUOUS
10
12.6128817716535426
20
-6.5600538188976376
11
12.612349094488188
21
-6.5605864960629923
0
LINE
8
BLACK
6
CONTINUOUS
10
12.612349094488188
20
-6.5605864960629923
11
12.6119724409448821
21
-6.5606614173228346
0
LINE
8
BLACK
6
CONTINUOUS
10
12.6119724409448821
20
-6.5606614173228346
11
12.2214212598425203
21
-6.5606614173228346
0
LINE
8
BLACK
6
CONTINUOUS
10
12.2214212598425203
20
-6.5606614173228346
11
12.2210446062992126
21
-6.5605864960629923
0
LINE
8
BLACK
6
CONTINUOUS
10
12.2210446062992126
20
-6.5605864960629923
11
12.220511929133858
21
-6.5600538188976376
0
LINE
8
BLACK
6
CONTINUOUS
10
12.220511929133858
20
-6.5600538188976376
11
12.2204370078740148
21
-6.5596771653543309
0
LINE
8
BLACK
6
CONTINUOUS
10
12.2204370078740148
20
-6.5596771653543309
11
12.2204370078740148
21
-6.4336929133858263
0
LINE
8
BLACK
6
CONTINUOUS
10
12.2204370078740148
20
-6.4336929133858263
11
12.220511929133858
21
-6.4333162598425195
0
LINE
8
BLACK
6
CONTINUOUS
10
12.220511929133858
20
-6.4333162598425195
11
12.2210446062992126
21
-6.4327835826771649
0
LINE
8
BLACK
6
CONTINUOUS
10
12.2210446062992126
20
-6.4327835826771649
11
12.2214212598425203
21
-6.4327086614173226
0
LINE
8
BLACK
6
CONTINUOUS
10
12.2214212598425203
20
-6.4327086614173226
11
12.6119724409448821
21
-6.4327086614173226
0
LINE
8
BLACK
6
CONTINUOUS
10
12.6119724409448821
20
-6.4327086614173226
11
12.612349094488188
21
-6.4327835826771649
0
LINE
8
BLACK
6
CONTINUOUS
10
12.222405511811024
20
-6.4346771653543309
11
12.222405511811024
21
-6.5586929133858263
0
LINE
8
BLACK
6
CONTINUOUS
10
12.222405511811024
20
-6.5586929133858263
11
12.6109881889763784
21
-6.5586929133858263
0
LINE
8
BLACK
6
CONTINUOUS
10
12.6109881889763784
20
-6.5586929133858263
11
12.6109881889763784
21
-6.4346771653543309
0
LINE
8
BLACK
6
CONTINUOUS
10
12.6109881889763784
20
-6.4346771653543309
11
12.222405511811024
21
-6.4346771653543309
0
LINE
8
BLACK
6
CONTINUOUS
10
9.3284908267716542
20
-6.407193031496063
11
9.3290235039370071
21
-6.4077257086614168
0
LINE
8
BLACK
6
CONTINUOUS
10
9.3290235039370071
20
-6.4077257086614168
11
9.3290984251968503
21
-6.4081023622047244
0
LINE
8
BLACK
6
CONTINUOUS
10
9.3290984251968503
20
-6.4081023622047244
11
9.3290984251968503
21
-6.4986535433070864
0
LINE
8
BLACK
6
CONTINUOUS
10
9.3290984251968503
20
-6.4986535433070864
11
9.3290235039370071
21
-6.4990301968503932
0
LINE
8
BLACK
6
CONTINUOUS
10
9.3290235039370071
20
-6.4990301968503932
11
9.3284908267716542
21
-6.4995628740157478
0
LINE
8
BLACK
6
CONTINUOUS
10
9.3284908267716542
20
-6.4995628740157478
11
9.3281141732283466
21
-6.4996377952755902
0
LINE
8
BLACK
6
CONTINUOUS
10
9.3281141732283466
20
-6.4996377952755902
11
9.1430748031496059
21
-6.4996377952755902
0
LINE
8
BLACK
6
CONTINUOUS
10
9.1430748031496059
20
-6.4996377952755902
11
9.1426981496062982
21
-6.4995628740157478
0
LINE
8
BLACK
6
CONTINUOUS
10
9.1426981496062982
20
-6.4995628740157478
11
9.1421654724409454
21
-6.4990301968503932
0
LINE
8
BLACK
6
CONTINUOUS
10
9.1421654724409454
20
-6.4990301968503932
11
9.1420905511811021
21
-6.4986535433070864
0
LINE
8
BLACK
6
CONTINUOUS
10
9.1420905511811021
20
-6.4986535433070864
11
9.1420905511811021
21
-6.4081023622047244
0
LINE
8
BLACK
6
CONTINUOUS
10
9.1420905511811021
20
-6.4081023622047244
11
9.1421654724409454
21
-6.4077257086614168
0
LINE
8
BLACK
6
CONTINUOUS
10
9.1421654724409454
20
-6.4077257086614168
11
9.1426981496062982
21
-6.407193031496063
0
LINE
8
BLACK
6
CONTINUOUS
10
9.1426981496062982
20
-6.407193031496063
11
9.1430748031496059
21
-6.4071181102362207
0
LINE
8
BLACK
6
CONTINUOUS
10
9.1430748031496059
20
-6.4071181102362207
11
9.3281141732283466
21
-6.4071181102362207
0
LINE
8
BLACK
6
CONTINUOUS
10
9.3281141732283466
20
-6.4071181102362207
11
9.3284908267716542
21
-6.407193031496063
0
LINE
8
BLACK
6
CONTINUOUS
10
9.1440590551181096
20
-6.4090866141732281
11
9.1440590551181096
21
-6.4976692913385827
0
LINE
8
BLACK
6
CONTINUOUS
10
9.1440590551181096
20
-6.4976692913385827
11
9.3271299212598429
21
-6.4976692913385827
0
LINE
8
BLACK
6
CONTINUOUS
10
9.3271299212598429
20
-6.4976692913385827
11
9.3271299212598429
21
-6.4090866141732281
0
LINE
8
BLACK
6
CONTINUOUS
10
9.3271299212598429
20
-6.4090866141732281
11
9.1440590551181096
21
-6.4090866141732281
0
LINE
8
BLACK
6
CONTINUOUS
10
9.4296719291338587
20
-6.3934135039370075
11
9.4302046062992115
21
-6.3939461811023621
0
LINE
8
BLACK
6
CONTINUOUS
10
9.4302046062992115
20
-6.3939461811023621
11
9.4302795275590547
21
-6.3943228346456689
0
LINE
8
BLACK
6
CONTINUOUS
10
9.4302795275590547
20
-6.3943228346456689
11
9.4302795275590547
21
-6.5203070866141735
0
LINE
8
BLACK
6
CONTINUOUS
10
9.4302795275590547
20
-6.5203070866141735
11
9.4302046062992115
21
-6.5206837401574802
0
LINE
8
BLACK
6
CONTINUOUS
10
9.4302046062992115
20
-6.5206837401574802
11
9.4296719291338587
21
-6.5212164173228349
0
LINE
8
BLACK
6
CONTINUOUS
10
9.4296719291338587
20
-6.5212164173228349
11
9.429295275590551
21
-6.5212913385826772
0
LINE
8
BLACK
6
CONTINUOUS
10
9.429295275590551
20
-6.5212913385826772
11
9.0387440944881892
21
-6.5212913385826772
0
LINE
8
BLACK
6
CONTINUOUS
10
9.0387440944881892
20
-6.5212913385826772
11
9.0383674409448815
21
-6.5212164173228349
0
LINE
8
BLACK
6
CONTINUOUS
10
9.0383674409448815
20
-6.5212164173228349
11
9.0378347637795269
21
-6.5206837401574802
0
LINE
8
BLACK
6
CONTINUOUS
10
9.0378347637795269
20
-6.5206837401574802
11
9.0377598425196854
21
-6.5203070866141735
0
LINE
8
BLACK
6
CONTINUOUS
10
9.0377598425196854
20
-6.5203070866141735
11
9.0377598425196854
21
-6.3943228346456689
0
LINE
8
BLACK
6
CONTINUOUS
10
9.0377598425196854
20
-6.3943228346456689
11
9.0378347637795269
21
-6.3939461811023621
0
LINE
8
BLACK
6
CONTINUOUS
10
9.0378347637795269
20
-6.3939461811023621
11
9.0383674409448815
21
-6.3934135039370075
0
LINE
8
BLACK
6
CONTINUOUS
10
9.0383674409448815
20
-6.3934135039370075
11
9.0387440944881892
21
-6.3933385826771651
0
LINE
8
BLACK
6
CONTINUOUS
10
9.0387440944881892
20
-6.3933385826771651
11
9.429295275590551
21
-6.3933385826771651
0
LINE
8
BLACK
6
CONTINUOUS
10
9.429295275590551
20
-6.3933385826771651
11
9.4296719291338587
21
-6.3934135039370075
0
LINE
8
BLACK
6
CONTINUOUS
10
9.0397283464566929
20
-6.3953070866141735
11
9.0397283464566929
21
-6.5193228346456689
0
LINE
8
BLACK
6
CONTINUOUS
10
9.0397283464566929
20
-6.5193228346456689
11
9.4283110236220473
21
-6.5193228346456689
0
LINE
8
BLACK
6
CONTINUOUS
10
9.4283110236220473
20
-6.5193228346456689
11
9.4283110236220473
21
-6.3953070866141735
0
LINE
8
BLACK
6
CONTINUOUS
10
9.4283110236220473
20
-6.3953070866141735
11
9.0397283464566929
21
-6.3953070866141735
0
LINE
8
BLACK
6
CONTINUOUS
10
5.7241601181102357
20
-6.2595552362204723
11
5.7246927952755904
21
-6.2600879133858269
0
LINE
8
BLACK
6
CONTINUOUS
10
5.7246927952755904
20
-6.2600879133858269
11
5.7247677165354327
21
-6.2604645669291337
0
LINE
8
BLACK
6
CONTINUOUS
10
5.7247677165354327
20
-6.2604645669291337
11
5.7247677165354327
21
-6.3510157480314957
0
LINE
8
BLACK
6
CONTINUOUS
10
5.7247677165354327
20
-6.3510157480314957
11
5.7246927952755904
21
-6.3513924015748033
0
LINE
8
BLACK
6
CONTINUOUS
10
5.7246927952755904
20
-6.3513924015748033
11
5.7241601181102357
21
-6.3519250787401571
0
LINE
8
BLACK
6
CONTINUOUS
10
5.7241601181102357
20
-6.3519250787401571
11
5.723783464566929
21
-6.3519999999999994
0
LINE
8
BLACK
6
CONTINUOUS
10
5.723783464566929
20
-6.3519999999999994
11
5.5387440944881892
21
-6.3519999999999994
0
LINE
8
BLACK
6
CONTINUOUS
10
5.5387440944881892
20
-6.3519999999999994
11
5.5383674409448815
21
-6.3519250787401571
0
LINE
8
BLACK
6
CONTINUOUS
10
5.5383674409448815
20
-6.3519250787401571
11
5.5378347637795278
21
-6.3513924015748033
0
LINE
8
BLACK
6
CONTINUOUS
10
5.5378347637795278
20
-6.3513924015748033
11
5.5377598425196846
21
-6.3510157480314957
0
LINE
8
BLACK
6
CONTINUOUS
10
5.5377598425196846
20
-6.3510157480314957
11
5.5377598425196846
21
-6.2604645669291337
0
LINE
8
BLACK
6
CONTINUOUS
10
5.5377598425196846
20
-6.2604645669291337
11
5.5378347637795278
21
-6.2600879133858269
0
LINE
8
BLACK
6
CONTINUOUS
10
5.5378347637795278
20
-6.2600879133858269
11
5.5383674409448815
21
-6.2595552362204723
0
LINE
8
BLACK
6
CONTINUOUS
10
5.5383674409448815
20
-6.2595552362204723
11
5.5387440944881892
21
-6.25948031496063
0
LINE
8
BLACK
6
CONTINUOUS
10
5.5387440944881892
20
-6.25948031496063
11
5.723783464566929
21
-6.25948031496063
0
LINE
8
BLACK
6
CONTINUOUS
10
5.723783464566929
20
-6.25948031496063
11
5.7241601181102357
21
-6.2595552362204723
0
LINE
8
BLACK
6
CONTINUOUS
10
5.5397283464566929
20
-6.2614488188976374
11
5.5397283464566929
21
-6.350031496062992
0
LINE
8
BLACK
6
CONTINUOUS
10
5.5397283464566929
20
-6.350031496062992
11
5.7227992125984253
21
-6.350031496062992
0
LINE
8
BLACK
6
CONTINUOUS
10
5.7227992125984253
20
-6.350031496062992
11
5.7227992125984253
21
-6.2614488188976374
0
LINE
8
BLACK
6
CONTINUOUS
10
5.7227992125984253
20
-6.2614488188976374
11
5.5397283464566929
21
-6.2614488188976374
0
LINE
8
BLACK
6
CONTINUOUS
10
5.8253412204724411
20
-6.2457757086614176
11
5.8258738976377948
21
-6.2463083858267714
0
LINE
8
BLACK
6
CONTINUOUS
10
5.8258738976377948
20
-6.2463083858267714
11
5.825948818897638
21
-6.246685039370079
0
LINE
8
BLACK
6
CONTINUOUS
10
5.825948818897638
20
-6.246685039370079
11
5.825948818897638
21
-6.3726692913385827
0
LINE
8
BLACK
6
CONTINUOUS
10
5.825948818897638
20
-6.3726692913385827
11
5.8258738976377948
21
-6.3730459448818895
0
LINE
8
BLACK
6
CONTINUOUS
10
5.8258738976377948
20
-6.3730459448818895
11
5.8253412204724411
21
-6.3735786220472441
0
LINE
8
BLACK
6
CONTINUOUS
10
5.8253412204724411
20
-6.3735786220472441
11
5.8249645669291334
21
-6.3736535433070864
0
LINE
8
BLACK
6
CONTINUOUS
10
5.8249645669291334
20
-6.3736535433070864
11
5.4344133858267716
21
-6.3736535433070864
0
LINE
8
BLACK
6
CONTINUOUS
10
5.4344133858267716
20
-6.3736535433070864
11
5.4340367322834648
21
-6.3735786220472441
0
LINE
8
BLACK
6
CONTINUOUS
10
5.4340367322834648
20
-6.3735786220472441
11
5.4335040551181102
21
-6.3730459448818895
0
LINE
8
BLACK
6
CONTINUOUS
10
5.4335040551181102
20
-6.3730459448818895
11
5.4334291338582679
21
-6.3726692913385827
0
LINE
8
BLACK
6
CONTINUOUS
10
5.4334291338582679
20
-6.3726692913385827
11
5.4334291338582679
21
-6.246685039370079
0
LINE
8
BLACK
6
CONTINUOUS
10
5.4334291338582679
20
-6.246685039370079
11
5.4335040551181102
21
-6.2463083858267714
0
LINE
8
BLACK
6
CONTINUOUS
10
5.4335040551181102
20
-6.2463083858267714
11
5.4340367322834648
21
-6.2457757086614176
0
LINE
8
BLACK
6
CONTINUOUS
10
5.4340367322834648
20
-6.2457757086614176
11
5.4344133858267716
21
-6.2457007874015744
0
LINE
8
BLACK
6
CONTINUOUS
10
5.4344133858267716
20
-6.2457007874015744
11
5.8249645669291334
21
-6.2457007874015744
0
LINE
8
BLACK
6
CONTINUOUS
10
5.8249645669291334
20
-6.2457007874015744
11
5.8253412204724411
21
-6.2457757086614176
0
LINE
8
BLACK
6
CONTINUOUS
10
5.4353976377952753
20
-6.2476692913385827
11
5.4353976377952753
21
-6.371685039370079
0
LINE
8
BLACK
6
CONTINUOUS
10
5.4353976377952753
20
-6.371685039370079
11
5.8239803149606297
21
-6.371685039370079
0
LINE
8
BLACK
6
CONTINUOUS
10
5.8239803149606297
20
-6.371685039370079
11
5.8239803149606297
21
-6.2476692913385827
0
LINE
8
BLACK
6
CONTINUOUS
10
5.8239803149606297
20
-6.2476692913385827
11
5.4353976377952753
21
-6.2476692913385827
0
LINE
8
BLACK
6
CONTINUOUS
10
7.5430577559055116
20
-6.1965631102362204
11
7.5435904330708663
21
-6.1970957874015751
0
LINE
8
BLACK
6
CONTINUOUS
10
7.5435904330708663
20
-6.1970957874015751
11
7.5436653543307086
21
-6.1974724409448818
0
LINE
8
BLACK
6
CONTINUOUS
10
7.5436653543307086
20
-6.1974724409448818
11
7.5436653543307086
21
-6.2880236220472439
0
LINE
8
BLACK
6
CONTINUOUS
10
7.5436653543307086
20
-6.2880236220472439
11
7.5435904330708663
21
-6.2884002755905515
0
LINE
8
BLACK
6
CONTINUOUS
10
7.5435904330708663
20
-6.2884002755905515
11
7.5430577559055116
21
-6.2889329527559052
0
LINE
8
BLACK
6
CONTINUOUS
10
7.5430577559055116
20
-6.2889329527559052
11
7.5426811023622049
21
-6.2890078740157476
0
LINE
8
BLACK
6
CONTINUOUS
10
7.5426811023622049
20
-6.2890078740157476
11
7.3576417322834642
21
-6.2890078740157476
0
LINE
8
BLACK
6
CONTINUOUS
10
7.3576417322834642
20
-6.2890078740157476
11
7.3572650787401574
21
-6.2889329527559052
0
LINE
8
BLACK
6
CONTINUOUS
10
7.3572650787401574
20
-6.2889329527559052
11
7.3567324015748028
21
-6.2884002755905515
0
LINE
8
BLACK
6
CONTINUOUS
10
7.3567324015748028
20
-6.2884002755905515
11
7.3566574803149605
21
-6.2880236220472439
0
LINE
8
BLACK
6
CONTINUOUS
10
7.3566574803149605
20
-6.2880236220472439
11
7.3566574803149605
21
-6.1974724409448818
0
LINE
8
BLACK
6
CONTINUOUS
10
7.3566574803149605
20
-6.1974724409448818
11
7.3567324015748028
21
-6.1970957874015751
0
LINE
8
BLACK
6
CONTINUOUS
10
7.3567324015748028
20
-6.1970957874015751
11
7.3572650787401574
21
-6.1965631102362204
0
LINE
8
BLACK
6
CONTINUOUS
10
7.3572650787401574
20
-6.1965631102362204
11
7.3576417322834642
21
-6.1964881889763781
0
LINE
8
BLACK
6
CONTINUOUS
10
7.3576417322834642
20
-6.1964881889763781
11
7.5426811023622049
21
-6.1964881889763781
0
LINE
8
BLACK
6
CONTINUOUS
10
7.5426811023622049
20
-6.1964881889763781
11
7.5430577559055116
21
-6.1965631102362204
0
LINE
8
BLACK
6
CONTINUOUS
10
7.3586259842519679
20
-6.1984566929133855
11
7.3586259842519679
21
-6.2870393700787401
0
LINE
8
BLACK
6
CONTINUOUS
10
7.3586259842519679
20
-6.2870393700787401
11
7.5416968503937003
21
-6.2870393700787401
0
LINE
8
BLACK
6
CONTINUOUS
10
7.5416968503937003
20
-6.2870393700787401
11
7.5416968503937003
21
-6.1984566929133855
0
LINE
8
BLACK
6
CONTINUOUS
10
7.5416968503937003
20
-6.1984566929133855
11
7.3586259842519679
21
-6.1984566929133855
0
LINE
8
BLACK
6
CONTINUOUS
10
7.6442388582677161
20
-6.1827835826771649
11
7.6447715354330708
21
-6.1833162598425195
0
LINE
8
BLACK
6
CONTINUOUS
10
7.6447715354330708
20
-6.1833162598425195
11
7.6448464566929131
21
-6.1836929133858263
0
LINE
8
BLACK
6
CONTINUOUS
10
7.6448464566929131
20
-6.1836929133858263
11
7.6448464566929131
21
-6.3096771653543309
0
LINE
8
BLACK
6
CONTINUOUS
10
7.6448464566929131
20
-6.3096771653543309
11
7.6447715354330708
21
-6.3100538188976376
0
LINE
8
BLACK
6
CONTINUOUS
10
7.6447715354330708
20
-6.3100538188976376
11
7.6442388582677161
21
-6.3105864960629923
0
LINE
8
BLACK
6
CONTINUOUS
10
7.6442388582677161
20
-6.3105864960629923
11
7.6438622047244094
21
-6.3106614173228346
0
LINE
8
BLACK
6
CONTINUOUS
10
7.6438622047244094
20
-6.3106614173228346
11
7.2533110236220475
21
-6.3106614173228346
0
LINE
8
BLACK
6
CONTINUOUS
10
7.2533110236220475
20
-6.3106614173228346
11
7.2529343700787399
21
-6.3105864960629923
0
LINE
8
BLACK
6
CONTINUOUS
10
7.2529343700787399
20
-6.3105864960629923
11
7.2524016929133861
21
-6.3100538188976376
0
LINE
8
BLACK
6
CONTINUOUS
10
7.2524016929133861
20
-6.3100538188976376
11
7.2523267716535429
21
-6.3096771653543309
0
LINE
8
BLACK
6
CONTINUOUS
10
7.2523267716535429
20
-6.3096771653543309
11
7.2523267716535429
21
-6.1836929133858263
0
LINE
8
BLACK
6
CONTINUOUS
10
7.2523267716535429
20
-6.1836929133858263
11
7.2524016929133861
21
-6.1833162598425195
0
LINE
8
BLACK
6
CONTINUOUS
10
7.2524016929133861
20
-6.1833162598425195
11
7.2529343700787399
21
-6.1827835826771649
0
LINE
8
BLACK
6
CONTINUOUS
10
7.2529343700787399
20
-6.1827835826771649
11
7.2533110236220475
21
-6.1827086614173226
0
LINE
8
BLACK
6
CONTINUOUS
10
7.2533110236220475
20
-6.1827086614173226
11
7.6438622047244094
21
-6.1827086614173226
0
LINE
8
BLACK
6
CONTINUOUS
10
7.6438622047244094
20
-6.1827086614173226
11
7.6442388582677161
21
-6.1827835826771649
0
LINE
8
BLACK
6
CONTINUOUS
10
7.2542952755905512
20
-6.1846771653543309
11
7.2542952755905512
21
-6.3086929133858263
0
LINE
8
BLACK
6
CONTINUOUS
10
7.2542952755905512
20
-6.3086929133858263
11
7.6428779527559056
21
-6.3086929133858263
0
LINE
8
BLACK
6
CONTINUOUS
10
7.6428779527559056
20
-6.3086929133858263
11
7.6428779527559056
21
-6.1846771653543309
0
LINE
8
BLACK
6
CONTINUOUS
10
7.6428779527559056
20
-6.1846771653543309
11
7.2542952755905512
21
-6.1846771653543309
0
LINE
8
BLACK
6
CONTINUOUS
10
11.7158924015748021
20
-6.1945946062992121
11
11.7164250787401567
21
-6.1951272834645668
0
LINE
8
BLACK
6
CONTINUOUS
10
11.7164250787401567
20
-6.1951272834645668
11
11.7164999999999999
21
-6.1955039370078735
0
LINE
8
BLACK
6
CONTINUOUS
10
11.7164999999999999
20
-6.1955039370078735
11
11.7164999999999999
21
-6.2860551181102364
0
LINE
8
BLACK
6
CONTINUOUS
10
11.7164999999999999
20
-6.2860551181102364
11
11.7164250787401567
21
-6.2864317716535432
0
LINE
8
BLACK
6
CONTINUOUS
10
11.7164250787401567
20
-6.2864317716535432
11
11.7158924015748021
21
-6.2869644488188978
0
LINE
8
BLACK
6
CONTINUOUS
10
11.7158924015748021
20
-6.2869644488188978
11
11.7155157480314962
21
-6.2870393700787401
0
LINE
8
BLACK
6
CONTINUOUS
10
11.7155157480314962
20
-6.2870393700787401
11
11.5304763779527555
21
-6.2870393700787401
0
LINE
8
BLACK
6
CONTINUOUS
10
11.5304763779527555
20
-6.2870393700787401
11
11.5300997244094479
21
-6.2869644488188978
0
LINE
8
BLACK
6
CONTINUOUS
10
11.5300997244094479
20
-6.2869644488188978
11
11.529567047244095
21
-6.2864317716535432
0
LINE
8
BLACK
6
CONTINUOUS
10
11.529567047244095
20
-6.2864317716535432
11
11.5294921259842518
21
-6.2860551181102364
0
LINE
8
BLACK
6
CONTINUOUS
10
11.5294921259842518
20
-6.2860551181102364
11
11.5294921259842518
21
-6.1955039370078735
0
LINE
8
BLACK
6
CONTINUOUS
10
11.5294921259842518
20
-6.1955039370078735
11
11.529567047244095
21
-6.1951272834645668
0
LINE
8
BLACK
6
CONTINUOUS
10
11.529567047244095
20
-6.1951272834645668
11
11.5300997244094479
21
-6.1945946062992121
0
LINE
8
BLACK
6
CONTINUOUS
10
11.5300997244094479
20
-6.1945946062992121
11
11.5304763779527555
21
-6.1945196850393698
0
LINE
8
BLACK
6
CONTINUOUS
10
11.5304763779527555
20
-6.1945196850393698
11
11.7155157480314962
21
-6.1945196850393698
0
LINE
8
BLACK
6
CONTINUOUS
10
11.7155157480314962
20
-6.1945196850393698
11
11.7158924015748021
21
-6.1945946062992121
0
LINE
8
BLACK
6
CONTINUOUS
10
11.5314606299212592
20
-6.1964881889763781
11
11.5314606299212592
21
-6.2850708661417318
0
LINE
8
BLACK
6
CONTINUOUS
10
11.5314606299212592
20
-6.2850708661417318
11
11.7145314960629925
21
-6.2850708661417318
0
LINE
8
BLACK
6
CONTINUOUS
10
11.7145314960629925
20
-6.2850708661417318
11
11.7145314960629925
21
-6.1964881889763781
0
LINE
8
BLACK
6
CONTINUOUS
10
11.7145314960629925
20
-6.1964881889763781
11
11.5314606299212592
21
-6.1964881889763781
0
LINE
8
BLACK
6
CONTINUOUS
10
11.8170735039370083
20
-6.1808150787401575
11
11.8176061811023612
21
-6.1813477559055121
0
LINE
8
BLACK
6
CONTINUOUS
10
11.8176061811023612
20
-6.1813477559055121
11
11.8176811023622044
21
-6.1817244094488188
0
LINE
8
BLACK
6
CONTINUOUS
10
11.8176811023622044
20
-6.1817244094488188
11
11.8176811023622044
21
-6.3077086614173226
0
LINE
8
BLACK
6
CONTINUOUS
10
11.8176811023622044
20
-6.3077086614173226
11
11.8176061811023612
21
-6.3080853149606302
0
LINE
8
BLACK
6
CONTINUOUS
10
11.8176061811023612
20
-6.3080853149606302
11
11.8170735039370083
21
-6.308617992125984
0
LINE
8
BLACK
6
CONTINUOUS
10
11.8170735039370083
20
-6.308617992125984
11
11.8166968503937007
21
-6.3086929133858263
0
LINE
8
BLACK
6
CONTINUOUS
10
11.8166968503937007
20
-6.3086929133858263
11
11.4261456692913388
21
-6.3086929133858263
0
LINE
8
BLACK
6
CONTINUOUS
10
11.4261456692913388
20
-6.3086929133858263
11
11.4257690157480312
21
-6.308617992125984
0
LINE
8
BLACK
6
CONTINUOUS
10
11.4257690157480312
20
-6.308617992125984
11
11.4252363385826765
21
-6.3080853149606302
0
LINE
8
BLACK
6
CONTINUOUS
10
11.4252363385826765
20
-6.3080853149606302
11
11.4251614173228351
21
-6.3077086614173226
0
LINE
8
BLACK
6
CONTINUOUS
10
11.4251614173228351
20
-6.3077086614173226
11
11.4251614173228351
21
-6.1817244094488188
0
LINE
8
BLACK
6
CONTINUOUS
10
11.4251614173228351
20
-6.1817244094488188
11
11.4252363385826765
21
-6.1813477559055121
0
LINE
8
BLACK
6
CONTINUOUS
10
11.4252363385826765
20
-6.1813477559055121
11
11.4257690157480312
21
-6.1808150787401575
0
LINE
8
BLACK
6
CONTINUOUS
10
11.4257690157480312
20
-6.1808150787401575
11
11.4261456692913388
21
-6.1807401574803151
0
LINE
8
BLACK
6
CONTINUOUS
10
11.4261456692913388
20
-6.1807401574803151
11
11.8166968503937007
21
-6.1807401574803151
0
LINE
8
BLACK
6
CONTINUOUS
10
11.8166968503937007
20
-6.1807401574803151
11
11.8170735039370083
21
-6.1808150787401575
0
LINE
8
BLACK
6
CONTINUOUS
10
11.4271299212598425
20
-6.1827086614173226
11
11.4271299212598425
21
-6.3067244094488188
0
LINE
8
BLACK
6
CONTINUOUS
10
11.4271299212598425
20
-6.3067244094488188
11
11.8157125984251969
21
-6.3067244094488188
0
LINE
8
BLACK
6
CONTINUOUS
10
11.8157125984251969
20
-6.3067244094488188
11
11.8157125984251969
21
-6.1827086614173226
0
LINE
8
BLACK
6
CONTINUOUS
10
11.8157125984251969
20
-6.1827086614173226
11
11.4271299212598425
21
-6.1827086614173226
0
LINE
8
BLACK
6
CONTINUOUS
10
8.773372716535432
20
-6.2190040551181101
11
8.7739053937007867
21
-6.2195367322834647
0
LINE
8
BLACK
6
CONTINUOUS
10
8.7739053937007867
20
-6.2195367322834647
11
8.7739803149606299
21
-6.2199133858267714
0
LINE
8
BLACK
6
CONTINUOUS
10
8.7739803149606299
20
-6.2199133858267714
11
8.7739803149606299
21
-6.2970787401574801
0
LINE
8
BLACK
6
CONTINUOUS
10
8.7739803149606299
20
-6.2970787401574801
11
8.7739053937007867
21
-6.2974553937007869
0
LINE
8
BLACK
6
CONTINUOUS
10
8.7739053937007867
20
-6.2974553937007869
11
8.773372716535432
21
-6.2979880708661415
0
LINE
8
BLACK
6
CONTINUOUS
10
8.773372716535432
20
-6.2979880708661415
11
8.7729960629921262
21
-6.2980629921259839
0
LINE
8
BLACK
6
CONTINUOUS
10
8.7729960629921262
20
-6.2980629921259839
11
8.639137795275591
21
-6.2980629921259839
0
LINE
8
BLACK
6
CONTINUOUS
10
8.639137795275591
20
-6.2980629921259839
11
8.6387611417322834
21
-6.2979880708661415
0
LINE
8
BLACK
6
CONTINUOUS
10
8.6387611417322834
20
-6.2979880708661415
11
8.6382284645669287
21
-6.2974553937007869
0
LINE
8
BLACK
6
CONTINUOUS
10
8.6382284645669287
20
-6.2974553937007869
11
8.6381535433070873
21
-6.2970787401574801
0
LINE
8
BLACK
6
CONTINUOUS
10
8.6381535433070873
20
-6.2970787401574801
11
8.6381535433070873
21
-6.2199133858267714
0
LINE
8
BLACK
6
CONTINUOUS
10
8.6381535433070873
20
-6.2199133858267714
11
8.6382284645669287
21
-6.2195367322834647
0
LINE
8
BLACK
6
CONTINUOUS
10
8.6382284645669287
20
-6.2195367322834647
11
8.6387611417322834
21
-6.2190040551181101
0
LINE
8
BLACK
6
CONTINUOUS
10
8.6387611417322834
20
-6.2190040551181101
11
8.639137795275591
21
-6.2189291338582677
0
LINE
8
BLACK
6
CONTINUOUS
10
8.639137795275591
20
-6.2189291338582677
11
8.7729960629921262
21
-6.2189291338582677
0
LINE
8
BLACK
6
CONTINUOUS
10
8.7729960629921262
20
-6.2189291338582677
11
8.773372716535432
21
-6.2190040551181101
0
LINE
8
BLACK
6
CONTINUOUS
10
8.6401220472440947
20
-6.2208976377952752
11
8.6401220472440947
21
-6.2960944881889764
0
LINE
8
BLACK
6
CONTINUOUS
10
8.6401220472440947
20
-6.2960944881889764
11
8.7720118110236225
21
-6.2960944881889764
0
LINE
8
BLACK
6
CONTINUOUS
10
8.7720118110236225
20
-6.2960944881889764
11
8.7720118110236225
21
-6.2208976377952752
0
LINE
8
BLACK
6
CONTINUOUS
10
8.7720118110236225
20
-6.2208976377952752
11
8.6401220472440947
21
-6.2208976377952752
0
LINE
8
BLACK
6
CONTINUOUS
10
3.4206168110236219
20
-6.1316024803149602
11
3.4211494881889761
21
-6.1321351574803149
0
LINE
8
BLACK
6
CONTINUOUS
10
3.4211494881889761
20
-6.1321351574803149
11
3.4212244094488189
21
-6.1325118110236216
0
LINE
8
BLACK
6
CONTINUOUS
10
3.4212244094488189
20
-6.1325118110236216
11
3.4212244094488189
21
-6.2230629921259837
0
LINE
8
BLACK
6
CONTINUOUS
10
3.4212244094488189
20
-6.2230629921259837
11
3.4211494881889761
21
-6.2234396456692913
0
LINE
8
BLACK
6
CONTINUOUS
10
3.4211494881889761
20
-6.2234396456692913
11
3.4206168110236219
21
-6.223972322834646
0
LINE
8
BLACK
6
CONTINUOUS
10
3.4206168110236219
20
-6.223972322834646
11
3.4202401574803147
21
-6.2240472440944883
0
LINE
8
BLACK
6
CONTINUOUS
10
3.4202401574803147
20
-6.2240472440944883
11
3.2352007874015749
21
-6.2240472440944883
0
LINE
8
BLACK
6
CONTINUOUS
10
3.2352007874015749
20
-6.2240472440944883
11
3.2348241338582677
21
-6.223972322834646
0
LINE
8
BLACK
6
CONTINUOUS
10
3.2348241338582677
20
-6.223972322834646
11
3.2342914566929135
21
-6.2234396456692913
0
LINE
8
BLACK
6
CONTINUOUS
10
3.2342914566929135
20
-6.2234396456692913
11
3.2342165354330707
21
-6.2230629921259837
0
LINE
8
BLACK
6
CONTINUOUS
10
3.2342165354330707
20
-6.2230629921259837
11
3.2342165354330707
21
-6.1325118110236216
0
LINE
8
BLACK
6
CONTINUOUS
10
3.2342165354330707
20
-6.1325118110236216
11
3.2342914566929135
21
-6.1321351574803149
0
LINE
8
BLACK
6
CONTINUOUS
10
3.2342914566929135
20
-6.1321351574803149
11
3.2348241338582677
21
-6.1316024803149602
0
LINE
8
BLACK
6
CONTINUOUS
10
3.2348241338582677
20
-6.1316024803149602
11
3.2352007874015749
21
-6.1315275590551179
0
LINE
8
BLACK
6
CONTINUOUS
10
3.2352007874015749
20
-6.1315275590551179
11
3.4202401574803147
21
-6.1315275590551179
0
LINE
8
BLACK
6
CONTINUOUS
10
3.4202401574803147
20
-6.1315275590551179
11
3.4206168110236219
21
-6.1316024803149602
0
LINE
8
BLACK
6
CONTINUOUS
10
3.2361850393700786
20
-6.1334960629921262
11
3.2361850393700786
21
-6.22207874015748
0
LINE
8
BLACK
6
CONTINUOUS
10
3.2361850393700786
20
-6.22207874015748
11
3.419255905511811
21
-6.22207874015748
0
LINE
8
BLACK
6
CONTINUOUS
10
3.419255905511811
20
-6.22207874015748
11
3.419255905511811
21
-6.1334960629921262
0
LINE
8
BLACK
6
CONTINUOUS
10
3.419255905511811
20
-6.1334960629921262
11
3.2361850393700786
21
-6.1334960629921262
0
LINE
8
BLACK
6
CONTINUOUS
10
3.5217979133858268
20
-6.1178229527559056
11
3.522330590551181
21
-6.1183556299212594
0
LINE
8
BLACK
6
CONTINUOUS
10
3.522330590551181
20
-6.1183556299212594
11
3.5224055118110233
21
-6.118732283464567
0
LINE
8
BLACK
6
CONTINUOUS
10
3.5224055118110233
20
-6.118732283464567
11
3.5224055118110233
21
-6.2447165354330707
0
LINE
8
BLACK
6
CONTINUOUS
10
3.5224055118110233
20
-6.2447165354330707
11
3.522330590551181
21
-6.2450931889763774
0
LINE
8
BLACK
6
CONTINUOUS
10
3.522330590551181
20
-6.2450931889763774
11
3.5217979133858268
21
-6.2456258661417321
0
LINE
8
BLACK
6
CONTINUOUS
10
3.5217979133858268
20
-6.2456258661417321
11
3.5214212598425196
21
-6.2457007874015744
0
LINE
8
BLACK
6
CONTINUOUS
10
3.5214212598425196
20
-6.2457007874015744
11
3.1308700787401573
21
-6.2457007874015744
0
LINE
8
BLACK
6
CONTINUOUS
10
3.1308700787401573
20
-6.2457007874015744
11
3.1304934251968501
21
-6.2456258661417321
0
LINE
8
BLACK
6
CONTINUOUS
10
3.1304934251968501
20
-6.2456258661417321
11
3.1299607480314959
21
-6.2450931889763774
0
LINE
8
BLACK
6
CONTINUOUS
10
3.1299607480314959
20
-6.2450931889763774
11
3.1298858267716536
21
-6.2447165354330707
0
LINE
8
BLACK
6
CONTINUOUS
10
3.1298858267716536
20
-6.2447165354330707
11
3.1298858267716536
21
-6.118732283464567
0
LINE
8
BLACK
6
CONTINUOUS
10
3.1298858267716536
20
-6.118732283464567
11
3.1299607480314959
21
-6.1183556299212594
0
LINE
8
BLACK
6
CONTINUOUS
10
3.1299607480314959
20
-6.1183556299212594
11
3.1304934251968501
21
-6.1178229527559056
0
LINE
8
BLACK
6
CONTINUOUS
10
3.1304934251968501
20
-6.1178229527559056
11
3.1308700787401573
21
-6.1177480314960633
0
LINE
8
BLACK
6
CONTINUOUS
10
3.1308700787401573
20
-6.1177480314960633
11
3.5214212598425196
21
-6.1177480314960633
0
LINE
8
BLACK
6
CONTINUOUS
10
3.5214212598425196
20
-6.1177480314960633
11
3.5217979133858268
21
-6.1178229527559056
0
LINE
8
BLACK
6
CONTINUOUS
10
3.1318543307086615
20
-6.1197165354330707
11
3.1318543307086615
21
-6.243732283464567
0
LINE
8
BLACK
6
CONTINUOUS
10
3.1318543307086615
20
-6.243732283464567
11
3.5204370078740155
21
-6.243732283464567
0
LINE
8
BLACK
6
CONTINUOUS
10
3.5204370078740155
20
-6.243732283464567
11
3.5204370078740155
21
-6.1197165354330707
0
LINE
8
BLACK
6
CONTINUOUS
10
3.5204370078740155
20
-6.1197165354330707
11
3.1318543307086615
21
-6.1197165354330707
0
LINE
8
BLACK
6
CONTINUOUS
10
4.1710105118110237
20
-6.1060119291338584
11
4.1715431889763774
21
-6.1065446062992121
0
LINE
8
BLACK
6
CONTINUOUS
10
4.1715431889763774
20
-6.1065446062992121
11
4.1716181102362206
21
-6.1069212598425198
0
LINE
8
BLACK
6
CONTINUOUS
10
4.1716181102362206
20
-6.1069212598425198
11
4.1716181102362206
21
-6.1974724409448818
0
LINE
8
BLACK
6
CONTINUOUS
10
4.1716181102362206
20
-6.1974724409448818
11
4.1715431889763774
21
-6.1978490944881885
0
LINE
8
BLACK
6
CONTINUOUS
10
4.1715431889763774
20
-6.1978490944881885
11
4.1710105118110237
21
-6.1983817716535432
0
LINE
8
BLACK
6
CONTINUOUS
10
4.1710105118110237
20
-6.1983817716535432
11
4.170633858267716
21
-6.1984566929133855
0
LINE
8
BLACK
6
CONTINUOUS
10
4.170633858267716
20
-6.1984566929133855
11
3.9855944881889762
21
-6.1984566929133855
0
LINE
8
BLACK
6
CONTINUOUS
10
3.9855944881889762
20
-6.1984566929133855
11
3.985217834645669
21
-6.1983817716535432
0
LINE
8
BLACK
6
CONTINUOUS
10
3.985217834645669
20
-6.1983817716535432
11
3.9846851574803148
21
-6.1978490944881885
0
LINE
8
BLACK
6
CONTINUOUS
10
3.9846851574803148
20
-6.1978490944881885
11
3.9846102362204725
21
-6.1974724409448818
0
LINE
8
BLACK
6
CONTINUOUS
10
3.9846102362204725
20
-6.1974724409448818
11
3.9846102362204725
21
-6.1069212598425198
0
LINE
8
BLACK
6
CONTINUOUS
10
3.9846102362204725
20
-6.1069212598425198
11
3.9846851574803148
21
-6.1065446062992121
0
LINE
8
BLACK
6
CONTINUOUS
10
3.9846851574803148
20
-6.1065446062992121
11
3.985217834645669
21
-6.1060119291338584
0
LINE
8
BLACK
6
CONTINUOUS
10
3.985217834645669
20
-6.1060119291338584
11
3.9855944881889762
21
-6.1059370078740152
0
LINE
8
BLACK
6
CONTINUOUS
10
3.9855944881889762
20
-6.1059370078740152
11
4.170633858267716
21
-6.1059370078740152
0
LINE
8
BLACK
6
CONTINUOUS
10
4.170633858267716
20
-6.1059370078740152
11
4.1710105118110237
21
-6.1060119291338584
0
LINE
8
BLACK
6
CONTINUOUS
10
3.9865787401574804
20
-6.1079055118110235
11
3.9865787401574804
21
-6.1964881889763781
0
LINE
8
BLACK
6
CONTINUOUS
10
3.9865787401574804
20
-6.1964881889763781
11
4.1696496062992123
21
-6.1964881889763781
0
LINE
8
BLACK
6
CONTINUOUS
10
4.1696496062992123
20
-6.1964881889763781
11
4.1696496062992123
21
-6.1079055118110235
0
LINE
8
BLACK
6
CONTINUOUS
10
4.1696496062992123
20
-6.1079055118110235
11
3.9865787401574804
21
-6.1079055118110235
0
LINE
8
BLACK
6
CONTINUOUS
10
4.2721916141732281
20
-6.0922324015748028
11
4.2727242913385828
21
-6.0927650787401575
0
LINE
8
BLACK
6
CONTINUOUS
10
4.2727242913385828
20
-6.0927650787401575
11
4.2727992125984251
21
-6.0931417322834642
0
LINE
8
BLACK
6
CONTINUOUS
10
4.2727992125984251
20
-6.0931417322834642
11
4.2727992125984251
21
-6.2191259842519679
0
LINE
8
BLACK
6
CONTINUOUS
10
4.2727992125984251
20
-6.2191259842519679
11
4.2727242913385828
21
-6.2195026377952756
0
LINE
8
BLACK
6
CONTINUOUS
10
4.2727242913385828
20
-6.2195026377952756
11
4.2721916141732281
21
-6.2200353149606293
0
LINE
8
BLACK
6
CONTINUOUS
10
4.2721916141732281
20
-6.2200353149606293
11
4.2718149606299214
21
-6.2201102362204725
0
LINE
8
BLACK
6
CONTINUOUS
10
4.2718149606299214
20
-6.2201102362204725
11
3.8812637795275591
21
-6.2201102362204725
0
LINE
8
BLACK
6
CONTINUOUS
10
3.8812637795275591
20
-6.2201102362204725
11
3.8808871259842519
21
-6.2200353149606293
0
LINE
8
BLACK
6
CONTINUOUS
10
3.8808871259842519
20
-6.2200353149606293
11
3.8803544488188977
21
-6.2195026377952756
0
LINE
8
BLACK
6
CONTINUOUS
10
3.8803544488188977
20
-6.2195026377952756
11
3.8802795275590549
21
-6.2191259842519679
0
LINE
8
BLACK
6
CONTINUOUS
10
3.8802795275590549
20
-6.2191259842519679
11
3.8802795275590549
21
-6.0931417322834642
0
LINE
8
BLACK
6
CONTINUOUS
10
3.8802795275590549
20
-6.0931417322834642
11
3.8803544488188977
21
-6.0927650787401575
0
LINE
8
BLACK
6
CONTINUOUS
10
3.8803544488188977
20
-6.0927650787401575
11
3.8808871259842519
21
-6.0922324015748028
0
LINE
8
BLACK
6
CONTINUOUS
10
3.8808871259842519
20
-6.0922324015748028
11
3.8812637795275591
21
-6.0921574803149605
0
LINE
8
BLACK
6
CONTINUOUS
10
3.8812637795275591
20
-6.0921574803149605
11
4.2718149606299214
21
-6.0921574803149605
0
LINE
8
BLACK
6
CONTINUOUS
10
4.2718149606299214
20
-6.0921574803149605
11
4.2721916141732281
21
-6.0922324015748028
0
LINE
8
BLACK
6
CONTINUOUS
10
3.8822480314960628
20
-6.0941259842519679
11
3.8822480314960628
21
-6.2181417322834642
0
LINE
8
BLACK
6
CONTINUOUS
10
3.8822480314960628
20
-6.2181417322834642
11
4.2708307086614168
21
-6.2181417322834642
0
LINE
8
BLACK
6
CONTINUOUS
10
4.2708307086614168
20
-6.2181417322834642
11
4.2708307086614168
21
-6.0941259842519679
0
LINE
8
BLACK
6
CONTINUOUS
10
4.2708307086614168
20
-6.0941259842519679
11
3.8822480314960628
21
-6.0941259842519679
0
LINE
8
BLACK
6
CONTINUOUS
10
12.7414829527559057
20
-6.0863268897637797
11
12.7420156299212604
21
-6.0868595669291334
0
LINE
8
BLACK
6
CONTINUOUS
10
12.7420156299212604
20
-6.0868595669291334
11
12.7420905511811018
21
-6.0872362204724411
0
LINE
8
BLACK
6
CONTINUOUS
10
12.7420905511811018
20
-6.0872362204724411
11
12.7420905511811018
21
-6.1777874015748031
0
LINE
8
BLACK
6
CONTINUOUS
10
12.7420905511811018
20
-6.1777874015748031
11
12.7420156299212604
21
-6.1781640551181098
0
LINE
8
BLACK
6
CONTINUOUS
10
12.7420156299212604
20
-6.1781640551181098
11
12.7414829527559057
21
-6.1786967322834645
0
LINE
8
BLACK
6
CONTINUOUS
10
12.7414829527559057
20
-6.1786967322834645
11
12.7411062992125981
21
-6.1787716535433068
0
LINE
8
BLACK
6
CONTINUOUS
10
12.7411062992125981
20
-6.1787716535433068
11
12.5560669291338574
21
-6.1787716535433068
0
LINE
8
BLACK
6
CONTINUOUS
10
12.5560669291338574
20
-6.1787716535433068
11
12.5556902755905515
21
-6.1786967322834645
0
LINE
8
BLACK
6
CONTINUOUS
10
12.5556902755905515
20
-6.1786967322834645
11
12.5551575984251969
21
-6.1781640551181098
0
LINE
8
BLACK
6
CONTINUOUS
10
12.5551575984251969
20
-6.1781640551181098
11
12.5550826771653536
21
-6.1777874015748031
0
LINE
8
BLACK
6
CONTINUOUS
10
12.5550826771653536
20
-6.1777874015748031
11
12.5550826771653536
21
-6.0872362204724411
0
LINE
8
BLACK
6
CONTINUOUS
10
12.5550826771653536
20
-6.0872362204724411
11
12.5551575984251969
21
-6.0868595669291334
0
LINE
8
BLACK
6
CONTINUOUS
10
12.5551575984251969
20
-6.0868595669291334
11
12.5556902755905515
21
-6.0863268897637797
0
LINE
8
BLACK
6
CONTINUOUS
10
12.5556902755905515
20
-6.0863268897637797
11
12.5560669291338574
21
-6.0862519685039365
0
LINE
8
BLACK
6
CONTINUOUS
10
12.5560669291338574
20
-6.0862519685039365
11
12.7411062992125981
21
-6.0862519685039365
0
LINE
8
BLACK
6
CONTINUOUS
10
12.7411062992125981
20
-6.0862519685039365
11
12.7414829527559057
21
-6.0863268897637797
0
LINE
8
BLACK
6
CONTINUOUS
10
12.5570511811023611
20
-6.0882204724409448
11
12.5570511811023611
21
-6.1768031496062994
0
LINE
8
BLACK
6
CONTINUOUS
10
12.5570511811023611
20
-6.1768031496062994
11
12.7401220472440944
21
-6.1768031496062994
0
LINE
8
BLACK
6
CONTINUOUS
10
12.7401220472440944
20
-6.1768031496062994
11
12.7401220472440944
21
-6.0882204724409448
0
LINE
8
BLACK
6
CONTINUOUS
10
12.7401220472440944
20
-6.0882204724409448
11
12.5570511811023611
21
-6.0882204724409448
0
LINE
8
BLACK
6
CONTINUOUS
10
12.8426640551181102
20
-6.0725473622047241
11
12.8431967322834648
21
-6.0730800393700788
0
LINE
8
BLACK
6
CONTINUOUS
10
12.8431967322834648
20
-6.0730800393700788
11
12.8432716535433062
21
-6.0734566929133855
0
LINE
8
BLACK
6
CONTINUOUS
10
12.8432716535433062
20
-6.0734566929133855
11
12.8432716535433062
21
-6.1994409448818892
0
LINE
8
BLACK
6
CONTINUOUS
10
12.8432716535433062
20
-6.1994409448818892
11
12.8431967322834648
21
-6.1998175984251969
0
LINE
8
BLACK
6
CONTINUOUS
10
12.8431967322834648
20
-6.1998175984251969
11
12.8426640551181102
21
-6.2003502755905506
0
LINE
8
BLACK
6
CONTINUOUS
10
12.8426640551181102
20
-6.2003502755905506
11
12.8422874015748025
21
-6.2004251968503938
0
LINE
8
BLACK
6
CONTINUOUS
10
12.8422874015748025
20
-6.2004251968503938
11
12.4517362204724407
21
-6.2004251968503938
0
LINE
8
BLACK
6
CONTINUOUS
10
12.4517362204724407
20
-6.2004251968503938
11
12.451359566929133
21
-6.2003502755905506
0
LINE
8
BLACK
6
CONTINUOUS
10
12.451359566929133
20
-6.2003502755905506
11
12.4508268897637784
21
-6.1998175984251969
0
LINE
8
BLACK
6
CONTINUOUS
10
12.4508268897637784
20
-6.1998175984251969
11
12.450751968503937
21
-6.1994409448818892
0
LINE
8
BLACK
6
CONTINUOUS
10
12.450751968503937
20
-6.1994409448818892
11
12.450751968503937
21
-6.0734566929133855
0
LINE
8
BLACK
6
CONTINUOUS
10
12.450751968503937
20
-6.0734566929133855
11
12.4508268897637784
21
-6.0730800393700788
0
LINE
8
BLACK
6
CONTINUOUS
10
12.4508268897637784
20
-6.0730800393700788
11
12.451359566929133
21
-6.0725473622047241
0
LINE
8
BLACK
6
CONTINUOUS
10
12.451359566929133
20
-6.0725473622047241
11
12.4517362204724407
21
-6.0724724409448818
0
LINE
8
BLACK
6
CONTINUOUS
10
12.4517362204724407
20
-6.0724724409448818
11
12.8422874015748025
21
-6.0724724409448818
0
LINE
8
BLACK
6
CONTINUOUS
10
12.8422874015748025
20
-6.0724724409448818
11
12.8426640551181102
21
-6.0725473622047241
0
LINE
8
BLACK
6
CONTINUOUS
10
12.4527204724409444
20
-6.0744409448818892
11
12.4527204724409444
21
-6.1984566929133855
0
LINE
8
BLACK
6
CONTINUOUS
10
12.4527204724409444
20
-6.1984566929133855
11
12.8413031496062988
21
-6.1984566929133855
0
LINE
8
BLACK
6
CONTINUOUS
10
12.8413031496062988
20
-6.1984566929133855
11
12.8413031496062988
21
-6.0744409448818892
0
LINE
8
BLACK
6
CONTINUOUS
10
12.8413031496062988
20
-6.0744409448818892
11
12.4527204724409444
21
-6.0744409448818892
0
LINE
8
BLACK
6
CONTINUOUS
10
13.9702231102362209
20
-6.0863268897637797
11
13.9707557874015738
21
-6.0868595669291334
0
LINE
8
BLACK
6
CONTINUOUS
10
13.9707557874015738
20
-6.0868595669291334
11
13.970830708661417
21
-6.0872362204724411
0
LINE
8
BLACK
6
CONTINUOUS
10
13.970830708661417
20
-6.0872362204724411
11
13.970830708661417
21
-6.1777874015748031
0
LINE
8
BLACK
6
CONTINUOUS
10
13.970830708661417
20
-6.1777874015748031
11
13.9707557874015738
21
-6.1781640551181098
0
LINE
8
BLACK
6
CONTINUOUS
10
13.9707557874015738
20
-6.1781640551181098
11
13.9702231102362209
21
-6.1786967322834645
0
LINE
8
BLACK
6
CONTINUOUS
10
13.9702231102362209
20
-6.1786967322834645
11
13.9698464566929133
21
-6.1787716535433068
0
LINE
8
BLACK
6
CONTINUOUS
10
13.9698464566929133
20
-6.1787716535433068
11
13.7848070866141725
21
-6.1787716535433068
0
LINE
8
BLACK
6
CONTINUOUS
10
13.7848070866141725
20
-6.1787716535433068
11
13.7844304330708667
21
-6.1786967322834645
0
LINE
8
BLACK
6
CONTINUOUS
10
13.7844304330708667
20
-6.1786967322834645
11
13.783897755905512
21
-6.1781640551181098
0
LINE
8
BLACK
6
CONTINUOUS
10
13.783897755905512
20
-6.1781640551181098
11
13.7838228346456688
21
-6.1777874015748031
0
LINE
8
BLACK
6
CONTINUOUS
10
13.7838228346456688
20
-6.1777874015748031
11
13.7838228346456688
21
-6.0872362204724411
0
LINE
8
BLACK
6
CONTINUOUS
10
13.7838228346456688
20
-6.0872362204724411
11
13.783897755905512
21
-6.0868595669291334
0
LINE
8
BLACK
6
CONTINUOUS
10
13.783897755905512
20
-6.0868595669291334
11
13.7844304330708667
21
-6.0863268897637797
0
LINE
8
BLACK
6
CONTINUOUS
10
13.7844304330708667
20
-6.0863268897637797
11
13.7848070866141725
21
-6.0862519685039365
0
LINE
8
BLACK
6
CONTINUOUS
10
13.7848070866141725
20
-6.0862519685039365
11
13.9698464566929133
21
-6.0862519685039365
0
LINE
8
BLACK
6
CONTINUOUS
10
13.9698464566929133
20
-6.0862519685039365
11
13.9702231102362209
21
-6.0863268897637797
0
LINE
8
BLACK
6
CONTINUOUS
10
13.7857913385826762
20
-6.0882204724409448
11
13.7857913385826762
21
-6.1768031496062994
0
LINE
8
BLACK
6
CONTINUOUS
10
13.7857913385826762
20
-6.1768031496062994
11
13.9688622047244095
21
-6.1768031496062994
0
LINE
8
BLACK
6
CONTINUOUS
10
13.9688622047244095
20
-6.1768031496062994
11
13.9688622047244095
21
-6.0882204724409448
0
LINE
8
BLACK
6
CONTINUOUS
10
13.9688622047244095
20
-6.0882204724409448
11
13.7857913385826762
21
-6.0882204724409448
0
LINE
8
BLACK
6
CONTINUOUS
10
14.0714042125984253
20
-6.0725473622047241
11
14.07193688976378
21
-6.0730800393700788
0
LINE
8
BLACK
6
CONTINUOUS
10
14.07193688976378
20
-6.0730800393700788
11
14.0720118110236214
21
-6.0734566929133855
0
LINE
8
BLACK
6
CONTINUOUS
10
14.0720118110236214
20
-6.0734566929133855
11
14.0720118110236214
21
-6.1994409448818892
0
LINE
8
BLACK
6
CONTINUOUS
10
14.0720118110236214
20
-6.1994409448818892
11
14.07193688976378
21
-6.1998175984251969
0
LINE
8
BLACK
6
CONTINUOUS
10
14.07193688976378
20
-6.1998175984251969
11
14.0714042125984253
21
-6.2003502755905506
0
LINE
8
BLACK
6
CONTINUOUS
10
14.0714042125984253
20
-6.2003502755905506
11
14.0710275590551177
21
-6.2004251968503938
0
LINE
8
BLACK
6
CONTINUOUS
10
14.0710275590551177
20
-6.2004251968503938
11
13.6804763779527558
21
-6.2004251968503938
0
LINE
8
BLACK
6
CONTINUOUS
10
13.6804763779527558
20
-6.2004251968503938
11
13.6800997244094482
21
-6.2003502755905506
0
LINE
8
BLACK
6
CONTINUOUS
10
13.6800997244094482
20
-6.2003502755905506
11
13.6795670472440936
21
-6.1998175984251969
0
LINE
8
BLACK
6
CONTINUOUS
10
13.6795670472440936
20
-6.1998175984251969
11
13.6794921259842521
21
-6.1994409448818892
0
LINE
8
BLACK
6
CONTINUOUS
10
13.6794921259842521
20
-6.1994409448818892
11
13.6794921259842521
21
-6.0734566929133855
0
LINE
8
BLACK
6
CONTINUOUS
10
13.6794921259842521
20
-6.0734566929133855
11
13.6795670472440936
21
-6.0730800393700788
0
LINE
8
BLACK
6
CONTINUOUS
10
13.6795670472440936
20
-6.0730800393700788
11
13.6800997244094482
21
-6.0725473622047241
0
LINE
8
BLACK
6
CONTINUOUS
10
13.6800997244094482
20
-6.0725473622047241
11
13.6804763779527558
21
-6.0724724409448818
0
LINE
8
BLACK
6
CONTINUOUS
10
13.6804763779527558
20
-6.0724724409448818
11
14.0710275590551177
21
-6.0724724409448818
0
LINE
8
BLACK
6
CONTINUOUS
10
14.0710275590551177
20
-6.0724724409448818
11
14.0714042125984253
21
-6.0725473622047241
0
LINE
8
BLACK
6
CONTINUOUS
10
13.6814606299212596
20
-6.0744409448818892
11
13.6814606299212596
21
-6.1984566929133855
0
LINE
8
BLACK
6
CONTINUOUS
10
13.6814606299212596
20
-6.1984566929133855
11
14.070043307086614
21
-6.1984566929133855
0
LINE
8
BLACK
6
CONTINUOUS
10
14.070043307086614
20
-6.1984566929133855
11
14.070043307086614
21
-6.0744409448818892
0
LINE
8
BLACK
6
CONTINUOUS
10
14.070043307086614
20
-6.0744409448818892
11
13.6814606299212596
21
-6.0744409448818892
0
LINE
8
BLACK
6
CONTINUOUS
10
13.4899081496062987
20
-6.0843583858267714
11
13.4904408267716533
21
-6.084891062992126
0
LINE
8
BLACK
6
CONTINUOUS
10
13.4904408267716533
20
-6.084891062992126
11
13.4905157480314966
21
-6.0852677165354327
0
LINE
8
BLACK
6
CONTINUOUS
10
13.4905157480314966
20
-6.0852677165354327
11
13.4905157480314966
21
-6.1758188976377948
0
LINE
8
BLACK
6
CONTINUOUS
10
13.4905157480314966
20
-6.1758188976377948
11
13.4904408267716533
21
-6.1761955511811024
0
LINE
8
BLACK
6
CONTINUOUS
10
13.4904408267716533
20
-6.1761955511811024
11
13.4899081496062987
21
-6.1767282283464562
0
LINE
8
BLACK
6
CONTINUOUS
10
13.4899081496062987
20
-6.1767282283464562
11
13.4895314960629911
21
-6.1768031496062994
0
LINE
8
BLACK
6
CONTINUOUS
10
13.4895314960629911
20
-6.1768031496062994
11
13.3044921259842521
21
-6.1768031496062994
0
LINE
8
BLACK
6
CONTINUOUS
10
13.3044921259842521
20
-6.1768031496062994
11
13.3041154724409445
21
-6.1767282283464562
0
LINE
8
BLACK
6
CONTINUOUS
10
13.3041154724409445
20
-6.1767282283464562
11
13.3035827952755898
21
-6.1761955511811024
0
LINE
8
BLACK
6
CONTINUOUS
10
13.3035827952755898
20
-6.1761955511811024
11
13.3035078740157484
21
-6.1758188976377948
0
LINE
8
BLACK
6
CONTINUOUS
10
13.3035078740157484
20
-6.1758188976377948
11
13.3035078740157484
21
-6.0852677165354327
0
LINE
8
BLACK
6
CONTINUOUS
10
13.3035078740157484
20
-6.0852677165354327
11
13.3035827952755898
21
-6.084891062992126
0
LINE
8
BLACK
6
CONTINUOUS
10
13.3035827952755898
20
-6.084891062992126
11
13.3041154724409445
21
-6.0843583858267714
0
LINE
8
BLACK
6
CONTINUOUS
10
13.3041154724409445
20
-6.0843583858267714
11
13.3044921259842521
21
-6.084283464566929
0
LINE
8
BLACK
6
CONTINUOUS
10
13.3044921259842521
20
-6.084283464566929
11
13.4895314960629911
21
-6.084283464566929
0
LINE
8
BLACK
6
CONTINUOUS
10
13.4895314960629911
20
-6.084283464566929
11
13.4899081496062987
21
-6.0843583858267714
0
LINE
8
BLACK
6
CONTINUOUS
10
13.3054763779527558
20
-6.0862519685039365
11
13.3054763779527558
21
-6.1748346456692911
0
LINE
8
BLACK
6
CONTINUOUS
10
13.3054763779527558
20
-6.1748346456692911
11
13.4885472440944874
21
-6.1748346456692911
0
LINE
8
BLACK
6
CONTINUOUS
10
13.4885472440944874
20
-6.1748346456692911
11
13.4885472440944874
21
-6.0862519685039365
0
LINE
8
BLACK
6
CONTINUOUS
10
13.4885472440944874
20
-6.0862519685039365
11
13.3054763779527558
21
-6.0862519685039365
0
LINE
8
BLACK
6
CONTINUOUS
10
13.5910892519685031
20
-6.0705788582677167
11
13.5916219291338578
21
-6.0711115354330705
0
LINE
8
BLACK
6
CONTINUOUS
10
13.5916219291338578
20
-6.0711115354330705
11
13.591696850393701
21
-6.0714881889763781
0
LINE
8
BLACK
6
CONTINUOUS
10
13.591696850393701
20
-6.0714881889763781
11
13.591696850393701
21
-6.1974724409448818
0
LINE
8
BLACK
6
CONTINUOUS
10
13.591696850393701
20
-6.1974724409448818
11
13.5916219291338578
21
-6.1978490944881885
0
LINE
8
BLACK
6
CONTINUOUS
10
13.5916219291338578
20
-6.1978490944881885
11
13.5910892519685031
21
-6.1983817716535432
0
LINE
8
BLACK
6
CONTINUOUS
10
13.5910892519685031
20
-6.1983817716535432
11
13.5907125984251973
21
-6.1984566929133855
0
LINE
8
BLACK
6
CONTINUOUS
10
13.5907125984251973
20
-6.1984566929133855
11
13.2001614173228337
21
-6.1984566929133855
0
LINE
8
BLACK
6
CONTINUOUS
10
13.2001614173228337
20
-6.1984566929133855
11
13.1997847637795278
21
-6.1983817716535432
0
LINE
8
BLACK
6
CONTINUOUS
10
13.1997847637795278
20
-6.1983817716535432
11
13.1992520866141732
21
-6.1978490944881885
0
LINE
8
BLACK
6
CONTINUOUS
10
13.1992520866141732
20
-6.1978490944881885
11
13.1991771653543299
21
-6.1974724409448818
0
LINE
8
BLACK
6
CONTINUOUS
10
13.1991771653543299
20
-6.1974724409448818
11
13.1991771653543299
21
-6.0714881889763781
0
LINE
8
BLACK
6
CONTINUOUS
10
13.1991771653543299
20
-6.0714881889763781
11
13.1992520866141732
21
-6.0711115354330705
0
LINE
8
BLACK
6
CONTINUOUS
10
13.1992520866141732
20
-6.0711115354330705
11
13.1997847637795278
21
-6.0705788582677167
0
LINE
8
BLACK
6
CONTINUOUS
10
13.1997847637795278
20
-6.0705788582677167
11
13.2001614173228337
21
-6.0705039370078735
0
LINE
8
BLACK
6
CONTINUOUS
10
13.2001614173228337
20
-6.0705039370078735
11
13.5907125984251973
21
-6.0705039370078735
0
LINE
8
BLACK
6
CONTINUOUS
10
13.5907125984251973
20
-6.0705039370078735
11
13.5910892519685031
21
-6.0705788582677167
0
LINE
8
BLACK
6
CONTINUOUS
10
13.2011456692913391
20
-6.0724724409448818
11
13.2011456692913391
21
-6.1964881889763781
0
LINE
8
BLACK
6
CONTINUOUS
10
13.2011456692913391
20
-6.1964881889763781
11
13.5897283464566918
21
-6.1964881889763781
0
LINE
8
BLACK
6
CONTINUOUS
10
13.5897283464566918
20
-6.1964881889763781
11
13.5897283464566918
21
-6.0724724409448818
0
LINE
8
BLACK
6
CONTINUOUS
10
13.5897283464566918
20
-6.0724724409448818
11
13.2011456692913391
21
-6.0724724409448818
0
LINE
8
BLACK
6
CONTINUOUS
10
10.1119553937007876
20
-5.9150670472440945
11
10.1124880708661422
21
-5.9155997244094483
0
LINE
8
BLACK
6
CONTINUOUS
10
10.1124880708661422
20
-5.9155997244094483
11
10.1125629921259836
21
-5.9159763779527559
0
LINE
8
BLACK
6
CONTINUOUS
10
10.1125629921259836
20
-5.9159763779527559
11
10.1125629921259836
21
-6.0065275590551179
0
LINE
8
BLACK
6
CONTINUOUS
10
10.1125629921259836
20
-6.0065275590551179
11
10.1124880708661422
21
-6.0069042125984247
0
LINE
8
BLACK
6
CONTINUOUS
10
10.1124880708661422
20
-6.0069042125984247
11
10.1119553937007876
21
-6.0074368897637793
0
LINE
8
BLACK
6
CONTINUOUS
10
10.1119553937007876
20
-6.0074368897637793
11
10.1115787401574799
21
-6.0075118110236216
0
LINE
8
BLACK
6
CONTINUOUS
10
10.1115787401574799
20
-6.0075118110236216
11
9.9265393700787392
21
-6.0075118110236216
0
LINE
8
BLACK
6
CONTINUOUS
10
9.9265393700787392
20
-6.0075118110236216
11
9.9261627165354334
21
-6.0074368897637793
0
LINE
8
BLACK
6
CONTINUOUS
10
9.9261627165354334
20
-6.0074368897637793
11
9.9256300393700787
21
-6.0069042125984247
0
LINE
8
BLACK
6
CONTINUOUS
10
9.9256300393700787
20
-6.0069042125984247
11
9.9255551181102355
21
-6.0065275590551179
0
LINE
8
BLACK
6
CONTINUOUS
10
9.9255551181102355
20
-6.0065275590551179
11
9.9255551181102355
21
-5.9159763779527559
0
LINE
8
BLACK
6
CONTINUOUS
10
9.9255551181102355
20
-5.9159763779527559
11
9.9256300393700787
21
-5.9155997244094483
0
LINE
8
BLACK
6
CONTINUOUS
10
9.9256300393700787
20
-5.9155997244094483
11
9.9261627165354334
21
-5.9150670472440945
0
LINE
8
BLACK
6
CONTINUOUS
10
9.9261627165354334
20
-5.9150670472440945
11
9.9265393700787392
21
-5.9149921259842522
0
LINE
8
BLACK
6
CONTINUOUS
10
9.9265393700787392
20
-5.9149921259842522
11
10.1115787401574799
21
-5.9149921259842522
0
LINE
8
BLACK
6
CONTINUOUS
10
10.1115787401574799
20
-5.9149921259842522
11
10.1119553937007876
21
-5.9150670472440945
0
LINE
8
BLACK
6
CONTINUOUS
10
9.9275236220472447
20
-5.9169606299212596
11
9.9275236220472447
21
-6.0055433070866142
0
LINE
8
BLACK
6
CONTINUOUS
10
9.9275236220472447
20
-6.0055433070866142
11
10.1105944881889762
21
-6.0055433070866142
0
LINE
8
BLACK
6
CONTINUOUS
10
10.1105944881889762
20
-6.0055433070866142
11
10.1105944881889762
21
-5.9169606299212596
0
LINE
8
BLACK
6
CONTINUOUS
10
10.1105944881889762
20
-5.9169606299212596
11
9.9275236220472447
21
-5.9169606299212596
0
LINE
8
BLACK
6
CONTINUOUS
10
10.213136496062992
20
-5.901287519685039
11
10.2136691732283467
21
-5.9018201968503936
0
LINE
8
BLACK
6
CONTINUOUS
10
10.2136691732283467
20
-5.9018201968503936
11
10.2137440944881881
21
-5.9021968503937003
0
LINE
8
BLACK
6
CONTINUOUS
10
10.2137440944881881
20
-5.9021968503937003
11
10.2137440944881881
21
-6.0281811023622049
0
LINE
8
BLACK
6
CONTINUOUS
10
10.2137440944881881
20
-6.0281811023622049
11
10.2136691732283467
21
-6.0285577559055117
0
LINE
8
BLACK
6
CONTINUOUS
10
10.2136691732283467
20
-6.0285577559055117
11
10.213136496062992
21
-6.0290904330708663
0
LINE
8
BLACK
6
CONTINUOUS
10
10.213136496062992
20
-6.0290904330708663
11
10.2127598425196844
21
-6.0291653543307087
0
LINE
8
BLACK
6
CONTINUOUS
10
10.2127598425196844
20
-6.0291653543307087
11
9.8222086614173225
21
-6.0291653543307087
0
LINE
8
BLACK
6
CONTINUOUS
10
9.8222086614173225
20
-6.0291653543307087
11
9.8218320078740149
21
-6.0290904330708663
0
LINE
8
BLACK
6
CONTINUOUS
10
9.8218320078740149
20
-6.0290904330708663
11
9.821299330708662
21
-6.0285577559055117
0
LINE
8
BLACK
6
CONTINUOUS
10
9.821299330708662
20
-6.0285577559055117
11
9.8212244094488188
21
-6.0281811023622049
0
LINE
8
BLACK
6
CONTINUOUS
10
9.8212244094488188
20
-6.0281811023622049
11
9.8212244094488188
21
-5.9021968503937003
0
LINE
8
BLACK
6
CONTINUOUS
10
9.8212244094488188
20
-5.9021968503937003
11
9.821299330708662
21
-5.9018201968503936
0
LINE
8
BLACK
6
CONTINUOUS
10
9.821299330708662
20
-5.9018201968503936
11
9.8218320078740149
21
-5.901287519685039
0
LINE
8
BLACK
6
CONTINUOUS
10
9.8218320078740149
20
-5.901287519685039
11
9.8222086614173225
21
-5.9012125984251966
0
LINE
8
BLACK
6
CONTINUOUS
10
9.8222086614173225
20
-5.9012125984251966
11
10.2127598425196844
21
-5.9012125984251966
0
LINE
8
BLACK
6
CONTINUOUS
10
10.2127598425196844
20
-5.9012125984251966
11
10.213136496062992
21
-5.901287519685039
0
LINE
8
BLACK
6
CONTINUOUS
10
9.8231929133858262
20
-5.9031811023622049
11
9.8231929133858262
21
-6.0271968503937003
0
LINE
8
BLACK
6
CONTINUOUS
10
9.8231929133858262
20
-6.0271968503937003
11
10.2117755905511807
21
-6.0271968503937003
0
LINE
8
BLACK
6
CONTINUOUS
10
10.2117755905511807
20
-6.0271968503937003
11
10.2117755905511807
21
-5.9031811023622049
0
LINE
8
BLACK
6
CONTINUOUS
10
10.2117755905511807
20
-5.9031811023622049
11
9.8231929133858262
21
-5.9031811023622049
0
LINE
8
BLACK
6
CONTINUOUS
10
6.5883333464566931
20
-5.800893818897638
11
6.5888660236220469
21
-5.8014264960629918
0
LINE
8
BLACK
6
CONTINUOUS
10
6.5888660236220469
20
-5.8014264960629918
11
6.5889409448818892
21
-5.8018031496062994
0
LINE
8
BLACK
6
CONTINUOUS
10
6.5889409448818892
20
-5.8018031496062994
11
6.5889409448818892
21
-5.8923543307086614
0
LINE
8
BLACK
6
CONTINUOUS
10
6.5889409448818892
20
-5.8923543307086614
11
6.5888660236220469
21
-5.8927309842519682
0
LINE
8
BLACK
6
CONTINUOUS
10
6.5888660236220469
20
-5.8927309842519682
11
6.5883333464566931
21
-5.8932636614173228
0
LINE
8
BLACK
6
CONTINUOUS
10
6.5883333464566931
20
-5.8932636614173228
11
6.5879566929133855
21
-5.8933385826771651
0
LINE
8
BLACK
6
CONTINUOUS
10
6.5879566929133855
20
-5.8933385826771651
11
6.4029173228346457
21
-5.8933385826771651
0
LINE
8
BLACK
6
CONTINUOUS
10
6.4029173228346457
20
-5.8933385826771651
11
6.402540669291338
21
-5.8932636614173228
0
LINE
8
BLACK
6
CONTINUOUS
10
6.402540669291338
20
-5.8932636614173228
11
6.4020079921259843
21
-5.8927309842519682
0
LINE
8
BLACK
6
CONTINUOUS
10
6.4020079921259843
20
-5.8927309842519682
11
6.4019330708661419
21
-5.8923543307086614
0
LINE
8
BLACK
6
CONTINUOUS
10
6.4019330708661419
20
-5.8923543307086614
11
6.4019330708661419
21
-5.8018031496062994
0
LINE
8
BLACK
6
CONTINUOUS
10
6.4019330708661419
20
-5.8018031496062994
11
6.4020079921259843
21
-5.8014264960629918
0
LINE
8
BLACK
6
CONTINUOUS
10
6.4020079921259843
20
-5.8014264960629918
11
6.402540669291338
21
-5.800893818897638
0
LINE
8
BLACK
6
CONTINUOUS
10
6.402540669291338
20
-5.800893818897638
11
6.4029173228346457
21
-5.8008188976377948
0
LINE
8
BLACK
6
CONTINUOUS
10
6.4029173228346457
20
-5.8008188976377948
11
6.5879566929133855
21
-5.8008188976377948
0
LINE
8
BLACK
6
CONTINUOUS
10
6.5879566929133855
20
-5.8008188976377948
11
6.5883333464566931
21
-5.800893818897638
0
LINE
8
BLACK
6
CONTINUOUS
10
6.4039015748031494
20
-5.8027874015748031
11
6.4039015748031494
21
-5.8913700787401577
0
LINE
8
BLACK
6
CONTINUOUS
10
6.4039015748031494
20
-5.8913700787401577
11
6.5869724409448818
21
-5.8913700787401577
0
LINE
8
BLACK
6
CONTINUOUS
10
6.5869724409448818
20
-5.8913700787401577
11
6.5869724409448818
21
-5.8027874015748031
0
LINE
8
BLACK
6
CONTINUOUS
10
6.5869724409448818
20
-5.8027874015748031
11
6.4039015748031494
21
-5.8027874015748031
0
LINE
8
BLACK
6
CONTINUOUS
10
6.6895144488188976
20
-5.7871142913385825
11
6.6900471259842522
21
-5.7876469685039371
0
LINE
8
BLACK
6
CONTINUOUS
10
6.6900471259842522
20
-5.7876469685039371
11
6.6901220472440945
21
-5.7880236220472439
0
LINE
8
BLACK
6
CONTINUOUS
10
6.6901220472440945
20
-5.7880236220472439
11
6.6901220472440945
21
-5.9140078740157476
0
LINE
8
BLACK
6
CONTINUOUS
10
6.6901220472440945
20
-5.9140078740157476
11
6.6900471259842522
21
-5.9143845275590552
0
LINE
8
BLACK
6
CONTINUOUS
10
6.6900471259842522
20
-5.9143845275590552
11
6.6895144488188976
21
-5.914917204724409
0
LINE
8
BLACK
6
CONTINUOUS
10
6.6895144488188976
20
-5.914917204724409
11
6.6891377952755908
21
-5.9149921259842522
0
LINE
8
BLACK
6
CONTINUOUS
10
6.6891377952755908
20
-5.9149921259842522
11
6.2985866141732281
21
-5.9149921259842522
0
LINE
8
BLACK
6
CONTINUOUS
10
6.2985866141732281
20
-5.9149921259842522
11
6.2982099606299213
21
-5.914917204724409
0
LINE
8
BLACK
6
CONTINUOUS
10
6.2982099606299213
20
-5.914917204724409
11
6.2976772834645667
21
-5.9143845275590552
0
LINE
8
BLACK
6
CONTINUOUS
10
6.2976772834645667
20
-5.9143845275590552
11
6.2976023622047244
21
-5.9140078740157476
0
LINE
8
BLACK
6
CONTINUOUS
10
6.2976023622047244
20
-5.9140078740157476
11
6.2976023622047244
21
-5.7880236220472439
0
LINE
8
BLACK
6
CONTINUOUS
10
6.2976023622047244
20
-5.7880236220472439
11
6.2976772834645667
21
-5.7876469685039371
0
LINE
8
BLACK
6
CONTINUOUS
10
6.2976772834645667
20
-5.7876469685039371
11
6.2982099606299213
21
-5.7871142913385825
0
LINE
8
BLACK
6
CONTINUOUS
10
6.2982099606299213
20
-5.7871142913385825
11
6.2985866141732281
21
-5.7870393700787401
0
LINE
8
BLACK
6
CONTINUOUS
10
6.2985866141732281
20
-5.7870393700787401
11
6.6891377952755908
21
-5.7870393700787401
0
LINE
8
BLACK
6
CONTINUOUS
10
6.6891377952755908
20
-5.7870393700787401
11
6.6895144488188976
21
-5.7871142913385825
0
LINE
8
BLACK
6
CONTINUOUS
10
6.2995708661417318
20
-5.7890078740157476
11
6.2995708661417318
21
-5.9130236220472439
0
LINE
8
BLACK
6
CONTINUOUS
10
6.2995708661417318
20
-5.9130236220472439
11
6.6881535433070862
21
-5.9130236220472439
0
LINE
8
BLACK
6
CONTINUOUS
10
6.6881535433070862
20
-5.9130236220472439
11
6.6881535433070862
21
-5.7890078740157476
0
LINE
8
BLACK
6
CONTINUOUS
10
6.6881535433070862
20
-5.7890078740157476
11
6.2995708661417318
21
-5.7890078740157476
0
LINE
8
BLACK
6
CONTINUOUS
10
10.7714042125984246
20
-5.7280591732283463
11
10.7719368897637793
21
-5.728591850393701
0
LINE
8
BLACK
6
CONTINUOUS
10
10.7719368897637793
20
-5.728591850393701
11
10.7720118110236225
21
-5.7289685039370077
0
LINE
8
BLACK
6
CONTINUOUS
10
10.7720118110236225
20
-5.7289685039370077
11
10.7720118110236225
21
-5.8195196850393698
0
LINE
8
BLACK
6
CONTINUOUS
10
10.7720118110236225
20
-5.8195196850393698
11
10.7719368897637793
21
-5.8198963385826774
0
LINE
8
BLACK
6
CONTINUOUS
10
10.7719368897637793
20
-5.8198963385826774
11
10.7714042125984246
21
-5.8204290157480312
0
LINE
8
BLACK
6
CONTINUOUS
10
10.7714042125984246
20
-5.8204290157480312
11
10.771027559055117
21
-5.8205039370078735
0
LINE
8
BLACK
6
CONTINUOUS
10
10.771027559055117
20
-5.8205039370078735
11
10.5859881889763781
21
-5.8205039370078735
0
LINE
8
BLACK
6
CONTINUOUS
10
10.5859881889763781
20
-5.8205039370078735
11
10.5856115354330704
21
-5.8204290157480312
0
LINE
8
BLACK
6
CONTINUOUS
10
10.5856115354330704
20
-5.8204290157480312
11
10.5850788582677158
21
-5.8198963385826774
0
LINE
8
BLACK
6
CONTINUOUS
10
10.5850788582677158
20
-5.8198963385826774
11
10.5850039370078743
21
-5.8195196850393698
0
LINE
8
BLACK
6
CONTINUOUS
10
10.5850039370078743
20
-5.8195196850393698
11
10.5850039370078743
21
-5.7289685039370077
0
LINE
8
BLACK
6
CONTINUOUS
10
10.5850039370078743
20
-5.7289685039370077
11
10.5850788582677158
21
-5.728591850393701
0
LINE
8
BLACK
6
CONTINUOUS
10
10.5850788582677158
20
-5.728591850393701
11
10.5856115354330704
21
-5.7280591732283463
0
LINE
8
BLACK
6
CONTINUOUS
10
10.5856115354330704
20
-5.7280591732283463
11
10.5859881889763781
21
-5.727984251968504
0
LINE
8
BLACK
6
CONTINUOUS
10
10.5859881889763781
20
-5.727984251968504
11
10.771027559055117
21
-5.727984251968504
0
LINE
8
BLACK
6
CONTINUOUS
10
10.771027559055117
20
-5.727984251968504
11
10.7714042125984246
21
-5.7280591732283463
0
LINE
8
BLACK
6
CONTINUOUS
10
10.5869724409448818
20
-5.7299527559055115
11
10.5869724409448818
21
-5.8185354330708661
0
LINE
8
BLACK
6
CONTINUOUS
10
10.5869724409448818
20
-5.8185354330708661
11
10.7700433070866133
21
-5.8185354330708661
0
LINE
8
BLACK
6
CONTINUOUS
10
10.7700433070866133
20
-5.8185354330708661
11
10.7700433070866133
21
-5.7299527559055115
0
LINE
8
BLACK
6
CONTINUOUS
10
10.7700433070866133
20
-5.7299527559055115
11
10.5869724409448818
21
-5.7299527559055115
0
LINE
8
BLACK
6
CONTINUOUS
10
10.8725853149606291
20
-5.7142796456692908
11
10.8731179921259837
21
-5.7148123228346455
0
LINE
8
BLACK
6
CONTINUOUS
10
10.8731179921259837
20
-5.7148123228346455
11
10.8731929133858269
21
-5.7151889763779522
0
LINE
8
BLACK
6
CONTINUOUS
10
10.8731929133858269
20
-5.7151889763779522
11
10.8731929133858269
21
-5.8411732283464568
0
LINE
8
BLACK
6
CONTINUOUS
10
10.8731929133858269
20
-5.8411732283464568
11
10.8731179921259837
21
-5.8415498818897635
0
LINE
8
BLACK
6
CONTINUOUS
10
10.8731179921259837
20
-5.8415498818897635
11
10.8725853149606291
21
-5.8420825590551182
0
LINE
8
BLACK
6
CONTINUOUS
10
10.8725853149606291
20
-5.8420825590551182
11
10.8722086614173232
21
-5.8421574803149605
0
LINE
8
BLACK
6
CONTINUOUS
10
10.8722086614173232
20
-5.8421574803149605
11
10.4816574803149596
21
-5.8421574803149605
0
LINE
8
BLACK
6
CONTINUOUS
10
10.4816574803149596
20
-5.8421574803149605
11
10.4812808267716537
21
-5.8420825590551182
0
LINE
8
BLACK
6
CONTINUOUS
10
10.4812808267716537
20
-5.8420825590551182
11
10.4807481496062991
21
-5.8415498818897635
0
LINE
8
BLACK
6
CONTINUOUS
10
10.4807481496062991
20
-5.8415498818897635
11
10.4806732283464559
21
-5.8411732283464568
0
LINE
8
BLACK
6
CONTINUOUS
10
10.4806732283464559
20
-5.8411732283464568
11
10.4806732283464559
21
-5.7151889763779522
0
LINE
8
BLACK
6
CONTINUOUS
10
10.4806732283464559
20
-5.7151889763779522
11
10.4807481496062991
21
-5.7148123228346455
0
LINE
8
BLACK
6
CONTINUOUS
10
10.4807481496062991
20
-5.7148123228346455
11
10.4812808267716537
21
-5.7142796456692908
0
LINE
8
BLACK
6
CONTINUOUS
10
10.4812808267716537
20
-5.7142796456692908
11
10.4816574803149596
21
-5.7142047244094485
0
LINE
8
BLACK
6
CONTINUOUS
10
10.4816574803149596
20
-5.7142047244094485
11
10.8722086614173232
21
-5.7142047244094485
0
LINE
8
BLACK
6
CONTINUOUS
10
10.8722086614173232
20
-5.7142047244094485
11
10.8725853149606291
21
-5.7142796456692908
0
LINE
8
BLACK
6
CONTINUOUS
10
10.4826417322834651
20
-5.7161732283464568
11
10.4826417322834651
21
-5.8401889763779522
0
LINE
8
BLACK
6
CONTINUOUS
10
10.4826417322834651
20
-5.8401889763779522
11
10.8712244094488195
21
-5.8401889763779522
0
LINE
8
BLACK
6
CONTINUOUS
10
10.8712244094488195
20
-5.8401889763779522
11
10.8712244094488195
21
-5.7161732283464568
0
LINE
8
BLACK
6
CONTINUOUS
10
10.8712244094488195
20
-5.7161732283464568
11
10.4826417322834651
21
-5.7161732283464568
0
LINE
8
BLACK
6
CONTINUOUS
10
5.0056561811023617
20
-5.6690040551181102
11
5.0061888582677163
21
-5.669536732283464
0
LINE
8
BLACK
6
CONTINUOUS
10
5.0061888582677163
20
-5.669536732283464
11
5.0062637795275586
21
-5.6699133858267716
0
LINE
8
BLACK
6
CONTINUOUS
10
5.0062637795275586
20
-5.6699133858267716
11
5.0062637795275586
21
-5.7604645669291337
0
LINE
8
BLACK
6
CONTINUOUS
10
5.0062637795275586
20
-5.7604645669291337
11
5.0061888582677163
21
-5.7608412204724404
0
LINE
8
BLACK
6
CONTINUOUS
10
5.0061888582677163
20
-5.7608412204724404
11
5.0056561811023617
21
-5.7613738976377951
0
LINE
8
BLACK
6
CONTINUOUS
10
5.0056561811023617
20
-5.7613738976377951
11
5.0052795275590549
21
-5.7614488188976374
0
LINE
8
BLACK
6
CONTINUOUS
10
5.0052795275590549
20
-5.7614488188976374
11
4.8202401574803151
21
-5.7614488188976374
0
LINE
8
BLACK
6
CONTINUOUS
10
4.8202401574803151
20
-5.7614488188976374
11
4.8198635039370075
21
-5.7613738976377951
0
LINE
8
BLACK
6
CONTINUOUS
10
4.8198635039370075
20
-5.7613738976377951
11
4.8193308267716537
21
-5.7608412204724404
0
LINE
8
BLACK
6
CONTINUOUS
10
4.8193308267716537
20
-5.7608412204724404
11
4.8192559055118105
21
-5.7604645669291337
0
LINE
8
BLACK
6
CONTINUOUS
10
4.8192559055118105
20
-5.7604645669291337
11
4.8192559055118105
21
-5.6699133858267716
0
LINE
8
BLACK
6
CONTINUOUS
10
4.8192559055118105
20
-5.6699133858267716
11
4.8193308267716537
21
-5.669536732283464
0
LINE
8
BLACK
6
CONTINUOUS
10
4.8193308267716537
20
-5.669536732283464
11
4.8198635039370075
21
-5.6690040551181102
0
LINE
8
BLACK
6
CONTINUOUS
10
4.8198635039370075
20
-5.6690040551181102
11
4.8202401574803151
21
-5.6689291338582679
0
LINE
8
BLACK
6
CONTINUOUS
10
4.8202401574803151
20
-5.6689291338582679
11
5.0052795275590549
21
-5.6689291338582679
0
LINE
8
BLACK
6
CONTINUOUS
10
5.0052795275590549
20
-5.6689291338582679
11
5.0056561811023617
21
-5.6690040551181102
0
LINE
8
BLACK
6
CONTINUOUS
10
4.8212244094488188
20
-5.6708976377952753
11
4.8212244094488188
21
-5.75948031496063
0
LINE
8
BLACK
6
CONTINUOUS
10
4.8212244094488188
20
-5.75948031496063
11
5.0042952755905512
21
-5.75948031496063
0
LINE
8
BLACK
6
CONTINUOUS
10
5.0042952755905512
20
-5.75948031496063
11
5.0042952755905512
21
-5.6708976377952753
0
LINE
8
BLACK
6
CONTINUOUS
10
5.0042952755905512
20
-5.6708976377952753
11
4.8212244094488188
21
-5.6708976377952753
0
LINE
8
BLACK
6
CONTINUOUS
10
5.106837283464567
20
-5.6552245275590547
11
5.1073699606299208
21
-5.6557572047244093
0
LINE
8
BLACK
6
CONTINUOUS
10
5.1073699606299208
20
-5.6557572047244093
11
5.107444881889764
21
-5.6561338582677161
0
LINE
8
BLACK
6
CONTINUOUS
10
5.107444881889764
20
-5.6561338582677161
11
5.107444881889764
21
-5.7821181102362207
0
LINE
8
BLACK
6
CONTINUOUS
10
5.107444881889764
20
-5.7821181102362207
11
5.1073699606299208
21
-5.7824947637795274
0
LINE
8
BLACK
6
CONTINUOUS
10
5.1073699606299208
20
-5.7824947637795274
11
5.106837283464567
21
-5.7830274409448821
0
LINE
8
BLACK
6
CONTINUOUS
10
5.106837283464567
20
-5.7830274409448821
11
5.1064606299212594
21
-5.7831023622047244
0
LINE
8
BLACK
6
CONTINUOUS
10
5.1064606299212594
20
-5.7831023622047244
11
4.7159094488188975
21
-5.7831023622047244
0
LINE
8
BLACK
6
CONTINUOUS
10
4.7159094488188975
20
-5.7831023622047244
11
4.7155327952755908
21
-5.7830274409448821
0
LINE
8
BLACK
6
CONTINUOUS
10
4.7155327952755908
20
-5.7830274409448821
11
4.7150001181102361
21
-5.7824947637795274
0
LINE
8
BLACK
6
CONTINUOUS
10
4.7150001181102361
20
-5.7824947637795274
11
4.7149251968503938
21
-5.7821181102362207
0
LINE
8
BLACK
6
CONTINUOUS
10
4.7149251968503938
20
-5.7821181102362207
11
4.7149251968503938
21
-5.6561338582677161
0
LINE
8
BLACK
6
CONTINUOUS
10
4.7149251968503938
20
-5.6561338582677161
11
4.7150001181102361
21
-5.6557572047244093
0
LINE
8
BLACK
6
CONTINUOUS
10
4.7150001181102361
20
-5.6557572047244093
11
4.7155327952755908
21
-5.6552245275590547
0
LINE
8
BLACK
6
CONTINUOUS
10
4.7155327952755908
20
-5.6552245275590547
11
4.7159094488188975
21
-5.6551496062992124
0
LINE
8
BLACK
6
CONTINUOUS
10
4.7159094488188975
20
-5.6551496062992124
11
5.1064606299212594
21
-5.6551496062992124
0
LINE
8
BLACK
6
CONTINUOUS
10
5.1064606299212594
20
-5.6551496062992124
11
5.106837283464567
21
-5.6552245275590547
0
LINE
8
BLACK
6
CONTINUOUS
10
4.7168937007874012
20
-5.6571181102362207
11
4.7168937007874012
21
-5.7811338582677161
0
LINE
8
BLACK
6
CONTINUOUS
10
4.7168937007874012
20
-5.7811338582677161
11
5.1054763779527557
21
-5.7811338582677161
0
LINE
8
BLACK
6
CONTINUOUS
10
5.1054763779527557
20
-5.7811338582677161
11
5.1054763779527557
21
-5.6571181102362207
0
LINE
8
BLACK
6
CONTINUOUS
10
5.1054763779527557
20
-5.6571181102362207
11
4.7168937007874012
21
-5.6571181102362207
0
LINE
8
BLACK
6
CONTINUOUS
10
8.020616811023622
20
-5.5056182283464565
11
8.0211494881889767
21
-5.5061509055118112
0
LINE
8
BLACK
6
CONTINUOUS
10
8.0211494881889767
20
-5.5061509055118112
11
8.0212244094488181
21
-5.5065275590551179
0
LINE
8
BLACK
6
CONTINUOUS
10
8.0212244094488181
20
-5.5065275590551179
11
8.0212244094488181
21
-5.6403858267716531
0
LINE
8
BLACK
6
CONTINUOUS
10
8.0212244094488181
20
-5.6403858267716531
11
8.0211494881889767
21
-5.6407624803149607
0
LINE
8
BLACK
6
CONTINUOUS
10
8.0211494881889767
20
-5.6407624803149607
11
8.020616811023622
21
-5.6412951574803145
0
LINE
8
BLACK
6
CONTINUOUS
10
8.020616811023622
20
-5.6412951574803145
11
8.0202401574803144
21
-5.6413700787401577
0
LINE
8
BLACK
6
CONTINUOUS
10
8.0202401574803144
20
-5.6413700787401577
11
7.9430748031496057
21
-5.6413700787401577
0
LINE
8
BLACK
6
CONTINUOUS
10
7.9430748031496057
20
-5.6413700787401577
11
7.9426981496062989
21
-5.6412951574803145
0
LINE
8
BLACK
6
CONTINUOUS
10
7.9426981496062989
20
-5.6412951574803145
11
7.9421654724409443
21
-5.6407624803149607
0
LINE
8
BLACK
6
CONTINUOUS
10
7.9421654724409443
20
-5.6407624803149607
11
7.942090551181102
21
-5.6403858267716531
0
LINE
8
BLACK
6
CONTINUOUS
10
7.942090551181102
20
-5.6403858267716531
11
7.942090551181102
21
-5.5065275590551179
0
LINE
8
BLACK
6
CONTINUOUS
10
7.942090551181102
20
-5.5065275590551179
11
7.9421654724409443
21
-5.5061509055118112
0
LINE
8
BLACK
6
CONTINUOUS
10
7.9421654724409443
20
-5.5061509055118112
11
7.9426981496062989
21
-5.5056182283464565
0
LINE
8
BLACK
6
CONTINUOUS
10
7.9426981496062989
20
-5.5056182283464565
11
7.9430748031496057
21
-5.5055433070866142
0
LINE
8
BLACK
6
CONTINUOUS
10
7.9430748031496057
20
-5.5055433070866142
11
8.0202401574803144
21
-5.5055433070866142
0
LINE
8
BLACK
6
CONTINUOUS
10
8.0202401574803144
20
-5.5055433070866142
11
8.020616811023622
21
-5.5056182283464565
0
LINE
8
BLACK
6
CONTINUOUS
10
7.9440590551181103
20
-5.5075118110236216
11
7.9440590551181103
21
-5.6394015748031494
0
LINE
8
BLACK
6
CONTINUOUS
10
7.9440590551181103
20
-5.6394015748031494
11
8.0192559055118107
21
-5.6394015748031494
0
LINE
8
BLACK
6
CONTINUOUS
10
8.0192559055118107
20
-5.6394015748031494
11
8.0192559055118107
21
-5.5075118110236216
0
LINE
8
BLACK
6
CONTINUOUS
10
8.0192559055118107
20
-5.5075118110236216
11
7.9440590551181103
21
-5.5075118110236216
0
LINE
8
BLACK
6
CONTINUOUS
10
5.863923897637795
20
-5.4879016929133861
11
5.8644565748031496
21
-5.4884343700787399
0
LINE
8
BLACK
6
CONTINUOUS
10
5.8644565748031496
20
-5.4884343700787399
11
5.864531496062992
21
-5.4888110236220475
0
LINE
8
BLACK
6
CONTINUOUS
10
5.864531496062992
20
-5.4888110236220475
11
5.864531496062992
21
-5.5793622047244096
0
LINE
8
BLACK
6
CONTINUOUS
10
5.864531496062992
20
-5.5793622047244096
11
5.8644565748031496
21
-5.5797388582677163
0
LINE
8
BLACK
6
CONTINUOUS
10
5.8644565748031496
20
-5.5797388582677163
11
5.863923897637795
21
-5.580271535433071
0
LINE
8
BLACK
6
CONTINUOUS
10
5.863923897637795
20
-5.580271535433071
11
5.8635472440944882
21
-5.5803464566929133
0
LINE
8
BLACK
6
CONTINUOUS
10
5.8635472440944882
20
-5.5803464566929133
11
5.6785078740157475
21
-5.5803464566929133
0
LINE
8
BLACK
6
CONTINUOUS
10
5.6785078740157475
20
-5.5803464566929133
11
5.6781312204724408
21
-5.580271535433071
0
LINE
8
BLACK
6
CONTINUOUS
10
5.6781312204724408
20
-5.580271535433071
11
5.6775985433070861
21
-5.5797388582677163
0
LINE
8
BLACK
6
CONTINUOUS
10
5.6775985433070861
20
-5.5797388582677163
11
5.6775236220472438
21
-5.5793622047244096
0
LINE
8
BLACK
6
CONTINUOUS
10
5.6775236220472438
20
-5.5793622047244096
11
5.6775236220472438
21
-5.4888110236220475
0
LINE
8
BLACK
6
CONTINUOUS
10
5.6775236220472438
20
-5.4888110236220475
11
5.6775985433070861
21
-5.4884343700787399
0
LINE
8
BLACK
6
CONTINUOUS
10
5.6775985433070861
20
-5.4884343700787399
11
5.6781312204724408
21
-5.4879016929133861
0
LINE
8
BLACK
6
CONTINUOUS
10
5.6781312204724408
20
-5.4879016929133861
11
5.6785078740157475
21
-5.4878267716535429
0
LINE
8
BLACK
6
CONTINUOUS
10
5.6785078740157475
20
-5.4878267716535429
11
5.8635472440944882
21
-5.4878267716535429
0
LINE
8
BLACK
6
CONTINUOUS
10
5.8635472440944882
20
-5.4878267716535429
11
5.863923897637795
21
-5.4879016929133861
0
LINE
8
BLACK
6
CONTINUOUS
10
5.6794921259842521
20
-5.4897952755905512
11
5.6794921259842521
21
-5.578377952755905
0
LINE
8
BLACK
6
CONTINUOUS
10
5.6794921259842521
20
-5.578377952755905
11
5.8625629921259845
21
-5.578377952755905
0
LINE
8
BLACK
6
CONTINUOUS
10
5.8625629921259845
20
-5.578377952755905
11
5.8625629921259845
21
-5.4897952755905512
0
LINE
8
BLACK
6
CONTINUOUS
10
5.8625629921259845
20
-5.4897952755905512
11
5.6794921259842521
21
-5.4897952755905512
0
LINE
8
BLACK
6
CONTINUOUS
10
5.9651049999999994
20
-5.4741221653543306
11
5.9656376771653541
21
-5.4746548425196853
0
LINE
8
BLACK
6
CONTINUOUS
10
5.9656376771653541
20
-5.4746548425196853
11
5.9657125984251964
21
-5.475031496062992
0
LINE
8
BLACK
6
CONTINUOUS
10
5.9657125984251964
20
-5.475031496062992
11
5.9657125984251964
21
-5.6010157480314957
0
LINE
8
BLACK
6
CONTINUOUS
10
5.9657125984251964
20
-5.6010157480314957
11
5.9656376771653541
21
-5.6013924015748033
0
LINE
8
BLACK
6
CONTINUOUS
10
5.9656376771653541
20
-5.6013924015748033
11
5.9651049999999994
21
-5.6019250787401571
0
LINE
8
BLACK
6
CONTINUOUS
10
5.9651049999999994
20
-5.6019250787401571
11
5.9647283464566927
21
-5.6020000000000003
0
LINE
8
BLACK
6
CONTINUOUS
10
5.9647283464566927
20
-5.6020000000000003
11
5.5741771653543308
21
-5.6020000000000003
0
LINE
8
BLACK
6
CONTINUOUS
10
5.5741771653543308
20
-5.6020000000000003
11
5.5738005118110232
21
-5.6019250787401571
0
LINE
8
BLACK
6
CONTINUOUS
10
5.5738005118110232
20
-5.6019250787401571
11
5.5732678346456694
21
-5.6013924015748033
0
LINE
8
BLACK
6
CONTINUOUS
10
5.5732678346456694
20
-5.6013924015748033
11
5.5731929133858262
21
-5.6010157480314957
0
LINE
8
BLACK
6
CONTINUOUS
10
5.5731929133858262
20
-5.6010157480314957
11
5.5731929133858262
21
-5.475031496062992
0
LINE
8
BLACK
6
CONTINUOUS
10
5.5731929133858262
20
-5.475031496062992
11
5.5732678346456694
21
-5.4746548425196853
0
LINE
8
BLACK
6
CONTINUOUS
10
5.5732678346456694
20
-5.4746548425196853
11
5.5738005118110232
21
-5.4741221653543306
0
LINE
8
BLACK
6
CONTINUOUS
10
5.5738005118110232
20
-5.4741221653543306
11
5.5741771653543308
21
-5.4740472440944883
0
LINE
8
BLACK
6
CONTINUOUS
10
5.5741771653543308
20
-5.4740472440944883
11
5.9647283464566927
21
-5.4740472440944883
0
LINE
8
BLACK
6
CONTINUOUS
10
5.9647283464566927
20
-5.4740472440944883
11
5.9651049999999994
21
-5.4741221653543306
0
LINE
8
BLACK
6
CONTINUOUS
10
5.5751614173228345
20
-5.4760157480314957
11
5.5751614173228345
21
-5.600031496062992
0
LINE
8
BLACK
6
CONTINUOUS
10
5.5751614173228345
20
-5.600031496062992
11
5.963744094488189
21
-5.600031496062992
0
LINE
8
BLACK
6
CONTINUOUS
10
5.963744094488189
20
-5.600031496062992
11
5.963744094488189
21
-5.4760157480314957
0
LINE
8
BLACK
6
CONTINUOUS
10
5.963744094488189
20
-5.4760157480314957
11
5.5751614173228345
21
-5.4760157480314957
0
LINE
8
BLACK
6
CONTINUOUS
10
7.6942388582677159
20
-5.4249095669291334
11
7.6947715354330706
21
-5.4254422440944881
0
LINE
8
BLACK
6
CONTINUOUS
10
7.6947715354330706
20
-5.4254422440944881
11
7.6948464566929129
21
-5.4258188976377948
0
LINE
8
BLACK
6
CONTINUOUS
10
7.6948464566929129
20
-5.4258188976377948
11
7.6948464566929129
21
-5.5163700787401577
0
LINE
8
BLACK
6
CONTINUOUS
10
7.6948464566929129
20
-5.5163700787401577
11
7.6947715354330706
21
-5.5167467322834645
0
LINE
8
BLACK
6
CONTINUOUS
10
7.6947715354330706
20
-5.5167467322834645
11
7.6942388582677159
21
-5.5172794094488191
0
LINE
8
BLACK
6
CONTINUOUS
10
7.6942388582677159
20
-5.5172794094488191
11
7.6938622047244092
21
-5.5173543307086614
0
LINE
8
BLACK
6
CONTINUOUS
10
7.6938622047244092
20
-5.5173543307086614
11
7.5088228346456694
21
-5.5173543307086614
0
LINE
8
BLACK
6
CONTINUOUS
10
7.5088228346456694
20
-5.5173543307086614
11
7.5084461811023617
21
-5.5172794094488191
0
LINE
8
BLACK
6
CONTINUOUS
10
7.5084461811023617
20
-5.5172794094488191
11
7.507913503937008
21
-5.5167467322834645
0
LINE
8
BLACK
6
CONTINUOUS
10
7.507913503937008
20
-5.5167467322834645
11
7.5078385826771648
21
-5.5163700787401577
0
LINE
8
BLACK
6
CONTINUOUS
10
7.5078385826771648
20
-5.5163700787401577
11
7.5078385826771648
21
-5.4258188976377948
0
LINE
8
BLACK
6
CONTINUOUS
10
7.5078385826771648
20
-5.4258188976377948
11
7.507913503937008
21
-5.4254422440944881
0
LINE
8
BLACK
6
CONTINUOUS
10
7.507913503937008
20
-5.4254422440944881
11
7.5084461811023617
21
-5.4249095669291334
0
LINE
8
BLACK
6
CONTINUOUS
10
7.5084461811023617
20
-5.4249095669291334
11
7.5088228346456694
21
-5.4248346456692911
0
LINE
8
BLACK
6
CONTINUOUS
10
7.5088228346456694
20
-5.4248346456692911
11
7.6938622047244092
21
-5.4248346456692911
0
LINE
8
BLACK
6
CONTINUOUS
10
7.6938622047244092
20
-5.4248346456692911
11
7.6942388582677159
21
-5.4249095669291334
0
LINE
8
BLACK
6
CONTINUOUS
10
7.5098070866141731
20
-5.4268031496062994
11
7.5098070866141731
21
-5.5153858267716531
0
LINE
8
BLACK
6
CONTINUOUS
10
7.5098070866141731
20
-5.5153858267716531
11
7.6928779527559055
21
-5.5153858267716531
0
LINE
8
BLACK
6
CONTINUOUS
10
7.6928779527559055
20
-5.5153858267716531
11
7.6928779527559055
21
-5.4268031496062994
0
LINE
8
BLACK
6
CONTINUOUS
10
7.6928779527559055
20
-5.4268031496062994
11
7.5098070866141731
21
-5.4268031496062994
0
LINE
8
BLACK
6
CONTINUOUS
10
7.7954199606299213
20
-5.4111300393700787
11
7.795952637795275
21
-5.4116627165354325
0
LINE
8
BLACK
6
CONTINUOUS
10
7.795952637795275
20
-5.4116627165354325
11
7.7960275590551182
21
-5.4120393700787401
0
LINE
8
BLACK
6
CONTINUOUS
10
7.7960275590551182
20
-5.4120393700787401
11
7.7960275590551182
21
-5.5380236220472439
0
LINE
8
BLACK
6
CONTINUOUS
10
7.7960275590551182
20
-5.5380236220472439
11
7.795952637795275
21
-5.5384002755905515
0
LINE
8
BLACK
6
CONTINUOUS
10
7.795952637795275
20
-5.5384002755905515
11
7.7954199606299213
21
-5.5389329527559052
0
LINE
8
BLACK
6
CONTINUOUS
10
7.7954199606299213
20
-5.5389329527559052
11
7.7950433070866136
21
-5.5390078740157476
0
LINE
8
BLACK
6
CONTINUOUS
10
7.7950433070866136
20
-5.5390078740157476
11
7.4044921259842518
21
-5.5390078740157476
0
LINE
8
BLACK
6
CONTINUOUS
10
7.4044921259842518
20
-5.5390078740157476
11
7.404115472440945
21
-5.5389329527559052
0
LINE
8
BLACK
6
CONTINUOUS
10
7.404115472440945
20
-5.5389329527559052
11
7.4035827952755904
21
-5.5384002755905515
0
LINE
8
BLACK
6
CONTINUOUS
10
7.4035827952755904
20
-5.5384002755905515
11
7.4035078740157481
21
-5.5380236220472439
0
LINE
8
BLACK
6
CONTINUOUS
10
7.4035078740157481
20
-5.5380236220472439
11
7.4035078740157481
21
-5.4120393700787401
0
LINE
8
BLACK
6
CONTINUOUS
10
7.4035078740157481
20
-5.4120393700787401
11
7.4035827952755904
21
-5.4116627165354325
0
LINE
8
BLACK
6
CONTINUOUS
10
7.4035827952755904
20
-5.4116627165354325
11
7.404115472440945
21
-5.4111300393700787
0
LINE
8
BLACK
6
CONTINUOUS
10
7.404115472440945
20
-5.4111300393700787
11
7.4044921259842518
21
-5.4110551181102364
0
LINE
8
BLACK
6
CONTINUOUS
10
7.4044921259842518
20
-5.4110551181102364
11
7.7950433070866136
21
-5.4110551181102364
0
LINE
8
BLACK
6
CONTINUOUS
10
7.7950433070866136
20
-5.4110551181102364
11
7.7954199606299213
21
-5.4111300393700787
0
LINE
8
BLACK
6
CONTINUOUS
10
7.4054763779527555
20
-5.4130236220472439
11
7.4054763779527555
21
-5.5370393700787401
0
LINE
8
BLACK
6
CONTINUOUS
10
7.4054763779527555
20
-5.5370393700787401
11
7.7940590551181099
21
-5.5370393700787401
0
LINE
8
BLACK
6
CONTINUOUS
10
7.7940590551181099
20
-5.5370393700787401
11
7.7940590551181099
21
-5.4130236220472439
0
LINE
8
BLACK
6
CONTINUOUS
10
7.7940590551181099
20
-5.4130236220472439
11
7.4054763779527555
21
-5.4130236220472439
0
LINE
8
BLACK
6
CONTINUOUS
10
11.649750669291338
20
-5.3898701968503939
11
11.6502833464566926
21
-5.3904028740157477
0
LINE
8
BLACK
6
CONTINUOUS
10
11.6502833464566926
20
-5.3904028740157477
11
11.6503582677165358
21
-5.3907795275590553
0
LINE
8
BLACK
6
CONTINUOUS
10
11.6503582677165358
20
-5.3907795275590553
11
11.6503582677165358
21
-5.4813307086614174
0
LINE
8
BLACK
6
CONTINUOUS
10
11.6503582677165358
20
-5.4813307086614174
11
11.6502833464566926
21
-5.4817073622047241
0
LINE
8
BLACK
6
CONTINUOUS
10
11.6502833464566926
20
-5.4817073622047241
11
11.649750669291338
21
-5.4822400393700788
0
LINE
8
BLACK
6
CONTINUOUS
10
11.649750669291338
20
-5.4822400393700788
11
11.6493740157480321
21
-5.4823149606299211
0
LINE
8
BLACK
6
CONTINUOUS
10
11.6493740157480321
20
-5.4823149606299211
11
11.4643346456692914
21
-5.4823149606299211
0
LINE
8
BLACK
6
CONTINUOUS
10
11.4643346456692914
20
-5.4823149606299211
11
11.4639579921259838
21
-5.4822400393700788
0
LINE
8
BLACK
6
CONTINUOUS
10
11.4639579921259838
20
-5.4822400393700788
11
11.4634253149606291
21
-5.4817073622047241
0
LINE
8
BLACK
6
CONTINUOUS
10
11.4634253149606291
20
-5.4817073622047241
11
11.4633503937007877
21
-5.4813307086614174
0
LINE
8
BLACK
6
CONTINUOUS
10
11.4633503937007877
20
-5.4813307086614174
11
11.4633503937007877
21
-5.3907795275590553
0
LINE
8
BLACK
6
CONTINUOUS
10
11.4633503937007877
20
-5.3907795275590553
11
11.4634253149606291
21
-5.3904028740157477
0
LINE
8
BLACK
6
CONTINUOUS
10
11.4634253149606291
20
-5.3904028740157477
11
11.4639579921259838
21
-5.3898701968503939
0
LINE
8
BLACK
6
CONTINUOUS
10
11.4639579921259838
20
-5.3898701968503939
11
11.4643346456692914
21
-5.3897952755905507
0
LINE
8
BLACK
6
CONTINUOUS
10
11.4643346456692914
20
-5.3897952755905507
11
11.6493740157480321
21
-5.3897952755905507
0
LINE
8
BLACK
6
CONTINUOUS
10
11.6493740157480321
20
-5.3897952755905507
11
11.649750669291338
21
-5.3898701968503939
0
LINE
8
BLACK
6
CONTINUOUS
10
11.4653188976377951
20
-5.391763779527559
11
11.4653188976377951
21
-5.4803464566929136
0
LINE
8
BLACK
6
CONTINUOUS
10
11.4653188976377951
20
-5.4803464566929136
11
11.6483897637795266
21
-5.4803464566929136
0
LINE
8
BLACK
6
CONTINUOUS
10
11.6483897637795266
20
-5.4803464566929136
11
11.6483897637795266
21
-5.391763779527559
0
LINE
8
BLACK
6
CONTINUOUS
10
11.6483897637795266
20
-5.391763779527559
11
11.4653188976377951
21
-5.391763779527559
0
LINE
8
BLACK
6
CONTINUOUS
10
11.7509317716535424
20
-5.3760906692913384
11
11.7514644488188971
21
-5.376623346456693
0
LINE
8
BLACK
6
CONTINUOUS
10
11.7514644488188971
20
-5.376623346456693
11
11.7515393700787403
21
-5.3769999999999998
0
LINE
8
BLACK
6
CONTINUOUS
10
11.7515393700787403
20
-5.3769999999999998
11
11.7515393700787403
21
-5.5029842519685035
0
LINE
8
BLACK
6
CONTINUOUS
10
11.7515393700787403
20
-5.5029842519685035
11
11.7514644488188971
21
-5.5033609055118111
0
LINE
8
BLACK
6
CONTINUOUS
10
11.7514644488188971
20
-5.5033609055118111
11
11.7509317716535424
21
-5.5038935826771649
0
LINE
8
BLACK
6
CONTINUOUS
10
11.7509317716535424
20
-5.5038935826771649
11
11.7505551181102366
21
-5.5039685039370081
0
LINE
8
BLACK
6
CONTINUOUS
10
11.7505551181102366
20
-5.5039685039370081
11
11.3600039370078729
21
-5.5039685039370081
0
LINE
8
BLACK
6
CONTINUOUS
10
11.3600039370078729
20
-5.5039685039370081
11
11.3596272834645671
21
-5.5038935826771649
0
LINE
8
BLACK
6
CONTINUOUS
10
11.3596272834645671
20
-5.5038935826771649
11
11.3590946062992124
21
-5.5033609055118111
0
LINE
8
BLACK
6
CONTINUOUS
10
11.3590946062992124
20
-5.5033609055118111
11
11.3590196850393692
21
-5.5029842519685035
0
LINE
8
BLACK
6
CONTINUOUS
10
11.3590196850393692
20
-5.5029842519685035
11
11.3590196850393692
21
-5.3769999999999998
0
LINE
8
BLACK
6
CONTINUOUS
10
11.3590196850393692
20
-5.3769999999999998
11
11.3590946062992124
21
-5.376623346456693
0
LINE
8
BLACK
6
CONTINUOUS
10
11.3590946062992124
20
-5.376623346456693
11
11.3596272834645671
21
-5.3760906692913384
0
LINE
8
BLACK
6
CONTINUOUS
10
11.3596272834645671
20
-5.3760906692913384
11
11.3600039370078729
21
-5.3760157480314961
0
LINE
8
BLACK
6
CONTINUOUS
10
11.3600039370078729
20
-5.3760157480314961
11
11.7505551181102366
21
-5.3760157480314961
0
LINE
8
BLACK
6
CONTINUOUS
10
11.7505551181102366
20
-5.3760157480314961
11
11.7509317716535424
21
-5.3760906692913384
0
LINE
8
BLACK
6
CONTINUOUS
10
11.3609881889763784
20
-5.3779842519685035
11
11.3609881889763784
21
-5.5019999999999998
0
LINE
8
BLACK
6
CONTINUOUS
10
11.3609881889763784
20
-5.5019999999999998
11
11.7495708661417328
21
-5.5019999999999998
0
LINE
8
BLACK
6
CONTINUOUS
10
11.7495708661417328
20
-5.5019999999999998
11
11.7495708661417328
21
-5.3779842519685035
0
LINE
8
BLACK
6
CONTINUOUS
10
11.7495708661417328
20
-5.3779842519685035
11
11.3609881889763784
21
-5.3779842519685035
0
LINE
8
BLACK
6
CONTINUOUS
10
3.4403018503937006
20
-5.3461694094488186
11
3.4408345275590548
21
-5.3467020866141732
0
LINE
8
BLACK
6
CONTINUOUS
10
3.4408345275590548
20
-5.3467020866141732
11
3.4409094488188976
21
-5.34707874015748
0
LINE
8
BLACK
6
CONTINUOUS
10
3.4409094488188976
20
-5.34707874015748
11
3.4409094488188976
21
-5.437629921259842
0
LINE
8
BLACK
6
CONTINUOUS
10
3.4409094488188976
20
-5.437629921259842
11
3.4408345275590548
21
-5.4380065748031496
0
LINE
8
BLACK
6
CONTINUOUS
10
3.4408345275590548
20
-5.4380065748031496
11
3.4403018503937006
21
-5.4385392519685034
0
LINE
8
BLACK
6
CONTINUOUS
10
3.4403018503937006
20
-5.4385392519685034
11
3.4399251968503934
21
-5.4386141732283466
0
LINE
8
BLACK
6
CONTINUOUS
10
3.4399251968503934
20
-5.4386141732283466
11
3.2548858267716536
21
-5.4386141732283466
0
LINE
8
BLACK
6
CONTINUOUS
10
3.2548858267716536
20
-5.4386141732283466
11
3.2545091732283464
21
-5.4385392519685034
0
LINE
8
BLACK
6
CONTINUOUS
10
3.2545091732283464
20
-5.4385392519685034
11
3.2539764960629922
21
-5.4380065748031496
0
LINE
8
BLACK
6
CONTINUOUS
10
3.2539764960629922
20
-5.4380065748031496
11
3.2539015748031495
21
-5.437629921259842
0
LINE
8
BLACK
6
CONTINUOUS
10
3.2539015748031495
20
-5.437629921259842
11
3.2539015748031495
21
-5.34707874015748
0
LINE
8
BLACK
6
CONTINUOUS
10
3.2539015748031495
20
-5.34707874015748
11
3.2539764960629922
21
-5.3467020866141732
0
LINE
8
BLACK
6
CONTINUOUS
10
3.2539764960629922
20
-5.3467020866141732
11
3.2545091732283464
21
-5.3461694094488186
0
LINE
8
BLACK
6
CONTINUOUS
10
3.2545091732283464
20
-5.3461694094488186
11
3.2548858267716536
21
-5.3460944881889763
0
LINE
8
BLACK
6
CONTINUOUS
10
3.2548858267716536
20
-5.3460944881889763
11
3.4399251968503934
21
-5.3460944881889763
0
LINE
8
BLACK
6
CONTINUOUS
10
3.4399251968503934
20
-5.3460944881889763
11
3.4403018503937006
21
-5.3461694094488186
0
LINE
8
BLACK
6
CONTINUOUS
10
3.2558700787401573
20
-5.3480629921259846
11
3.2558700787401573
21
-5.4366456692913383
0
LINE
8
BLACK
6
CONTINUOUS
10
3.2558700787401573
20
-5.4366456692913383
11
3.4389409448818897
21
-5.4366456692913383
0
LINE
8
BLACK
6
CONTINUOUS
10
3.4389409448818897
20
-5.4366456692913383
11
3.4389409448818897
21
-5.3480629921259846
0
LINE
8
BLACK
6
CONTINUOUS
10
3.4389409448818897
20
-5.3480629921259846
11
3.2558700787401573
21
-5.3480629921259846
0
LINE
8
BLACK
6
CONTINUOUS
10
3.5414829527559055
20
-5.3323898818897639
11
3.5420156299212597
21
-5.3329225590551177
0
LINE
8
BLACK
6
CONTINUOUS
10
3.5420156299212597
20
-5.3329225590551177
11
3.5420905511811025
21
-5.3332992125984253
0
LINE
8
BLACK
6
CONTINUOUS
10
3.5420905511811025
20
-5.3332992125984253
11
3.5420905511811025
21
-5.459283464566929
0
LINE
8
BLACK
6
CONTINUOUS
10
3.5420905511811025
20
-5.459283464566929
11
3.5420156299212597
21
-5.4596601181102358
0
LINE
8
BLACK
6
CONTINUOUS
10
3.5420156299212597
20
-5.4596601181102358
11
3.5414829527559055
21
-5.4601927952755904
0
LINE
8
BLACK
6
CONTINUOUS
10
3.5414829527559055
20
-5.4601927952755904
11
3.5411062992125983
21
-5.4602677165354327
0
LINE
8
BLACK
6
CONTINUOUS
10
3.5411062992125983
20
-5.4602677165354327
11
3.150555118110236
21
-5.4602677165354327
0
LINE
8
BLACK
6
CONTINUOUS
10
3.150555118110236
20
-5.4602677165354327
11
3.1501784645669288
21
-5.4601927952755904
0
LINE
8
BLACK
6
CONTINUOUS
10
3.1501784645669288
20
-5.4601927952755904
11
3.1496457874015746
21
-5.4596601181102358
0
LINE
8
BLACK
6
CONTINUOUS
10
3.1496457874015746
20
-5.4596601181102358
11
3.1495708661417323
21
-5.459283464566929
0
LINE
8
BLACK
6
CONTINUOUS
10
3.1495708661417323
20
-5.459283464566929
11
3.1495708661417323
21
-5.3332992125984253
0
LINE
8
BLACK
6
CONTINUOUS
10
3.1495708661417323
20
-5.3332992125984253
11
3.1496457874015746
21
-5.3329225590551177
0
LINE
8
BLACK
6
CONTINUOUS
10
3.1496457874015746
20
-5.3329225590551177
11
3.1501784645669288
21
-5.3323898818897639
0
LINE
8
BLACK
6
CONTINUOUS
10
3.1501784645669288
20
-5.3323898818897639
11
3.150555118110236
21
-5.3323149606299207
0
LINE
8
BLACK
6
CONTINUOUS
10
3.150555118110236
20
-5.3323149606299207
11
3.5411062992125983
21
-5.3323149606299207
0
LINE
8
BLACK
6
CONTINUOUS
10
3.5411062992125983
20
-5.3323149606299207
11
3.5414829527559055
21
-5.3323898818897639
0
LINE
8
BLACK
6
CONTINUOUS
10
3.1515393700787402
20
-5.334283464566929
11
3.1515393700787402
21
-5.4582992125984253
0
LINE
8
BLACK
6
CONTINUOUS
10
3.1515393700787402
20
-5.4582992125984253
11
3.5401220472440946
21
-5.4582992125984253
0
LINE
8
BLACK
6
CONTINUOUS
10
3.5401220472440946
20
-5.4582992125984253
11
3.5401220472440946
21
-5.334283464566929
0
LINE
8
BLACK
6
CONTINUOUS
10
3.5401220472440946
20
-5.334283464566929
11
3.1515393700787402
21
-5.334283464566929
0
LINE
8
BLACK
6
CONTINUOUS
10
4.1903018503937011
20
-5.3205788582677167
11
4.1908345275590548
21
-5.3211115354330705
0
LINE
8
BLACK
6
CONTINUOUS
10
4.1908345275590548
20
-5.3211115354330705
11
4.1909094488188972
21
-5.3214881889763781
0
LINE
8
BLACK
6
CONTINUOUS
10
4.1909094488188972
20
-5.3214881889763781
11
4.1909094488188972
21
-5.4120393700787401
0
LINE
8
BLACK
6
CONTINUOUS
10
4.1909094488188972
20
-5.4120393700787401
11
4.1908345275590548
21
-5.4124160236220469
0
LINE
8
BLACK
6
CONTINUOUS
10
4.1908345275590548
20
-5.4124160236220469
11
4.1903018503937011
21
-5.4129487007874015
0
LINE
8
BLACK
6
CONTINUOUS
10
4.1903018503937011
20
-5.4129487007874015
11
4.1899251968503934
21
-5.4130236220472439
0
LINE
8
BLACK
6
CONTINUOUS
10
4.1899251968503934
20
-5.4130236220472439
11
4.0048858267716536
21
-5.4130236220472439
0
LINE
8
BLACK
6
CONTINUOUS
10
4.0048858267716536
20
-5.4130236220472439
11
4.004509173228346
21
-5.4129487007874015
0
LINE
8
BLACK
6
CONTINUOUS
10
4.004509173228346
20
-5.4129487007874015
11
4.0039764960629922
21
-5.4124160236220469
0
LINE
8
BLACK
6
CONTINUOUS
10
4.0039764960629922
20
-5.4124160236220469
11
4.0039015748031499
21
-5.4120393700787401
0
LINE
8
BLACK
6
CONTINUOUS
10
4.0039015748031499
20
-5.4120393700787401
11
4.0039015748031499
21
-5.3214881889763781
0
LINE
8
BLACK
6
CONTINUOUS
10
4.0039015748031499
20
-5.3214881889763781
11
4.0039764960629922
21
-5.3211115354330705
0
LINE
8
BLACK
6
CONTINUOUS
10
4.0039764960629922
20
-5.3211115354330705
11
4.004509173228346
21
-5.3205788582677167
0
LINE
8
BLACK
6
CONTINUOUS
10
4.004509173228346
20
-5.3205788582677167
11
4.0048858267716536
21
-5.3205039370078735
0
LINE
8
BLACK
6
CONTINUOUS
10
4.0048858267716536
20
-5.3205039370078735
11
4.1899251968503934
21
-5.3205039370078735
0
LINE
8
BLACK
6
CONTINUOUS
10
4.1899251968503934
20
-5.3205039370078735
11
4.1903018503937011
21
-5.3205788582677167
0
LINE
8
BLACK
6
CONTINUOUS
10
4.0058700787401573
20
-5.3224724409448818
11
4.0058700787401573
21
-5.4110551181102364
0
LINE
8
BLACK
6
CONTINUOUS
10
4.0058700787401573
20
-5.4110551181102364
11
4.1889409448818897
21
-5.4110551181102364
0
LINE
8
BLACK
6
CONTINUOUS
10
4.1889409448818897
20
-5.4110551181102364
11
4.1889409448818897
21
-5.3224724409448818
0
LINE
8
BLACK
6
CONTINUOUS
10
4.1889409448818897
20
-5.3224724409448818
11
4.0058700787401573
21
-5.3224724409448818
0
LINE
8
BLACK
6
CONTINUOUS
10
4.2914829527559055
20
-5.3067993307086612
11
4.2920156299212602
21
-5.3073320078740158
0
LINE
8
BLACK
6
CONTINUOUS
10
4.2920156299212602
20
-5.3073320078740158
11
4.2920905511811025
21
-5.3077086614173226
0
LINE
8
BLACK
6
CONTINUOUS
10
4.2920905511811025
20
-5.3077086614173226
11
4.2920905511811025
21
-5.4336929133858263
0
LINE
8
BLACK
6
CONTINUOUS
10
4.2920905511811025
20
-5.4336929133858263
11
4.2920156299212602
21
-5.4340695669291339
0
LINE
8
BLACK
6
CONTINUOUS
10
4.2920156299212602
20
-5.4340695669291339
11
4.2914829527559055
21
-5.4346022440944877
0
LINE
8
BLACK
6
CONTINUOUS
10
4.2914829527559055
20
-5.4346022440944877
11
4.2911062992125979
21
-5.4346771653543309
0
LINE
8
BLACK
6
CONTINUOUS
10
4.2911062992125979
20
-5.4346771653543309
11
3.900555118110236
21
-5.4346771653543309
0
LINE
8
BLACK
6
CONTINUOUS
10
3.900555118110236
20
-5.4346771653543309
11
3.9001784645669288
21
-5.4346022440944877
0
LINE
8
BLACK
6
CONTINUOUS
10
3.9001784645669288
20
-5.4346022440944877
11
3.8996457874015746
21
-5.4340695669291339
0
LINE
8
BLACK
6
CONTINUOUS
10
3.8996457874015746
20
-5.4340695669291339
11
3.8995708661417323
21
-5.4336929133858263
0
LINE
8
BLACK
6
CONTINUOUS
10
3.8995708661417323
20
-5.4336929133858263
11
3.8995708661417323
21
-5.3077086614173226
0
LINE
8
BLACK
6
CONTINUOUS
10
3.8995708661417323
20
-5.3077086614173226
11
3.8996457874015746
21
-5.3073320078740158
0
LINE
8
BLACK
6
CONTINUOUS
10
3.8996457874015746
20
-5.3073320078740158
11
3.9001784645669288
21
-5.3067993307086612
0
LINE
8
BLACK
6
CONTINUOUS
10
3.9001784645669288
20
-5.3067993307086612
11
3.900555118110236
21
-5.3067244094488188
0
LINE
8
BLACK
6
CONTINUOUS
10
3.900555118110236
20
-5.3067244094488188
11
4.2911062992125979
21
-5.3067244094488188
0
LINE
8
BLACK
6
CONTINUOUS
10
4.2911062992125979
20
-5.3067244094488188
11
4.2914829527559055
21
-5.3067993307086612
0
LINE
8
BLACK
6
CONTINUOUS
10
3.9015393700787402
20
-5.3086929133858263
11
3.9015393700787402
21
-5.4327086614173226
0
LINE
8
BLACK
6
CONTINUOUS
10
3.9015393700787402
20
-5.4327086614173226
11
4.2901220472440942
21
-5.4327086614173226
0
LINE
8
BLACK
6
CONTINUOUS
10
4.2901220472440942
20
-5.4327086614173226
11
4.2901220472440942
21
-5.3086929133858263
0
LINE
8
BLACK
6
CONTINUOUS
10
4.2901220472440942
20
-5.3086929133858263
11
3.9015393700787402
21
-5.3086929133858263
0
LINE
8
BLACK
6
CONTINUOUS
10
14.0214042125984246
20
-5.2871142913385825
11
14.0219368897637793
21
-5.2876469685039371
0
LINE
8
BLACK
6
CONTINUOUS
10
14.0219368897637793
20
-5.2876469685039371
11
14.0220118110236225
21
-5.2880236220472439
0
LINE
8
BLACK
6
CONTINUOUS
10
14.0220118110236225
20
-5.2880236220472439
11
14.0220118110236225
21
-5.3785748031496059
0
LINE
8
BLACK
6
CONTINUOUS
10
14.0220118110236225
20
-5.3785748031496059
11
14.0219368897637793
21
-5.3789514566929135
0
LINE
8
BLACK
6
CONTINUOUS
10
14.0219368897637793
20
-5.3789514566929135
11
14.0214042125984246
21
-5.3794841338582673
0
LINE
8
BLACK
6
CONTINUOUS
10
14.0214042125984246
20
-5.3794841338582673
11
14.021027559055117
21
-5.3795590551181105
0
LINE
8
BLACK
6
CONTINUOUS
10
14.021027559055117
20
-5.3795590551181105
11
13.8359881889763781
21
-5.3795590551181105
0
LINE
8
BLACK
6
CONTINUOUS
10
13.8359881889763781
20
-5.3795590551181105
11
13.8356115354330704
21
-5.3794841338582673
0
LINE
8
BLACK
6
CONTINUOUS
10
13.8356115354330704
20
-5.3794841338582673
11
13.8350788582677158
21
-5.3789514566929135
0
LINE
8
BLACK
6
CONTINUOUS
10
13.8350788582677158
20
-5.3789514566929135
11
13.8350039370078743
21
-5.3785748031496059
0
LINE
8
BLACK
6
CONTINUOUS
10
13.8350039370078743
20
-5.3785748031496059
11
13.8350039370078743
21
-5.2880236220472439
0
LINE
8
BLACK
6
CONTINUOUS
10
13.8350039370078743
20
-5.2880236220472439
11
13.8350788582677158
21
-5.2876469685039371
0
LINE
8
BLACK
6
CONTINUOUS
10
13.8350788582677158
20
-5.2876469685039371
11
13.8356115354330704
21
-5.2871142913385825
0
LINE
8
BLACK
6
CONTINUOUS
10
13.8356115354330704
20
-5.2871142913385825
11
13.8359881889763781
21
-5.2870393700787401
0
LINE
8
BLACK
6
CONTINUOUS
10
13.8359881889763781
20
-5.2870393700787401
11
14.021027559055117
21
-5.2870393700787401
0
LINE
8
BLACK
6
CONTINUOUS
10
14.021027559055117
20
-5.2870393700787401
11
14.0214042125984246
21
-5.2871142913385825
0
LINE
8
BLACK
6
CONTINUOUS
10
13.8369724409448818
20
-5.2890078740157476
11
13.8369724409448818
21
-5.3775905511811022
0
LINE
8
BLACK
6
CONTINUOUS
10
13.8369724409448818
20
-5.3775905511811022
11
14.0200433070866133
21
-5.3775905511811022
0
LINE
8
BLACK
6
CONTINUOUS
10
14.0200433070866133
20
-5.3775905511811022
11
14.0200433070866133
21
-5.2890078740157476
0
LINE
8
BLACK
6
CONTINUOUS
10
14.0200433070866133
20
-5.2890078740157476
11
13.8369724409448818
21
-5.2890078740157476
0
LINE
8
BLACK
6
CONTINUOUS
10
14.1225853149606291
20
-5.2733347637795278
11
14.1231179921259837
21
-5.2738674409448816
0
LINE
8
BLACK
6
CONTINUOUS
10
14.1231179921259837
20
-5.2738674409448816
11
14.1231929133858269
21
-5.2742440944881892
0
LINE
8
BLACK
6
CONTINUOUS
10
14.1231929133858269
20
-5.2742440944881892
11
14.1231929133858269
21
-5.4002283464566929
0
LINE
8
BLACK
6
CONTINUOUS
10
14.1231929133858269
20
-5.4002283464566929
11
14.1231179921259837
21
-5.4006049999999997
0
LINE
8
BLACK
6
CONTINUOUS
10
14.1231179921259837
20
-5.4006049999999997
11
14.1225853149606291
21
-5.4011376771653543
0
LINE
8
BLACK
6
CONTINUOUS
10
14.1225853149606291
20
-5.4011376771653543
11
14.1222086614173232
21
-5.4012125984251966
0
LINE
8
BLACK
6
CONTINUOUS
10
14.1222086614173232
20
-5.4012125984251966
11
13.7316574803149596
21
-5.4012125984251966
0
LINE
8
BLACK
6
CONTINUOUS
10
13.7316574803149596
20
-5.4012125984251966
11
13.7312808267716537
21
-5.4011376771653543
0
LINE
8
BLACK
6
CONTINUOUS
10
13.7312808267716537
20
-5.4011376771653543
11
13.7307481496062991
21
-5.4006049999999997
0
LINE
8
BLACK
6
CONTINUOUS
10
13.7307481496062991
20
-5.4006049999999997
11
13.7306732283464559
21
-5.4002283464566929
0
LINE
8
BLACK
6
CONTINUOUS
10
13.7306732283464559
20
-5.4002283464566929
11
13.7306732283464559
21
-5.2742440944881892
0
LINE
8
BLACK
6
CONTINUOUS
10
13.7306732283464559
20
-5.2742440944881892
11
13.7307481496062991
21
-5.2738674409448816
0
LINE
8
BLACK
6
CONTINUOUS
10
13.7307481496062991
20
-5.2738674409448816
11
13.7312808267716537
21
-5.2733347637795278
0
LINE
8
BLACK
6
CONTINUOUS
10
13.7312808267716537
20
-5.2733347637795278
11
13.7316574803149596
21
-5.2732598425196846
0
LINE
8
BLACK
6
CONTINUOUS
10
13.7316574803149596
20
-5.2732598425196846
11
14.1222086614173232
21
-5.2732598425196846
0
LINE
8
BLACK
6
CONTINUOUS
10
14.1222086614173232
20
-5.2732598425196846
11
14.1225853149606291
21
-5.2733347637795278
0
LINE
8
BLACK
6
CONTINUOUS
10
13.7326417322834651
20
-5.2752283464566929
11
13.7326417322834651
21
-5.3992440944881892
0
LINE
8
BLACK
6
CONTINUOUS
10
13.7326417322834651
20
-5.3992440944881892
11
14.1212244094488177
21
-5.3992440944881892
0
LINE
8
BLACK
6
CONTINUOUS
10
14.1212244094488177
20
-5.3992440944881892
11
14.1212244094488177
21
-5.2752283464566929
0
LINE
8
BLACK
6
CONTINUOUS
10
14.1212244094488177
20
-5.2752283464566929
11
13.7326417322834651
21
-5.2752283464566929
0
LINE
8
BLACK
6
CONTINUOUS
10
13.1174672047244094
20
-5.279240275590551
11
13.1179998818897641
21
-5.2797729527559056
0
LINE
8
BLACK
6
CONTINUOUS
10
13.1179998818897641
20
-5.2797729527559056
11
13.1180748031496055
21
-5.2801496062992124
0
LINE
8
BLACK
6
CONTINUOUS
10
13.1180748031496055
20
-5.2801496062992124
11
13.1180748031496055
21
-5.3707007874015744
0
LINE
8
BLACK
6
CONTINUOUS
10
13.1180748031496055
20
-5.3707007874015744
11
13.1179998818897641
21
-5.371077440944882
0
LINE
8
BLACK
6
CONTINUOUS
10
13.1179998818897641
20
-5.371077440944882
11
13.1174672047244094
21
-5.3716101181102358
0
LINE
8
BLACK
6
CONTINUOUS
10
13.1174672047244094
20
-5.3716101181102358
11
13.1170905511811018
21
-5.371685039370079
0
LINE
8
BLACK
6
CONTINUOUS
10
13.1170905511811018
20
-5.371685039370079
11
12.9320511811023611
21
-5.371685039370079
0
LINE
8
BLACK
6
CONTINUOUS
10
12.9320511811023611
20
-5.371685039370079
11
12.9316745275590552
21
-5.3716101181102358
0
LINE
8
BLACK
6
CONTINUOUS
10
12.9316745275590552
20
-5.3716101181102358
11
12.9311418503937006
21
-5.371077440944882
0
LINE
8
BLACK
6
CONTINUOUS
10
12.9311418503937006
20
-5.371077440944882
11
12.9310669291338574
21
-5.3707007874015744
0
LINE
8
BLACK
6
CONTINUOUS
10
12.9310669291338574
20
-5.3707007874015744
11
12.9310669291338574
21
-5.2801496062992124
0
LINE
8
BLACK
6
CONTINUOUS
10
12.9310669291338574
20
-5.2801496062992124
11
12.9311418503937006
21
-5.2797729527559056
0
LINE
8
BLACK
6
CONTINUOUS
10
12.9311418503937006
20
-5.2797729527559056
11
12.9316745275590552
21
-5.279240275590551
0
LINE
8
BLACK
6
CONTINUOUS
10
12.9316745275590552
20
-5.279240275590551
11
12.9320511811023611
21
-5.2791653543307087
0
LINE
8
BLACK
6
CONTINUOUS
10
12.9320511811023611
20
-5.2791653543307087
11
13.1170905511811018
21
-5.2791653543307087
0
LINE
8
BLACK
6
CONTINUOUS
10
13.1170905511811018
20
-5.2791653543307087
11
13.1174672047244094
21
-5.279240275590551
0
LINE
8
BLACK
6
CONTINUOUS
10
12.9330354330708666
20
-5.2811338582677161
11
12.9330354330708666
21
-5.3697165354330707
0
LINE
8
BLACK
6
CONTINUOUS
10
12.9330354330708666
20
-5.3697165354330707
11
13.1161062992125981
21
-5.3697165354330707
0
LINE
8
BLACK
6
CONTINUOUS
10
13.1161062992125981
20
-5.3697165354330707
11
13.1161062992125981
21
-5.2811338582677161
0
LINE
8
BLACK
6
CONTINUOUS
10
13.1161062992125981
20
-5.2811338582677161
11
12.9330354330708666
21
-5.2811338582677161
0
LINE
8
BLACK
6
CONTINUOUS
10
13.2186483070866139
20
-5.2654607480314963
11
13.2191809842519685
21
-5.2659934251968501
0
LINE
8
BLACK
6
CONTINUOUS
10
13.2191809842519685
20
-5.2659934251968501
11
13.21925590551181
21
-5.2663700787401577
0
LINE
8
BLACK
6
CONTINUOUS
10
13.21925590551181
20
-5.2663700787401577
11
13.21925590551181
21
-5.3923543307086614
0
LINE
8
BLACK
6
CONTINUOUS
10
13.21925590551181
20
-5.3923543307086614
11
13.2191809842519685
21
-5.3927309842519682
0
LINE
8
BLACK
6
CONTINUOUS
10
13.2191809842519685
20
-5.3927309842519682
11
13.2186483070866139
21
-5.3932636614173228
0
LINE
8
BLACK
6
CONTINUOUS
10
13.2186483070866139
20
-5.3932636614173228
11
13.2182716535433062
21
-5.3933385826771651
0
LINE
8
BLACK
6
CONTINUOUS
10
13.2182716535433062
20
-5.3933385826771651
11
12.8277204724409444
21
-5.3933385826771651
0
LINE
8
BLACK
6
CONTINUOUS
10
12.8277204724409444
20
-5.3933385826771651
11
12.8273438188976368
21
-5.3932636614173228
0
LINE
8
BLACK
6
CONTINUOUS
10
12.8273438188976368
20
-5.3932636614173228
11
12.8268111417322839
21
-5.3927309842519682
0
LINE
8
BLACK
6
CONTINUOUS
10
12.8268111417322839
20
-5.3927309842519682
11
12.8267362204724407
21
-5.3923543307086614
0
LINE
8
BLACK
6
CONTINUOUS
10
12.8267362204724407
20
-5.3923543307086614
11
12.8267362204724407
21
-5.2663700787401577
0
LINE
8
BLACK
6
CONTINUOUS
10
12.8267362204724407
20
-5.2663700787401577
11
12.8268111417322839
21
-5.2659934251968501
0
LINE
8
BLACK
6
CONTINUOUS
10
12.8268111417322839
20
-5.2659934251968501
11
12.8273438188976368
21
-5.2654607480314963
0
LINE
8
BLACK
6
CONTINUOUS
10
12.8273438188976368
20
-5.2654607480314963
11
12.8277204724409444
21
-5.2653858267716531
0
LINE
8
BLACK
6
CONTINUOUS
10
12.8277204724409444
20
-5.2653858267716531
11
13.2182716535433062
21
-5.2653858267716531
0
LINE
8
BLACK
6
CONTINUOUS
10
13.2182716535433062
20
-5.2653858267716531
11
13.2186483070866139
21
-5.2654607480314963
0
LINE
8
BLACK
6
CONTINUOUS
10
12.8287047244094481
20
-5.2673543307086614
11
12.8287047244094481
21
-5.3913700787401577
0
LINE
8
BLACK
6
CONTINUOUS
10
12.8287047244094481
20
-5.3913700787401577
11
13.2172874015748025
21
-5.3913700787401577
0
LINE
8
BLACK
6
CONTINUOUS
10
13.2172874015748025
20
-5.3913700787401577
11
13.2172874015748025
21
-5.2673543307086614
0
LINE
8
BLACK
6
CONTINUOUS
10
13.2172874015748025
20
-5.2673543307086614
11
12.8287047244094481
21
-5.2673543307086614
0
LINE
8
BLACK
6
CONTINUOUS
10
13.5627427952755895
20
-5.279240275590551
11
13.5632754724409441
21
-5.2797729527559056
0
LINE
8
BLACK
6
CONTINUOUS
10
13.5632754724409441
20
-5.2797729527559056
11
13.5633503937007873
21
-5.2801496062992124
0
LINE
8
BLACK
6
CONTINUOUS
10
13.5633503937007873
20
-5.2801496062992124
11
13.5633503937007873
21
-5.3707007874015744
0
LINE
8
BLACK
6
CONTINUOUS
10
13.5633503937007873
20
-5.3707007874015744
11
13.5632754724409441
21
-5.371077440944882
0
LINE
8
BLACK
6
CONTINUOUS
10
13.5632754724409441
20
-5.371077440944882
11
13.5627427952755895
21
-5.3716101181102358
0
LINE
8
BLACK
6
CONTINUOUS
10
13.5627427952755895
20
-5.3716101181102358
11
13.5623661417322836
21
-5.371685039370079
0
LINE
8
BLACK
6
CONTINUOUS
10
13.5623661417322836
20
-5.371685039370079
11
13.3773267716535429
21
-5.371685039370079
0
LINE
8
BLACK
6
CONTINUOUS
10
13.3773267716535429
20
-5.371685039370079
11
13.3769501181102353
21
-5.3716101181102358
0
LINE
8
BLACK
6
CONTINUOUS
10
13.3769501181102353
20
-5.3716101181102358
11
13.3764174409448824
21
-5.371077440944882
0
LINE
8
BLACK
6
CONTINUOUS
10
13.3764174409448824
20
-5.371077440944882
11
13.3763425196850392
21
-5.3707007874015744
0
LINE
8
BLACK
6
CONTINUOUS
10
13.3763425196850392
20
-5.3707007874015744
11
13.3763425196850392
21
-5.2801496062992124
0
LINE
8
BLACK
6
CONTINUOUS
10
13.3763425196850392
20
-5.2801496062992124
11
13.3764174409448824
21
-5.2797729527559056
0
LINE
8
BLACK
6
CONTINUOUS
10
13.3764174409448824
20
-5.2797729527559056
11
13.3769501181102353
21
-5.279240275590551
0
LINE
8
BLACK
6
CONTINUOUS
10
13.3769501181102353
20
-5.279240275590551
11
13.3773267716535429
21
-5.2791653543307087
0
LINE
8
BLACK
6
CONTINUOUS
10
13.3773267716535429
20
-5.2791653543307087
11
13.5623661417322836
21
-5.2791653543307087
0
LINE
8
BLACK
6
CONTINUOUS
10
13.5623661417322836
20
-5.2791653543307087
11
13.5627427952755895
21
-5.279240275590551
0
LINE
8
BLACK
6
CONTINUOUS
10
13.3783110236220466
20
-5.2811338582677161
11
13.3783110236220466
21
-5.3697165354330707
0
LINE
8
BLACK
6
CONTINUOUS
10
13.3783110236220466
20
-5.3697165354330707
11
13.5613818897637799
21
-5.3697165354330707
0
LINE
8
BLACK
6
CONTINUOUS
10
13.5613818897637799
20
-5.3697165354330707
11
13.5613818897637799
21
-5.2811338582677161
0
LINE
8
BLACK
6
CONTINUOUS
10
13.5613818897637799
20
-5.2811338582677161
11
13.3783110236220466
21
-5.2811338582677161
0
LINE
8
BLACK
6
CONTINUOUS
10
13.6639238976377957
20
-5.2654607480314963
11
13.6644565748031486
21
-5.2659934251968501
0
LINE
8
BLACK
6
CONTINUOUS
10
13.6644565748031486
20
-5.2659934251968501
11
13.6645314960629918
21
-5.2663700787401577
0
LINE
8
BLACK
6
CONTINUOUS
10
13.6645314960629918
20
-5.2663700787401577
11
13.6645314960629918
21
-5.3923543307086614
0
LINE
8
BLACK
6
CONTINUOUS
10
13.6645314960629918
20
-5.3923543307086614
11
13.6644565748031486
21
-5.3927309842519682
0
LINE
8
BLACK
6
CONTINUOUS
10
13.6644565748031486
20
-5.3927309842519682
11
13.6639238976377957
21
-5.3932636614173228
0
LINE
8
BLACK
6
CONTINUOUS
10
13.6639238976377957
20
-5.3932636614173228
11
13.6635472440944881
21
-5.3933385826771651
0
LINE
8
BLACK
6
CONTINUOUS
10
13.6635472440944881
20
-5.3933385826771651
11
13.2729960629921262
21
-5.3933385826771651
0
LINE
8
BLACK
6
CONTINUOUS
10
13.2729960629921262
20
-5.3933385826771651
11
13.2726194094488186
21
-5.3932636614173228
0
LINE
8
BLACK
6
CONTINUOUS
10
13.2726194094488186
20
-5.3932636614173228
11
13.2720867322834639
21
-5.3927309842519682
0
LINE
8
BLACK
6
CONTINUOUS
10
13.2720867322834639
20
-5.3927309842519682
11
13.2720118110236225
21
-5.3923543307086614
0
LINE
8
BLACK
6
CONTINUOUS
10
13.2720118110236225
20
-5.3923543307086614
11
13.2720118110236225
21
-5.2663700787401577
0
LINE
8
BLACK
6
CONTINUOUS
10
13.2720118110236225
20
-5.2663700787401577
11
13.2720867322834639
21
-5.2659934251968501
0
LINE
8
BLACK
6
CONTINUOUS
10
13.2720867322834639
20
-5.2659934251968501
11
13.2726194094488186
21
-5.2654607480314963
0
LINE
8
BLACK
6
CONTINUOUS
10
13.2726194094488186
20
-5.2654607480314963
11
13.2729960629921262
21
-5.2653858267716531
0
LINE
8
BLACK
6
CONTINUOUS
10
13.2729960629921262
20
-5.2653858267716531
11
13.6635472440944881
21
-5.2653858267716531
0
LINE
8
BLACK
6
CONTINUOUS
10
13.6635472440944881
20
-5.2653858267716531
11
13.6639238976377957
21
-5.2654607480314963
0
LINE
8
BLACK
6
CONTINUOUS
10
13.2739803149606299
20
-5.2673543307086614
11
13.2739803149606299
21
-5.3913700787401577
0
LINE
8
BLACK
6
CONTINUOUS
10
13.2739803149606299
20
-5.3913700787401577
11
13.6625629921259844
21
-5.3913700787401577
0
LINE
8
BLACK
6
CONTINUOUS
10
13.6625629921259844
20
-5.3913700787401577
11
13.6625629921259844
21
-5.2673543307086614
0
LINE
8
BLACK
6
CONTINUOUS
10
13.6625629921259844
20
-5.2673543307086614
11
13.2739803149606299
21
-5.2673543307086614
0
LINE
8
BLACK
6
CONTINUOUS
10
9.9698294094488187
20
-5.1630985433070862
11
9.9703620866141733
21
-5.1636312204724408
0
LINE
8
BLACK
6
CONTINUOUS
10
9.9703620866141733
20
-5.1636312204724408
11
9.9704370078740148
21
-5.1640078740157476
0
LINE
8
BLACK
6
CONTINUOUS
10
9.9704370078740148
20
-5.1640078740157476
11
9.9704370078740148
21
-5.2545590551181105
0
LINE
8
BLACK
6
CONTINUOUS
10
9.9704370078740148
20
-5.2545590551181105
11
9.9703620866141733
21
-5.2549357086614172
0
LINE
8
BLACK
6
CONTINUOUS
10
9.9703620866141733
20
-5.2549357086614172
11
9.9698294094488187
21
-5.2554683858267719
0
LINE
8
BLACK
6
CONTINUOUS
10
9.9698294094488187
20
-5.2554683858267719
11
9.9694527559055111
21
-5.2555433070866142
0
LINE
8
BLACK
6
CONTINUOUS
10
9.9694527559055111
20
-5.2555433070866142
11
9.7844133858267721
21
-5.2555433070866142
0
LINE
8
BLACK
6
CONTINUOUS
10
9.7844133858267721
20
-5.2555433070866142
11
9.7840367322834645
21
-5.2554683858267719
0
LINE
8
BLACK
6
CONTINUOUS
10
9.7840367322834645
20
-5.2554683858267719
11
9.7835040551181098
21
-5.2549357086614172
0
LINE
8
BLACK
6
CONTINUOUS
10
9.7835040551181098
20
-5.2549357086614172
11
9.7834291338582666
21
-5.2545590551181105
0
LINE
8
BLACK
6
CONTINUOUS
10
9.7834291338582666
20
-5.2545590551181105
11
9.7834291338582666
21
-5.1640078740157476
0
LINE
8
BLACK
6
CONTINUOUS
10
9.7834291338582666
20
-5.1640078740157476
11
9.7835040551181098
21
-5.1636312204724408
0
LINE
8
BLACK
6
CONTINUOUS
10
9.7835040551181098
20
-5.1636312204724408
11
9.7840367322834645
21
-5.1630985433070862
0
LINE
8
BLACK
6
CONTINUOUS
10
9.7840367322834645
20
-5.1630985433070862
11
9.7844133858267721
21
-5.1630236220472439
0
LINE
8
BLACK
6
CONTINUOUS
10
9.7844133858267721
20
-5.1630236220472439
11
9.9694527559055111
21
-5.1630236220472439
0
LINE
8
BLACK
6
CONTINUOUS
10
9.9694527559055111
20
-5.1630236220472439
11
9.9698294094488187
21
-5.1630985433070862
0
LINE
8
BLACK
6
CONTINUOUS
10
9.7853976377952758
20
-5.1649921259842522
11
9.7853976377952758
21
-5.2535748031496059
0
LINE
8
BLACK
6
CONTINUOUS
10
9.7853976377952758
20
-5.2535748031496059
11
9.9684685039370073
21
-5.2535748031496059
0
LINE
8
BLACK
6
CONTINUOUS
10
9.9684685039370073
20
-5.2535748031496059
11
9.9684685039370073
21
-5.1649921259842522
0
LINE
8
BLACK
6
CONTINUOUS
10
9.9684685039370073
20
-5.1649921259842522
11
9.7853976377952758
21
-5.1649921259842522
0
LINE
8
BLACK
6
CONTINUOUS
10
10.0710105118110231
20
-5.1493190157480315
11
10.0715431889763778
21
-5.1498516929133853
0
LINE
8
BLACK
6
CONTINUOUS
10
10.0715431889763778
20
-5.1498516929133853
11
10.071618110236221
21
-5.1502283464566929
0
LINE
8
BLACK
6
CONTINUOUS
10
10.071618110236221
20
-5.1502283464566929
11
10.071618110236221
21
-5.2762125984251966
0
LINE
8
BLACK
6
CONTINUOUS
10
10.071618110236221
20
-5.2762125984251966
11
10.0715431889763778
21
-5.2765892519685043
0
LINE
8
BLACK
6
CONTINUOUS
10
10.0715431889763778
20
-5.2765892519685043
11
10.0710105118110231
21
-5.277121929133858
0
LINE
8
BLACK
6
CONTINUOUS
10
10.0710105118110231
20
-5.277121929133858
11
10.0706338582677155
21
-5.2771968503937003
0
LINE
8
BLACK
6
CONTINUOUS
10
10.0706338582677155
20
-5.2771968503937003
11
9.6800826771653536
21
-5.2771968503937003
0
LINE
8
BLACK
6
CONTINUOUS
10
9.6800826771653536
20
-5.2771968503937003
11
9.6797060236220478
21
-5.277121929133858
0
LINE
8
BLACK
6
CONTINUOUS
10
9.6797060236220478
20
-5.277121929133858
11
9.6791733464566931
21
-5.2765892519685043
0
LINE
8
BLACK
6
CONTINUOUS
10
9.6791733464566931
20
-5.2765892519685043
11
9.6790984251968499
21
-5.2762125984251966
0
LINE
8
BLACK
6
CONTINUOUS
10
9.6790984251968499
20
-5.2762125984251966
11
9.6790984251968499
21
-5.1502283464566929
0
LINE
8
BLACK
6
CONTINUOUS
10
9.6790984251968499
20
-5.1502283464566929
11
9.6791733464566931
21
-5.1498516929133853
0
LINE
8
BLACK
6
CONTINUOUS
10
9.6791733464566931
20
-5.1498516929133853
11
9.6797060236220478
21
-5.1493190157480315
0
LINE
8
BLACK
6
CONTINUOUS
10
9.6797060236220478
20
-5.1493190157480315
11
9.6800826771653536
21
-5.1492440944881892
0
LINE
8
BLACK
6
CONTINUOUS
10
9.6800826771653536
20
-5.1492440944881892
11
10.0706338582677155
21
-5.1492440944881892
0
LINE
8
BLACK
6
CONTINUOUS
10
10.0706338582677155
20
-5.1492440944881892
11
10.0710105118110231
21
-5.1493190157480315
0
LINE
8
BLACK
6
CONTINUOUS
10
9.6810669291338574
20
-5.1512125984251966
11
9.6810669291338574
21
-5.2752283464566929
0
LINE
8
BLACK
6
CONTINUOUS
10
9.6810669291338574
20
-5.2752283464566929
11
10.0696496062992118
21
-5.2752283464566929
0
LINE
8
BLACK
6
CONTINUOUS
10
10.0696496062992118
20
-5.2752283464566929
11
10.0696496062992118
21
-5.1512125984251966
0
LINE
8
BLACK
6
CONTINUOUS
10
10.0696496062992118
20
-5.1512125984251966
11
9.6810669291338574
21
-5.1512125984251966
0
LINE
8
BLACK
6
CONTINUOUS
10
6.7336089370078742
20
-5.0253032677165352
11
6.734141614173228
21
-5.0258359448818899
0
LINE
8
BLACK
6
CONTINUOUS
10
6.734141614173228
20
-5.0258359448818899
11
6.7342165354330703
21
-5.0262125984251966
0
LINE
8
BLACK
6
CONTINUOUS
10
6.7342165354330703
20
-5.0262125984251966
11
6.7342165354330703
21
-5.1167637795275587
0
LINE
8
BLACK
6
CONTINUOUS
10
6.7342165354330703
20
-5.1167637795275587
11
6.734141614173228
21
-5.1171404330708663
0
LINE
8
BLACK
6
CONTINUOUS
10
6.734141614173228
20
-5.1171404330708663
11
6.7336089370078742
21
-5.1176731102362201
0
LINE
8
BLACK
6
CONTINUOUS
10
6.7336089370078742
20
-5.1176731102362201
11
6.7332322834645666
21
-5.1177480314960633
0
LINE
8
BLACK
6
CONTINUOUS
10
6.7332322834645666
20
-5.1177480314960633
11
6.5481929133858268
21
-5.1177480314960633
0
LINE
8
BLACK
6
CONTINUOUS
10
6.5481929133858268
20
-5.1177480314960633
11
6.5478162598425191
21
-5.1176731102362201
0
LINE
8
BLACK
6
CONTINUOUS
10
6.5478162598425191
20
-5.1176731102362201
11
6.5472835826771654
21
-5.1171404330708663
0
LINE
8
BLACK
6
CONTINUOUS
10
6.5472835826771654
20
-5.1171404330708663
11
6.5472086614173231
21
-5.1167637795275587
0
LINE
8
BLACK
6
CONTINUOUS
10
6.5472086614173231
20
-5.1167637795275587
11
6.5472086614173231
21
-5.0262125984251966
0
LINE
8
BLACK
6
CONTINUOUS
10
6.5472086614173231
20
-5.0262125984251966
11
6.5472835826771654
21
-5.0258359448818899
0
LINE
8
BLACK
6
CONTINUOUS
10
6.5472835826771654
20
-5.0258359448818899
11
6.5478162598425191
21
-5.0253032677165352
0
LINE
8
BLACK
6
CONTINUOUS
10
6.5478162598425191
20
-5.0253032677165352
11
6.5481929133858268
21
-5.0252283464566929
0
LINE
8
BLACK
6
CONTINUOUS
10
6.5481929133858268
20
-5.0252283464566929
11
6.7332322834645666
21
-5.0252283464566929
0
LINE
8
BLACK
6
CONTINUOUS
10
6.7332322834645666
20
-5.0252283464566929
11
6.7336089370078742
21
-5.0253032677165352
0
LINE
8
BLACK
6
CONTINUOUS
10
6.5491771653543305
20
-5.0271968503937003
11
6.5491771653543305
21
-5.115779527559055
0
LINE
8
BLACK
6
CONTINUOUS
10
6.5491771653543305
20
-5.115779527559055
11
6.7322480314960629
21
-5.115779527559055
0
LINE
8
BLACK
6
CONTINUOUS
10
6.7322480314960629
20
-5.115779527559055
11
6.7322480314960629
21
-5.0271968503937003
0
LINE
8
BLACK
6
CONTINUOUS
10
6.7322480314960629
20
-5.0271968503937003
11
6.5491771653543305
21
-5.0271968503937003
0
LINE
8
BLACK
6
CONTINUOUS
10
6.8347900393700787
20
-5.0115237401574806
11
6.8353227165354333
21
-5.0120564173228344
0
LINE
8
BLACK
6
CONTINUOUS
10
6.8353227165354333
20
-5.0120564173228344
11
6.8353976377952756
21
-5.012433070866142
0
LINE
8
BLACK
6
CONTINUOUS
10
6.8353976377952756
20
-5.012433070866142
11
6.8353976377952756
21
-5.1384173228346457
0
LINE
8
BLACK
6
CONTINUOUS
10
6.8353976377952756
20
-5.1384173228346457
11
6.8353227165354333
21
-5.1387939763779524
0
LINE
8
BLACK
6
CONTINUOUS
10
6.8353227165354333
20
-5.1387939763779524
11
6.8347900393700787
21
-5.1393266535433071
0
LINE
8
BLACK
6
CONTINUOUS
10
6.8347900393700787
20
-5.1393266535433071
11
6.8344133858267719
21
-5.1394015748031494
0
LINE
8
BLACK
6
CONTINUOUS
10
6.8344133858267719
20
-5.1394015748031494
11
6.4438622047244092
21
-5.1394015748031494
0
LINE
8
BLACK
6
CONTINUOUS
10
6.4438622047244092
20
-5.1394015748031494
11
6.4434855511811024
21
-5.1393266535433071
0
LINE
8
BLACK
6
CONTINUOUS
10
6.4434855511811024
20
-5.1393266535433071
11
6.4429528740157478
21
-5.1387939763779524
0
LINE
8
BLACK
6
CONTINUOUS
10
6.4429528740157478
20
-5.1387939763779524
11
6.4428779527559055
21
-5.1384173228346457
0
LINE
8
BLACK
6
CONTINUOUS
10
6.4428779527559055
20
-5.1384173228346457
11
6.4428779527559055
21
-5.012433070866142
0
LINE
8
BLACK
6
CONTINUOUS
10
6.4428779527559055
20
-5.012433070866142
11
6.4429528740157478
21
-5.0120564173228344
0
LINE
8
BLACK
6
CONTINUOUS
10
6.4429528740157478
20
-5.0120564173228344
11
6.4434855511811024
21
-5.0115237401574806
0
LINE
8
BLACK
6
CONTINUOUS
10
6.4434855511811024
20
-5.0115237401574806
11
6.4438622047244092
21
-5.0114488188976374
0
LINE
8
BLACK
6
CONTINUOUS
10
6.4438622047244092
20
-5.0114488188976374
11
6.8344133858267719
21
-5.0114488188976374
0
LINE
8
BLACK
6
CONTINUOUS
10
6.8344133858267719
20
-5.0114488188976374
11
6.8347900393700787
21
-5.0115237401574806
0
LINE
8
BLACK
6
CONTINUOUS
10
6.4448464566929129
20
-5.0134173228346457
11
6.4448464566929129
21
-5.137433070866142
0
LINE
8
BLACK
6
CONTINUOUS
10
6.4448464566929129
20
-5.137433070866142
11
6.8334291338582673
21
-5.137433070866142
0
LINE
8
BLACK
6
CONTINUOUS
10
6.8334291338582673
20
-5.137433070866142
11
6.8334291338582673
21
-5.0134173228346457
0
LINE
8
BLACK
6
CONTINUOUS
10
6.8334291338582673
20
-5.0134173228346457
11
6.4448464566929129
21
-5.0134173228346457
0
LINE
8
BLACK
6
CONTINUOUS
10
10.6706168110236224
20
-4.9524686220472436
11
10.671149488188977
21
-4.9530012992125982
0
LINE
8
BLACK
6
CONTINUOUS
10
10.671149488188977
20
-4.9530012992125982
11
10.6712244094488184
21
-4.953377952755905
0
LINE
8
BLACK
6
CONTINUOUS
10
10.6712244094488184
20
-4.953377952755905
11
10.6712244094488184
21
-5.0439291338582679
0
LINE
8
BLACK
6
CONTINUOUS
10
10.6712244094488184
20
-5.0439291338582679
11
10.671149488188977
21
-5.0443057874015746
0
LINE
8
BLACK
6
CONTINUOUS
10
10.671149488188977
20
-5.0443057874015746
11
10.6706168110236224
21
-5.0448384645669293
0
LINE
8
BLACK
6
CONTINUOUS
10
10.6706168110236224
20
-5.0448384645669293
11
10.6702401574803147
21
-5.0449133858267716
0
LINE
8
BLACK
6
CONTINUOUS
10
10.6702401574803147
20
-5.0449133858267716
11
10.485200787401574
21
-5.0449133858267716
0
LINE
8
BLACK
6
CONTINUOUS
10
10.485200787401574
20
-5.0449133858267716
11
10.4848241338582682
21
-5.0448384645669293
0
LINE
8
BLACK
6
CONTINUOUS
10
10.4848241338582682
20
-5.0448384645669293
11
10.4842914566929135
21
-5.0443057874015746
0
LINE
8
BLACK
6
CONTINUOUS
10
10.4842914566929135
20
-5.0443057874015746
11
10.4842165354330703
21
-5.0439291338582679
0
LINE
8
BLACK
6
CONTINUOUS
10
10.4842165354330703
20
-5.0439291338582679
11
10.4842165354330703
21
-4.953377952755905
0
LINE
8
BLACK
6
CONTINUOUS
10
10.4842165354330703
20
-4.953377952755905
11
10.4842914566929135
21
-4.9530012992125982
0
LINE
8
BLACK
6
CONTINUOUS
10
10.4842914566929135
20
-4.9530012992125982
11
10.4848241338582682
21
-4.9524686220472436
0
LINE
8
BLACK
6
CONTINUOUS
10
10.4848241338582682
20
-4.9524686220472436
11
10.485200787401574
21
-4.9523937007874013
0
LINE
8
BLACK
6
CONTINUOUS
10
10.485200787401574
20
-4.9523937007874013
11
10.6702401574803147
21
-4.9523937007874013
0
LINE
8
BLACK
6
CONTINUOUS
10
10.6702401574803147
20
-4.9523937007874013
11
10.6706168110236224
21
-4.9524686220472436
0
LINE
8
BLACK
6
CONTINUOUS
10
10.4861850393700777
20
-4.9543622047244096
11
10.4861850393700777
21
-5.0429448818897633
0
LINE
8
BLACK
6
CONTINUOUS
10
10.4861850393700777
20
-5.0429448818897633
11
10.669255905511811
21
-5.0429448818897633
0
LINE
8
BLACK
6
CONTINUOUS
10
10.669255905511811
20
-5.0429448818897633
11
10.669255905511811
21
-4.9543622047244096
0
LINE
8
BLACK
6
CONTINUOUS
10
10.669255905511811
20
-4.9543622047244096
11
10.4861850393700777
21
-4.9543622047244096
0
LINE
8
BLACK
6
CONTINUOUS
10
10.7717979133858268
20
-4.9386890944881889
11
10.7723305905511815
21
-4.9392217716535436
0
LINE
8
BLACK
6
CONTINUOUS
10
10.7723305905511815
20
-4.9392217716535436
11
10.7724055118110229
21
-4.9395984251968503
0
LINE
8
BLACK
6
CONTINUOUS
10
10.7724055118110229
20
-4.9395984251968503
11
10.7724055118110229
21
-5.065582677165354
0
LINE
8
BLACK
6
CONTINUOUS
10
10.7724055118110229
20
-5.065582677165354
11
10.7723305905511815
21
-5.0659593307086617
0
LINE
8
BLACK
6
CONTINUOUS
10
10.7723305905511815
20
-5.0659593307086617
11
10.7717979133858268
21
-5.0664920078740154
0
LINE
8
BLACK
6
CONTINUOUS
10
10.7717979133858268
20
-5.0664920078740154
11
10.7714212598425192
21
-5.0665669291338578
0
LINE
8
BLACK
6
CONTINUOUS
10
10.7714212598425192
20
-5.0665669291338578
11
10.3808700787401573
21
-5.0665669291338578
0
LINE
8
BLACK
6
CONTINUOUS
10
10.3808700787401573
20
-5.0665669291338578
11
10.3804934251968497
21
-5.0664920078740154
0
LINE
8
BLACK
6
CONTINUOUS
10
10.3804934251968497
20
-5.0664920078740154
11
10.379960748031495
21
-5.0659593307086617
0
LINE
8
BLACK
6
CONTINUOUS
10
10.379960748031495
20
-5.0659593307086617
11
10.3798858267716536
21
-5.065582677165354
0
LINE
8
BLACK
6
CONTINUOUS
10
10.3798858267716536
20
-5.065582677165354
11
10.3798858267716536
21
-4.9395984251968503
0
LINE
8
BLACK
6
CONTINUOUS
10
10.3798858267716536
20
-4.9395984251968503
11
10.379960748031495
21
-4.9392217716535436
0
LINE
8
BLACK
6
CONTINUOUS
10
10.379960748031495
20
-4.9392217716535436
11
10.3804934251968497
21
-4.9386890944881889
0
LINE
8
BLACK
6
CONTINUOUS
10
10.3804934251968497
20
-4.9386890944881889
11
10.3808700787401573
21
-4.9386141732283466
0
LINE
8
BLACK
6
CONTINUOUS
10
10.3808700787401573
20
-4.9386141732283466
11
10.7714212598425192
21
-4.9386141732283466
0
LINE
8
BLACK
6
CONTINUOUS
10
10.7714212598425192
20
-4.9386141732283466
11
10.7717979133858268
21
-4.9386890944881889
0
LINE
8
BLACK
6
CONTINUOUS
10
10.381854330708661
20
-4.940582677165354
11
10.381854330708661
21
-5.0645984251968503
0
LINE
8
BLACK
6
CONTINUOUS
10
10.381854330708661
20
-5.0645984251968503
11
10.7704370078740155
21
-5.0645984251968503
0
LINE
8
BLACK
6
CONTINUOUS
10
10.7704370078740155
20
-5.0645984251968503
11
10.7704370078740155
21
-4.940582677165354
0
LINE
8
BLACK
6
CONTINUOUS
10
10.7704370078740155
20
-4.940582677165354
11
10.381854330708661
21
-4.940582677165354
0
LINE
8
BLACK
6
CONTINUOUS
10
5.1217979133858265
20
-4.9111300393700787
11
5.1223305905511811
21
-4.9116627165354325
0
LINE
8
BLACK
6
CONTINUOUS
10
5.1223305905511811
20
-4.9116627165354325
11
5.1224055118110234
21
-4.9120393700787401
0
LINE
8
BLACK
6
CONTINUOUS
10
5.1224055118110234
20
-4.9120393700787401
11
5.1224055118110234
21
-5.0025905511811022
0
LINE
8
BLACK
6
CONTINUOUS
10
5.1224055118110234
20
-5.0025905511811022
11
5.1223305905511811
21
-5.0029672047244089
0
LINE
8
BLACK
6
CONTINUOUS
10
5.1223305905511811
20
-5.0029672047244089
11
5.1217979133858265
21
-5.0034998818897636
0
LINE
8
BLACK
6
CONTINUOUS
10
5.1217979133858265
20
-5.0034998818897636
11
5.1214212598425197
21
-5.0035748031496059
0
LINE
8
BLACK
6
CONTINUOUS
10
5.1214212598425197
20
-5.0035748031496059
11
4.936381889763779
21
-5.0035748031496059
0
LINE
8
BLACK
6
CONTINUOUS
10
4.936381889763779
20
-5.0035748031496059
11
4.9360052362204723
21
-5.0034998818897636
0
LINE
8
BLACK
6
CONTINUOUS
10
4.9360052362204723
20
-5.0034998818897636
11
4.9354725590551176
21
-5.0029672047244089
0
LINE
8
BLACK
6
CONTINUOUS
10
4.9354725590551176
20
-5.0029672047244089
11
4.9353976377952753
21
-5.0025905511811022
0
LINE
8
BLACK
6
CONTINUOUS
10
4.9353976377952753
20
-5.0025905511811022
11
4.9353976377952753
21
-4.9120393700787401
0
LINE
8
BLACK
6
CONTINUOUS
10
4.9353976377952753
20
-4.9120393700787401
11
4.9354725590551176
21
-4.9116627165354325
0
LINE
8
BLACK
6
CONTINUOUS
10
4.9354725590551176
20
-4.9116627165354325
11
4.9360052362204723
21
-4.9111300393700787
0
LINE
8
BLACK
6
CONTINUOUS
10
4.9360052362204723
20
-4.9111300393700787
11
4.936381889763779
21
-4.9110551181102364
0
LINE
8
BLACK
6
CONTINUOUS
10
4.936381889763779
20
-4.9110551181102364
11
5.1214212598425197
21
-4.9110551181102364
0
LINE
8
BLACK
6
CONTINUOUS
10
5.1214212598425197
20
-4.9110551181102364
11
5.1217979133858265
21
-4.9111300393700787
0
LINE
8
BLACK
6
CONTINUOUS
10
4.9373661417322836
20
-4.9130236220472439
11
4.9373661417322836
21
-5.0016062992125985
0
LINE
8
BLACK
6
CONTINUOUS
10
4.9373661417322836
20
-5.0016062992125985
11
5.120437007874016
21
-5.0016062992125985
0
LINE
8
BLACK
6
CONTINUOUS
10
5.120437007874016
20
-5.0016062992125985
11
5.120437007874016
21
-4.9130236220472439
0
LINE
8
BLACK
6
CONTINUOUS
10
5.120437007874016
20
-4.9130236220472439
11
4.9373661417322836
21
-4.9130236220472439
0
LINE
8
BLACK
6
CONTINUOUS
10
5.2229790157480318
20
-4.8973505118110232
11
5.2235116929133856
21
-4.8978831889763779
0
LINE
8
BLACK
6
CONTINUOUS
10
5.2235116929133856
20
-4.8978831889763779
11
5.2235866141732279
21
-4.8982598425196846
0
LINE
8
BLACK
6
CONTINUOUS
10
5.2235866141732279
20
-4.8982598425196846
11
5.2235866141732279
21
-5.0242440944881892
0
LINE
8
BLACK
6
CONTINUOUS
10
5.2235866141732279
20
-5.0242440944881892
11
5.2235116929133856
21
-5.0246207480314959
0
LINE
8
BLACK
6
CONTINUOUS
10
5.2235116929133856
20
-5.0246207480314959
11
5.2229790157480318
21
-5.0251534251968506
0
LINE
8
BLACK
6
CONTINUOUS
10
5.2229790157480318
20
-5.0251534251968506
11
5.2226023622047242
21
-5.0252283464566929
0
LINE
8
BLACK
6
CONTINUOUS
10
5.2226023622047242
20
-5.0252283464566929
11
4.8320511811023623
21
-5.0252283464566929
0
LINE
8
BLACK
6
CONTINUOUS
10
4.8320511811023623
20
-5.0252283464566929
11
4.8316745275590547
21
-5.0251534251968506
0
LINE
8
BLACK
6
CONTINUOUS
10
4.8316745275590547
20
-5.0251534251968506
11
4.8311418503937009
21
-5.0246207480314959
0
LINE
8
BLACK
6
CONTINUOUS
10
4.8311418503937009
20
-5.0246207480314959
11
4.8310669291338586
21
-5.0242440944881892
0
LINE
8
BLACK
6
CONTINUOUS
10
4.8310669291338586
20
-5.0242440944881892
11
4.8310669291338586
21
-4.8982598425196846
0
LINE
8
BLACK
6
CONTINUOUS
10
4.8310669291338586
20
-4.8982598425196846
11
4.8311418503937009
21
-4.8978831889763779
0
LINE
8
BLACK
6
CONTINUOUS
10
4.8311418503937009
20
-4.8978831889763779
11
4.8316745275590547
21
-4.8973505118110232
0
LINE
8
BLACK
6
CONTINUOUS
10
4.8316745275590547
20
-4.8973505118110232
11
4.8320511811023623
21
-4.8972755905511809
0
LINE
8
BLACK
6
CONTINUOUS
10
4.8320511811023623
20
-4.8972755905511809
11
5.2226023622047242
21
-4.8972755905511809
0
LINE
8
BLACK
6
CONTINUOUS
10
5.2226023622047242
20
-4.8972755905511809
11
5.2229790157480318
21
-4.8973505118110232
0
LINE
8
BLACK
6
CONTINUOUS
10
4.833035433070866
20
-4.8992440944881892
11
4.833035433070866
21
-5.0232598425196846
0
LINE
8
BLACK
6
CONTINUOUS
10
4.833035433070866
20
-5.0232598425196846
11
5.2216181102362205
21
-5.0232598425196846
0
LINE
8
BLACK
6
CONTINUOUS
10
5.2216181102362205
20
-5.0232598425196846
11
5.2216181102362205
21
-4.8992440944881892
0
LINE
8
BLACK
6
CONTINUOUS
10
5.2216181102362205
20
-4.8992440944881892
11
4.833035433070866
21
-4.8992440944881892
0
LINE
8
BLACK
6
CONTINUOUS
10
12.5194357086614172
20
-4.8894764960629917
11
12.5199683858267719
21
-4.8900091732283464
0
LINE
8
BLACK
6
CONTINUOUS
10
12.5199683858267719
20
-4.8900091732283464
11
12.5200433070866133
21
-4.8903858267716531
0
LINE
8
BLACK
6
CONTINUOUS
10
12.5200433070866133
20
-4.8903858267716531
11
12.5200433070866133
21
-4.9809370078740161
0
LINE
8
BLACK
6
CONTINUOUS
10
12.5200433070866133
20
-4.9809370078740161
11
12.5199683858267719
21
-4.9813136614173228
0
LINE
8
BLACK
6
CONTINUOUS
10
12.5199683858267719
20
-4.9813136614173228
11
12.5194357086614172
21
-4.9818463385826774
0
LINE
8
BLACK
6
CONTINUOUS
10
12.5194357086614172
20
-4.9818463385826774
11
12.5190590551181096
21
-4.9819212598425198
0
LINE
8
BLACK
6
CONTINUOUS
10
12.5190590551181096
20
-4.9819212598425198
11
12.3340196850393706
21
-4.9819212598425198
0
LINE
8
BLACK
6
CONTINUOUS
10
12.3340196850393706
20
-4.9819212598425198
11
12.333643031496063
21
-4.9818463385826774
0
LINE
8
BLACK
6
CONTINUOUS
10
12.333643031496063
20
-4.9818463385826774
11
12.3331103543307083
21
-4.9813136614173228
0
LINE
8
BLACK
6
CONTINUOUS
10
12.3331103543307083
20
-4.9813136614173228
11
12.3330354330708651
21
-4.9809370078740161
0
LINE
8
BLACK
6
CONTINUOUS
10
12.3330354330708651
20
-4.9809370078740161
11
12.3330354330708651
21
-4.8903858267716531
0
LINE
8
BLACK
6
CONTINUOUS
10
12.3330354330708651
20
-4.8903858267716531
11
12.3331103543307083
21
-4.8900091732283464
0
LINE
8
BLACK
6
CONTINUOUS
10
12.3331103543307083
20
-4.8900091732283464
11
12.333643031496063
21
-4.8894764960629917
0
LINE
8
BLACK
6
CONTINUOUS
10
12.333643031496063
20
-4.8894764960629917
11
12.3340196850393706
21
-4.8894015748031494
0
LINE
8
BLACK
6
CONTINUOUS
10
12.3340196850393706
20
-4.8894015748031494
11
12.5190590551181096
21
-4.8894015748031494
0
LINE
8
BLACK
6
CONTINUOUS
10
12.5190590551181096
20
-4.8894015748031494
11
12.5194357086614172
21
-4.8894764960629917
0
LINE
8
BLACK
6
CONTINUOUS
10
12.3350039370078743
20
-4.8913700787401577
11
12.3350039370078743
21
-4.9799527559055115
0
LINE
8
BLACK
6
CONTINUOUS
10
12.3350039370078743
20
-4.9799527559055115
11
12.5180748031496059
21
-4.9799527559055115
0
LINE
8
BLACK
6
CONTINUOUS
10
12.5180748031496059
20
-4.9799527559055115
11
12.5180748031496059
21
-4.8913700787401577
0
LINE
8
BLACK
6
CONTINUOUS
10
12.5180748031496059
20
-4.8913700787401577
11
12.3350039370078743
21
-4.8913700787401577
0
LINE
8
BLACK
6
CONTINUOUS
10
12.6206168110236217
20
-4.8756969685039371
11
12.6211494881889763
21
-4.8762296456692908
0
LINE
8
BLACK
6
CONTINUOUS
10
12.6211494881889763
20
-4.8762296456692908
11
12.6212244094488177
21
-4.8766062992125985
0
LINE
8
BLACK
6
CONTINUOUS
10
12.6212244094488177
20
-4.8766062992125985
11
12.6212244094488177
21
-5.0025905511811022
0
LINE
8
BLACK
6
CONTINUOUS
10
12.6212244094488177
20
-5.0025905511811022
11
12.6211494881889763
21
-5.0029672047244089
0
LINE
8
BLACK
6
CONTINUOUS
10
12.6211494881889763
20
-5.0029672047244089
11
12.6206168110236217
21
-5.0034998818897636
0
LINE
8
BLACK
6
CONTINUOUS
10
12.6206168110236217
20
-5.0034998818897636
11
12.620240157480314
21
-5.0035748031496059
0
LINE
8
BLACK
6
CONTINUOUS
10
12.620240157480314
20
-5.0035748031496059
11
12.2296889763779522
21
-5.0035748031496059
0
LINE
8
BLACK
6
CONTINUOUS
10
12.2296889763779522
20
-5.0035748031496059
11
12.2293123228346445
21
-5.0034998818897636
0
LINE
8
BLACK
6
CONTINUOUS
10
12.2293123228346445
20
-5.0034998818897636
11
12.2287796456692917
21
-5.0029672047244089
0
LINE
8
BLACK
6
CONTINUOUS
10
12.2287796456692917
20
-5.0029672047244089
11
12.2287047244094484
21
-5.0025905511811022
0
LINE
8
BLACK
6
CONTINUOUS
10
12.2287047244094484
20
-5.0025905511811022
11
12.2287047244094484
21
-4.8766062992125985
0
LINE
8
BLACK
6
CONTINUOUS
10
12.2287047244094484
20
-4.8766062992125985
11
12.2287796456692917
21
-4.8762296456692908
0
LINE
8
BLACK
6
CONTINUOUS
10
12.2287796456692917
20
-4.8762296456692908
11
12.2293123228346445
21
-4.8756969685039371
0
LINE
8
BLACK
6
CONTINUOUS
10
12.2293123228346445
20
-4.8756969685039371
11
12.2296889763779522
21
-4.8756220472440948
0
LINE
8
BLACK
6
CONTINUOUS
10
12.2296889763779522
20
-4.8756220472440948
11
12.620240157480314
21
-4.8756220472440948
0
LINE
8
BLACK
6
CONTINUOUS
10
12.620240157480314
20
-4.8756220472440948
11
12.6206168110236217
21
-4.8756969685039371
0
LINE
8
BLACK
6
CONTINUOUS
10
12.2306732283464559
20
-4.8775905511811022
11
12.2306732283464559
21
-5.0016062992125985
0
LINE
8
BLACK
6
CONTINUOUS
10
12.2306732283464559
20
-5.0016062992125985
11
12.6192559055118103
21
-5.0016062992125985
0
LINE
8
BLACK
6
CONTINUOUS
10
12.6192559055118103
20
-5.0016062992125985
11
12.6192559055118103
21
-4.8775905511811022
0
LINE
8
BLACK
6
CONTINUOUS
10
12.6192559055118103
20
-4.8775905511811022
11
12.2306732283464559
21
-4.8775905511811022
0
LINE
8
BLACK
6
CONTINUOUS
10
6.0017191732283459
20
-4.7142796456692908
11
6.0022518503937006
21
-4.7148123228346455
0
LINE
8
BLACK
6
CONTINUOUS
10
6.0022518503937006
20
-4.7148123228346455
11
6.0023267716535429
21
-4.7151889763779531
0
LINE
8
BLACK
6
CONTINUOUS
10
6.0023267716535429
20
-4.7151889763779531
11
6.0023267716535429
21
-4.8057401574803151
0
LINE
8
BLACK
6
CONTINUOUS
10
6.0023267716535429
20
-4.8057401574803151
11
6.0022518503937006
21
-4.8061168110236219
0
LINE
8
BLACK
6
CONTINUOUS
10
6.0022518503937006
20
-4.8061168110236219
11
6.0017191732283459
21
-4.8066494881889765
0
LINE
8
BLACK
6
CONTINUOUS
10
6.0017191732283459
20
-4.8066494881889765
11
6.0013425196850392
21
-4.8067244094488188
0
LINE
8
BLACK
6
CONTINUOUS
10
6.0013425196850392
20
-4.8067244094488188
11
5.8163031496062993
21
-4.8067244094488188
0
LINE
8
BLACK
6
CONTINUOUS
10
5.8163031496062993
20
-4.8067244094488188
11
5.8159264960629917
21
-4.8066494881889765
0
LINE
8
BLACK
6
CONTINUOUS
10
5.8159264960629917
20
-4.8066494881889765
11
5.815393818897638
21
-4.8061168110236219
0
LINE
8
BLACK
6
CONTINUOUS
10
5.815393818897638
20
-4.8061168110236219
11
5.8153188976377947
21
-4.8057401574803151
0
LINE
8
BLACK
6
CONTINUOUS
10
5.8153188976377947
20
-4.8057401574803151
11
5.8153188976377947
21
-4.7151889763779531
0
LINE
8
BLACK
6
CONTINUOUS
10
5.8153188976377947
20
-4.7151889763779531
11
5.815393818897638
21
-4.7148123228346455
0
LINE
8
BLACK
6
CONTINUOUS
10
5.815393818897638
20
-4.7148123228346455
11
5.8159264960629917
21
-4.7142796456692908
0
LINE
8
BLACK
6
CONTINUOUS
10
5.8159264960629917
20
-4.7142796456692908
11
5.8163031496062993
21
-4.7142047244094485
0
LINE
8
BLACK
6
CONTINUOUS
10
5.8163031496062993
20
-4.7142047244094485
11
6.0013425196850392
21
-4.7142047244094485
0
LINE
8
BLACK
6
CONTINUOUS
10
6.0013425196850392
20
-4.7142047244094485
11
6.0017191732283459
21
-4.7142796456692908
0
LINE
8
BLACK
6
CONTINUOUS
10
5.8172874015748031
20
-4.7161732283464568
11
5.8172874015748031
21
-4.8047559055118105
0
LINE
8
BLACK
6
CONTINUOUS
10
5.8172874015748031
20
-4.8047559055118105
11
6.0003582677165355
21
-4.8047559055118105
0
LINE
8
BLACK
6
CONTINUOUS
10
6.0003582677165355
20
-4.8047559055118105
11
6.0003582677165355
21
-4.7161732283464568
0
LINE
8
BLACK
6
CONTINUOUS
10
6.0003582677165355
20
-4.7161732283464568
11
5.8172874015748031
21
-4.7161732283464568
0
LINE
8
BLACK
6
CONTINUOUS
10
6.1029002755905513
20
-4.7005001181102362
11
6.103432952755905
21
-4.7010327952755908
0
LINE
8
BLACK
6
CONTINUOUS
10
6.103432952755905
20
-4.7010327952755908
11
6.1035078740157482
21
-4.7014094488188976
0
LINE
8
BLACK
6
CONTINUOUS
10
6.1035078740157482
20
-4.7014094488188976
11
6.1035078740157482
21
-4.8273937007874013
0
LINE
8
BLACK
6
CONTINUOUS
10
6.1035078740157482
20
-4.8273937007874013
11
6.103432952755905
21
-4.8277703543307089
0
LINE
8
BLACK
6
CONTINUOUS
10
6.103432952755905
20
-4.8277703543307089
11
6.1029002755905513
21
-4.8283030314960627
0
LINE
8
BLACK
6
CONTINUOUS
10
6.1029002755905513
20
-4.8283030314960627
11
6.1025236220472436
21
-4.828377952755905
0
LINE
8
BLACK
6
CONTINUOUS
10
6.1025236220472436
20
-4.828377952755905
11
5.7119724409448818
21
-4.828377952755905
0
LINE
8
BLACK
6
CONTINUOUS
10
5.7119724409448818
20
-4.828377952755905
11
5.711595787401575
21
-4.8283030314960627
0
LINE
8
BLACK
6
CONTINUOUS
10
5.711595787401575
20
-4.8283030314960627
11
5.7110631102362204
21
-4.8277703543307089
0
LINE
8
BLACK
6
CONTINUOUS
10
5.7110631102362204
20
-4.8277703543307089
11
5.7109881889763781
21
-4.8273937007874013
0
LINE
8
BLACK
6
CONTINUOUS
10
5.7109881889763781
20
-4.8273937007874013
11
5.7109881889763781
21
-4.7014094488188976
0
LINE
8
BLACK
6
CONTINUOUS
10
5.7109881889763781
20
-4.7014094488188976
11
5.7110631102362204
21
-4.7010327952755908
0
LINE
8
BLACK
6
CONTINUOUS
10
5.7110631102362204
20
-4.7010327952755908
11
5.711595787401575
21
-4.7005001181102362
0
LINE
8
BLACK
6
CONTINUOUS
10
5.711595787401575
20
-4.7005001181102362
11
5.7119724409448818
21
-4.7004251968503938
0
LINE
8
BLACK
6
CONTINUOUS
10
5.7119724409448818
20
-4.7004251968503938
11
6.1025236220472436
21
-4.7004251968503938
0
LINE
8
BLACK
6
CONTINUOUS
10
6.1025236220472436
20
-4.7004251968503938
11
6.1029002755905513
21
-4.7005001181102362
0
LINE
8
BLACK
6
CONTINUOUS
10
5.7129566929133855
20
-4.7023937007874013
11
5.7129566929133855
21
-4.8264094488188976
0
LINE
8
BLACK
6
CONTINUOUS
10
5.7129566929133855
20
-4.8264094488188976
11
6.1015393700787399
21
-4.8264094488188976
0
LINE
8
BLACK
6
CONTINUOUS
10
6.1015393700787399
20
-4.8264094488188976
11
6.1015393700787399
21
-4.7023937007874013
0
LINE
8
BLACK
6
CONTINUOUS
10
6.1015393700787399
20
-4.7023937007874013
11
5.7129566929133855
21
-4.7023937007874013
0
LINE
8
BLACK
6
CONTINUOUS
10
7.8355774409448813
20
-4.657193031496063
11
7.8361101181102359
21
-4.6577257086614168
0
LINE
8
BLACK
6
CONTINUOUS
10
7.8361101181102359
20
-4.6577257086614168
11
7.8361850393700783
21
-4.6581023622047244
0
LINE
8
BLACK
6
CONTINUOUS
10
7.8361850393700783
20
-4.6581023622047244
11
7.8361850393700783
21
-4.7486535433070864
0
LINE
8
BLACK
6
CONTINUOUS
10
7.8361850393700783
20
-4.7486535433070864
11
7.8361101181102359
21
-4.7490301968503932
0
LINE
8
BLACK
6
CONTINUOUS
10
7.8361101181102359
20
-4.7490301968503932
11
7.8355774409448813
21
-4.7495628740157478
0
LINE
8
BLACK
6
CONTINUOUS
10
7.8355774409448813
20
-4.7495628740157478
11
7.8352007874015746
21
-4.7496377952755902
0
LINE
8
BLACK
6
CONTINUOUS
10
7.8352007874015746
20
-4.7496377952755902
11
7.6501614173228347
21
-4.7496377952755902
0
LINE
8
BLACK
6
CONTINUOUS
10
7.6501614173228347
20
-4.7496377952755902
11
7.6497847637795271
21
-4.7495628740157478
0
LINE
8
BLACK
6
CONTINUOUS
10
7.6497847637795271
20
-4.7495628740157478
11
7.6492520866141733
21
-4.7490301968503932
0
LINE
8
BLACK
6
CONTINUOUS
10
7.6492520866141733
20
-4.7490301968503932
11
7.6491771653543301
21
-4.7486535433070864
0
LINE
8
BLACK
6
CONTINUOUS
10
7.6491771653543301
20
-4.7486535433070864
11
7.6491771653543301
21
-4.6581023622047244
0
LINE
8
BLACK
6
CONTINUOUS
10
7.6491771653543301
20
-4.6581023622047244
11
7.6492520866141733
21
-4.6577257086614168
0
LINE
8
BLACK
6
CONTINUOUS
10
7.6492520866141733
20
-4.6577257086614168
11
7.6497847637795271
21
-4.657193031496063
0
LINE
8
BLACK
6
CONTINUOUS
10
7.6497847637795271
20
-4.657193031496063
11
7.6501614173228347
21
-4.6571181102362207
0
LINE
8
BLACK
6
CONTINUOUS
10
7.6501614173228347
20
-4.6571181102362207
11
7.8352007874015746
21
-4.6571181102362207
0
LINE
8
BLACK
6
CONTINUOUS
10
7.8352007874015746
20
-4.6571181102362207
11
7.8355774409448813
21
-4.657193031496063
0
LINE
8
BLACK
6
CONTINUOUS
10
7.6511456692913384
20
-4.6590866141732281
11
7.6511456692913384
21
-4.7476692913385827
0
LINE
8
BLACK
6
CONTINUOUS
10
7.6511456692913384
20
-4.7476692913385827
11
7.8342165354330708
21
-4.7476692913385827
0
LINE
8
BLACK
6
CONTINUOUS
10
7.8342165354330708
20
-4.7476692913385827
11
7.8342165354330708
21
-4.6590866141732281
0
LINE
8
BLACK
6
CONTINUOUS
10
7.8342165354330708
20
-4.6590866141732281
11
7.6511456692913384
21
-4.6590866141732281
0
LINE
8
BLACK
6
CONTINUOUS
10
7.9367585433070866
20
-4.6434135039370075
11
7.9372912204724404
21
-4.6439461811023621
0
LINE
8
BLACK
6
CONTINUOUS
10
7.9372912204724404
20
-4.6439461811023621
11
7.9373661417322836
21
-4.6443228346456689
0
LINE
8
BLACK
6
CONTINUOUS
10
7.9373661417322836
20
-4.6443228346456689
11
7.9373661417322836
21
-4.7703070866141735
0
LINE
8
BLACK
6
CONTINUOUS
10
7.9373661417322836
20
-4.7703070866141735
11
7.9372912204724404
21
-4.7706837401574802
0
LINE
8
BLACK
6
CONTINUOUS
10
7.9372912204724404
20
-4.7706837401574802
11
7.9367585433070866
21
-4.7712164173228349
0
LINE
8
BLACK
6
CONTINUOUS
10
7.9367585433070866
20
-4.7712164173228349
11
7.936381889763779
21
-4.7712913385826772
0
LINE
8
BLACK
6
CONTINUOUS
10
7.936381889763779
20
-4.7712913385826772
11
7.5458307086614171
21
-4.7712913385826772
0
LINE
8
BLACK
6
CONTINUOUS
10
7.5458307086614171
20
-4.7712913385826772
11
7.5454540551181104
21
-4.7712164173228349
0
LINE
8
BLACK
6
CONTINUOUS
10
7.5454540551181104
20
-4.7712164173228349
11
7.5449213779527557
21
-4.7706837401574802
0
LINE
8
BLACK
6
CONTINUOUS
10
7.5449213779527557
20
-4.7706837401574802
11
7.5448464566929134
21
-4.7703070866141735
0
LINE
8
BLACK
6
CONTINUOUS
10
7.5448464566929134
20
-4.7703070866141735
11
7.5448464566929134
21
-4.6443228346456689
0
LINE
8
BLACK
6
CONTINUOUS
10
7.5448464566929134
20
-4.6443228346456689
11
7.5449213779527557
21
-4.6439461811023621
0
LINE
8
BLACK
6
CONTINUOUS
10
7.5449213779527557
20
-4.6439461811023621
11
7.5454540551181104
21
-4.6434135039370075
0
LINE
8
BLACK
6
CONTINUOUS
10
7.5454540551181104
20
-4.6434135039370075
11
7.5458307086614171
21
-4.6433385826771651
0
LINE
8
BLACK
6
CONTINUOUS
10
7.5458307086614171
20
-4.6433385826771651
11
7.936381889763779
21
-4.6433385826771651
0
LINE
8
BLACK
6
CONTINUOUS
10
7.936381889763779
20
-4.6433385826771651
11
7.9367585433070866
21
-4.6434135039370075
0
LINE
8
BLACK
6
CONTINUOUS
10
7.5468149606299209
20
-4.6453070866141735
11
7.5468149606299209
21
-4.7693228346456689
0
LINE
8
BLACK
6
CONTINUOUS
10
7.5468149606299209
20
-4.7693228346456689
11
7.9353976377952753
21
-4.7693228346456689
0
LINE
8
BLACK
6
CONTINUOUS
10
7.9353976377952753
20
-4.7693228346456689
11
7.9353976377952753
21
-4.6453070866141735
0
LINE
8
BLACK
6
CONTINUOUS
10
7.9353976377952753
20
-4.6453070866141735
11
7.5468149606299209
21
-4.6453070866141735
0
LINE
8
BLACK
6
CONTINUOUS
10
11.5662861023622039
20
-4.6256969685039371
11
11.5668187795275585
21
-4.6262296456692908
0
LINE
8
BLACK
6
CONTINUOUS
10
11.5668187795275585
20
-4.6262296456692908
11
11.5668937007874018
21
-4.6266062992125985
0
LINE
8
BLACK
6
CONTINUOUS
10
11.5668937007874018
20
-4.6266062992125985
11
11.5668937007874018
21
-4.7171574803149605
0
LINE
8
BLACK
6
CONTINUOUS
10
11.5668937007874018
20
-4.7171574803149605
11
11.5668187795275585
21
-4.7175341338582673
0
LINE
8
BLACK
6
CONTINUOUS
10
11.5668187795275585
20
-4.7175341338582673
11
11.5662861023622039
21
-4.7180668110236219
0
LINE
8
BLACK
6
CONTINUOUS
10
11.5662861023622039
20
-4.7180668110236219
11
11.565909448818898
21
-4.7181417322834642
0
LINE
8
BLACK
6
CONTINUOUS
10
11.565909448818898
20
-4.7181417322834642
11
11.3808700787401573
21
-4.7181417322834642
0
LINE
8
BLACK
6
CONTINUOUS
10
11.3808700787401573
20
-4.7181417322834642
11
11.3804934251968497
21
-4.7180668110236219
0
LINE
8
BLACK
6
CONTINUOUS
10
11.3804934251968497
20
-4.7180668110236219
11
11.379960748031495
21
-4.7175341338582673
0
LINE
8
BLACK
6
CONTINUOUS
10
11.379960748031495
20
-4.7175341338582673
11
11.3798858267716536
21
-4.7171574803149605
0
LINE
8
BLACK
6
CONTINUOUS
10
11.3798858267716536
20
-4.7171574803149605
11
11.3798858267716536
21
-4.6266062992125985
0
LINE
8
BLACK
6
CONTINUOUS
10
11.3798858267716536
20
-4.6266062992125985
11
11.379960748031495
21
-4.6262296456692908
0
LINE
8
BLACK
6
CONTINUOUS
10
11.379960748031495
20
-4.6262296456692908
11
11.3804934251968497
21
-4.6256969685039371
0
LINE
8
BLACK
6
CONTINUOUS
10
11.3804934251968497
20
-4.6256969685039371
11
11.3808700787401573
21
-4.6256220472440948
0
LINE
8
BLACK
6
CONTINUOUS
10
11.3808700787401573
20
-4.6256220472440948
11
11.565909448818898
21
-4.6256220472440948
0
LINE
8
BLACK
6
CONTINUOUS
10
11.565909448818898
20
-4.6256220472440948
11
11.5662861023622039
21
-4.6256969685039371
0
LINE
8
BLACK
6
CONTINUOUS
10
11.381854330708661
20
-4.6275905511811022
11
11.381854330708661
21
-4.7161732283464568
0
LINE
8
BLACK
6
CONTINUOUS
10
11.381854330708661
20
-4.7161732283464568
11
11.5649251968503926
21
-4.7161732283464568
0
LINE
8
BLACK
6
CONTINUOUS
10
11.5649251968503926
20
-4.7161732283464568
11
11.5649251968503926
21
-4.6275905511811022
0
LINE
8
BLACK
6
CONTINUOUS
10
11.5649251968503926
20
-4.6275905511811022
11
11.381854330708661
21
-4.6275905511811022
0
LINE
8
BLACK
6
CONTINUOUS
10
11.6674672047244083
20
-4.6119174409448815
11
11.667999881889763
21
-4.6124501181102362
0
LINE
8
BLACK
6
CONTINUOUS
10
11.667999881889763
20
-4.6124501181102362
11
11.6680748031496062
21
-4.6128267716535429
0
LINE
8
BLACK
6
CONTINUOUS
10
11.6680748031496062
20
-4.6128267716535429
11
11.6680748031496062
21
-4.7388110236220475
0
LINE
8
BLACK
6
CONTINUOUS
10
11.6680748031496062
20
-4.7388110236220475
11
11.667999881889763
21
-4.7391876771653543
0
LINE
8
BLACK
6
CONTINUOUS
10
11.667999881889763
20
-4.7391876771653543
11
11.6674672047244083
21
-4.7397203543307089
0
LINE
8
BLACK
6
CONTINUOUS
10
11.6674672047244083
20
-4.7397203543307089
11
11.6670905511811025
21
-4.7397952755905512
0
LINE
8
BLACK
6
CONTINUOUS
10
11.6670905511811025
20
-4.7397952755905512
11
11.2765393700787406
21
-4.7397952755905512
0
LINE
8
BLACK
6
CONTINUOUS
10
11.2765393700787406
20
-4.7397952755905512
11
11.276162716535433
21
-4.7397203543307089
0
LINE
8
BLACK
6
CONTINUOUS
10
11.276162716535433
20
-4.7397203543307089
11
11.2756300393700784
21
-4.7391876771653543
0
LINE
8
BLACK
6
CONTINUOUS
10
11.2756300393700784
20
-4.7391876771653543
11
11.2755551181102351
21
-4.7388110236220475
0
LINE
8
BLACK
6
CONTINUOUS
10
11.2755551181102351
20
-4.7388110236220475
11
11.2755551181102351
21
-4.6128267716535429
0
LINE
8
BLACK
6
CONTINUOUS
10
11.2755551181102351
20
-4.6128267716535429
11
11.2756300393700784
21
-4.6124501181102362
0
LINE
8
BLACK
6
CONTINUOUS
10
11.2756300393700784
20
-4.6124501181102362
11
11.276162716535433
21
-4.6119174409448815
0
LINE
8
BLACK
6
CONTINUOUS
10
11.276162716535433
20
-4.6119174409448815
11
11.2765393700787406
21
-4.6118425196850392
0
LINE
8
BLACK
6
CONTINUOUS
10
11.2765393700787406
20
-4.6118425196850392
11
11.6670905511811025
21
-4.6118425196850392
0
LINE
8
BLACK
6
CONTINUOUS
10
11.6670905511811025
20
-4.6118425196850392
11
11.6674672047244083
21
-4.6119174409448815
0
LINE
8
BLACK
6
CONTINUOUS
10
11.2775236220472443
20
-4.6138110236220475
11
11.2775236220472443
21
-4.7378267716535429
0
LINE
8
BLACK
6
CONTINUOUS
10
11.2775236220472443
20
-4.7378267716535429
11
11.6661062992125988
21
-4.7378267716535429
0
LINE
8
BLACK
6
CONTINUOUS
10
11.6661062992125988
20
-4.7378267716535429
11
11.6661062992125988
21
-4.6138110236220475
0
LINE
8
BLACK
6
CONTINUOUS
10
11.6661062992125988
20
-4.6138110236220475
11
11.2775236220472443
21
-4.6138110236220475
0
LINE
8
BLACK
6
CONTINUOUS
10
2.9284908267716534
20
-4.513492244094488
11
2.9290235039370076
21
-4.5140249212598427
0
LINE
8
BLACK
6
CONTINUOUS
10
2.9290235039370076
20
-4.5140249212598427
11
2.9290984251968504
21
-4.5144015748031494
0
LINE
8
BLACK
6
CONTINUOUS
10
2.9290984251968504
20
-4.5144015748031494
11
2.9290984251968504
21
-4.6049527559055115
0
LINE
8
BLACK
6
CONTINUOUS
10
2.9290984251968504
20
-4.6049527559055115
11
2.9290235039370076
21
-4.6053294094488191
0
LINE
8
BLACK
6
CONTINUOUS
10
2.9290235039370076
20
-4.6053294094488191
11
2.9284908267716534
21
-4.6058620866141728
0
LINE
8
BLACK
6
CONTINUOUS
10
2.9284908267716534
20
-4.6058620866141728
11
2.9281141732283462
21
-4.6059370078740161
0
LINE
8
BLACK
6
CONTINUOUS
10
2.9281141732283462
20
-4.6059370078740161
11
2.7430748031496064
21
-4.6059370078740161
0
LINE
8
BLACK
6
CONTINUOUS
10
2.7430748031496064
20
-4.6059370078740161
11
2.7426981496062992
21
-4.6058620866141728
0
LINE
8
BLACK
6
CONTINUOUS
10
2.7426981496062992
20
-4.6058620866141728
11
2.742165472440945
21
-4.6053294094488191
0
LINE
8
BLACK
6
CONTINUOUS
10
2.742165472440945
20
-4.6053294094488191
11
2.7420905511811022
21
-4.6049527559055115
0
LINE
8
BLACK
6
CONTINUOUS
10
2.7420905511811022
20
-4.6049527559055115
11
2.7420905511811022
21
-4.5144015748031494
0
LINE
8
BLACK
6
CONTINUOUS
10
2.7420905511811022
20
-4.5144015748031494
11
2.742165472440945
21
-4.5140249212598427
0
LINE
8
BLACK
6
CONTINUOUS
10
2.742165472440945
20
-4.5140249212598427
11
2.7426981496062992
21
-4.513492244094488
0
LINE
8
BLACK
6
CONTINUOUS
10
2.7426981496062992
20
-4.513492244094488
11
2.7430748031496064
21
-4.5134173228346457
0
LINE
8
BLACK
6
CONTINUOUS
10
2.7430748031496064
20
-4.5134173228346457
11
2.9281141732283462
21
-4.5134173228346457
0
LINE
8
BLACK
6
CONTINUOUS
10
2.9281141732283462
20
-4.5134173228346457
11
2.9284908267716534
21
-4.513492244094488
0
LINE
8
BLACK
6
CONTINUOUS
10
2.7440590551181101
20
-4.5153858267716531
11
2.7440590551181101
21
-4.6039685039370077
0
LINE
8
BLACK
6
CONTINUOUS
10
2.7440590551181101
20
-4.6039685039370077
11
2.9271299212598425
21
-4.6039685039370077
0
LINE
8
BLACK
6
CONTINUOUS
10
2.9271299212598425
20
-4.6039685039370077
11
2.9271299212598425
21
-4.5153858267716531
0
LINE
8
BLACK
6
CONTINUOUS
10
2.9271299212598425
20
-4.5153858267716531
11
2.7440590551181101
21
-4.5153858267716531
0
LINE
8
BLACK
6
CONTINUOUS
10
3.0296719291338583
20
-4.4997127165354334
11
3.0302046062992125
21
-4.5002453937007871
0
LINE
8
BLACK
6
CONTINUOUS
10
3.0302046062992125
20
-4.5002453937007871
11
3.0302795275590548
21
-4.5006220472440948
0
LINE
8
BLACK
6
CONTINUOUS
10
3.0302795275590548
20
-4.5006220472440948
11
3.0302795275590548
21
-4.6266062992125985
0
LINE
8
BLACK
6
CONTINUOUS
10
3.0302795275590548
20
-4.6266062992125985
11
3.0302046062992125
21
-4.6269829527559052
0
LINE
8
BLACK
6
CONTINUOUS
10
3.0302046062992125
20
-4.6269829527559052
11
3.0296719291338583
21
-4.6275156299212599
0
LINE
8
BLACK
6
CONTINUOUS
10
3.0296719291338583
20
-4.6275156299212599
11
3.0292952755905511
21
-4.6275905511811022
0
LINE
8
BLACK
6
CONTINUOUS
10
3.0292952755905511
20
-4.6275905511811022
11
2.6387440944881888
21
-4.6275905511811022
0
LINE
8
BLACK
6
CONTINUOUS
10
2.6387440944881888
20
-4.6275905511811022
11
2.6383674409448816
21
-4.6275156299212599
0
LINE
8
BLACK
6
CONTINUOUS
10
2.6383674409448816
20
-4.6275156299212599
11
2.6378347637795274
21
-4.6269829527559052
0
LINE
8
BLACK
6
CONTINUOUS
10
2.6378347637795274
20
-4.6269829527559052
11
2.6377598425196851
21
-4.6266062992125985
0
LINE
8
BLACK
6
CONTINUOUS
10
2.6377598425196851
20
-4.6266062992125985
11
2.6377598425196851
21
-4.5006220472440948
0
LINE
8
BLACK
6
CONTINUOUS
10
2.6377598425196851
20
-4.5006220472440948
11
2.6378347637795274
21
-4.5002453937007871
0
LINE
8
BLACK
6
CONTINUOUS
10
2.6378347637795274
20
-4.5002453937007871
11
2.6383674409448816
21
-4.4997127165354334
0
LINE
8
BLACK
6
CONTINUOUS
10
2.6383674409448816
20
-4.4997127165354334
11
2.6387440944881888
21
-4.4996377952755902
0
LINE
8
BLACK
6
CONTINUOUS
10
2.6387440944881888
20
-4.4996377952755902
11
3.0292952755905511
21
-4.4996377952755902
0
LINE
8
BLACK
6
CONTINUOUS
10
3.0292952755905511
20
-4.4996377952755902
11
3.0296719291338583
21
-4.4997127165354334
0
LINE
8
BLACK
6
CONTINUOUS
10
2.639728346456693
20
-4.5016062992125985
11
2.639728346456693
21
-4.6256220472440948
0
LINE
8
BLACK
6
CONTINUOUS
10
2.639728346456693
20
-4.6256220472440948
11
3.028311023622047
21
-4.6256220472440948
0
LINE
8
BLACK
6
CONTINUOUS
10
3.028311023622047
20
-4.6256220472440948
11
3.028311023622047
21
-4.5016062992125985
0
LINE
8
BLACK
6
CONTINUOUS
10
3.028311023622047
20
-4.5016062992125985
11
2.639728346456693
21
-4.5016062992125985
0
LINE
8
BLACK
6
CONTINUOUS
10
3.4505380708661417
20
-4.5115237401574806
11
3.4510707480314959
21
-4.5120564173228344
0
LINE
8
BLACK
6
CONTINUOUS
10
3.4510707480314959
20
-4.5120564173228344
11
3.4511456692913387
21
-4.512433070866142
0
LINE
8
BLACK
6
CONTINUOUS
10
3.4511456692913387
20
-4.512433070866142
11
3.4511456692913387
21
-4.602984251968504
0
LINE
8
BLACK
6
CONTINUOUS
10
3.4511456692913387
20
-4.602984251968504
11
3.4510707480314959
21
-4.6033609055118108
0
LINE
8
BLACK
6
CONTINUOUS
10
3.4510707480314959
20
-4.6033609055118108
11
3.4505380708661417
21
-4.6038935826771654
0
LINE
8
BLACK
6
CONTINUOUS
10
3.4505380708661417
20
-4.6038935826771654
11
3.4501614173228345
21
-4.6039685039370077
0
LINE
8
BLACK
6
CONTINUOUS
10
3.4501614173228345
20
-4.6039685039370077
11
3.2651220472440943
21
-4.6039685039370077
0
LINE
8
BLACK
6
CONTINUOUS
10
3.2651220472440943
20
-4.6039685039370077
11
3.2647453937007875
21
-4.6038935826771654
0
LINE
8
BLACK
6
CONTINUOUS
10
3.2647453937007875
20
-4.6038935826771654
11
3.2642127165354329
21
-4.6033609055118108
0
LINE
8
BLACK
6
CONTINUOUS
10
3.2642127165354329
20
-4.6033609055118108
11
3.2641377952755906
21
-4.602984251968504
0
LINE
8
BLACK
6
CONTINUOUS
10
3.2641377952755906
20
-4.602984251968504
11
3.2641377952755906
21
-4.512433070866142
0
LINE
8
BLACK
6
CONTINUOUS
10
3.2641377952755906
20
-4.512433070866142
11
3.2642127165354329
21
-4.5120564173228344
0
LINE
8
BLACK
6
CONTINUOUS
10
3.2642127165354329
20
-4.5120564173228344
11
3.2647453937007875
21
-4.5115237401574806
0
LINE
8
BLACK
6
CONTINUOUS
10
3.2647453937007875
20
-4.5115237401574806
11
3.2651220472440943
21
-4.5114488188976374
0
LINE
8
BLACK
6
CONTINUOUS
10
3.2651220472440943
20
-4.5114488188976374
11
3.4501614173228345
21
-4.5114488188976374
0
LINE
8
BLACK
6
CONTINUOUS
10
3.4501614173228345
20
-4.5114488188976374
11
3.4505380708661417
21
-4.5115237401574806
0
LINE
8
BLACK
6
CONTINUOUS
10
3.2661062992125984
20
-4.5134173228346457
11
3.2661062992125984
21
-4.6020000000000003
0
LINE
8
BLACK
6
CONTINUOUS
10
3.2661062992125984
20
-4.6020000000000003
11
3.4491771653543308
21
-4.6020000000000003
0
LINE
8
BLACK
6
CONTINUOUS
10
3.4491771653543308
20
-4.6020000000000003
11
3.4491771653543308
21
-4.5134173228346457
0
LINE
8
BLACK
6
CONTINUOUS
10
3.4491771653543308
20
-4.5134173228346457
11
3.2661062992125984
21
-4.5134173228346457
0
LINE
8
BLACK
6
CONTINUOUS
10
3.5517191732283462
20
-4.4977442125984251
11
3.5522518503937008
21
-4.4982768897637797
0
LINE
8
BLACK
6
CONTINUOUS
10
3.5522518503937008
20
-4.4982768897637797
11
3.5523267716535432
21
-4.4986535433070864
0
LINE
8
BLACK
6
CONTINUOUS
10
3.5523267716535432
20
-4.4986535433070864
11
3.5523267716535432
21
-4.6246377952755902
0
LINE
8
BLACK
6
CONTINUOUS
10
3.5523267716535432
20
-4.6246377952755902
11
3.5522518503937008
21
-4.6250144488188978
0
LINE
8
BLACK
6
CONTINUOUS
10
3.5522518503937008
20
-4.6250144488188978
11
3.5517191732283462
21
-4.6255471259842516
0
LINE
8
BLACK
6
CONTINUOUS
10
3.5517191732283462
20
-4.6255471259842516
11
3.5513425196850394
21
-4.6256220472440948
0
LINE
8
BLACK
6
CONTINUOUS
10
3.5513425196850394
20
-4.6256220472440948
11
3.1607913385826771
21
-4.6256220472440948
0
LINE
8
BLACK
6
CONTINUOUS
10
3.1607913385826771
20
-4.6256220472440948
11
3.16041468503937
21
-4.6255471259842516
0
LINE
8
BLACK
6
CONTINUOUS
10
3.16041468503937
20
-4.6255471259842516
11
3.1598820078740157
21
-4.6250144488188978
0
LINE
8
BLACK
6
CONTINUOUS
10
3.1598820078740157
20
-4.6250144488188978
11
3.159807086614173
21
-4.6246377952755902
0
LINE
8
BLACK
6
CONTINUOUS
10
3.159807086614173
20
-4.6246377952755902
11
3.159807086614173
21
-4.4986535433070864
0
LINE
8
BLACK
6
CONTINUOUS
10
3.159807086614173
20
-4.4986535433070864
11
3.1598820078740157
21
-4.4982768897637797
0
LINE
8
BLACK
6
CONTINUOUS
10
3.1598820078740157
20
-4.4982768897637797
11
3.16041468503937
21
-4.4977442125984251
0
LINE
8
BLACK
6
CONTINUOUS
10
3.16041468503937
20
-4.4977442125984251
11
3.1607913385826771
21
-4.4976692913385827
0
LINE
8
BLACK
6
CONTINUOUS
10
3.1607913385826771
20
-4.4976692913385827
11
3.5513425196850394
21
-4.4976692913385827
0
LINE
8
BLACK
6
CONTINUOUS
10
3.5513425196850394
20
-4.4976692913385827
11
3.5517191732283462
21
-4.4977442125984251
0
LINE
8
BLACK
6
CONTINUOUS
10
3.1617755905511808
20
-4.4996377952755902
11
3.1617755905511808
21
-4.6236535433070864
0
LINE
8
BLACK
6
CONTINUOUS
10
3.1617755905511808
20
-4.6236535433070864
11
3.5503582677165353
21
-4.6236535433070864
0
LINE
8
BLACK
6
CONTINUOUS
10
3.5503582677165353
20
-4.6236535433070864
11
3.5503582677165353
21
-4.4996377952755902
0
LINE
8
BLACK
6
CONTINUOUS
10
3.5503582677165353
20
-4.4996377952755902
11
3.1617755905511808
21
-4.4996377952755902
0
LINE
8
BLACK
6
CONTINUOUS
10
4.2237664173228344
20
-4.5075867322834648
11
4.2242990944881891
21
-4.5081194094488186
0
LINE
8
BLACK
6
CONTINUOUS
10
4.2242990944881891
20
-4.5081194094488186
11
4.2243740157480314
21
-4.5084960629921262
0
LINE
8
BLACK
6
CONTINUOUS
10
4.2243740157480314
20
-4.5084960629921262
11
4.2243740157480314
21
-4.5990472440944883
0
LINE
8
BLACK
6
CONTINUOUS
10
4.2243740157480314
20
-4.5990472440944883
11
4.2242990944881891
21
-4.599423897637795
0
LINE
8
BLACK
6
CONTINUOUS
10
4.2242990944881891
20
-4.599423897637795
11
4.2237664173228344
21
-4.5999565748031497
0
LINE
8
BLACK
6
CONTINUOUS
10
4.2237664173228344
20
-4.5999565748031497
11
4.2233897637795277
21
-4.600031496062992
0
LINE
8
BLACK
6
CONTINUOUS
10
4.2233897637795277
20
-4.600031496062992
11
4.038350393700787
21
-4.600031496062992
0
LINE
8
BLACK
6
CONTINUOUS
10
4.038350393700787
20
-4.600031496062992
11
4.0379737401574802
21
-4.5999565748031497
0
LINE
8
BLACK
6
CONTINUOUS
10
4.0379737401574802
20
-4.5999565748031497
11
4.0374410629921256
21
-4.599423897637795
0
LINE
8
BLACK
6
CONTINUOUS
10
4.0374410629921256
20
-4.599423897637795
11
4.0373661417322833
21
-4.5990472440944883
0
LINE
8
BLACK
6
CONTINUOUS
10
4.0373661417322833
20
-4.5990472440944883
11
4.0373661417322833
21
-4.5084960629921262
0
LINE
8
BLACK
6
CONTINUOUS
10
4.0373661417322833
20
-4.5084960629921262
11
4.0374410629921256
21
-4.5081194094488186
0
LINE
8
BLACK
6
CONTINUOUS
10
4.0374410629921256
20
-4.5081194094488186
11
4.0379737401574802
21
-4.5075867322834648
0
LINE
8
BLACK
6
CONTINUOUS
10
4.0379737401574802
20
-4.5075867322834648
11
4.038350393700787
21
-4.5075118110236216
0
LINE
8
BLACK
6
CONTINUOUS
10
4.038350393700787
20
-4.5075118110236216
11
4.2233897637795277
21
-4.5075118110236216
0
LINE
8
BLACK
6
CONTINUOUS
10
4.2233897637795277
20
-4.5075118110236216
11
4.2237664173228344
21
-4.5075867322834648
0
LINE
8
BLACK
6
CONTINUOUS
10
4.0393346456692916
20
-4.50948031496063
11
4.0393346456692916
21
-4.5980629921259846
0
LINE
8
BLACK
6
CONTINUOUS
10
4.0393346456692916
20
-4.5980629921259846
11
4.2224055118110231
21
-4.5980629921259846
0
LINE
8
BLACK
6
CONTINUOUS
10
4.2224055118110231
20
-4.5980629921259846
11
4.2224055118110231
21
-4.50948031496063
0
LINE
8
BLACK
6
CONTINUOUS
10
4.2224055118110231
20
-4.50948031496063
11
4.0393346456692916
21
-4.50948031496063
0
LINE
8
BLACK
6
CONTINUOUS
10
4.3249475196850389
20
-4.4938072047244093
11
4.3254801968503935
21
-4.494339881889764
0
LINE
8
BLACK
6
CONTINUOUS
10
4.3254801968503935
20
-4.494339881889764
11
4.3255551181102359
21
-4.4947165354330707
0
LINE
8
BLACK
6
CONTINUOUS
10
4.3255551181102359
20
-4.4947165354330707
11
4.3255551181102359
21
-4.6207007874015744
0
LINE
8
BLACK
6
CONTINUOUS
10
4.3255551181102359
20
-4.6207007874015744
11
4.3254801968503935
21
-4.621077440944882
0
LINE
8
BLACK
6
CONTINUOUS
10
4.3254801968503935
20
-4.621077440944882
11
4.3249475196850389
21
-4.6216101181102358
0
LINE
8
BLACK
6
CONTINUOUS
10
4.3249475196850389
20
-4.6216101181102358
11
4.3245708661417321
21
-4.621685039370079
0
LINE
8
BLACK
6
CONTINUOUS
10
4.3245708661417321
20
-4.621685039370079
11
3.9340196850393698
21
-4.621685039370079
0
LINE
8
BLACK
6
CONTINUOUS
10
3.9340196850393698
20
-4.621685039370079
11
3.9336430314960631
21
-4.6216101181102358
0
LINE
8
BLACK
6
CONTINUOUS
10
3.9336430314960631
20
-4.6216101181102358
11
3.9331103543307084
21
-4.621077440944882
0
LINE
8
BLACK
6
CONTINUOUS
10
3.9331103543307084
20
-4.621077440944882
11
3.9330354330708661
21
-4.6207007874015744
0
LINE
8
BLACK
6
CONTINUOUS
10
3.9330354330708661
20
-4.6207007874015744
11
3.9330354330708661
21
-4.4947165354330707
0
LINE
8
BLACK
6
CONTINUOUS
10
3.9330354330708661
20
-4.4947165354330707
11
3.9331103543307084
21
-4.494339881889764
0
LINE
8
BLACK
6
CONTINUOUS
10
3.9331103543307084
20
-4.494339881889764
11
3.9336430314960631
21
-4.4938072047244093
0
LINE
8
BLACK
6
CONTINUOUS
10
3.9336430314960631
20
-4.4938072047244093
11
3.9340196850393698
21
-4.493732283464567
0
LINE
8
BLACK
6
CONTINUOUS
10
3.9340196850393698
20
-4.493732283464567
11
4.3245708661417321
21
-4.493732283464567
0
LINE
8
BLACK
6
CONTINUOUS
10
4.3245708661417321
20
-4.493732283464567
11
4.3249475196850389
21
-4.4938072047244093
0
LINE
8
BLACK
6
CONTINUOUS
10
3.935003937007874
20
-4.4957007874015744
11
3.935003937007874
21
-4.6197165354330707
0
LINE
8
BLACK
6
CONTINUOUS
10
3.935003937007874
20
-4.6197165354330707
11
4.3235866141732284
21
-4.6197165354330707
0
LINE
8
BLACK
6
CONTINUOUS
10
4.3235866141732284
20
-4.6197165354330707
11
4.3235866141732284
21
-4.4957007874015744
0
LINE
8
BLACK
6
CONTINUOUS
10
4.3235866141732284
20
-4.4957007874015744
11
3.935003937007874
21
-4.4957007874015744
0
LINE
8
BLACK
6
CONTINUOUS
10
14.0450262598425191
20
-4.5016812204724408
11
14.0455589370078737
21
-4.5022138976377954
0
LINE
8
BLACK
6
CONTINUOUS
10
14.0455589370078737
20
-4.5022138976377954
11
14.0456338582677169
21
-4.5025905511811022
0
LINE
8
BLACK
6
CONTINUOUS
10
14.0456338582677169
20
-4.5025905511811022
11
14.0456338582677169
21
-4.5931417322834642
0
LINE
8
BLACK
6
CONTINUOUS
10
14.0456338582677169
20
-4.5931417322834642
11
14.0455589370078737
21
-4.5935183858267719
0
LINE
8
BLACK
6
CONTINUOUS
10
14.0455589370078737
20
-4.5935183858267719
11
14.0450262598425191
21
-4.5940510629921256
0
LINE
8
BLACK
6
CONTINUOUS
10
14.0450262598425191
20
-4.5940510629921256
11
14.0446496062992114
21
-4.5941259842519688
0
LINE
8
BLACK
6
CONTINUOUS
10
14.0446496062992114
20
-4.5941259842519688
11
13.8596102362204725
21
-4.5941259842519688
0
LINE
8
BLACK
6
CONTINUOUS
10
13.8596102362204725
20
-4.5941259842519688
11
13.8592335826771649
21
-4.5940510629921256
0
LINE
8
BLACK
6
CONTINUOUS
10
13.8592335826771649
20
-4.5940510629921256
11
13.8587009055118102
21
-4.5935183858267719
0
LINE
8
BLACK
6
CONTINUOUS
10
13.8587009055118102
20
-4.5935183858267719
11
13.8586259842519688
21
-4.5931417322834642
0
LINE
8
BLACK
6
CONTINUOUS
10
13.8586259842519688
20
-4.5931417322834642
11
13.8586259842519688
21
-4.5025905511811022
0
LINE
8
BLACK
6
CONTINUOUS
10
13.8586259842519688
20
-4.5025905511811022
11
13.8587009055118102
21
-4.5022138976377954
0
LINE
8
BLACK
6
CONTINUOUS
10
13.8587009055118102
20
-4.5022138976377954
11
13.8592335826771649
21
-4.5016812204724408
0
LINE
8
BLACK
6
CONTINUOUS
10
13.8592335826771649
20
-4.5016812204724408
11
13.8596102362204725
21
-4.5016062992125985
0
LINE
8
BLACK
6
CONTINUOUS
10
13.8596102362204725
20
-4.5016062992125985
11
14.0446496062992114
21
-4.5016062992125985
0
LINE
8
BLACK
6
CONTINUOUS
10
14.0446496062992114
20
-4.5016062992125985
11
14.0450262598425191
21
-4.5016812204724408
0
LINE
8
BLACK
6
CONTINUOUS
10
13.8605944881889762
20
-4.5035748031496059
11
13.8605944881889762
21
-4.5921574803149605
0
LINE
8
BLACK
6
CONTINUOUS
10
13.8605944881889762
20
-4.5921574803149605
11
14.0436653543307077
21
-4.5921574803149605
0
LINE
8
BLACK
6
CONTINUOUS
10
14.0436653543307077
20
-4.5921574803149605
11
14.0436653543307077
21
-4.5035748031496059
0
LINE
8
BLACK
6
CONTINUOUS
10
14.0436653543307077
20
-4.5035748031496059
11
13.8605944881889762
21
-4.5035748031496059
0
LINE
8
BLACK
6
CONTINUOUS
10
14.1462073622047235
20
-4.4879016929133861
11
14.1467400393700782
21
-4.4884343700787399
0
LINE
8
BLACK
6
CONTINUOUS
10
14.1467400393700782
20
-4.4884343700787399
11
14.1468149606299214
21
-4.4888110236220475
0
LINE
8
BLACK
6
CONTINUOUS
10
14.1468149606299214
20
-4.4888110236220475
11
14.1468149606299214
21
-4.6147952755905512
0
LINE
8
BLACK
6
CONTINUOUS
10
14.1468149606299214
20
-4.6147952755905512
11
14.1467400393700782
21
-4.615171929133858
0
LINE
8
BLACK
6
CONTINUOUS
10
14.1467400393700782
20
-4.615171929133858
11
14.1462073622047235
21
-4.6157046062992126
0
LINE
8
BLACK
6
CONTINUOUS
10
14.1462073622047235
20
-4.6157046062992126
11
14.1458307086614177
21
-4.615779527559055
0
LINE
8
BLACK
6
CONTINUOUS
10
14.1458307086614177
20
-4.615779527559055
11
13.755279527559054
21
-4.615779527559055
0
LINE
8
BLACK
6
CONTINUOUS
10
13.755279527559054
20
-4.615779527559055
11
13.7549028740157482
21
-4.6157046062992126
0
LINE
8
BLACK
6
CONTINUOUS
10
13.7549028740157482
20
-4.6157046062992126
11
13.7543701968503935
21
-4.615171929133858
0
LINE
8
BLACK
6
CONTINUOUS
10
13.7543701968503935
20
-4.615171929133858
11
13.7542952755905503
21
-4.6147952755905512
0
LINE
8
BLACK
6
CONTINUOUS
10
13.7542952755905503
20
-4.6147952755905512
11
13.7542952755905503
21
-4.4888110236220475
0
LINE
8
BLACK
6
CONTINUOUS
10
13.7542952755905503
20
-4.4888110236220475
11
13.7543701968503935
21
-4.4884343700787399
0
LINE
8
BLACK
6
CONTINUOUS
10
13.7543701968503935
20
-4.4884343700787399
11
13.7549028740157482
21
-4.4879016929133861
0
LINE
8
BLACK
6
CONTINUOUS
10
13.7549028740157482
20
-4.4879016929133861
11
13.755279527559054
21
-4.4878267716535429
0
LINE
8
BLACK
6
CONTINUOUS
10
13.755279527559054
20
-4.4878267716535429
11
14.1458307086614177
21
-4.4878267716535429
0
LINE
8
BLACK
6
CONTINUOUS
10
14.1458307086614177
20
-4.4878267716535429
11
14.1462073622047235
21
-4.4879016929133861
0
LINE
8
BLACK
6
CONTINUOUS
10
13.7562637795275595
20
-4.4897952755905512
11
13.7562637795275595
21
-4.6138110236220475
0
LINE
8
BLACK
6
CONTINUOUS
10
13.7562637795275595
20
-4.6138110236220475
11
14.1448464566929122
21
-4.6138110236220475
0
LINE
8
BLACK
6
CONTINUOUS
10
14.1448464566929122
20
-4.6138110236220475
11
14.1448464566929122
21
-4.4897952755905512
0
LINE
8
BLACK
6
CONTINUOUS
10
14.1448464566929122
20
-4.4897952755905512
11
13.7562637795275595
21
-4.4897952755905512
0
LINE
8
BLACK
6
CONTINUOUS
10
13.4599868897637798
20
-4.4741221653543306
11
13.4605195669291344
21
-4.4746548425196853
0
LINE
8
BLACK
6
CONTINUOUS
10
13.4605195669291344
20
-4.4746548425196853
11
13.4605944881889759
21
-4.475031496062992
0
LINE
8
BLACK
6
CONTINUOUS
10
13.4605944881889759
20
-4.475031496062992
11
13.4605944881889759
21
-4.565582677165354
0
LINE
8
BLACK
6
CONTINUOUS
10
13.4605944881889759
20
-4.565582677165354
11
13.4605195669291344
21
-4.5659593307086617
0
LINE
8
BLACK
6
CONTINUOUS
10
13.4605195669291344
20
-4.5659593307086617
11
13.4599868897637798
21
-4.5664920078740154
0
LINE
8
BLACK
6
CONTINUOUS
10
13.4599868897637798
20
-4.5664920078740154
11
13.4596102362204721
21
-4.5665669291338578
0
LINE
8
BLACK
6
CONTINUOUS
10
13.4596102362204721
20
-4.5665669291338578
11
13.2745708661417314
21
-4.5665669291338578
0
LINE
8
BLACK
6
CONTINUOUS
10
13.2745708661417314
20
-4.5665669291338578
11
13.2741942125984256
21
-4.5664920078740154
0
LINE
8
BLACK
6
CONTINUOUS
10
13.2741942125984256
20
-4.5664920078740154
11
13.2736615354330709
21
-4.5659593307086617
0
LINE
8
BLACK
6
CONTINUOUS
10
13.2736615354330709
20
-4.5659593307086617
11
13.2735866141732277
21
-4.565582677165354
0
LINE
8
BLACK
6
CONTINUOUS
10
13.2735866141732277
20
-4.565582677165354
11
13.2735866141732277
21
-4.475031496062992
0
LINE
8
BLACK
6
CONTINUOUS
10
13.2735866141732277
20
-4.475031496062992
11
13.2736615354330709
21
-4.4746548425196853
0
LINE
8
BLACK
6
CONTINUOUS
10
13.2736615354330709
20
-4.4746548425196853
11
13.2741942125984256
21
-4.4741221653543306
0
LINE
8
BLACK
6
CONTINUOUS
10
13.2741942125984256
20
-4.4741221653543306
11
13.2745708661417314
21
-4.4740472440944883
0
LINE
8
BLACK
6
CONTINUOUS
10
13.2745708661417314
20
-4.4740472440944883
11
13.4596102362204721
21
-4.4740472440944883
0
LINE
8
BLACK
6
CONTINUOUS
10
13.4596102362204721
20
-4.4740472440944883
11
13.4599868897637798
21
-4.4741221653543306
0
LINE
8
BLACK
6
CONTINUOUS
10
13.2755551181102351
20
-4.4760157480314957
11
13.2755551181102351
21
-4.5645984251968503
0
LINE
8
BLACK
6
CONTINUOUS
10
13.2755551181102351
20
-4.5645984251968503
11
13.4586259842519684
21
-4.5645984251968503
0
LINE
8
BLACK
6
CONTINUOUS
10
13.4586259842519684
20
-4.5645984251968503
11
13.4586259842519684
21
-4.4760157480314957
0
LINE
8
BLACK
6
CONTINUOUS
10
13.4586259842519684
20
-4.4760157480314957
11
13.2755551181102351
21
-4.4760157480314957
0
LINE
8
BLACK
6
CONTINUOUS
10
13.5611679921259842
20
-4.4603426377952751
11
13.5617006692913389
21
-4.4608753149606297
0
LINE
8
BLACK
6
CONTINUOUS
10
13.5617006692913389
20
-4.4608753149606297
11
13.5617755905511803
21
-4.4612519685039373
0
LINE
8
BLACK
6
CONTINUOUS
10
13.5617755905511803
20
-4.4612519685039373
11
13.5617755905511803
21
-4.5872362204724411
0
LINE
8
BLACK
6
CONTINUOUS
10
13.5617755905511803
20
-4.5872362204724411
11
13.5617006692913389
21
-4.5876128740157478
0
LINE
8
BLACK
6
CONTINUOUS
10
13.5617006692913389
20
-4.5876128740157478
11
13.5611679921259842
21
-4.5881455511811025
0
LINE
8
BLACK
6
CONTINUOUS
10
13.5611679921259842
20
-4.5881455511811025
11
13.5607913385826766
21
-4.5882204724409448
0
LINE
8
BLACK
6
CONTINUOUS
10
13.5607913385826766
20
-4.5882204724409448
11
13.1702401574803147
21
-4.5882204724409448
0
LINE
8
BLACK
6
CONTINUOUS
10
13.1702401574803147
20
-4.5882204724409448
11
13.1698635039370071
21
-4.5881455511811025
0
LINE
8
BLACK
6
CONTINUOUS
10
13.1698635039370071
20
-4.5881455511811025
11
13.1693308267716525
21
-4.5876128740157478
0
LINE
8
BLACK
6
CONTINUOUS
10
13.1693308267716525
20
-4.5876128740157478
11
13.169255905511811
21
-4.5872362204724411
0
LINE
8
BLACK
6
CONTINUOUS
10
13.169255905511811
20
-4.5872362204724411
11
13.169255905511811
21
-4.4612519685039373
0
LINE
8
BLACK
6
CONTINUOUS
10
13.169255905511811
20
-4.4612519685039373
11
13.1693308267716525
21
-4.4608753149606297
0
LINE
8
BLACK
6
CONTINUOUS
10
13.1693308267716525
20
-4.4608753149606297
11
13.1698635039370071
21
-4.4603426377952751
0
LINE
8
BLACK
6
CONTINUOUS
10
13.1698635039370071
20
-4.4603426377952751
11
13.1702401574803147
21
-4.4602677165354327
0
LINE
8
BLACK
6
CONTINUOUS
10
13.1702401574803147
20
-4.4602677165354327
11
13.5607913385826766
21
-4.4602677165354327
0
LINE
8
BLACK
6
CONTINUOUS
10
13.5607913385826766
20
-4.4602677165354327
11
13.5611679921259842
21
-4.4603426377952751
0
LINE
8
BLACK
6
CONTINUOUS
10
13.1712244094488184
20
-4.4622362204724411
11
13.1712244094488184
21
-4.5862519685039365
0
LINE
8
BLACK
6
CONTINUOUS
10
13.1712244094488184
20
-4.5862519685039365
11
13.5598070866141729
21
-4.5862519685039365
0
LINE
8
BLACK
6
CONTINUOUS
10
13.5598070866141729
20
-4.5862519685039365
11
13.5598070866141729
21
-4.4622362204724411
0
LINE
8
BLACK
6
CONTINUOUS
10
13.5598070866141729
20
-4.4622362204724411
11
13.1712244094488184
21
-4.4622362204724411
0
LINE
8
BLACK
6
CONTINUOUS
10
7.1762809055118106
20
-4.4145757480314956
11
7.1766388188976373
21
-4.4147149212598427
0
LINE
8
BLACK
6
CONTINUOUS
10
7.1766388188976373
20
-4.4147149212598427
11
7.1770709055118109
21
-4.4153320078740155
0
LINE
8
BLACK
6
CONTINUOUS
10
7.1770709055118109
20
-4.4153320078740155
11
7.1770792913385826
21
-4.4157159448818897
0
LINE
8
BLACK
6
CONTINUOUS
10
7.1770792913385826
20
-4.4157159448818897
11
7.161355236220472
21
-4.5048914566929135
0
LINE
8
BLACK
6
CONTINUOUS
10
7.161355236220472
20
-4.5048914566929135
11
7.1612160629921258
21
-4.5052493700787402
0
LINE
8
BLACK
6
CONTINUOUS
10
7.1612160629921258
20
-4.5052493700787402
11
7.160598976377953
21
-4.5056814566929129
0
LINE
8
BLACK
6
CONTINUOUS
10
7.160598976377953
20
-4.5056814566929129
11
7.1605989370078742
21
-4.5056814173228341
0
LINE
8
BLACK
6
CONTINUOUS
10
7.1605989370078742
20
-4.5056814173228341
11
7.1605989370078742
21
-4.5056814566929129
0
LINE
8
BLACK
6
CONTINUOUS
10
7.1605989370078742
20
-4.5056814566929129
11
7.160215
21
-4.5056898425196845
0
LINE
8
BLACK
6
CONTINUOUS
10
7.160215
20
-4.5056898425196845
11
6.9779868110236221
21
-4.4735581102362207
0
LINE
8
BLACK
6
CONTINUOUS
10
6.9779868110236221
20
-4.4735581102362207
11
6.9776288976377954
21
-4.4734189370078736
0
LINE
8
BLACK
6
CONTINUOUS
10
6.9776288976377954
20
-4.4734189370078736
11
6.9771968110236218
21
-4.4728018503937008
0
LINE
8
BLACK
6
CONTINUOUS
10
6.9771968110236218
20
-4.4728018503937008
11
6.9771884251968501
21
-4.4724179133858266
0
LINE
8
BLACK
6
CONTINUOUS
10
6.9771884251968501
20
-4.4724179133858266
11
6.9929124803149607
21
-4.3832424015748028
0
LINE
8
BLACK
6
CONTINUOUS
10
6.9929124803149607
20
-4.3832424015748028
11
6.9930516535433069
21
-4.3828844881889761
0
LINE
8
BLACK
6
CONTINUOUS
10
6.9930516535433069
20
-4.3828844881889761
11
6.9936687401574797
21
-4.3824524015748034
0
LINE
8
BLACK
6
CONTINUOUS
10
6.9936687401574797
20
-4.3824524015748034
11
6.9940526771653539
21
-4.3824440157480318
0
LINE
8
BLACK
6
CONTINUOUS
10
6.9940526771653539
20
-4.3824440157480318
11
7.1762809055118106
21
-4.4145757480314956
0
LINE
8
BLACK
6
CONTINUOUS
10
6.9792979133858264
20
-4.4717904330708658
11
7.1595875590551179
21
-4.5035803149606295
0
LINE
8
BLACK
6
CONTINUOUS
10
7.1595875590551179
20
-4.5035803149606295
11
7.1749697637795276
21
-4.4163433858267718
0
LINE
8
BLACK
6
CONTINUOUS
10
7.1749697637795276
20
-4.4163433858267718
11
6.994680118110236
21
-4.384553503937008
0
LINE
8
BLACK
6
CONTINUOUS
10
6.994680118110236
20
-4.384553503937008
11
6.9792979133858264
21
-4.4717904330708658
0
LINE
8
BLACK
6
CONTINUOUS
10
7.2783175984251969
20
-4.4185754724409447
11
7.2786755118110236
21
-4.418714645669291
0
LINE
8
BLACK
6
CONTINUOUS
10
7.2786755118110236
20
-4.418714645669291
11
7.2791075984251963
21
-4.4193317322834647
0
LINE
8
BLACK
6
CONTINUOUS
10
7.2791075984251963
20
-4.4193317322834647
11
7.2791159842519679
21
-4.4197156692913389
0
LINE
8
BLACK
6
CONTINUOUS
10
7.2791159842519679
20
-4.4197156692913389
11
7.2572390551181103
21
-4.5437859448818898
0
LINE
8
BLACK
6
CONTINUOUS
10
7.2572390551181103
20
-4.5437859448818898
11
7.2570998818897632
21
-4.5441438582677165
0
LINE
8
BLACK
6
CONTINUOUS
10
7.2570998818897632
20
-4.5441438582677165
11
7.2564827952755904
21
-4.5445759448818901
0
LINE
8
BLACK
6
CONTINUOUS
10
7.2564827952755904
20
-4.5445759448818901
11
7.2560988582677162
21
-4.5445843307086617
0
LINE
8
BLACK
6
CONTINUOUS
10
7.2560988582677162
20
-4.5445843307086617
11
6.8714810236220467
21
-4.4767658267716532
0
LINE
8
BLACK
6
CONTINUOUS
10
6.8714810236220467
20
-4.4767658267716532
11
6.87112311023622
21
-4.476626653543307
0
LINE
8
BLACK
6
CONTINUOUS
10
6.87112311023622
20
-4.476626653543307
11
6.8706910236220473
21
-4.4760095669291333
0
LINE
8
BLACK
6
CONTINUOUS
10
6.8706910236220473
20
-4.4760095669291333
11
6.8706826377952757
21
-4.47562562992126
0
LINE
8
BLACK
6
CONTINUOUS
10
6.8706826377952757
20
-4.47562562992126
11
6.892559606299212
21
-4.3515553149606294
0
LINE
8
BLACK
6
CONTINUOUS
10
6.892559606299212
20
-4.3515553149606294
11
6.8926987795275592
21
-4.3511974015748027
0
LINE
8
BLACK
6
CONTINUOUS
10
6.8926987795275592
20
-4.3511974015748027
11
6.893315866141732
21
-4.35076531496063
0
LINE
8
BLACK
6
CONTINUOUS
10
6.893315866141732
20
-4.35076531496063
11
6.8936998031496062
21
-4.3507569291338584
0
LINE
8
BLACK
6
CONTINUOUS
10
6.8936998031496062
20
-4.3507569291338584
11
7.2783175984251969
21
-4.4185754724409447
0
LINE
8
BLACK
6
CONTINUOUS
10
6.8727921259842519
20
-4.4749981496062992
11
7.2554713779527553
21
-4.5424748031496058
0
LINE
8
BLACK
6
CONTINUOUS
10
7.2554713779527553
20
-4.5424748031496058
11
7.2770064566929129
21
-4.4203431102362201
0
LINE
8
BLACK
6
CONTINUOUS
10
7.2770064566929129
20
-4.4203431102362201
11
6.8943272440944883
21
-4.3528664173228346
0
LINE
8
BLACK
6
CONTINUOUS
10
6.8943272440944883
20
-4.3528664173228346
11
6.8727921259842519
21
-4.4749981496062992
0
LINE
8
BLACK
6
CONTINUOUS
10
12.5883333464566931
20
-4.2674292519685038
11
12.5888660236220478
21
-4.2679619291338584
0
LINE
8
BLACK
6
CONTINUOUS
10
12.5888660236220478
20
-4.2679619291338584
11
12.5889409448818892
21
-4.2683385826771651
0
LINE
8
BLACK
6
CONTINUOUS
10
12.5889409448818892
20
-4.2683385826771651
11
12.5889409448818892
21
-4.3588897637795272
0
LINE
8
BLACK
6
CONTINUOUS
10
12.5889409448818892
20
-4.3588897637795272
11
12.5888660236220478
21
-4.3592664173228348
0
LINE
8
BLACK
6
CONTINUOUS
10
12.5888660236220478
20
-4.3592664173228348
11
12.5883333464566931
21
-4.3597990944881886
0
LINE
8
BLACK
6
CONTINUOUS
10
12.5883333464566931
20
-4.3597990944881886
11
12.5879566929133855
21
-4.3598740157480318
0
LINE
8
BLACK
6
CONTINUOUS
10
12.5879566929133855
20
-4.3598740157480318
11
12.4029173228346448
21
-4.3598740157480318
0
LINE
8
BLACK
6
CONTINUOUS
10
12.4029173228346448
20
-4.3598740157480318
11
12.4025406692913389
21
-4.3597990944881886
0
LINE
8
BLACK
6
CONTINUOUS
10
12.4025406692913389
20
-4.3597990944881886
11
12.4020079921259843
21
-4.3592664173228348
0
LINE
8
BLACK
6
CONTINUOUS
10
12.4020079921259843
20
-4.3592664173228348
11
12.4019330708661411
21
-4.3588897637795272
0
LINE
8
BLACK
6
CONTINUOUS
10
12.4019330708661411
20
-4.3588897637795272
11
12.4019330708661411
21
-4.2683385826771651
0
LINE
8
BLACK
6
CONTINUOUS
10
12.4019330708661411
20
-4.2683385826771651
11
12.4020079921259843
21
-4.2679619291338584
0
LINE
8
BLACK
6
CONTINUOUS
10
12.4020079921259843
20
-4.2679619291338584
11
12.4025406692913389
21
-4.2674292519685038
0
LINE
8
BLACK
6
CONTINUOUS
10
12.4025406692913389
20
-4.2674292519685038
11
12.4029173228346448
21
-4.2673543307086614
0
LINE
8
BLACK
6
CONTINUOUS
10
12.4029173228346448
20
-4.2673543307086614
11
12.5879566929133855
21
-4.2673543307086614
0
LINE
8
BLACK
6
CONTINUOUS
10
12.5879566929133855
20
-4.2673543307086614
11
12.5883333464566931
21
-4.2674292519685038
0
LINE
8
BLACK
6
CONTINUOUS
10
12.4039015748031485
20
-4.2693228346456689
11
12.4039015748031485
21
-4.3579055118110235
0
LINE
8
BLACK
6
CONTINUOUS
10
12.4039015748031485
20
-4.3579055118110235
11
12.5869724409448818
21
-4.3579055118110235
0
LINE
8
BLACK
6
CONTINUOUS
10
12.5869724409448818
20
-4.3579055118110235
11
12.5869724409448818
21
-4.2693228346456689
0
LINE
8
BLACK
6
CONTINUOUS
10
12.5869724409448818
20
-4.2693228346456689
11
12.4039015748031485
21
-4.2693228346456689
0
LINE
8
BLACK
6
CONTINUOUS
10
12.6895144488188976
20
-4.2536497244094491
11
12.6900471259842522
21
-4.2541824015748029
0
LINE
8
BLACK
6
CONTINUOUS
10
12.6900471259842522
20
-4.2541824015748029
11
12.6901220472440937
21
-4.2545590551181105
0
LINE
8
BLACK
6
CONTINUOUS
10
12.6901220472440937
20
-4.2545590551181105
11
12.6901220472440937
21
-4.3805433070866142
0
LINE
8
BLACK
6
CONTINUOUS
10
12.6901220472440937
20
-4.3805433070866142
11
12.6900471259842522
21
-4.380919960629921
0
LINE
8
BLACK
6
CONTINUOUS
10
12.6900471259842522
20
-4.380919960629921
11
12.6895144488188976
21
-4.3814526377952756
0
LINE
8
BLACK
6
CONTINUOUS
10
12.6895144488188976
20
-4.3814526377952756
11
12.6891377952755899
21
-4.3815275590551179
0
LINE
8
BLACK
6
CONTINUOUS
10
12.6891377952755899
20
-4.3815275590551179
11
12.2985866141732281
21
-4.3815275590551179
0
LINE
8
BLACK
6
CONTINUOUS
10
12.2985866141732281
20
-4.3815275590551179
11
12.2982099606299204
21
-4.3814526377952756
0
LINE
8
BLACK
6
CONTINUOUS
10
12.2982099606299204
20
-4.3814526377952756
11
12.2976772834645658
21
-4.380919960629921
0
LINE
8
BLACK
6
CONTINUOUS
10
12.2976772834645658
20
-4.380919960629921
11
12.2976023622047244
21
-4.3805433070866142
0
LINE
8
BLACK
6
CONTINUOUS
10
12.2976023622047244
20
-4.3805433070866142
11
12.2976023622047244
21
-4.2545590551181105
0
LINE
8
BLACK
6
CONTINUOUS
10
12.2976023622047244
20
-4.2545590551181105
11
12.2976772834645658
21
-4.2541824015748029
0
LINE
8
BLACK
6
CONTINUOUS
10
12.2976772834645658
20
-4.2541824015748029
11
12.2982099606299204
21
-4.2536497244094491
0
LINE
8
BLACK
6
CONTINUOUS
10
12.2982099606299204
20
-4.2536497244094491
11
12.2985866141732281
21
-4.2535748031496059
0
LINE
8
BLACK
6
CONTINUOUS
10
12.2985866141732281
20
-4.2535748031496059
11
12.6891377952755899
21
-4.2535748031496059
0
LINE
8
BLACK
6
CONTINUOUS
10
12.6891377952755899
20
-4.2535748031496059
11
12.6895144488188976
21
-4.2536497244094491
0
LINE
8
BLACK
6
CONTINUOUS
10
12.2995708661417318
20
-4.2555433070866142
11
12.2995708661417318
21
-4.3795590551181105
0
LINE
8
BLACK
6
CONTINUOUS
10
12.2995708661417318
20
-4.3795590551181105
11
12.6881535433070862
21
-4.3795590551181105
0
LINE
8
BLACK
6
CONTINUOUS
10
12.6881535433070862
20
-4.3795590551181105
11
12.6881535433070862
21
-4.2555433070866142
0
LINE
8
BLACK
6
CONTINUOUS
10
12.6881535433070862
20
-4.2555433070866142
11
12.2995708661417318
21
-4.2555433070866142
0
LINE
8
BLACK
6
CONTINUOUS
10
6.3928163385826773
20
-4.2118198425196853
11
6.393174251968504
21
-4.2119590157480316
0
LINE
8
BLACK
6
CONTINUOUS
10
6.393174251968504
20
-4.2119590157480316
11
6.3936063385826767
21
-4.2125761023622044
0
LINE
8
BLACK
6
CONTINUOUS
10
6.3936063385826767
20
-4.2125761023622044
11
6.3936147244094483
21
-4.2129600393700786
0
LINE
8
BLACK
6
CONTINUOUS
10
6.3936147244094483
20
-4.2129600393700786
11
6.3778906692913386
21
-4.3021355511811024
0
LINE
8
BLACK
6
CONTINUOUS
10
6.3778906692913386
20
-4.3021355511811024
11
6.3777514960629924
21
-4.302493464566929
0
LINE
8
BLACK
6
CONTINUOUS
10
6.3777514960629924
20
-4.302493464566929
11
6.3771344094488187
21
-4.3029255511811026
0
LINE
8
BLACK
6
CONTINUOUS
10
6.3771344094488187
20
-4.3029255511811026
11
6.37713437007874
21
-4.3029255118110239
0
LINE
8
BLACK
6
CONTINUOUS
10
6.37713437007874
20
-4.3029255118110239
11
6.37713437007874
21
-4.3029255511811026
0
LINE
8
BLACK
6
CONTINUOUS
10
6.37713437007874
20
-4.3029255511811026
11
6.3767504330708658
21
-4.3029339370078743
0
LINE
8
BLACK
6
CONTINUOUS
10
6.3767504330708658
20
-4.3029339370078743
11
6.1945222440944878
21
-4.2708022047244096
0
LINE
8
BLACK
6
CONTINUOUS
10
6.1945222440944878
20
-4.2708022047244096
11
6.1941643307086611
21
-4.2706630314960625
0
LINE
8
BLACK
6
CONTINUOUS
10
6.1941643307086611
20
-4.2706630314960625
11
6.1937322440944884
21
-4.2700459448818897
0
LINE
8
BLACK
6
CONTINUOUS
10
6.1937322440944884
20
-4.2700459448818897
11
6.1937238582677168
21
-4.2696620078740155
0
LINE
8
BLACK
6
CONTINUOUS
10
6.1937238582677168
20
-4.2696620078740155
11
6.2094479133858265
21
-4.1804864960629917
0
LINE
8
BLACK
6
CONTINUOUS
10
6.2094479133858265
20
-4.1804864960629917
11
6.2095870866141727
21
-4.180128582677165
0
LINE
8
BLACK
6
CONTINUOUS
10
6.2095870866141727
20
-4.180128582677165
11
6.2102041732283464
21
-4.1796964960629923
0
LINE
8
BLACK
6
CONTINUOUS
10
6.2102041732283464
20
-4.1796964960629923
11
6.2105881102362206
21
-4.1796881102362207
0
LINE
8
BLACK
6
CONTINUOUS
10
6.2105881102362206
20
-4.1796881102362207
11
6.3928163385826773
21
-4.2118198425196853
0
LINE
8
BLACK
6
CONTINUOUS
10
6.195833346456693
20
-4.2690345275590547
11
6.3761229921259845
21
-4.3008244094488184
0
LINE
8
BLACK
6
CONTINUOUS
10
6.3761229921259845
20
-4.3008244094488184
11
6.3915051968503933
21
-4.2135874803149607
0
LINE
8
BLACK
6
CONTINUOUS
10
6.3915051968503933
20
-4.2135874803149607
11
6.2112155511811018
21
-4.1817975984251969
0
LINE
8
BLACK
6
CONTINUOUS
10
6.2112155511811018
20
-4.1817975984251969
11
6.195833346456693
21
-4.2690345275590547
0
LINE
8
BLACK
6
CONTINUOUS
10
6.4948530314960626
20
-4.2158195669291336
11
6.4952109448818893
21
-4.2159587401574798
0
LINE
8
BLACK
6
CONTINUOUS
10
6.4952109448818893
20
-4.2159587401574798
11
6.4956430314960629
21
-4.2165758267716535
0
LINE
8
BLACK
6
CONTINUOUS
10
6.4956430314960629
20
-4.2165758267716535
11
6.4956514173228346
21
-4.2169597637795277
0
LINE
8
BLACK
6
CONTINUOUS
10
6.4956514173228346
20
-4.2169597637795277
11
6.4737744881889761
21
-4.3410300393700787
0
LINE
8
BLACK
6
CONTINUOUS
10
6.4737744881889761
20
-4.3410300393700787
11
6.4736353149606298
21
-4.3413879527559054
0
LINE
8
BLACK
6
CONTINUOUS
10
6.4736353149606298
20
-4.3413879527559054
11
6.4730182283464561
21
-4.341820039370079
0
LINE
8
BLACK
6
CONTINUOUS
10
6.4730182283464561
20
-4.341820039370079
11
6.4726342913385828
21
-4.3418284251968506
0
LINE
8
BLACK
6
CONTINUOUS
10
6.4726342913385828
20
-4.3418284251968506
11
6.0880164566929134
21
-4.2740099212598421
0
LINE
8
BLACK
6
CONTINUOUS
10
6.0880164566929134
20
-4.2740099212598421
11
6.0876585433070867
21
-4.2738707480314959
0
LINE
8
BLACK
6
CONTINUOUS
10
6.0876585433070867
20
-4.2738707480314959
11
6.0872264566929131
21
-4.2732536614173231
0
LINE
8
BLACK
6
CONTINUOUS
10
6.0872264566929131
20
-4.2732536614173231
11
6.0872180708661414
21
-4.2728697244094489
0
LINE
8
BLACK
6
CONTINUOUS
10
6.0872180708661414
20
-4.2728697244094489
11
6.1090950393700787
21
-4.1487994094488192
0
LINE
8
BLACK
6
CONTINUOUS
10
6.1090950393700787
20
-4.1487994094488192
11
6.1092342125984249
21
-4.1484414960629916
0
LINE
8
BLACK
6
CONTINUOUS
10
6.1092342125984249
20
-4.1484414960629916
11
6.1098512992125986
21
-4.1480094094488189
0
LINE
8
BLACK
6
CONTINUOUS
10
6.1098512992125986
20
-4.1480094094488189
11
6.1102352362204719
21
-4.1480010236220473
0
LINE
8
BLACK
6
CONTINUOUS
10
6.1102352362204719
20
-4.1480010236220473
11
6.4948530314960626
21
-4.2158195669291336
0
LINE
8
BLACK
6
CONTINUOUS
10
6.0893275590551177
20
-4.2722422440944881
11
6.472006811023622
21
-4.3397188976377956
0
LINE
8
BLACK
6
CONTINUOUS
10
6.472006811023622
20
-4.3397188976377956
11
6.4935418897637796
21
-4.217587204724409
0
LINE
8
BLACK
6
CONTINUOUS
10
6.4935418897637796
20
-4.217587204724409
11
6.110862677165354
21
-4.1501105118110235
0
LINE
8
BLACK
6
CONTINUOUS
10
6.110862677165354
20
-4.1501105118110235
11
6.0893275590551177
21
-4.2722422440944881
0
LINE
8
BLACK
6
CONTINUOUS
10
4.3615616929133854
20
-4.1276654724409445
11
4.36209437007874
21
-4.1281981496062992
0
LINE
8
BLACK
6
CONTINUOUS
10
4.36209437007874
20
-4.1281981496062992
11
4.3621692913385823
21
-4.1285748031496059
0
LINE
8
BLACK
6
CONTINUOUS
10
4.3621692913385823
20
-4.1285748031496059
11
4.3621692913385823
21
-4.2191259842519688
0
LINE
8
BLACK
6
CONTINUOUS
10
4.3621692913385823
20
-4.2191259842519688
11
4.36209437007874
21
-4.2195026377952756
0
LINE
8
BLACK
6
CONTINUOUS
10
4.36209437007874
20
-4.2195026377952756
11
4.3615616929133854
21
-4.2200353149606302
0
LINE
8
BLACK
6
CONTINUOUS
10
4.3615616929133854
20
-4.2200353149606302
11
4.3611850393700786
21
-4.2201102362204725
0
LINE
8
BLACK
6
CONTINUOUS
10
4.3611850393700786
20
-4.2201102362204725
11
4.1761456692913388
21
-4.2201102362204725
0
LINE
8
BLACK
6
CONTINUOUS
10
4.1761456692913388
20
-4.2201102362204725
11
4.1757690157480312
21
-4.2200353149606302
0
LINE
8
BLACK
6
CONTINUOUS
10
4.1757690157480312
20
-4.2200353149606302
11
4.1752363385826774
21
-4.2195026377952756
0
LINE
8
BLACK
6
CONTINUOUS
10
4.1752363385826774
20
-4.2195026377952756
11
4.1751614173228342
21
-4.2191259842519688
0
LINE
8
BLACK
6
CONTINUOUS
10
4.1751614173228342
20
-4.2191259842519688
11
4.1751614173228342
21
-4.1285748031496059
0
LINE
8
BLACK
6
CONTINUOUS
10
4.1751614173228342
20
-4.1285748031496059
11
4.1752363385826774
21
-4.1281981496062992
0
LINE
8
BLACK
6
CONTINUOUS
10
4.1752363385826774
20
-4.1281981496062992
11
4.1757690157480312
21
-4.1276654724409445
0
LINE
8
BLACK
6
CONTINUOUS
10
4.1757690157480312
20
-4.1276654724409445
11
4.1761456692913388
21
-4.1275905511811022
0
LINE
8
BLACK
6
CONTINUOUS
10
4.1761456692913388
20
-4.1275905511811022
11
4.3611850393700786
21
-4.1275905511811022
0
LINE
8
BLACK
6
CONTINUOUS
10
4.3611850393700786
20
-4.1275905511811022
11
4.3615616929133854
21
-4.1276654724409445
0
LINE
8
BLACK
6
CONTINUOUS
10
4.1771299212598425
20
-4.1295590551181105
11
4.1771299212598425
21
-4.2181417322834642
0
LINE
8
BLACK
6
CONTINUOUS
10
4.1771299212598425
20
-4.2181417322834642
11
4.3602007874015749
21
-4.2181417322834642
0
LINE
8
BLACK
6
CONTINUOUS
10
4.3602007874015749
20
-4.2181417322834642
11
4.3602007874015749
21
-4.1295590551181105
0
LINE
8
BLACK
6
CONTINUOUS
10
4.3602007874015749
20
-4.1295590551181105
11
4.1771299212598425
21
-4.1295590551181105
0
LINE
8
BLACK
6
CONTINUOUS
10
4.4627427952755907
20
-4.1138859448818899
11
4.4632754724409445
21
-4.1144186220472436
0
LINE
8
BLACK
6
CONTINUOUS
10
4.4632754724409445
20
-4.1144186220472436
11
4.4633503937007877
21
-4.1147952755905512
0
LINE
8
BLACK
6
CONTINUOUS
10
4.4633503937007877
20
-4.1147952755905512
11
4.4633503937007877
21
-4.240779527559055
0
LINE
8
BLACK
6
CONTINUOUS
10
4.4633503937007877
20
-4.240779527559055
11
4.4632754724409445
21
-4.2411561811023617
0
LINE
8
BLACK
6
CONTINUOUS
10
4.4632754724409445
20
-4.2411561811023617
11
4.4627427952755907
21
-4.2416888582677164
0
LINE
8
BLACK
6
CONTINUOUS
10
4.4627427952755907
20
-4.2416888582677164
11
4.4623661417322831
21
-4.2417637795275587
0
LINE
8
BLACK
6
CONTINUOUS
10
4.4623661417322831
20
-4.2417637795275587
11
4.0718149606299212
21
-4.2417637795275587
0
LINE
8
BLACK
6
CONTINUOUS
10
4.0718149606299212
20
-4.2417637795275587
11
4.0714383070866145
21
-4.2416888582677164
0
LINE
8
BLACK
6
CONTINUOUS
10
4.0714383070866145
20
-4.2416888582677164
11
4.0709056299212598
21
-4.2411561811023617
0
LINE
8
BLACK
6
CONTINUOUS
10
4.0709056299212598
20
-4.2411561811023617
11
4.0708307086614175
21
-4.240779527559055
0
LINE
8
BLACK
6
CONTINUOUS
10
4.0708307086614175
20
-4.240779527559055
11
4.0708307086614175
21
-4.1147952755905512
0
LINE
8
BLACK
6
CONTINUOUS
10
4.0708307086614175
20
-4.1147952755905512
11
4.0709056299212598
21
-4.1144186220472436
0
LINE
8
BLACK
6
CONTINUOUS
10
4.0709056299212598
20
-4.1144186220472436
11
4.0714383070866145
21
-4.1138859448818899
0
LINE
8
BLACK
6
CONTINUOUS
10
4.0714383070866145
20
-4.1138859448818899
11
4.0718149606299212
21
-4.1138110236220475
0
LINE
8
BLACK
6
CONTINUOUS
10
4.0718149606299212
20
-4.1138110236220475
11
4.4623661417322831
21
-4.1138110236220475
0
LINE
8
BLACK
6
CONTINUOUS
10
4.4623661417322831
20
-4.1138110236220475
11
4.4627427952755907
21
-4.1138859448818899
0
LINE
8
BLACK
6
CONTINUOUS
10
4.0727992125984249
20
-4.115779527559055
11
4.0727992125984249
21
-4.2397952755905512
0
LINE
8
BLACK
6
CONTINUOUS
10
4.0727992125984249
20
-4.2397952755905512
11
4.4613818897637794
21
-4.2397952755905512
0
LINE
8
BLACK
6
CONTINUOUS
10
4.4613818897637794
20
-4.2397952755905512
11
4.4613818897637794
21
-4.115779527559055
0
LINE
8
BLACK
6
CONTINUOUS
10
4.4613818897637794
20
-4.115779527559055
11
4.0727992125984249
21
-4.115779527559055
0
LINE
8
BLACK
6
CONTINUOUS
10
5.2296719291338585
20
-4.1256969685039371
11
5.2302046062992122
21
-4.1262296456692908
0
LINE
8
BLACK
6
CONTINUOUS
10
5.2302046062992122
20
-4.1262296456692908
11
5.2302795275590546
21
-4.1266062992125985
0
LINE
8
BLACK
6
CONTINUOUS
10
5.2302795275590546
20
-4.1266062992125985
11
5.2302795275590546
21
-4.2171574803149605
0
LINE
8
BLACK
6
CONTINUOUS
10
5.2302795275590546
20
-4.2171574803149605
11
5.2302046062992122
21
-4.2175341338582673
0
LINE
8
BLACK
6
CONTINUOUS
10
5.2302046062992122
20
-4.2175341338582673
11
5.2296719291338585
21
-4.2180668110236219
0
LINE
8
BLACK
6
CONTINUOUS
10
5.2296719291338585
20
-4.2180668110236219
11
5.2292952755905509
21
-4.2181417322834642
0
LINE
8
BLACK
6
CONTINUOUS
10
5.2292952755905509
20
-4.2181417322834642
11
5.044255905511811
21
-4.2181417322834642
0
LINE
8
BLACK
6
CONTINUOUS
10
5.044255905511811
20
-4.2181417322834642
11
5.0438792519685034
21
-4.2180668110236219
0
LINE
8
BLACK
6
CONTINUOUS
10
5.0438792519685034
20
-4.2180668110236219
11
5.0433465748031496
21
-4.2175341338582673
0
LINE
8
BLACK
6
CONTINUOUS
10
5.0433465748031496
20
-4.2175341338582673
11
5.0432716535433073
21
-4.2171574803149605
0
LINE
8
BLACK
6
CONTINUOUS
10
5.0432716535433073
20
-4.2171574803149605
11
5.0432716535433073
21
-4.1266062992125985
0
LINE
8
BLACK
6
CONTINUOUS
10
5.0432716535433073
20
-4.1266062992125985
11
5.0433465748031496
21
-4.1262296456692908
0
LINE
8
BLACK
6
CONTINUOUS
10
5.0433465748031496
20
-4.1262296456692908
11
5.0438792519685034
21
-4.1256969685039371
0
LINE
8
BLACK
6
CONTINUOUS
10
5.0438792519685034
20
-4.1256969685039371
11
5.044255905511811
21
-4.1256220472440948
0
LINE
8
BLACK
6
CONTINUOUS
10
5.044255905511811
20
-4.1256220472440948
11
5.2292952755905509
21
-4.1256220472440948
0
LINE
8
BLACK
6
CONTINUOUS
10
5.2292952755905509
20
-4.1256220472440948
11
5.2296719291338585
21
-4.1256969685039371
0
LINE
8
BLACK
6
CONTINUOUS
10
5.0452401574803147
20
-4.1275905511811022
11
5.0452401574803147
21
-4.2161732283464568
0
LINE
8
BLACK
6
CONTINUOUS
10
5.0452401574803147
20
-4.2161732283464568
11
5.2283110236220471
21
-4.2161732283464568
0
LINE
8
BLACK
6
CONTINUOUS
10
5.2283110236220471
20
-4.2161732283464568
11
5.2283110236220471
21
-4.1275905511811022
0
LINE
8
BLACK
6
CONTINUOUS
10
5.2283110236220471
20
-4.1275905511811022
11
5.0452401574803147
21
-4.1275905511811022
0
LINE
8
BLACK
6
CONTINUOUS
10
5.3308530314960629
20
-4.1119174409448815
11
5.3313857086614176
21
-4.1124501181102362
0
LINE
8
BLACK
6
CONTINUOUS
10
5.3313857086614176
20
-4.1124501181102362
11
5.3314606299212599
21
-4.1128267716535429
0
LINE
8
BLACK
6
CONTINUOUS
10
5.3314606299212599
20
-4.1128267716535429
11
5.3314606299212599
21
-4.2388110236220475
0
LINE
8
BLACK
6
CONTINUOUS
10
5.3314606299212599
20
-4.2388110236220475
11
5.3313857086614176
21
-4.2391876771653543
0
LINE
8
BLACK
6
CONTINUOUS
10
5.3313857086614176
20
-4.2391876771653543
11
5.3308530314960629
21
-4.2397203543307089
0
LINE
8
BLACK
6
CONTINUOUS
10
5.3308530314960629
20
-4.2397203543307089
11
5.3304763779527562
21
-4.2397952755905512
0
LINE
8
BLACK
6
CONTINUOUS
10
5.3304763779527562
20
-4.2397952755905512
11
4.9399251968503934
21
-4.2397952755905512
0
LINE
8
BLACK
6
CONTINUOUS
10
4.9399251968503934
20
-4.2397952755905512
11
4.9395485433070867
21
-4.2397203543307089
0
LINE
8
BLACK
6
CONTINUOUS
10
4.9395485433070867
20
-4.2397203543307089
11
4.939015866141732
21
-4.2391876771653543
0
LINE
8
BLACK
6
CONTINUOUS
10
4.939015866141732
20
-4.2391876771653543
11
4.9389409448818897
21
-4.2388110236220475
0
LINE
8
BLACK
6
CONTINUOUS
10
4.9389409448818897
20
-4.2388110236220475
11
4.9389409448818897
21
-4.1128267716535429
0
LINE
8
BLACK
6
CONTINUOUS
10
4.9389409448818897
20
-4.1128267716535429
11
4.939015866141732
21
-4.1124501181102362
0
LINE
8
BLACK
6
CONTINUOUS
10
4.939015866141732
20
-4.1124501181102362
11
4.9395485433070867
21
-4.1119174409448815
0
LINE
8
BLACK
6
CONTINUOUS
10
4.9395485433070867
20
-4.1119174409448815
11
4.9399251968503934
21
-4.1118425196850392
0
LINE
8
BLACK
6
CONTINUOUS
10
4.9399251968503934
20
-4.1118425196850392
11
5.3304763779527562
21
-4.1118425196850392
0
LINE
8
BLACK
6
CONTINUOUS
10
5.3304763779527562
20
-4.1118425196850392
11
5.3308530314960629
21
-4.1119174409448815
0
LINE
8
BLACK
6
CONTINUOUS
10
4.9409094488188972
20
-4.1138110236220475
11
4.9409094488188972
21
-4.2378267716535429
0
LINE
8
BLACK
6
CONTINUOUS
10
4.9409094488188972
20
-4.2378267716535429
11
5.3294921259842516
21
-4.2378267716535429
0
LINE
8
BLACK
6
CONTINUOUS
10
5.3294921259842516
20
-4.2378267716535429
11
5.3294921259842516
21
-4.1138110236220475
0
LINE
8
BLACK
6
CONTINUOUS
10
5.3294921259842516
20
-4.1138110236220475
11
4.9409094488188972
21
-4.1138110236220475
  0
ENDSEC
  0
EOF
